{"data": [{"id": "8a1ecbfe4ea64a9fb88e65e6317efbc1", "number": "6092611097", "area-code": "301"}, {"id": "8a1ecbfe4ea64a9fb88e65e6317efa58", "number": "8773185817", "area-code": "310"}, {"id": "8a1ecbfe4ea64a9fb88e65e6317ef73b", "number": "9317291833", "area-code": "301"}, {"id": "8a1ecbfe4ea64a9fb88e65e6317ee8c4", "number": "6182541834", "area-code": "301"}, {"id": "8a1ecbfe4ea64a9fb88e65e6317edd66", "number": "7029359912", "area-code": "252"}, {"id": "8a1ecbfe4ea64a9fb88e65e6317eda86", "number": "7325230574", "area-code": "310"}, {"id": "8a1ecbfe4ea64a9fb88e65e6317ed70c", "number": "4438306031", "area-code": "301"}, {"id": "8a1ecbfe4ea64a9fb88e65e6317ec9dc", "number": "5083202510", "area-code": "978"}, {"id": "8a1ecbfe4ea64a9fb88e65e6317ebd87", "number": "7324821931", "area-code": "310"}, {"id": "8a1ecbfe4ea64a9fb88e65e6317eb9a3", "number": "3017397689", "area-code": "301"}, {"id": "8a1ecbfe4ea64a9fb88e65e6317eb332", "number": "3127638122", "area-code": "740"}, {"id": "8a1ecbfe4ea64a9fb88e65e6317ea80b", "number": "7325843939", "area-code": "413"}, {"id": "8a1ecbfe4ea64a9fb88e65e6317e9a3c", "number": "6265801890", "area-code": "301"}, {"id": "8a1ecbfe4ea64a9fb88e65e6317e8a45", "number": "5162262577", "area-code": "315"}, {"id": "8a1ecbfe4ea64a9fb88e65e6317e8592", "number": "3013388686", "area-code": "301"}, {"id": "8a1ecbfe4ea64a9fb88e65e6317e7826", "number": "5415208687", "area-code": "541"}, {"id": "8a1ecbfe4ea64a9fb88e65e6317e6a72", "number": "4103344254", "area-code": "301"}, {"id": "8a1ecbfe4ea64a9fb88e65e6317e6173", "number": "8086273792", "area-code": "808"}, {"id": "8a1ecbfe4ea64a9fb88e65e6317e60b5", "number": "4102602211", "area-code": "410"}, {"id": "8a1ecbfe4ea64a9fb88e65e6317e50d1", "number": "3323304066", "area-code": "732"}, {"id": "8a1ecbfe4ea64a9fb88e65e6317e4d7d", "number": "3018341471", "area-code": "301"}, {"id": "8a1ecbfe4ea64a9fb88e65e6317e4793", "number": "2524245778", "area-code": "252"}, {"id": "8a1ecbfe4ea64a9fb88e65e6317e3304", "number": "8002927508", "area-code": "614"}, {"id": "8a1ecbfe4ea64a9fb88e65e6317e3f9c", "number": "4803513052", "area-code": "602"}, {"id": "8a1ecbfe4ea64a9fb88e65e6317e2fb2", "number": "3039731272", "area-code": "303"}, {"id": "8a1ecbfe4ea64a9fb88e65e6317e2a98", "number": "2122430430", "area-code": "412"}, {"id": "8a1ecbfe4ea64a9fb88e65e6317e1d08", "number": "2122430430", "area-code": "412"}, {"id": "8a1ecbfe4ea64a9fb88e65e6317e13c1", "number": "5108667311", "area-code": "858"}, {"id": "8a1ecbfe4ea64a9fb88e65e6317e05ee", "number": "2282310001", "area-code": "662"}, {"id": "8a1ecbfe4ea64a9fb88e65e6317df9c4", "number": "2522597796", "area-code": "252"}, {"id": "8a1ecbfe4ea64a9fb88e65e6317df3c2", "number": "7342281985", "area-code": "734"}, {"id": "8a1ecbfe4ea64a9fb88e65e6317df1ff", "number": "2029184715", "area-code": "903"}, {"id": "8a1ecbfe4ea64a9fb88e65e6317df147", "number": "8884929622", "area-code": "513"}, {"id": "8a1ecbfe4ea64a9fb88e65e6317dec2c", "number": "8324469996", "area-code": "903"}, {"id": "8a1ecbfe4ea64a9fb88e65e6317de6a6", "number": "6267260696", "area-code": "518"}, {"id": "8a1ecbfe4ea64a9fb88e65e6317de0fe", "number": "6266041399", "area-code": "858"}, {"id": "8a1ecbfe4ea64a9fb88e65e6317dd549", "number": "8086278029", "area-code": "808"}, {"id": "8a1ecbfe4ea64a9fb88e65e6317dcb17", "number": "4752566841", "area-code": "203"}, {"id": "8a1ecbfe4ea64a9fb88e65e6317dc040", "number": "9016023172", "area-code": "901"}, {"id": "8a1ecbfe4ea64a9fb88e65e6317db95d", "number": "4752566770", "area-code": "203"}, {"id": "8a1ecbfe4ea64a9fb88e65e6317db4db", "number": "4752566770", "area-code": "203"}, {"id": "8a1ecbfe4ea64a9fb88e65e6317db002", "number": "2537935646", "area-code": "509"}, {"id": "8a1ecbfe4ea64a9fb88e65e6317da7f3", "number": "4752566770", "area-code": "203"}, {"id": "8a1ecbfe4ea64a9fb88e65e6317da326", "number": "6672002056", "area-code": "410"}, {"id": "8a1ecbfe4ea64a9fb88e65e6317d9a99", "number": "4752566770", "area-code": "203"}, {"id": "8a1ecbfe4ea64a9fb88e65e6317d8cbd", "number": "7147498752", "area-code": "346"}, {"id": "8a1ecbfe4ea64a9fb88e65e6317d7e3d", "number": "4752565520", "area-code": "203"}, {"id": "8a1ecbfe4ea64a9fb88e65e6317d7899", "number": "5010000000", "area-code": "337"}, {"id": "8a1ecbfe4ea64a9fb88e65e6317d7481", "number": "4752565520", "area-code": "203"}, {"id": "8a1ecbfe4ea64a9fb88e65e6317d6e7f", "number": "4752565520", "area-code": "203"}]}