{"data": [{"id": "8a1ecbfe4ea64a9fb88e65e6316324a4", "number": "5303691999", "area-code": "708"}, {"id": "8a1ecbfe4ea64a9fb88e65e63163197f", "number": "2022214072", "area-code": "559"}, {"id": "8a1ecbfe4ea64a9fb88e65e63161dc34", "number": "7177658614", "area-code": "210"}, {"id": "8a1ecbfe4ea64a9fb88e65e63161d946", "number": "8448112150", "area-code": "210"}, {"id": "8a1ecbfe4ea64a9fb88e65e63161d0e8", "number": "9727776418", "area-code": "210"}, {"id": "8a1ecbfe4ea64a9fb88e65e63161cdc5", "number": "8446657458", "area-code": "210"}, {"id": "8a1ecbfe4ea64a9fb88e65e63161c866", "number": "9405841361", "area-code": "210"}, {"id": "8a1ecbfe4ea64a9fb88e65e63161c47d", "number": "9727776389", "area-code": "210"}, {"id": "8a1ecbfe4ea64a9fb88e65e63161b6e1", "number": "9727370929", "area-code": "210"}, {"id": "8a1ecbfe4ea64a9fb88e65e63161b5f8", "number": "8888996650", "area-code": "210"}, {"id": "8a1ecbfe4ea64a9fb88e65e63161b1ba", "number": "9292190007", "area-code": "650"}, {"id": "8a1ecbfe4ea64a9fb88e65e63161a94f", "number": "4053589358", "area-code": "650"}, {"id": "8a1ecbfe4ea64a9fb88e65e631619be1", "number": "8003472683", "area-code": "415"}, {"id": "8a1ecbfe4ea64a9fb88e65e6316199d1", "number": "9292869817", "area-code": "650"}, {"id": "8a1ecbfe4ea64a9fb88e65e6316194b6", "number": "7472258125", "area-code": "415"}, {"id": "8a1ecbfe4ea64a9fb88e65e631619486", "number": "2122415011", "area-code": "516"}, {"id": "8a1ecbfe4ea64a9fb88e65e631619110", "number": "9292900809", "area-code": "650"}, {"id": "8a1ecbfe4ea64a9fb88e65e631618c3d", "number": "4153290525", "area-code": "415"}, {"id": "8a1ecbfe4ea64a9fb88e65e6316189d5", "number": "2134801797", "area-code": "585"}, {"id": "8a1ecbfe4ea64a9fb88e65e6316187b9", "number": "4245350047", "area-code": "415"}, {"id": "8a1ecbfe4ea64a9fb88e65e631617f3e", "number": "5623178089", "area-code": "650"}, {"id": "8a1ecbfe4ea64a9fb88e65e6316173b0", "number": "2029184718", "area-code": "516"}, {"id": "8a1ecbfe4ea64a9fb88e65e631617000", "number": "5162172453", "area-code": "516"}, {"id": "8a1ecbfe4ea64a9fb88e65e631616151", "number": "5052883022", "area-code": "505"}, {"id": "8a1ecbfe4ea64a9fb88e65e6315efbae", "number": "5952883022", "area-code": "505"}, {"id": "8a1ecbfe4ea64a9fb88e65e6315eeff8", "number": "5748509550", "area-code": "505"}, {"id": "8a1ecbfe4ea64a9fb88e65e6315ee732", "number": "5054055289", "area-code": "505"}, {"id": "8a1ecbfe4ea64a9fb88e65e6315ee3a6", "number": "6196144264", "area-code": "619"}, {"id": "8a1ecbfe4ea64a9fb88e65e6315edf4b", "number": "9032672245", "area-code": "303"}, {"id": "8a1ecbfe4ea64a9fb88e65e6315edc68", "number": "3032191359", "area-code": "801"}, {"id": "8a1ecbfe4ea64a9fb88e65e6315edac6", "number": "9513914096", "area-code": "843"}, {"id": "8a1ecbfe4ea64a9fb88e65e6315ecb4f", "number": "6174722402", "area-code": "617"}, {"id": "8a1ecbfe4ea64a9fb88e65e6315ec43f", "number": "2079992066", "area-code": "207"}, {"id": "8a1ecbfe4ea64a9fb88e65e6315eb9f6", "number": "9159951217", "area-code": "650"}, {"id": "8a1ecbfe4ea64a9fb88e65e6315eacf4", "number": "9159752904", "area-code": "650"}, {"id": "8a1ecbfe4ea64a9fb88e65e6315e9e60", "number": "6504870019", "area-code": "650"}, {"id": "8a1ecbfe4ea64a9fb88e65e6315e9cd3", "number": "6508226399", "area-code": "650"}, {"id": "8a1ecbfe4ea64a9fb88e65e6315e950e", "number": "3106026522", "area-code": "650"}, {"id": "8a1ecbfe4ea64a9fb88e65e6315e8f8a", "number": "4155981594", "area-code": "415"}, {"id": "8a1ecbfe4ea64a9fb88e65e6315e8ab0", "number": "", "area-code": "903"}, {"id": "8a1ecbfe4ea64a9fb88e65e6315e89a4", "number": "7146630568", "area-code": "714"}, {"id": "8a1ecbfe4ea64a9fb88e65e6315e7a75", "number": "6504592275", "area-code": "650"}, {"id": "8a1ecbfe4ea64a9fb88e65e6315e6ef5", "number": "9159752904", "area-code": "650"}, {"id": "8a1ecbfe4ea64a9fb88e65e6315e6a18", "number": "6502742467", "area-code": "650"}, {"id": "8a1ecbfe4ea64a9fb88e65e6315e62b1", "number": "4156334622", "area-code": "650"}, {"id": "8a1ecbfe4ea64a9fb88e65e6315e5c6f", "number": "9072005068", "area-code": "650"}, {"id": "8a1ecbfe4ea64a9fb88e65e6315e4f9a", "number": "2107613766", "area-code": "650"}, {"id": "8a1ecbfe4ea64a9fb88e65e6315e4c37", "number": "6615424650", "area-code": "650"}, {"id": "8a1ecbfe4ea64a9fb88e65e6315e443e", "number": "6506188435", "area-code": "650"}, {"id": "8a1ecbfe4ea64a9fb88e65e6315e3edd", "number": "5593774829", "area-code": "650"}]}