{"data": [{"id": "8a1ecbfe4ea64a9fb88e65e6315e305f", "number": "4092922304", "area-code": "650"}, {"id": "8a1ecbfe4ea64a9fb88e65e6315e2116", "number": "7147462369", "area-code": "509"}, {"id": "8a1ecbfe4ea64a9fb88e65e6315e1637", "number": "5045281944", "area-code": "808"}, {"id": "8a1ecbfe4ea64a9fb88e65e6315e0977", "number": "", "area-code": "270"}, {"id": "8a1ecbfe4ea64a9fb88e65e6315e012c", "number": "", "area-code": "763"}, {"id": "8a1ecbfe4ea64a9fb88e65e6315df5a1", "number": "4153196852", "area-code": "808"}]}