{"data": [{"id": "8a1ecbfe4ea64a9fb88e65e6317d69a8", "number": "4752565858", "area-code": "203"}, {"id": "8a1ecbfe4ea64a9fb88e65e6317d5b0e", "number": "", "area-code": "612"}, {"id": "8a1ecbfe4ea64a9fb88e65e6317d5a4e", "number": "4752565858", "area-code": "203"}, {"id": "8a1ecbfe4ea64a9fb88e65e6317d4f3e", "number": "4752565858", "area-code": "203"}, {"id": "8a1ecbfe4ea64a9fb88e65e6317d4912", "number": "9014249165", "area-code": "901"}, {"id": "8a1ecbfe4ea64a9fb88e65e6317d4660", "number": "4752565858", "area-code": "203"}, {"id": "8a1ecbfe4ea64a9fb88e65e6317d4453", "number": "4752696808", "area-code": "203"}, {"id": "8a1ecbfe4ea64a9fb88e65e6317d3a7a", "number": "6182172196", "area-code": "618"}, {"id": "8a1ecbfe4ea64a9fb88e65e6317d39fc", "number": "8668460873", "area-code": "623"}, {"id": "8a1ecbfe4ea64a9fb88e65e6317d2e93", "number": "9283731955", "area-code": "203"}, {"id": "8a1ecbfe4ea64a9fb88e65e6317d143f", "number": "9724303528", "area-code": "972"}, {"id": "8a1ecbfe4ea64a9fb88e65e6317d208e", "number": "4752696808", "area-code": "203"}, {"id": "8a1ecbfe4ea64a9fb88e65e6317d0fb8", "number": "8885486997", "area-code": "888"}, {"id": "8a1ecbfe4ea64a9fb88e65e6317d01b5", "number": "7329792296", "area-code": "203"}, {"id": "8a1ecbfe4ea64a9fb88e65e6317cfac1", "number": "9293413604", "area-code": "203"}, {"id": "8a1ecbfe4ea64a9fb88e65e6317cf84d", "number": "6616337430", "area-code": "661"}, {"id": "8a1ecbfe4ea64a9fb88e65e6317cf56f", "number": "3478616346", "area-code": "561"}, {"id": "8a1ecbfe4ea64a9fb88e65e6317cee39", "number": "2184294048", "area-code": "218"}, {"id": "8a1ecbfe4ea64a9fb88e65e6317ce2d5", "number": "5306152024", "area-code": "805"}, {"id": "8a1ecbfe4ea64a9fb88e65e6317cd87a", "number": "6266046218", "area-code": "562"}, {"id": "8a1ecbfe4ea64a9fb88e65e6317cc933", "number": "8042201550", "area-code": "201"}, {"id": "8a1ecbfe4ea64a9fb88e65e6317cbb98", "number": "8604982508", "area-code": "860"}, {"id": "8a1ecbfe4ea64a9fb88e65e6317cba8e", "number": "6266043328", "area-code": "510"}, {"id": "8a1ecbfe4ea64a9fb88e65e6317cac48", "number": "8602400347", "area-code": "860"}, {"id": "8a1ecbfe4ea64a9fb88e65e6317ca454", "number": "5306188314", "area-code": "480"}, {"id": "8a1ecbfe4ea64a9fb88e65e6317ca303", "number": "7023734321", "area-code": "702"}, {"id": "8a1ecbfe4ea64a9fb88e65e6317ca062", "number": "6015872437", "area-code": "812"}, {"id": "8a1ecbfe4ea64a9fb88e65e6317c97b3", "number": "9142167891", "area-code": "914"}, {"id": "8a1ecbfe4ea64a9fb88e65e6317c8a12", "number": "2158513395", "area-code": "812"}, {"id": "8a1ecbfe4ea64a9fb88e65e6317c85dc", "number": "8002858585", "area-code": "847"}, {"id": "8a1ecbfe4ea64a9fb88e65e6317c7956", "number": "7024734321", "area-code": "650"}, {"id": "8a1ecbfe4ea64a9fb88e65e6317c720b", "number": "8474268459", "area-code": "847"}, {"id": "8a1ecbfe4ea64a9fb88e65e6317c6282", "number": "2025405645", "area-code": "812"}, {"id": "8a1ecbfe4ea64a9fb88e65e6317c6112", "number": "8138038667", "area-code": "847"}, {"id": "8a1ecbfe4ea64a9fb88e65e6317c5c08", "number": "8042200837", "area-code": "812"}, {"id": "8a1ecbfe4ea64a9fb88e65e6317c58cc", "number": "2538491861", "area-code": "847"}, {"id": "8a1ecbfe4ea64a9fb88e65e6317c507d", "number": "6196227460", "area-code": "619"}, {"id": "8a1ecbfe4ea64a9fb88e65e6317c4598", "number": "8474174290", "area-code": "847"}, {"id": "8a1ecbfe4ea64a9fb88e65e6317c3890", "number": "3322200047", "area-code": "912"}, {"id": "8a1ecbfe4ea64a9fb88e65e6317c30c0", "number": "8474176405", "area-code": "847"}, {"id": "8a1ecbfe4ea64a9fb88e65e6317c2b33", "number": "2162304691", "area-code": "469"}, {"id": "8a1ecbfe4ea64a9fb88e65e6317c2532", "number": "8129112314", "area-code": "812"}, {"id": "8a1ecbfe4ea64a9fb88e65e6317c2451", "number": "5087202209", "area-code": "847"}, {"id": "8a1ecbfe4ea64a9fb88e65e6317c1ee6", "number": "8474266375", "area-code": "847"}, {"id": "8a1ecbfe4ea64a9fb88e65e6317c188e", "number": "8449891708", "area-code": "847"}, {"id": "8a1ecbfe4ea64a9fb88e65e6317c0681", "number": "8884926716", "area-code": "510"}, {"id": "8a1ecbfe4ea64a9fb88e65e6317c11eb", "number": "8479589854", "area-code": "847"}, {"id": "8a1ecbfe4ea64a9fb88e65e6317c078e", "number": "6585467735", "area-code": "812"}, {"id": "8a1ecbfe4ea64a9fb88e65e6317c05b1", "number": "5853161217", "area-code": "847"}, {"id": "8a1ecbfe4ea64a9fb88e65e6317bf5b6", "number": "4372186222", "area-code": "812"}]}