{"data": [{"id": "8a1ecbfe4ea64a9fb88e65e6317bf3bc", "number": "8474265525", "area-code": "847"}, {"id": "8a1ecbfe4ea64a9fb88e65e6317be6cb", "number": "8449780492", "area-code": "847"}, {"id": "8a1ecbfe4ea64a9fb88e65e6317be4df", "number": "8666902788", "area-code": "812"}, {"id": "8a1ecbfe4ea64a9fb88e65e6317bde81", "number": "2192101012", "area-code": "847"}, {"id": "8a1ecbfe4ea64a9fb88e65e6317bd606", "number": "8003643537", "area-code": "812"}, {"id": "8a1ecbfe4ea64a9fb88e65e6317bd13f", "number": "2192101012", "area-code": "847"}, {"id": "8a1ecbfe4ea64a9fb88e65e6317bc642", "number": "9162497569", "area-code": "209"}, {"id": "8a1ecbfe4ea64a9fb88e65e6317bb64a", "number": "8087891958", "area-code": "812"}, {"id": "8a1ecbfe4ea64a9fb88e65e6317ba68b", "number": "8063797042", "area-code": "812"}, {"id": "8a1ecbfe4ea64a9fb88e65e6317b9c7a", "number": "", "area-code": "847"}, {"id": "8a1ecbfe4ea64a9fb88e65e6317b9c22", "number": "9162497569", "area-code": "209"}, {"id": "8a1ecbfe4ea64a9fb88e65e6317b8f72", "number": "", "area-code": "847"}, {"id": "8a1ecbfe4ea64a9fb88e65e6317b8da8", "number": "2539056557", "area-code": "812"}, {"id": "8a1ecbfe4ea64a9fb88e65e6317b8d3e", "number": "8477414500", "area-code": "847"}, {"id": "8a1ecbfe4ea64a9fb88e65e6317b8199", "number": "2022214074", "area-code": "609"}, {"id": "8a1ecbfe4ea64a9fb88e65e6317b7608", "number": "8007244964", "area-code": "209"}, {"id": "8a1ecbfe4ea64a9fb88e65e6317b6725", "number": "8477414500", "area-code": "847"}, {"id": "8a1ecbfe4ea64a9fb88e65e6317b5c5f", "number": "9375078973", "area-code": "937"}, {"id": "8a1ecbfe4ea64a9fb88e65e6317b507c", "number": "4953424026", "area-code": "207"}, {"id": "8a1ecbfe4ea64a9fb88e65e6317b4a5f", "number": "8447667968", "area-code": "505"}, {"id": "8a1ecbfe4ea64a9fb88e65e6317b3d72", "number": "8474265453", "area-code": "847"}, {"id": "8a1ecbfe4ea64a9fb88e65e6317b3962", "number": "4953424218", "area-code": "207"}, {"id": "8a1ecbfe4ea64a9fb88e65e6317b310e", "number": "8474265508", "area-code": "847"}, {"id": "8a1ecbfe4ea64a9fb88e65e6317b303a", "number": "8135872637", "area-code": "407"}, {"id": "8a1ecbfe4ea64a9fb88e65e6317b2bd5", "number": "8476224553", "area-code": "847"}, {"id": "8a1ecbfe4ea64a9fb88e65e6317b1f84", "number": "2392567699", "area-code": "954"}, {"id": "8a1ecbfe4ea64a9fb88e65e6317b1250", "number": "2679542859", "area-code": "847"}, {"id": "8a1ecbfe4ea64a9fb88e65e6317b02a1", "number": "8778080064", "area-code": "803"}, {"id": "8a1ecbfe4ea64a9fb88e65e6317af44d", "number": "6303483406", "area-code": "847"}, {"id": "8a1ecbfe4ea64a9fb88e65e6317aeb7b", "number": "6099520066", "area-code": "727"}, {"id": "8a1ecbfe4ea64a9fb88e65e6317adbf3", "number": "8778080061", "area-code": "803"}, {"id": "8a1ecbfe4ea64a9fb88e65e6317ada88", "number": "6302483406", "area-code": "847"}, {"id": "8a1ecbfe4ea64a9fb88e65e6317ad97b", "number": "2679542859", "area-code": "847"}, {"id": "8a1ecbfe4ea64a9fb88e65e6317ad0fa", "number": "3608417115", "area-code": "360"}, {"id": "8a1ecbfe4ea64a9fb88e65e6317ac127", "number": "3604097805", "area-code": "360"}, {"id": "8a1ecbfe4ea64a9fb88e65e6317aba03", "number": "6304699200", "area-code": "847"}, {"id": "8a1ecbfe4ea64a9fb88e65e6317aaf4d", "number": "6099520066", "area-code": "727"}, {"id": "8a1ecbfe4ea64a9fb88e65e6317aac8b", "number": "6303483406", "area-code": "847"}, {"id": "8a1ecbfe4ea64a9fb88e65e6317a9d85", "number": "7322253698", "area-code": "732"}, {"id": "8a1ecbfe4ea64a9fb88e65e6317a9631", "number": "8472422557", "area-code": "847"}, {"id": "8a1ecbfe4ea64a9fb88e65e6317a92a4", "number": "8474236180", "area-code": "847"}, {"id": "8a1ecbfe4ea64a9fb88e65e6317a8ecc", "number": "3125242476", "area-code": "773"}, {"id": "8a1ecbfe4ea64a9fb88e65e6317a8538", "number": "8474266427", "area-code": "847"}, {"id": "8a1ecbfe4ea64a9fb88e65e6317a6e1c", "number": "3129009033", "area-code": "708"}, {"id": "8a1ecbfe4ea64a9fb88e65e6317a846a", "number": "", "area-code": "540"}, {"id": "8a1ecbfe4ea64a9fb88e65e6317a7d8b", "number": "2192101012", "area-code": "847"}, {"id": "8a1ecbfe4ea64a9fb88e65e6317a6531", "number": "7322877962", "area-code": "847"}, {"id": "8a1ecbfe4ea64a9fb88e65e6317a59f5", "number": "8009971468", "area-code": "832"}, {"id": "8a1ecbfe4ea64a9fb88e65e6317a54dd", "number": "7047741778", "area-code": "704"}, {"id": "8a1ecbfe4ea64a9fb88e65e6317a40cf", "number": "3126317870", "area-code": "708"}]}