{"data": [{"id": "8a1ecbfe4ea64a9fb88e65e6317a504d", "number": "7042451701", "area-code": "704"}, {"id": "8a1ecbfe4ea64a9fb88e65e6317a3489", "number": "8778080066", "area-code": "315"}, {"id": "8a1ecbfe4ea64a9fb88e65e6317a328a", "number": "7042454895", "area-code": "704"}, {"id": "8a1ecbfe4ea64a9fb88e65e6317a2f9d", "number": "8888379755", "area-code": "704"}, {"id": "8a1ecbfe4ea64a9fb88e65e6317a2e84", "number": "7048196586", "area-code": "704"}, {"id": "8a1ecbfe4ea64a9fb88e65e6317a2aff", "number": "5088635073", "area-code": "508"}, {"id": "8a1ecbfe4ea64a9fb88e65e6317a209b", "number": "9104764010", "area-code": "704"}, {"id": "8a1ecbfe4ea64a9fb88e65e6317a10be", "number": "2029150970", "area-code": "540"}, {"id": "8a1ecbfe4ea64a9fb88e65e6317a131e", "number": "8885733226", "area-code": "704"}, {"id": "8a1ecbfe4ea64a9fb88e65e6317a0843", "number": "2178364854", "area-code": "217"}, {"id": "8a1ecbfe4ea64a9fb88e65e63179f933", "number": "8662235716", "area-code": "704"}, {"id": "8a1ecbfe4ea64a9fb88e65e63179ed42", "number": "2138060881", "area-code": "805"}, {"id": "8a1ecbfe4ea64a9fb88e65e63179ece6", "number": "8882789609", "area-code": "704"}, {"id": "8a1ecbfe4ea64a9fb88e65e63179e45d", "number": "6469976017", "area-code": "215"}, {"id": "8a1ecbfe4ea64a9fb88e65e63179e188", "number": "5412156611", "area-code": "541"}, {"id": "8a1ecbfe4ea64a9fb88e65e63179defb", "number": "7042455741", "area-code": "704"}, {"id": "8a1ecbfe4ea64a9fb88e65e63179d0d5", "number": "", "area-code": "480"}, {"id": "8a1ecbfe4ea64a9fb88e65e63179c3b9", "number": "2138092713", "area-code": "480"}, {"id": "8a1ecbfe4ea64a9fb88e65e63179c1bd", "number": "8006227747", "area-code": "270"}, {"id": "8a1ecbfe4ea64a9fb88e65e63179b919", "number": "7044228479", "area-code": "704"}, {"id": "8a1ecbfe4ea64a9fb88e65e63179b22d", "number": "7044228482", "area-code": "704"}, {"id": "8a1ecbfe4ea64a9fb88e65e63179ad2d", "number": "6193759750", "area-code": "708"}, {"id": "8a1ecbfe4ea64a9fb88e65e631799e06", "number": "7044904907", "area-code": "704"}, {"id": "8a1ecbfe4ea64a9fb88e65e631799d2b", "number": "8771461142", "area-code": "631"}, {"id": "8a1ecbfe4ea64a9fb88e65e631799749", "number": "8882159523", "area-code": "631"}, {"id": "8a1ecbfe4ea64a9fb88e65e631798e5f", "number": "7042459826", "area-code": "704"}, {"id": "8a1ecbfe4ea64a9fb88e65e63179808e", "number": "8773131099", "area-code": "631"}, {"id": "8a1ecbfe4ea64a9fb88e65e6317973c1", "number": "8669145844", "area-code": "812"}, {"id": "8a1ecbfe4ea64a9fb88e65e6317963f0", "number": "8882847047", "area-code": "310"}, {"id": "8a1ecbfe4ea64a9fb88e65e63179597c", "number": "9176337522", "area-code": "201"}, {"id": "8a1ecbfe4ea64a9fb88e65e631794d34", "number": "2622170256", "area-code": "262"}, {"id": "8a1ecbfe4ea64a9fb88e65e6317947fc", "number": "8882847047", "area-code": "310"}, {"id": "8a1ecbfe4ea64a9fb88e65e6317942a4", "number": "6147544137", "area-code": "201"}, {"id": "8a1ecbfe4ea64a9fb88e65e631793bda", "number": "6092255799", "area-code": "262"}, {"id": "8a1ecbfe4ea64a9fb88e65e6317936ba", "number": "3018341465", "area-code": "301"}, {"id": "8a1ecbfe4ea64a9fb88e65e631792498", "number": "", "area-code": "401"}, {"id": "8a1ecbfe4ea64a9fb88e65e631793374", "number": "", "area-code": "320"}, {"id": "8a1ecbfe4ea64a9fb88e65e631793191", "number": "5124771261", "area-code": "512"}, {"id": "8a1ecbfe4ea64a9fb88e65e6317926cb", "number": "4109491362", "area-code": "410"}, {"id": "8a1ecbfe4ea64a9fb88e65e631791c4c", "number": "8003582090", "area-code": "781"}, {"id": "8a1ecbfe4ea64a9fb88e65e631790d7d", "number": "4063441828", "area-code": "406"}, {"id": "8a1ecbfe4ea64a9fb88e65e6317902aa", "number": "", "area-code": "770"}, {"id": "8a1ecbfe4ea64a9fb88e65e63178f514", "number": "", "area-code": "678"}, {"id": "8a1ecbfe4ea64a9fb88e65e63178e53c", "number": "9542481781", "area-code": "520"}, {"id": "8a1ecbfe4ea64a9fb88e65e63178d5dd", "number": "8185756221", "area-code": "818"}, {"id": "8a1ecbfe4ea64a9fb88e65e63178d0f0", "number": "2149355081", "area-code": "214"}, {"id": "8a1ecbfe4ea64a9fb88e65e63178ce82", "number": "9512525214", "area-code": "520"}, {"id": "8a1ecbfe4ea64a9fb88e65e63178cb8e", "number": "9413005269", "area-code": "941"}, {"id": "8a1ecbfe4ea64a9fb88e65e63178c65f", "number": "7089421170", "area-code": "630"}, {"id": "8a1ecbfe4ea64a9fb88e65e63178c642", "number": "2185357195", "area-code": "520"}]}