{"data": [{"id": "8a1ecbfe4ea64a9fb88e65e63178bb59", "number": "2488011990", "area-code": "248"}, {"id": "8a1ecbfe4ea64a9fb88e65e63178ac8b", "number": "2484663201", "area-code": "248"}, {"id": "8a1ecbfe4ea64a9fb88e65e63178abdc", "number": "2484663209", "area-code": "248"}, {"id": "8a1ecbfe4ea64a9fb88e65e63178a19b", "number": "5614304772", "area-code": "757"}, {"id": "8a1ecbfe4ea64a9fb88e65e631789af6", "number": "7166661996", "area-code": "830"}, {"id": "8a1ecbfe4ea64a9fb88e65e631788cff", "number": "7135686973", "area-code": "713"}, {"id": "8a1ecbfe4ea64a9fb88e65e631788b6d", "number": "2677620001", "area-code": "603"}, {"id": "8a1ecbfe4ea64a9fb88e65e631788a40", "number": "3863230440", "area-code": "386"}, {"id": "8a1ecbfe4ea64a9fb88e65e631787e7b", "number": "6507299498", "area-code": "708"}, {"id": "8a1ecbfe4ea64a9fb88e65e63178700e", "number": "5034834164", "area-code": "503"}, {"id": "8a1ecbfe4ea64a9fb88e65e631786e04", "number": "6463963086", "area-code": "973"}, {"id": "8a1ecbfe4ea64a9fb88e65e631786503", "number": "2092556016", "area-code": "510"}, {"id": "8a1ecbfe4ea64a9fb88e65e631785f24", "number": "7033358880", "area-code": "724"}, {"id": "8a1ecbfe4ea64a9fb88e65e6317852b3", "number": "3862342966", "area-code": "850"}, {"id": "8a1ecbfe4ea64a9fb88e65e6317845f2", "number": "", "area-code": "312"}, {"id": "8a1ecbfe4ea64a9fb88e65e6317844c8", "number": "4127356656", "area-code": "724"}, {"id": "8a1ecbfe4ea64a9fb88e65e6317844ac", "number": "8572192754", "area-code": "480"}, {"id": "8a1ecbfe4ea64a9fb88e65e63178404b", "number": "4127356657", "area-code": "724"}, {"id": "8a1ecbfe4ea64a9fb88e65e63178357a", "number": "8778180060", "area-code": "479"}, {"id": "8a1ecbfe4ea64a9fb88e65e631782905", "number": "8507766445", "area-code": "850"}, {"id": "8a1ecbfe4ea64a9fb88e65e631781a7c", "number": "8507762640", "area-code": "850"}, {"id": "8a1ecbfe4ea64a9fb88e65e631780afe", "number": "2122445522", "area-code": "440"}, {"id": "8a1ecbfe4ea64a9fb88e65e6317803cd", "number": "8135600987", "area-code": "850"}, {"id": "8a1ecbfe4ea64a9fb88e65e63177fabc", "number": "3187695029", "area-code": "253"}, {"id": "8a1ecbfe4ea64a9fb88e65e63177f6d6", "number": "2395794909", "area-code": "850"}, {"id": "8a1ecbfe4ea64a9fb88e65e63177f159", "number": "8502207441", "area-code": "850"}, {"id": "8a1ecbfe4ea64a9fb88e65e63177e38d", "number": "7866053547", "area-code": "850"}, {"id": "8a1ecbfe4ea64a9fb88e65e63177d9e6", "number": "8559573119", "area-code": "845"}, {"id": "8a1ecbfe4ea64a9fb88e65e63177d53d", "number": "8505256782", "area-code": "850"}, {"id": "8a1ecbfe4ea64a9fb88e65e63177d379", "number": "8502049004", "area-code": "850"}, {"id": "8a1ecbfe4ea64a9fb88e65e63177c9d1", "number": "6023624193", "area-code": "850"}, {"id": "8a1ecbfe4ea64a9fb88e65e63177be68", "number": "8505319900", "area-code": "850"}, {"id": "8a1ecbfe4ea64a9fb88e65e63177aedf", "number": "5618471000", "area-code": "850"}, {"id": "8a1ecbfe4ea64a9fb88e65e63177a263", "number": "2138008050", "area-code": "650"}, {"id": "8a1ecbfe4ea64a9fb88e65e63177a177", "number": "9543608941", "area-code": "850"}, {"id": "8a1ecbfe4ea64a9fb88e65e631779db8", "number": "3034425876", "area-code": "402"}, {"id": "8a1ecbfe4ea64a9fb88e65e63177978d", "number": "8502049003", "area-code": "850"}, {"id": "8a1ecbfe4ea64a9fb88e65e631778ca1", "number": "4048406926", "area-code": "404"}, {"id": "8a1ecbfe4ea64a9fb88e65e631777d1d", "number": "8502207571", "area-code": "850"}, {"id": "8a1ecbfe4ea64a9fb88e65e631777874", "number": "5862501356", "area-code": "850"}, {"id": "8a1ecbfe4ea64a9fb88e65e631776eb4", "number": "9543608873", "area-code": "850"}, {"id": "8a1ecbfe4ea64a9fb88e65e63177684b", "number": "7542039454", "area-code": "850"}, {"id": "8a1ecbfe4ea64a9fb88e65e631776837", "number": "5732669682", "area-code": "573"}, {"id": "8a1ecbfe4ea64a9fb88e65e631775f6d", "number": "2015740991", "area-code": "850"}, {"id": "8a1ecbfe4ea64a9fb88e65e6317754fd", "number": "4022813914", "area-code": "402"}, {"id": "8a1ecbfe4ea64a9fb88e65e631775dde", "number": "7183055132", "area-code": "718"}, {"id": "8a1ecbfe4ea64a9fb88e65e6317757c5", "number": "9543608935", "area-code": "850"}, {"id": "8a1ecbfe4ea64a9fb88e65e63177473c", "number": "8507768341", "area-code": "850"}, {"id": "8a1ecbfe4ea64a9fb88e65e6317740fb", "number": "9472045310", "area-code": "850"}, {"id": "8a1ecbfe4ea64a9fb88e65e631773b8a", "number": "4134592006", "area-code": "413"}]}