{"data": [{"id": "8a1ecbfe4ea64a9fb88e65e631773b46", "number": "8502074808", "area-code": "850"}, {"id": "8a1ecbfe4ea64a9fb88e65e631772fcd", "number": "8507765964", "area-code": "850"}, {"id": "8a1ecbfe4ea64a9fb88e65e631772276", "number": "6266047696", "area-code": "612"}, {"id": "8a1ecbfe4ea64a9fb88e65e63177198f", "number": "9043441172", "area-code": "573"}, {"id": "8a1ecbfe4ea64a9fb88e65e63177111c", "number": "8508786712", "area-code": "850"}, {"id": "8a1ecbfe4ea64a9fb88e65e6317707c9", "number": "8778180060", "area-code": "479"}, {"id": "8a1ecbfe4ea64a9fb88e65e63177048b", "number": "8507761525", "area-code": "850"}, {"id": "8a1ecbfe4ea64a9fb88e65e63176f4cb", "number": "8507768163", "area-code": "850"}, {"id": "8a1ecbfe4ea64a9fb88e65e63176f083", "number": "7163049329", "area-code": "832"}, {"id": "8a1ecbfe4ea64a9fb88e65e63176e99c", "number": "8507762372", "area-code": "850"}, {"id": "8a1ecbfe4ea64a9fb88e65e63176da80", "number": "8504667097", "area-code": "850"}, {"id": "8a1ecbfe4ea64a9fb88e65e63176d077", "number": "8507764869", "area-code": "850"}, {"id": "8a1ecbfe4ea64a9fb88e65e63176c63f", "number": "8002152113", "area-code": "850"}, {"id": "8a1ecbfe4ea64a9fb88e65e63176ba3d", "number": "8507763224", "area-code": "850"}, {"id": "8a1ecbfe4ea64a9fb88e65e63176b10e", "number": "8152426730", "area-code": "815"}, {"id": "8a1ecbfe4ea64a9fb88e65e63176a3a7", "number": "5419091658", "area-code": "915"}, {"id": "8a1ecbfe4ea64a9fb88e65e631769630", "number": "6193912908", "area-code": "850"}, {"id": "8a1ecbfe4ea64a9fb88e65e631768925", "number": "5037090664", "area-code": "503"}, {"id": "8a1ecbfe4ea64a9fb88e65e631767c1e", "number": "5732669681", "area-code": "573"}, {"id": "8a1ecbfe4ea64a9fb88e65e631767890", "number": "3342262235", "area-code": "334"}, {"id": "8a1ecbfe4ea64a9fb88e65e6317672b5", "number": "7037432154", "area-code": "703"}, {"id": "8a1ecbfe4ea64a9fb88e65e631766e15", "number": "8507763991", "area-code": "850"}, {"id": "8a1ecbfe4ea64a9fb88e65e631765e18", "number": "8502049963", "area-code": "850"}, {"id": "8a1ecbfe4ea64a9fb88e65e631765973", "number": "9176348739", "area-code": "805"}, {"id": "8a1ecbfe4ea64a9fb88e65e6317658f7", "number": "8507765490", "area-code": "850"}, {"id": "8a1ecbfe4ea64a9fb88e65e631764bb6", "number": "3105893582", "area-code": "951"}, {"id": "8a1ecbfe4ea64a9fb88e65e63176451d", "number": "2066354071", "area-code": "334"}, {"id": "8a1ecbfe4ea64a9fb88e65e63176384a", "number": "4805046541", "area-code": "850"}, {"id": "8a1ecbfe4ea64a9fb88e65e63176373a", "number": "8775667226", "area-code": "336"}, {"id": "8a1ecbfe4ea64a9fb88e65e6317634ec", "number": "6504594041", "area-code": "702"}, {"id": "8a1ecbfe4ea64a9fb88e65e631762fba", "number": "8002784721", "area-code": "850"}, {"id": "8a1ecbfe4ea64a9fb88e65e63176270c", "number": "5732647590", "area-code": "573"}, {"id": "8a1ecbfe4ea64a9fb88e65e631761978", "number": "8507766646", "area-code": "850"}, {"id": "8a1ecbfe4ea64a9fb88e65e631760e50", "number": "8503934859", "area-code": "850"}, {"id": "8a1ecbfe4ea64a9fb88e65e63175ffc8", "number": "4752565185", "area-code": "203"}, {"id": "8a1ecbfe4ea64a9fb88e65e63175f2a0", "number": "8507762362", "area-code": "850"}, {"id": "8a1ecbfe4ea64a9fb88e65e63175e4b8", "number": "8507764446", "area-code": "850"}, {"id": "8a1ecbfe4ea64a9fb88e65e63175e19b", "number": "5732669682", "area-code": "573"}, {"id": "8a1ecbfe4ea64a9fb88e65e63175d7e6", "number": "4807738654", "area-code": "928"}, {"id": "8a1ecbfe4ea64a9fb88e65e63175ce4a", "number": "", "area-code": "540"}, {"id": "8a1ecbfe4ea64a9fb88e65e63175ccde", "number": "7022917169", "area-code": "702"}, {"id": "8a1ecbfe4ea64a9fb88e65e63175bec3", "number": "5094975379", "area-code": "509"}, {"id": "8a1ecbfe4ea64a9fb88e65e63175bea3", "number": "7022917169", "area-code": "702"}, {"id": "8a1ecbfe4ea64a9fb88e65e63175b10f", "number": "4104061261", "area-code": "407"}, {"id": "8a1ecbfe4ea64a9fb88e65e63175ab34", "number": "2022214072", "area-code": "541"}, {"id": "8a1ecbfe4ea64a9fb88e65e63175a28b", "number": "4252088992", "area-code": "425"}, {"id": "8a1ecbfe4ea64a9fb88e65e631759c0c", "number": "5626968541", "area-code": "602"}, {"id": "8a1ecbfe4ea64a9fb88e65e63175995d", "number": "2056354071", "area-code": "334"}, {"id": "8a1ecbfe4ea64a9fb88e65e6317593fc", "number": "6104867961", "area-code": "610"}, {"id": "8a1ecbfe4ea64a9fb88e65e631759138", "number": "6463503945", "area-code": "330"}]}