{"data": [{"id": "8a1ecbfe4ea64a9fb88e65e631758596", "number": "6266046213", "area-code": "734"}, {"id": "8a1ecbfe4ea64a9fb88e65e6317581ed", "number": "", "area-code": "707"}, {"id": "8a1ecbfe4ea64a9fb88e65e631757913", "number": "", "area-code": "214"}, {"id": "8a1ecbfe4ea64a9fb88e65e631757425", "number": "8336928257", "area-code": "610"}, {"id": "8a1ecbfe4ea64a9fb88e65e631756bc7", "number": "8336928257", "area-code": "610"}, {"id": "8a1ecbfe4ea64a9fb88e65e631755dd1", "number": "4199756012", "area-code": "419"}, {"id": "8a1ecbfe4ea64a9fb88e65e631755276", "number": "8444280356", "area-code": "253"}, {"id": "8a1ecbfe4ea64a9fb88e65e631754fdf", "number": "6146534634", "area-code": "419"}, {"id": "8a1ecbfe4ea64a9fb88e65e631754105", "number": "3103572061", "area-code": "310"}, {"id": "8a1ecbfe4ea64a9fb88e65e631753806", "number": "3155146144", "area-code": "315"}, {"id": "8a1ecbfe4ea64a9fb88e65e63175283b", "number": "4045043210", "area-code": "404"}, {"id": "8a1ecbfe4ea64a9fb88e65e6317520ad", "number": "5152985833", "area-code": "641"}, {"id": "8a1ecbfe4ea64a9fb88e65e63175148b", "number": "8038285175", "area-code": "803"}, {"id": "8a1ecbfe4ea64a9fb88e65e631751170", "number": "2489991160", "area-code": "248"}, {"id": "8a1ecbfe4ea64a9fb88e65e631750774", "number": "7628155001", "area-code": "404"}, {"id": "8a1ecbfe4ea64a9fb88e65e63174fbc3", "number": "8006434845", "area-code": "716"}, {"id": "8a1ecbfe4ea64a9fb88e65e63174fa04", "number": "4045043941", "area-code": "404"}, {"id": "8a1ecbfe4ea64a9fb88e65e63174ead4", "number": "8025001768", "area-code": "304"}, {"id": "8a1ecbfe4ea64a9fb88e65e63174dcff", "number": "9374004309", "area-code": "937"}, {"id": "8a1ecbfe4ea64a9fb88e65e63174d2e2", "number": "7864732736", "area-code": "786"}, {"id": "8a1ecbfe4ea64a9fb88e65e63174ca7f", "number": "8883820868", "area-code": "650"}, {"id": "8a1ecbfe4ea64a9fb88e65e63174be81", "number": "6504197866", "area-code": "650"}, {"id": "8a1ecbfe4ea64a9fb88e65e63174bb3b", "number": "5106605000", "area-code": "415"}, {"id": "8a1ecbfe4ea64a9fb88e65e63174baae", "number": "9735931957", "area-code": "415"}, {"id": "8a1ecbfe4ea64a9fb88e65e63174b5cf", "number": "3133736733", "area-code": "818"}, {"id": "8a1ecbfe4ea64a9fb88e65e63174aced", "number": "5415276911", "area-code": "541"}, {"id": "8a1ecbfe4ea64a9fb88e65e63174a5c4", "number": "6266046416", "area-code": "608"}, {"id": "8a1ecbfe4ea64a9fb88e65e63174998d", "number": "2122464471", "area-code": "516"}, {"id": "8a1ecbfe4ea64a9fb88e65e631748d40", "number": "2029184751", "area-code": "631"}, {"id": "8a1ecbfe4ea64a9fb88e65e631748c2a", "number": "8503537914", "area-code": "850"}, {"id": "8a1ecbfe4ea64a9fb88e65e63174886f", "number": "", "area-code": "304"}, {"id": "8a1ecbfe4ea64a9fb88e65e631747d49", "number": "9548932943", "area-code": "850"}, {"id": "8a1ecbfe4ea64a9fb88e65e631747668", "number": "2029150988", "area-code": "717"}, {"id": "8a1ecbfe4ea64a9fb88e65e631746870", "number": "2673610344", "area-code": "850"}, {"id": "8a1ecbfe4ea64a9fb88e65e6317458f9", "number": "__________", "area-code": "304"}, {"id": "8a1ecbfe4ea64a9fb88e65e6317456a4", "number": "6622373059", "area-code": "281"}, {"id": "8a1ecbfe4ea64a9fb88e65e631744f49", "number": "4046519304", "area-code": "415"}, {"id": "8a1ecbfe4ea64a9fb88e65e631744c50", "number": "", "area-code": "706"}, {"id": "8a1ecbfe4ea64a9fb88e65e6317447e2", "number": "2817828822", "area-code": "281"}, {"id": "8a1ecbfe4ea64a9fb88e65e6317445ef", "number": "2138079887", "area-code": "650"}, {"id": "8a1ecbfe4ea64a9fb88e65e6317436d6", "number": "4046514782", "area-code": "415"}, {"id": "8a1ecbfe4ea64a9fb88e65e631743406", "number": "2029184712", "area-code": "832"}, {"id": "8a1ecbfe4ea64a9fb88e65e631742469", "number": "4046352658", "area-code": "415"}, {"id": "8a1ecbfe4ea64a9fb88e65e631741d04", "number": "4122559704", "area-code": "570"}, {"id": "8a1ecbfe4ea64a9fb88e65e63174161d", "number": "2122447408", "area-code": "440"}, {"id": "8a1ecbfe4ea64a9fb88e65e631740ed4", "number": "", "area-code": "314"}, {"id": "8a1ecbfe4ea64a9fb88e65e6317405d7", "number": "", "area-code": "702"}, {"id": "8a1ecbfe4ea64a9fb88e65e6317400a6", "number": "8884923065", "area-code": "415"}, {"id": "8a1ecbfe4ea64a9fb88e65e63173ff2b", "number": "", "area-code": "480"}, {"id": "8a1ecbfe4ea64a9fb88e65e63173fd1d", "number": "6187024337", "area-code": "419"}]}