{"data": [{"id": "8a1ecbfe4ea64a9fb88e65e63173f4b9", "number": "8766696497", "area-code": "347"}, {"id": "8a1ecbfe4ea64a9fb88e65e63173ee28", "number": "7026549736", "area-code": "702"}, {"id": "8a1ecbfe4ea64a9fb88e65e63173e4ed", "number": "5185074477", "area-code": "718"}, {"id": "8a1ecbfe4ea64a9fb88e65e63173da96", "number": "7135540219", "area-code": "832"}, {"id": "8a1ecbfe4ea64a9fb88e65e63173d181", "number": "8327256610", "area-code": "832"}, {"id": "8a1ecbfe4ea64a9fb88e65e63173c248", "number": "2058902713", "area-code": "832"}, {"id": "8a1ecbfe4ea64a9fb88e65e63173c0c3", "number": "7142026370", "area-code": "714"}, {"id": "8a1ecbfe4ea64a9fb88e65e63173b119", "number": "6465767011", "area-code": "312"}, {"id": "8a1ecbfe4ea64a9fb88e65e63173adaf", "number": "6467267259", "area-code": "614"}, {"id": "8a1ecbfe4ea64a9fb88e65e631739e17", "number": "4077496840", "area-code": "714"}, {"id": "8a1ecbfe4ea64a9fb88e65e63173941b", "number": "2122418215", "area-code": "518"}, {"id": "8a1ecbfe4ea64a9fb88e65e631739035", "number": "6196324704", "area-code": "714"}, {"id": "8a1ecbfe4ea64a9fb88e65e631738faa", "number": "6502408752", "area-code": "714"}, {"id": "8a1ecbfe4ea64a9fb88e65e63173841c", "number": "3255505725", "area-code": "325"}, {"id": "8a1ecbfe4ea64a9fb88e65e6317374df", "number": "4049750728", "area-code": "714"}, {"id": "8a1ecbfe4ea64a9fb88e65e631737406", "number": "3304436163", "area-code": "330"}, {"id": "8a1ecbfe4ea64a9fb88e65e63173690c", "number": "3106343925", "area-code": "714"}, {"id": "8a1ecbfe4ea64a9fb88e65e631735b47", "number": "2092871474", "area-code": "209"}, {"id": "8a1ecbfe4ea64a9fb88e65e631734dc6", "number": "2092871447", "area-code": "209"}, {"id": "8a1ecbfe4ea64a9fb88e65e631731819", "number": "5512983342", "area-code": "845"}, {"id": "8a1ecbfe4ea64a9fb88e65e6317329a7", "number": "7275695317", "area-code": "713"}, {"id": "8a1ecbfe4ea64a9fb88e65e631734c5e", "number": "3304436670", "area-code": "330"}, {"id": "8a1ecbfe4ea64a9fb88e65e631733e3d", "number": "2122453377", "area-code": "516"}, {"id": "8a1ecbfe4ea64a9fb88e65e63173364a", "number": "2092871447", "area-code": "209"}, {"id": "8a1ecbfe4ea64a9fb88e65e63173272b", "number": "8582015387", "area-code": "858"}, {"id": "8a1ecbfe4ea64a9fb88e65e63173189e", "number": "6469752632", "area-code": "954"}, {"id": "8a1ecbfe4ea64a9fb88e65e6317315fa", "number": "4808287225", "area-code": "480"}, {"id": "8a1ecbfe4ea64a9fb88e65e631730919", "number": "8325972345", "area-code": "713"}, {"id": "8a1ecbfe4ea64a9fb88e65e631731001", "number": "4152528761", "area-code": "209"}, {"id": "8a1ecbfe4ea64a9fb88e65e631730328", "number": "8325972324", "area-code": "713"}, {"id": "8a1ecbfe4ea64a9fb88e65e63172fe03", "number": "5128595051", "area-code": "512"}, {"id": "8a1ecbfe4ea64a9fb88e65e63172e7b8", "number": "6073647339", "area-code": "607"}, {"id": "8a1ecbfe4ea64a9fb88e65e63172f699", "number": "3128055132", "area-code": "217"}, {"id": "8a1ecbfe4ea64a9fb88e65e63172ef77", "number": "2122442272", "area-code": "440"}, {"id": "8a1ecbfe4ea64a9fb88e65e63172ec81", "number": "6144704786", "area-code": "330"}, {"id": "8a1ecbfe4ea64a9fb88e65e63172e1c0", "number": "2122447212", "area-code": "440"}, {"id": "8a1ecbfe4ea64a9fb88e65e63172d920", "number": "6514129534", "area-code": "651"}, {"id": "8a1ecbfe4ea64a9fb88e65e63172ccdb", "number": "8329560762", "area-code": "201"}, {"id": "8a1ecbfe4ea64a9fb88e65e63172bea3", "number": "2122445983", "area-code": "440"}, {"id": "8a1ecbfe4ea64a9fb88e65e63172b9a0", "number": "6266042490", "area-code": "949"}, {"id": "8a1ecbfe4ea64a9fb88e65e63172afdf", "number": "2122446132", "area-code": "440"}, {"id": "8a1ecbfe4ea64a9fb88e65e63172ad67", "number": "2282310001", "area-code": "662"}, {"id": "8a1ecbfe4ea64a9fb88e65e63172aabb", "number": "2122446544", "area-code": "440"}, {"id": "8a1ecbfe4ea64a9fb88e65e63172a551", "number": "5713640318", "area-code": "703"}, {"id": "8a1ecbfe4ea64a9fb88e65e6317296e6", "number": "2122449882", "area-code": "440"}, {"id": "8a1ecbfe4ea64a9fb88e65e63172877c", "number": "8135024492", "area-code": "612"}, {"id": "8a1ecbfe4ea64a9fb88e65e631729305", "number": "2122448048", "area-code": "440"}, {"id": "8a1ecbfe4ea64a9fb88e65e631727abe", "number": "8589878413", "area-code": "612"}, {"id": "8a1ecbfe4ea64a9fb88e65e631726d30", "number": "9092963700", "area-code": "949"}, {"id": "8a1ecbfe4ea64a9fb88e65e6317265a1", "number": "", "area-code": "630"}]}