{"data": [{"id": "8a1ecbfe4ea64a9fb88e65e63180750e", "number": "8703592587", "area-code": "479"}, {"id": "8a1ecbfe4ea64a9fb88e65e631806708", "number": "", "area-code": "203"}, {"id": "8a1ecbfe4ea64a9fb88e65e6318058a6", "number": "9802659389", "area-code": "980"}, {"id": "8a1ecbfe4ea64a9fb88e65e631804a2c", "number": "3018341799", "area-code": "301"}, {"id": "8a1ecbfe4ea64a9fb88e65e631804283", "number": "3014609693", "area-code": "301"}, {"id": "8a1ecbfe4ea64a9fb88e65e63180376f", "number": "4236583173", "area-code": "214"}, {"id": "8a1ecbfe4ea64a9fb88e65e631803717", "number": "2029150988", "area-code": "937"}, {"id": "8a1ecbfe4ea64a9fb88e65e631802f7b", "number": "4236583173", "area-code": "214"}, {"id": "8a1ecbfe4ea64a9fb88e65e6318021c4", "number": "5862042462", "area-code": "586"}, {"id": "8a1ecbfe4ea64a9fb88e65e631801030", "number": "4236583173", "area-code": "214"}, {"id": "8a1ecbfe4ea64a9fb88e65e631801290", "number": "8885021233", "area-code": "626"}, {"id": "8a1ecbfe4ea64a9fb88e65e6318004c5", "number": "5172451699", "area-code": "586"}, {"id": "8a1ecbfe4ea64a9fb88e65e6317ffc6c", "number": "6193235127", "area-code": "650"}, {"id": "8a1ecbfe4ea64a9fb88e65e6317fef47", "number": "3133156838", "area-code": "586"}, {"id": "8a1ecbfe4ea64a9fb88e65e6317fe591", "number": "5862383598", "area-code": "586"}, {"id": "8a1ecbfe4ea64a9fb88e65e6317fdf14", "number": "5862903787", "area-code": "586"}, {"id": "8a1ecbfe4ea64a9fb88e65e6317fd852", "number": "8558135293", "area-code": "586"}, {"id": "8a1ecbfe4ea64a9fb88e65e6317fd5c3", "number": "5392159770", "area-code": "704"}, {"id": "8a1ecbfe4ea64a9fb88e65e6317fd0c8", "number": "2029184705", "area-code": "704"}, {"id": "8a1ecbfe4ea64a9fb88e65e6317fce07", "number": "3865182835", "area-code": "215"}, {"id": "8a1ecbfe4ea64a9fb88e65e6317fc46d", "number": "8777708065", "area-code": "704"}, {"id": "8a1ecbfe4ea64a9fb88e65e6317fbd18", "number": "7406743660", "area-code": "513"}, {"id": "8a1ecbfe4ea64a9fb88e65e6317fbb09", "number": "", "area-code": "503"}, {"id": "8a1ecbfe4ea64a9fb88e65e6317fb14a", "number": "439518997", "area-code": "786"}, {"id": "8a1ecbfe4ea64a9fb88e65e6317fa31b", "number": "4246342984", "area-code": "323"}, {"id": "8a1ecbfe4ea64a9fb88e65e6317fa1e6", "number": "7022917169", "area-code": "702"}, {"id": "8a1ecbfe4ea64a9fb88e65e6317f96e8", "number": "8882690850", "area-code": "317"}, {"id": "8a1ecbfe4ea64a9fb88e65e6317f9197", "number": "7022917169", "area-code": "702"}, {"id": "8a1ecbfe4ea64a9fb88e65e6317f8800", "number": "4063441800", "area-code": "406"}, {"id": "8a1ecbfe4ea64a9fb88e65e6317f81a8", "number": "9142625121", "area-code": "845"}, {"id": "8a1ecbfe4ea64a9fb88e65e6317f724c", "number": "8773131088", "area-code": "207"}, {"id": "8a1ecbfe4ea64a9fb88e65e6317f65b3", "number": "7022917169", "area-code": "702"}, {"id": "8a1ecbfe4ea64a9fb88e65e6317f6287", "number": "", "area-code": "808"}, {"id": "8a1ecbfe4ea64a9fb88e65e6317f53b9", "number": "", "area-code": "832"}, {"id": "8a1ecbfe4ea64a9fb88e65e6317f4c67", "number": "7022917169", "area-code": "702"}, {"id": "8a1ecbfe4ea64a9fb88e65e6317f4206", "number": "8007329194", "area-code": "605"}, {"id": "8a1ecbfe4ea64a9fb88e65e6317f3a12", "number": "6059464633", "area-code": "605"}, {"id": "8a1ecbfe4ea64a9fb88e65e6317f3288", "number": "6052500422", "area-code": "605"}, {"id": "8a1ecbfe4ea64a9fb88e65e6317f2e17", "number": "2022214075", "area-code": "972"}, {"id": "8a1ecbfe4ea64a9fb88e65e6317f27c9", "number": "3018341463", "area-code": "301"}, {"id": "8a1ecbfe4ea64a9fb88e65e6317f23bf", "number": "6083716666", "area-code": "503"}, {"id": "8a1ecbfe4ea64a9fb88e65e6317f22d8", "number": "8503783131", "area-code": "203"}, {"id": "8a1ecbfe4ea64a9fb88e65e6317f200d", "number": "8002722566", "area-code": "808"}, {"id": "8a1ecbfe4ea64a9fb88e65e6317f1812", "number": "9163788376", "area-code": "617"}, {"id": "8a1ecbfe4ea64a9fb88e65e6317f13d1", "number": "7863166716", "area-code": "305"}, {"id": "8a1ecbfe4ea64a9fb88e65e6317f1267", "number": "3019711284", "area-code": "301"}, {"id": "8a1ecbfe4ea64a9fb88e65e6317f0cb8", "number": "8668903387", "area-code": "301"}, {"id": "8a1ecbfe4ea64a9fb88e65e6317f07f4", "number": "3018506596", "area-code": "301"}, {"id": "8a1ecbfe4ea64a9fb88e65e6317f07d3", "number": "3018343281", "area-code": "301"}, {"id": "8a1ecbfe4ea64a9fb88e65e6317efc59", "number": "9562308164", "area-code": "956"}]}