{"data": [{"id": "8a1ecbfe4ea64a9fb88e65e6317262dc", "number": "9294746328", "area-code": "617"}, {"id": "8a1ecbfe4ea64a9fb88e65e6317254a2", "number": "", "area-code": "612"}, {"id": "8a1ecbfe4ea64a9fb88e65e63172623a", "number": "8442069035", "area-code": "812"}, {"id": "8a1ecbfe4ea64a9fb88e65e631725418", "number": "8442069035", "area-code": "812"}, {"id": "8a1ecbfe4ea64a9fb88e65e631724dba", "number": "3127638122", "area-code": "740"}, {"id": "8a1ecbfe4ea64a9fb88e65e631724a67", "number": "5512228510", "area-code": "551"}, {"id": "8a1ecbfe4ea64a9fb88e65e631724737", "number": "", "area-code": "612"}, {"id": "8a1ecbfe4ea64a9fb88e65e63172430f", "number": "850523756", "area-code": "310"}, {"id": "8a1ecbfe4ea64a9fb88e65e6317236bf", "number": "2029186088", "area-code": "802"}, {"id": "8a1ecbfe4ea64a9fb88e65e631722fde", "number": "2055516758", "area-code": "612"}, {"id": "8a1ecbfe4ea64a9fb88e65e631722bdc", "number": "4849836032", "area-code": "612"}, {"id": "8a1ecbfe4ea64a9fb88e65e631722013", "number": "", "area-code": "803"}, {"id": "8a1ecbfe4ea64a9fb88e65e631721307", "number": "4142040315", "area-code": "715"}, {"id": "8a1ecbfe4ea64a9fb88e65e63172090c", "number": "2138065088", "area-code": "440"}, {"id": "8a1ecbfe4ea64a9fb88e65e631720186", "number": "8722058290", "area-code": "612"}, {"id": "8a1ecbfe4ea64a9fb88e65e63171f794", "number": "8132917160", "area-code": "863"}, {"id": "8a1ecbfe4ea64a9fb88e65e63171f3cc", "number": "2084864587", "area-code": "208"}, {"id": "8a1ecbfe4ea64a9fb88e65e63171e51a", "number": "8339020105", "area-code": "612"}, {"id": "8a1ecbfe4ea64a9fb88e65e63171f0df", "number": "9724690101", "area-code": "972"}, {"id": "8a1ecbfe4ea64a9fb88e65e63171e16b", "number": "4243234628", "area-code": "402"}, {"id": "8a1ecbfe4ea64a9fb88e65e63171dd45", "number": "6572353542", "area-code": "951"}, {"id": "8a1ecbfe4ea64a9fb88e65e63171cfec", "number": "8568749001", "area-code": "732"}, {"id": "8a1ecbfe4ea64a9fb88e65e63171cb6b", "number": "2104464206", "area-code": "703"}, {"id": "8a1ecbfe4ea64a9fb88e65e63171c0ee", "number": "", "area-code": "469"}, {"id": "8a1ecbfe4ea64a9fb88e65e63171b6f4", "number": "5156351622", "area-code": "641"}, {"id": "8a1ecbfe4ea64a9fb88e65e63171a7d5", "number": "8004633339", "area-code": "641"}, {"id": "8a1ecbfe4ea64a9fb88e65e63171a063", "number": "5126753016", "area-code": "512"}, {"id": "8a1ecbfe4ea64a9fb88e65e63171908f", "number": "6193235127", "area-code": "972"}, {"id": "8a1ecbfe4ea64a9fb88e65e631718e79", "number": "6414241826", "area-code": "641"}, {"id": "8a1ecbfe4ea64a9fb88e65e631718be9", "number": "5152985833", "area-code": "641"}, {"id": "8a1ecbfe4ea64a9fb88e65e6317181ed", "number": "6468250226", "area-code": "949"}, {"id": "8a1ecbfe4ea64a9fb88e65e63171777e", "number": "9494475864", "area-code": "919"}, {"id": "8a1ecbfe4ea64a9fb88e65e631716d62", "number": "3022028761", "area-code": "302"}, {"id": "8a1ecbfe4ea64a9fb88e65e6317161a3", "number": "9199180051", "area-code": "919"}, {"id": "8a1ecbfe4ea64a9fb88e65e631715f3a", "number": "", "area-code": "919"}, {"id": "8a1ecbfe4ea64a9fb88e65e631715111", "number": "8137675868", "area-code": "813"}, {"id": "8a1ecbfe4ea64a9fb88e65e631714d77", "number": "4058921738", "area-code": "541"}, {"id": "8a1ecbfe4ea64a9fb88e65e6317143a4", "number": "3173638307", "area-code": "425"}, {"id": "8a1ecbfe4ea64a9fb88e65e631713b65", "number": "3173638307", "area-code": "425"}, {"id": "8a1ecbfe4ea64a9fb88e65e6317136b3", "number": "8305987800", "area-code": "425"}, {"id": "8a1ecbfe4ea64a9fb88e65e631712ba2", "number": "8133815091", "area-code": "813"}, {"id": "8a1ecbfe4ea64a9fb88e65e631711c93", "number": "5159992525", "area-code": "336"}, {"id": "8a1ecbfe4ea64a9fb88e65e63171145c", "number": "5019127518", "area-code": "425"}, {"id": "8a1ecbfe4ea64a9fb88e65e631710ad4", "number": "93105001", "area-code": "813"}, {"id": "8a1ecbfe4ea64a9fb88e65e63171041c", "number": "5136961930", "area-code": "717"}, {"id": "8a1ecbfe4ea64a9fb88e65e631710324", "number": "6503942374", "area-code": "510"}, {"id": "8a1ecbfe4ea64a9fb88e65e63170fff0", "number": "", "area-code": "707"}, {"id": "8a1ecbfe4ea64a9fb88e65e63170fe38", "number": "7274723088", "area-code": "727"}, {"id": "8a1ecbfe4ea64a9fb88e65e63170f10d", "number": "4705325925", "area-code": "470"}, {"id": "8a1ecbfe4ea64a9fb88e65e63170e19c", "number": "6465761631", "area-code": "571"}]}