{"data": [{"id": "8a1ecbfe4ea64a9fb88e65e63170dcbd", "number": "9033304148", "area-code": "573"}, {"id": "8a1ecbfe4ea64a9fb88e65e63170dbbb", "number": "7274723627", "area-code": "727"}, {"id": "8a1ecbfe4ea64a9fb88e65e63170d2e0", "number": "7864942339", "area-code": "352"}, {"id": "8a1ecbfe4ea64a9fb88e65e63170c31d", "number": "2096498888", "area-code": "832"}, {"id": "8a1ecbfe4ea64a9fb88e65e63170c2f6", "number": "6672002056", "area-code": "410"}, {"id": "8a1ecbfe4ea64a9fb88e65e63170b4ce", "number": "9853132051", "area-code": "602"}, {"id": "8a1ecbfe4ea64a9fb88e65e63170b2b5", "number": "4046356839", "area-code": "916"}, {"id": "8a1ecbfe4ea64a9fb88e65e63170a62e", "number": "2029186089", "area-code": "708"}, {"id": "8a1ecbfe4ea64a9fb88e65e631709cad", "number": "3185150043", "area-code": "480"}, {"id": "8a1ecbfe4ea64a9fb88e65e6317073a4", "number": "4125971287", "area-code": "402"}, {"id": "8a1ecbfe4ea64a9fb88e65e631708ce8", "number": "2122401148", "area-code": "617"}, {"id": "8a1ecbfe4ea64a9fb88e65e6317082a3", "number": "5648415708", "area-code": "253"}, {"id": "8a1ecbfe4ea64a9fb88e65e63170685c", "number": "4024634465", "area-code": "402"}, {"id": "8a1ecbfe4ea64a9fb88e65e6317064a0", "number": "2094542335", "area-code": "209"}, {"id": "8a1ecbfe4ea64a9fb88e65e631705e7e", "number": "8882403265", "area-code": "216"}, {"id": "8a1ecbfe4ea64a9fb88e65e631705d30", "number": "9192468760", "area-code": "559"}, {"id": "8a1ecbfe4ea64a9fb88e65e631705437", "number": "8123704305", "area-code": "530"}, {"id": "8a1ecbfe4ea64a9fb88e65e631705152", "number": "4803513050", "area-code": "480"}, {"id": "8a1ecbfe4ea64a9fb88e65e6317043e1", "number": "7182982754", "area-code": "312"}, {"id": "8a1ecbfe4ea64a9fb88e65e63170420e", "number": "6469145072", "area-code": "925"}, {"id": "8a1ecbfe4ea64a9fb88e65e631703d43", "number": "7196310160", "area-code": "980"}, {"id": "8a1ecbfe4ea64a9fb88e65e631702df0", "number": "3238938064", "area-code": "502"}, {"id": "8a1ecbfe4ea64a9fb88e65e631701fcf", "number": "3462142190", "area-code": "773"}, {"id": "8a1ecbfe4ea64a9fb88e65e6317015fa", "number": "8049444606", "area-code": "276"}, {"id": "8a1ecbfe4ea64a9fb88e65e631700e36", "number": "8005243880", "area-code": "276"}, {"id": "8a1ecbfe4ea64a9fb88e65e63170084d", "number": "8324809784", "area-code": "832"}, {"id": "8a1ecbfe4ea64a9fb88e65e6316ffa4f", "number": "5672098583", "area-code": "567"}, {"id": "8a1ecbfe4ea64a9fb88e65e6316ffef9", "number": "8003626299", "area-code": "276"}, {"id": "8a1ecbfe4ea64a9fb88e65e6316feef7", "number": "7606443966", "area-code": "760"}, {"id": "8a1ecbfe4ea64a9fb88e65e6316fecda", "number": "5673010389", "area-code": "567"}, {"id": "8a1ecbfe4ea64a9fb88e65e6316feb0a", "number": "8182034767", "area-code": "661"}, {"id": "8a1ecbfe4ea64a9fb88e65e6316fe8da", "number": "6362748103", "area-code": "605"}, {"id": "8a1ecbfe4ea64a9fb88e65e6316fe7b5", "number": "", "area-code": "917"}, {"id": "8a1ecbfe4ea64a9fb88e65e6316fdf8e", "number": "5672908497", "area-code": "567"}, {"id": "8a1ecbfe4ea64a9fb88e65e6316fdb48", "number": "5202580730", "area-code": "954"}, {"id": "8a1ecbfe4ea64a9fb88e65e6316fc451", "number": "4199838491", "area-code": "567"}, {"id": "8a1ecbfe4ea64a9fb88e65e6316fccf3", "number": "6463193164", "area-code": "954"}, {"id": "8a1ecbfe4ea64a9fb88e65e6316fbd2f", "number": "", "area-code": "920"}, {"id": "8a1ecbfe4ea64a9fb88e65e6316fb896", "number": "5673018317", "area-code": "567"}, {"id": "8a1ecbfe4ea64a9fb88e65e6316fb95c", "number": "6468172901", "area-code": "954"}, {"id": "8a1ecbfe4ea64a9fb88e65e6316fb240", "number": "7203560072", "area-code": "720"}, {"id": "8a1ecbfe4ea64a9fb88e65e6316fafeb", "number": "5673016527", "area-code": "567"}, {"id": "8a1ecbfe4ea64a9fb88e65e6316fa9bb", "number": "9593351094", "area-code": "304"}, {"id": "8a1ecbfe4ea64a9fb88e65e6316fa411", "number": "2144416923", "area-code": "817"}, {"id": "8a1ecbfe4ea64a9fb88e65e6316f9fdf", "number": "3869994655", "area-code": "916"}, {"id": "8a1ecbfe4ea64a9fb88e65e6316f9c5e", "number": "8437968812", "area-code": "843"}, {"id": "8a1ecbfe4ea64a9fb88e65e6316f96fc", "number": "8884925750", "area-code": "832"}, {"id": "8a1ecbfe4ea64a9fb88e65e6316f8b8c", "number": "8439058734", "area-code": "843"}, {"id": "8a1ecbfe4ea64a9fb88e65e6316f83f0", "number": "9033001042", "area-code": "903"}, {"id": "8a1ecbfe4ea64a9fb88e65e6316f7724", "number": "8434285902", "area-code": "843"}]}