{"data": [{"id": "8a1ecbfe4ea64a9fb88e65e6316f721d", "number": "3019906782", "area-code": "301"}, {"id": "8a1ecbfe4ea64a9fb88e65e6316f64c0", "number": "9545701421", "area-code": "843"}, {"id": "8a1ecbfe4ea64a9fb88e65e6316f6000", "number": "6469469292", "area-code": "785"}, {"id": "8a1ecbfe4ea64a9fb88e65e6316f5ac1", "number": "9543551012", "area-code": "843"}, {"id": "8a1ecbfe4ea64a9fb88e65e6316f595b", "number": "2085916418", "area-code": "208"}, {"id": "8a1ecbfe4ea64a9fb88e65e6316f497f", "number": "7146503308", "area-code": "714"}, {"id": "8a1ecbfe4ea64a9fb88e65e6316f45dd", "number": "4152313716", "area-code": "843"}, {"id": "8a1ecbfe4ea64a9fb88e65e6316f37cd", "number": "2122462405", "area-code": "646"}, {"id": "8a1ecbfe4ea64a9fb88e65e6316f3578", "number": "5163281679", "area-code": "402"}, {"id": "8a1ecbfe4ea64a9fb88e65e6316f33a6", "number": "2028601698", "area-code": "843"}, {"id": "8a1ecbfe4ea64a9fb88e65e6316f284e", "number": "9702930726", "area-code": "970"}, {"id": "8a1ecbfe4ea64a9fb88e65e6316f2094", "number": "3123845840", "area-code": "217"}, {"id": "8a1ecbfe4ea64a9fb88e65e6316f197c", "number": "3126422459", "area-code": "312"}, {"id": "8a1ecbfe4ea64a9fb88e65e6316f0b24", "number": "", "area-code": "267"}, {"id": "8a1ecbfe4ea64a9fb88e65e6316f0847", "number": "9108682268", "area-code": "402"}, {"id": "8a1ecbfe4ea64a9fb88e65e6316eff50", "number": "4024637951", "area-code": "402"}, {"id": "8a1ecbfe4ea64a9fb88e65e6316ef90c", "number": "8636177546", "area-code": "352"}, {"id": "8a1ecbfe4ea64a9fb88e65e6316eeef9", "number": "9794768644", "area-code": "630"}, {"id": "8a1ecbfe4ea64a9fb88e65e6316eea80", "number": "6475584185", "area-code": "615"}, {"id": "8a1ecbfe4ea64a9fb88e65e6316ee962", "number": "", "area-code": "770"}, {"id": "8a1ecbfe4ea64a9fb88e65e6316edacf", "number": "2122443022", "area-code": "917"}, {"id": "8a1ecbfe4ea64a9fb88e65e6316ed660", "number": "", "area-code": "770"}, {"id": "8a1ecbfe4ea64a9fb88e65e6316ecd79", "number": "9314630383", "area-code": "323"}, {"id": "8a1ecbfe4ea64a9fb88e65e6316eccea", "number": "3345246492", "area-code": "334"}, {"id": "8a1ecbfe4ea64a9fb88e65e6316ebde8", "number": "", "area-code": "770"}, {"id": "8a1ecbfe4ea64a9fb88e65e6316eb318", "number": "6084493566", "area-code": "608"}, {"id": "8a1ecbfe4ea64a9fb88e65e6316eb17e", "number": "7144734470", "area-code": "573"}, {"id": "8a1ecbfe4ea64a9fb88e65e6316eb22c", "number": "4704510017", "area-code": "404"}, {"id": "8a1ecbfe4ea64a9fb88e65e6316eacd1", "number": "2149355081", "area-code": "214"}, {"id": "8a1ecbfe4ea64a9fb88e65e6316e9d19", "number": "8177753719", "area-code": "817"}, {"id": "8a1ecbfe4ea64a9fb88e65e6316e9394", "number": "6461970766", "area-code": "425"}, {"id": "8a1ecbfe4ea64a9fb88e65e6316e8722", "number": "2175691379", "area-code": "708"}, {"id": "8a1ecbfe4ea64a9fb88e65e6316e7fb6", "number": "2022214044", "area-code": "973"}, {"id": "8a1ecbfe4ea64a9fb88e65e6316e6e6b", "number": "3522183162", "area-code": "352"}, {"id": "8a1ecbfe4ea64a9fb88e65e6316e717c", "number": "8764274662", "area-code": "330"}, {"id": "8a1ecbfe4ea64a9fb88e65e6316e60d2", "number": "6174772408", "area-code": "617"}, {"id": "8a1ecbfe4ea64a9fb88e65e6316e5470", "number": "8885382401", "area-code": "217"}, {"id": "8a1ecbfe4ea64a9fb88e65e6316e466c", "number": "2022214044", "area-code": "772"}, {"id": "8a1ecbfe4ea64a9fb88e65e6316e4515", "number": "7183055132", "area-code": "718"}, {"id": "8a1ecbfe4ea64a9fb88e65e6316e42c5", "number": "", "area-code": "214"}, {"id": "8a1ecbfe4ea64a9fb88e65e6316e3ff4", "number": "8148044280", "area-code": "601"}, {"id": "8a1ecbfe4ea64a9fb88e65e6316e3701", "number": "", "area-code": "775"}, {"id": "8a1ecbfe4ea64a9fb88e65e6316e33af", "number": "3177349986", "area-code": "619"}, {"id": "8a1ecbfe4ea64a9fb88e65e6316e2c2f", "number": "9165278232", "area-code": "619"}, {"id": "8a1ecbfe4ea64a9fb88e65e6316e1e09", "number": "3057942845", "area-code": "305"}, {"id": "8a1ecbfe4ea64a9fb88e65e6316e185b", "number": "9526587817", "area-code": "952"}, {"id": "8a1ecbfe4ea64a9fb88e65e6316e0b3b", "number": "9702236338", "area-code": "970"}, {"id": "8a1ecbfe4ea64a9fb88e65e6316e06dd", "number": "9526587817", "area-code": "952"}, {"id": "8a1ecbfe4ea64a9fb88e65e6316e0051", "number": "2122400933", "area-code": "917"}, {"id": "8a1ecbfe4ea64a9fb88e65e6316df9ed", "number": "9526587817", "area-code": "952"}]}