{"data": [{"id": "8a1ecbfe4ea64a9fb88e65e6316df4d1", "number": "2052530709", "area-code": "205"}, {"id": "8a1ecbfe4ea64a9fb88e65e6316de52f", "number": "2059681766", "area-code": "205"}, {"id": "8a1ecbfe4ea64a9fb88e65e6316dd9e3", "number": "6122302124", "area-code": "763"}, {"id": "8a1ecbfe4ea64a9fb88e65e6316dcf9d", "number": "9526587817", "area-code": "952"}, {"id": "8a1ecbfe4ea64a9fb88e65e6316dca55", "number": "6082726666", "area-code": "406"}, {"id": "8a1ecbfe4ea64a9fb88e65e6316dc1d8", "number": "5072234295", "area-code": "815"}, {"id": "8a1ecbfe4ea64a9fb88e65e6316db624", "number": "3155146142", "area-code": "212"}, {"id": "8a1ecbfe4ea64a9fb88e65e6316da8f1", "number": "8184514248", "area-code": "323"}, {"id": "8a1ecbfe4ea64a9fb88e65e6316da9ce", "number": "4062520595", "area-code": "406"}, {"id": "8a1ecbfe4ea64a9fb88e65e6316da94a", "number": "7028429270", "area-code": "702"}, {"id": "8a1ecbfe4ea64a9fb88e65e6316da684", "number": "7024106610", "area-code": "702"}, {"id": "8a1ecbfe4ea64a9fb88e65e6316d9aff", "number": "8882806491", "area-code": "718"}, {"id": "8a1ecbfe4ea64a9fb88e65e6316d9178", "number": "6469032025", "area-code": "949"}, {"id": "8a1ecbfe4ea64a9fb88e65e6316d885e", "number": "2177580496", "area-code": "217"}, {"id": "8a1ecbfe4ea64a9fb88e65e6316d8682", "number": "2055427766", "area-code": "205"}, {"id": "8a1ecbfe4ea64a9fb88e65e6316d7e17", "number": "2006548456", "area-code": "205"}, {"id": "8a1ecbfe4ea64a9fb88e65e6316d7dff", "number": "2006548456", "area-code": "205"}, {"id": "8a1ecbfe4ea64a9fb88e65e6316d75e8", "number": "2565179728", "area-code": "217"}, {"id": "8a1ecbfe4ea64a9fb88e65e6316d750d", "number": "3347498149", "area-code": "205"}, {"id": "8a1ecbfe4ea64a9fb88e65e6316d7018", "number": "7143128794", "area-code": "760"}, {"id": "8a1ecbfe4ea64a9fb88e65e6316d68c7", "number": "202214069", "area-code": "718"}, {"id": "8a1ecbfe4ea64a9fb88e65e6316d5af5", "number": "2006548456", "area-code": "205"}, {"id": "8a1ecbfe4ea64a9fb88e65e6316d58cc", "number": "2011410066", "area-code": "973"}, {"id": "8a1ecbfe4ea64a9fb88e65e6316d5532", "number": "3347113992", "area-code": "205"}, {"id": "8a1ecbfe4ea64a9fb88e65e6316d485d", "number": "8557077328", "area-code": "205"}, {"id": "8a1ecbfe4ea64a9fb88e65e6316d40b0", "number": "5189013134", "area-code": "718"}, {"id": "8a1ecbfe4ea64a9fb88e65e6316d33a2", "number": "8033180915", "area-code": "803"}, {"id": "8a1ecbfe4ea64a9fb88e65e6316d2b02", "number": "", "area-code": "785"}, {"id": "8a1ecbfe4ea64a9fb88e65e6316d1cbb", "number": "6184614030", "area-code": "661"}, {"id": "8a1ecbfe4ea64a9fb88e65e6316d1820", "number": "8168322384", "area-code": "504"}, {"id": "8a1ecbfe4ea64a9fb88e65e6316d0ddd", "number": "2103532222", "area-code": "210"}, {"id": "8a1ecbfe4ea64a9fb88e65e6316d0808", "number": "3126427117", "area-code": "573"}, {"id": "8a1ecbfe4ea64a9fb88e65e6316cfa1b", "number": "8433936945", "area-code": "843"}, {"id": "8a1ecbfe4ea64a9fb88e65e6316cf849", "number": "5039894585", "area-code": "920"}, {"id": "8a1ecbfe4ea64a9fb88e65e6316cf22b", "number": "2022214069", "area-code": "718"}, {"id": "8a1ecbfe4ea64a9fb88e65e6316cee5a", "number": "4232058852", "area-code": "901"}, {"id": "8a1ecbfe4ea64a9fb88e65e6316ce76e", "number": "3307757702", "area-code": "330"}, {"id": "8a1ecbfe4ea64a9fb88e65e6316cdbf0", "number": "3304260913", "area-code": "330"}, {"id": "8a1ecbfe4ea64a9fb88e65e6316cd33a", "number": "5129944287", "area-code": "330"}, {"id": "8a1ecbfe4ea64a9fb88e65e6316cd28d", "number": "2283000118", "area-code": "330"}, {"id": "8a1ecbfe4ea64a9fb88e65e6316cc6f2", "number": "5392173261", "area-code": "330"}, {"id": "8a1ecbfe4ea64a9fb88e65e6316cc129", "number": "8552114583", "area-code": "210"}, {"id": "8a1ecbfe4ea64a9fb88e65e6316cbd73", "number": "6825548354", "area-code": "682"}, {"id": "8a1ecbfe4ea64a9fb88e65e6316cb071", "number": "6282100135", "area-code": "330"}, {"id": "8a1ecbfe4ea64a9fb88e65e6316cace0", "number": "8652172617", "area-code": "330"}, {"id": "8a1ecbfe4ea64a9fb88e65e6316c9e08", "number": "6174432703", "area-code": "617"}, {"id": "8a1ecbfe4ea64a9fb88e65e6316c92f4", "number": "3132173371", "area-code": "330"}, {"id": "8a1ecbfe4ea64a9fb88e65e6316c845c", "number": "5312069934", "area-code": "330"}, {"id": "8a1ecbfe4ea64a9fb88e65e6316c7c97", "number": "5733888215", "area-code": "210"}, {"id": "8a1ecbfe4ea64a9fb88e65e6316c7855", "number": "6692000286", "area-code": "718"}]}