{"data": [{"id": "8a1ecbfe4ea64a9fb88e65e6316c777b", "number": "7722387438", "area-code": "772"}, {"id": "8a1ecbfe4ea64a9fb88e65e6316c737d", "number": "8882339545", "area-code": "303"}, {"id": "8a1ecbfe4ea64a9fb88e65e6316c6774", "number": "7729254661", "area-code": "772"}, {"id": "8a1ecbfe4ea64a9fb88e65e6316c60f4", "number": "9713502700", "area-code": "541"}, {"id": "8a1ecbfe4ea64a9fb88e65e6316c56cd", "number": "9548394635", "area-code": "772"}, {"id": "8a1ecbfe4ea64a9fb88e65e6316c554e", "number": "8666102726", "area-code": "210"}, {"id": "8a1ecbfe4ea64a9fb88e65e6316c4af2", "number": "5092041703", "area-code": "210"}, {"id": "8a1ecbfe4ea64a9fb88e65e6316c413e", "number": "2029184720", "area-code": "336"}, {"id": "8a1ecbfe4ea64a9fb88e65e6316c4499", "number": "2122490305", "area-code": "732"}, {"id": "8a1ecbfe4ea64a9fb88e65e6316c3986", "number": "8552114503", "area-code": "210"}, {"id": "8a1ecbfe4ea64a9fb88e65e6316c2cde", "number": "7046868800", "area-code": "704"}, {"id": "8a1ecbfe4ea64a9fb88e65e6316c1e26", "number": "3034697921", "area-code": "303"}, {"id": "8a1ecbfe4ea64a9fb88e65e6316c11e3", "number": "5038057483", "area-code": "805"}, {"id": "8a1ecbfe4ea64a9fb88e65e6316c02ff", "number": "6464780496", "area-code": "305"}, {"id": "8a1ecbfe4ea64a9fb88e65e6316bfc0e", "number": "2103494081", "area-code": "210"}, {"id": "8a1ecbfe4ea64a9fb88e65e6316bf692", "number": "", "area-code": "717"}, {"id": "8a1ecbfe4ea64a9fb88e65e6316bf5a9", "number": "2107746413", "area-code": "210"}, {"id": "8a1ecbfe4ea64a9fb88e65e6316bee6c", "number": "5092041703", "area-code": "904"}, {"id": "8a1ecbfe4ea64a9fb88e65e6316be88b", "number": "3133125953", "area-code": "210"}, {"id": "8a1ecbfe4ea64a9fb88e65e6316bda86", "number": "2028457208", "area-code": "603"}, {"id": "8a1ecbfe4ea64a9fb88e65e6316bcada", "number": "3034691747", "area-code": "303"}, {"id": "8a1ecbfe4ea64a9fb88e65e6316bbb04", "number": "6822659805", "area-code": "210"}, {"id": "8a1ecbfe4ea64a9fb88e65e6316bb1cf", "number": "8666102726", "area-code": "210"}, {"id": "8a1ecbfe4ea64a9fb88e65e6316bae57", "number": "5092041096", "area-code": "904"}, {"id": "8a1ecbfe4ea64a9fb88e65e6316ba8e2", "number": "8552114583", "area-code": "210"}, {"id": "8a1ecbfe4ea64a9fb88e65e6316b9f98", "number": "5736398808", "area-code": "573"}, {"id": "8a1ecbfe4ea64a9fb88e65e6316b96fa", "number": "9042552489", "area-code": "904"}, {"id": "8a1ecbfe4ea64a9fb88e65e6316b8c39", "number": "62088180105", "area-code": "620"}, {"id": "8a1ecbfe4ea64a9fb88e65e6316b7f99", "number": "9375898712", "area-code": "937"}, {"id": "8a1ecbfe4ea64a9fb88e65e6316b762a", "number": "2255722737", "area-code": "225"}, {"id": "8a1ecbfe4ea64a9fb88e65e6316b735f", "number": "9042973670", "area-code": "904"}, {"id": "8a1ecbfe4ea64a9fb88e65e6316b6c46", "number": "9375694964", "area-code": "937"}, {"id": "8a1ecbfe4ea64a9fb88e65e6316b6540", "number": "3148929524", "area-code": "314"}, {"id": "8a1ecbfe4ea64a9fb88e65e6316b5b7c", "number": "7273922505", "area-code": "727"}, {"id": "8a1ecbfe4ea64a9fb88e65e6316b515c", "number": "6235261197", "area-code": "602"}, {"id": "8a1ecbfe4ea64a9fb88e65e6316b49e2", "number": "3148469991", "area-code": "314"}, {"id": "8a1ecbfe4ea64a9fb88e65e6316b4980", "number": "9086779073", "area-code": "908"}, {"id": "8a1ecbfe4ea64a9fb88e65e6316b3acb", "number": "9083473758", "area-code": "908"}, {"id": "8a1ecbfe4ea64a9fb88e65e6316b2c69", "number": "9375898712", "area-code": "937"}, {"id": "8a1ecbfe4ea64a9fb88e65e6316b2472", "number": "2255728313", "area-code": "225"}, {"id": "8a1ecbfe4ea64a9fb88e65e6316b1747", "number": "9082184681", "area-code": "908"}, {"id": "8a1ecbfe4ea64a9fb88e65e6316b11ad", "number": "9083776601", "area-code": "908"}, {"id": "8a1ecbfe4ea64a9fb88e65e6316b0ff6", "number": "2029184751", "area-code": "301"}, {"id": "8a1ecbfe4ea64a9fb88e65e6316b0828", "number": "3148922536", "area-code": "314"}, {"id": "8a1ecbfe4ea64a9fb88e65e6316b0205", "number": "2022214069", "area-code": "479"}, {"id": "8a1ecbfe4ea64a9fb88e65e6316af8a3", "number": "9083776601", "area-code": "908"}, {"id": "8a1ecbfe4ea64a9fb88e65e6316aedfb", "number": "2703681369", "area-code": "270"}, {"id": "8a1ecbfe4ea64a9fb88e65e6316adec4", "number": "3148141128", "area-code": "314"}, {"id": "8a1ecbfe4ea64a9fb88e65e6316ac4bf", "number": "", "area-code": "860"}, {"id": "8a1ecbfe4ea64a9fb88e65e6316add66", "number": "2254388854", "area-code": "225"}]}