{"data": [{"id": "8a1ecbfe4ea64a9fb88e65e6316add0b", "number": "3148921570", "area-code": "314"}, {"id": "8a1ecbfe4ea64a9fb88e65e6316ad317", "number": "7322268779", "area-code": "516"}, {"id": "8a1ecbfe4ea64a9fb88e65e6316abe8a", "number": "5163312562", "area-code": "270"}, {"id": "8a1ecbfe4ea64a9fb88e65e6316aae95", "number": "6464370666", "area-code": "814"}, {"id": "8a1ecbfe4ea64a9fb88e65e6316aa65d", "number": "3146523043", "area-code": "314"}, {"id": "8a1ecbfe4ea64a9fb88e65e6316a99b1", "number": "2029184719", "area-code": "423"}, {"id": "8a1ecbfe4ea64a9fb88e65e6316a98f5", "number": "8003385960", "area-code": "270"}, {"id": "8a1ecbfe4ea64a9fb88e65e6316a897f", "number": "2257820293", "area-code": "225"}, {"id": "8a1ecbfe4ea64a9fb88e65e6316a85ae", "number": "2297406612", "area-code": "203"}, {"id": "8a1ecbfe4ea64a9fb88e65e6316a7874", "number": "", "area-code": "804"}, {"id": "8a1ecbfe4ea64a9fb88e65e6316a7089", "number": "2029186088", "area-code": "440"}, {"id": "8a1ecbfe4ea64a9fb88e65e6316a65df", "number": "", "area-code": "972"}, {"id": "8a1ecbfe4ea64a9fb88e65e6316a5715", "number": "4702605219", "area-code": "850"}, {"id": "8a1ecbfe4ea64a9fb88e65e6316a4dbb", "number": "2394828410", "area-code": "303"}, {"id": "8a1ecbfe4ea64a9fb88e65e6316a4412", "number": "646742275", "area-code": "917"}, {"id": "8a1ecbfe4ea64a9fb88e65e6316a43ac", "number": "", "area-code": "646"}, {"id": "8a1ecbfe4ea64a9fb88e65e6316a3dbd", "number": "7024252912", "area-code": "320"}, {"id": "8a1ecbfe4ea64a9fb88e65e6316a3c28", "number": "5072039624", "area-code": "320"}, {"id": "8a1ecbfe4ea64a9fb88e65e6316a31b5", "number": "6469210450", "area-code": "786"}, {"id": "8a1ecbfe4ea64a9fb88e65e6316a2d53", "number": "5072744287", "area-code": "320"}, {"id": "8a1ecbfe4ea64a9fb88e65e6316a285f", "number": "6467488649", "area-code": "540"}, {"id": "8a1ecbfe4ea64a9fb88e65e6316a1c65", "number": "7752423421", "area-code": "320"}, {"id": "8a1ecbfe4ea64a9fb88e65e6316a0fa4", "number": "2185000092", "area-code": "320"}, {"id": "8a1ecbfe4ea64a9fb88e65e6316a0425", "number": "2922214044", "area-code": "847"}, {"id": "8a1ecbfe4ea64a9fb88e65e63169f9c4", "number": "6174432703", "area-code": "617"}, {"id": "8a1ecbfe4ea64a9fb88e65e63169f334", "number": "8155494826", "area-code": "815"}, {"id": "8a1ecbfe4ea64a9fb88e65e63169ee37", "number": "8139181856", "area-code": "813"}, {"id": "8a1ecbfe4ea64a9fb88e65e63169ee27", "number": "9892570759", "area-code": "989"}, {"id": "8a1ecbfe4ea64a9fb88e65e63169e5f4", "number": "7735897540", "area-code": "773"}, {"id": "8a1ecbfe4ea64a9fb88e65e63169d8a0", "number": "3147106574", "area-code": "989"}, {"id": "8a1ecbfe4ea64a9fb88e65e63169d5b5", "number": "9896735214", "area-code": "989"}, {"id": "8a1ecbfe4ea64a9fb88e65e63169cbfc", "number": "5173731777", "area-code": "989"}, {"id": "8a1ecbfe4ea64a9fb88e65e63169c496", "number": "3053920995", "area-code": "305"}, {"id": "8a1ecbfe4ea64a9fb88e65e63169bf96", "number": "2029184727", "area-code": "239"}, {"id": "8a1ecbfe4ea64a9fb88e65e63169b6c7", "number": "7344899166", "area-code": "989"}, {"id": "8a1ecbfe4ea64a9fb88e65e63169b68a", "number": "9895010505", "area-code": "989"}, {"id": "8a1ecbfe4ea64a9fb88e65e63169aa1e", "number": "", "area-code": "212"}, {"id": "8a1ecbfe4ea64a9fb88e65e63169a226", "number": "3147106574", "area-code": "989"}, {"id": "8a1ecbfe4ea64a9fb88e65e6316998d9", "number": "6163697251", "area-code": "616"}, {"id": "8a1ecbfe4ea64a9fb88e65e631698e42", "number": "7169071151", "area-code": "716"}, {"id": "8a1ecbfe4ea64a9fb88e65e631698d3d", "number": "6166818306", "area-code": "616"}, {"id": "8a1ecbfe4ea64a9fb88e65e631698d06", "number": "2542230839", "area-code": "630"}, {"id": "8a1ecbfe4ea64a9fb88e65e6316984ba", "number": "6169205329", "area-code": "616"}, {"id": "8a1ecbfe4ea64a9fb88e65e631697be8", "number": "4805811981", "area-code": "602"}, {"id": "8a1ecbfe4ea64a9fb88e65e6316978ae", "number": "", "area-code": "704"}, {"id": "8a1ecbfe4ea64a9fb88e65e631696c97", "number": "4022423324", "area-code": "402"}, {"id": "8a1ecbfe4ea64a9fb88e65e631695f9e", "number": "2815597689", "area-code": "713"}, {"id": "8a1ecbfe4ea64a9fb88e65e631695a86", "number": "4126122543", "area-code": "412"}, {"id": "8a1ecbfe4ea64a9fb88e65e631695691", "number": "184477477", "area-code": "202"}, {"id": "8a1ecbfe4ea64a9fb88e65e6316951bb", "number": "4127326922", "area-code": "412"}]}