{"data": [{"id": "8a1ecbfe4ea64a9fb88e65e6316949f1", "number": "2022214055", "area-code": "412"}, {"id": "8a1ecbfe4ea64a9fb88e65e631693a25", "number": "9513160823", "area-code": "616"}, {"id": "8a1ecbfe4ea64a9fb88e65e631692e4d", "number": "3017098460", "area-code": "301"}, {"id": "8a1ecbfe4ea64a9fb88e65e63169284d", "number": "7173911557", "area-code": "412"}, {"id": "8a1ecbfe4ea64a9fb88e65e631691a4a", "number": "8149330382", "area-code": "412"}, {"id": "8a1ecbfe4ea64a9fb88e65e631691375", "number": "7707122366", "area-code": "770"}, {"id": "8a1ecbfe4ea64a9fb88e65e6316912aa", "number": "7063813228", "area-code": "770"}, {"id": "8a1ecbfe4ea64a9fb88e65e631690c4c", "number": "2022214069", "area-code": "412"}, {"id": "8a1ecbfe4ea64a9fb88e65e6316900e3", "number": "4087545058", "area-code": "770"}, {"id": "8a1ecbfe4ea64a9fb88e65e63168f8bd", "number": "6174623060", "area-code": "770"}, {"id": "8a1ecbfe4ea64a9fb88e65e63168f2de", "number": "2188381096", "area-code": "770"}, {"id": "8a1ecbfe4ea64a9fb88e65e63168e7e7", "number": "3335108000", "area-code": "812"}, {"id": "8a1ecbfe4ea64a9fb88e65e63168e1fe", "number": "7815920389", "area-code": "781"}, {"id": "8a1ecbfe4ea64a9fb88e65e63168d4f0", "number": "9133203697", "area-code": "770"}, {"id": "8a1ecbfe4ea64a9fb88e65e63168c9c4", "number": "7709288082", "area-code": "770"}, {"id": "8a1ecbfe4ea64a9fb88e65e63168bfe9", "number": "8186066549", "area-code": "213"}, {"id": "8a1ecbfe4ea64a9fb88e65e63168b269", "number": "3603904595", "area-code": "360"}, {"id": "8a1ecbfe4ea64a9fb88e65e63168a2f5", "number": "", "area-code": "757"}, {"id": "8a1ecbfe4ea64a9fb88e65e631689e1a", "number": "3058494301", "area-code": "213"}, {"id": "8a1ecbfe4ea64a9fb88e65e6316892f6", "number": "", "area-code": "718"}, {"id": "8a1ecbfe4ea64a9fb88e65e631688807", "number": "6026418867", "area-code": "612"}, {"id": "8a1ecbfe4ea64a9fb88e65e63168798b", "number": "9123644", "area-code": "828"}, {"id": "8a1ecbfe4ea64a9fb88e65e631686d53", "number": "8442069035", "area-code": "919"}, {"id": "8a1ecbfe4ea64a9fb88e65e63168653c", "number": "8667177924", "area-code": "775"}, {"id": "8a1ecbfe4ea64a9fb88e65e6316862ec", "number": "8442069035", "area-code": "919"}, {"id": "8a1ecbfe4ea64a9fb88e65e631685454", "number": "5128669043", "area-code": "210"}, {"id": "8a1ecbfe4ea64a9fb88e65e631684d17", "number": "2029184722", "area-code": "307"}, {"id": "8a1ecbfe4ea64a9fb88e65e63168472b", "number": "6216410394", "area-code": "210"}, {"id": "8a1ecbfe4ea64a9fb88e65e631684518", "number": "8594485534", "area-code": "502"}, {"id": "8a1ecbfe4ea64a9fb88e65e6316837bd", "number": "08009971468", "area-code": "617"}, {"id": "8a1ecbfe4ea64a9fb88e65e6316828cc", "number": "9107882004", "area-code": "336"}, {"id": "8a1ecbfe4ea64a9fb88e65e6316821ce", "number": "6612366353", "area-code": "661"}, {"id": "8a1ecbfe4ea64a9fb88e65e6316815e9", "number": "6099520066", "area-code": "717"}, {"id": "8a1ecbfe4ea64a9fb88e65e631681361", "number": "6313649388", "area-code": "631"}, {"id": "8a1ecbfe4ea64a9fb88e65e63168101c", "number": "", "area-code": "765"}, {"id": "8a1ecbfe4ea64a9fb88e65e6316805b2", "number": "2392159558", "area-code": "239"}, {"id": "8a1ecbfe4ea64a9fb88e65e63167f60a", "number": "8284893421", "area-code": "828"}, {"id": "8a1ecbfe4ea64a9fb88e65e63167ed77", "number": "6313749531", "area-code": "631"}, {"id": "8a1ecbfe4ea64a9fb88e65e63167e6e4", "number": "4808607001", "area-code": "520"}, {"id": "8a1ecbfe4ea64a9fb88e65e63167e227", "number": "8282480796", "area-code": "828"}, {"id": "8a1ecbfe4ea64a9fb88e65e63167e209", "number": "6313748594", "area-code": "631"}, {"id": "8a1ecbfe4ea64a9fb88e65e63167dd2c", "number": "9569096761", "area-code": "423"}, {"id": "8a1ecbfe4ea64a9fb88e65e63167d66d", "number": "6313749384", "area-code": "631"}, {"id": "8a1ecbfe4ea64a9fb88e65e63167d076", "number": "9284573556", "area-code": "520"}, {"id": "8a1ecbfe4ea64a9fb88e65e63167cce0", "number": "3012843532", "area-code": "301"}, {"id": "8a1ecbfe4ea64a9fb88e65e63167c17c", "number": "3022025661", "area-code": "302"}, {"id": "8a1ecbfe4ea64a9fb88e65e63167b309", "number": "6313749626", "area-code": "631"}, {"id": "8a1ecbfe4ea64a9fb88e65e63167a64e", "number": "2404749707", "area-code": "301"}, {"id": "8a1ecbfe4ea64a9fb88e65e63167996b", "number": "8103253383", "area-code": "810"}, {"id": "8a1ecbfe4ea64a9fb88e65e631678b79", "number": "6313749769", "area-code": "631"}]}