{"data": [{"id": "8a1ecbfe4ea64a9fb88e65e63167842c", "number": "3015748729", "area-code": "301"}, {"id": "8a1ecbfe4ea64a9fb88e65e631678342", "number": "", "area-code": "805"}, {"id": "8a1ecbfe4ea64a9fb88e65e6316782cc", "number": "3235101282", "area-code": "301"}, {"id": "8a1ecbfe4ea64a9fb88e65e6316780b6", "number": "6313744941", "area-code": "631"}, {"id": "8a1ecbfe4ea64a9fb88e65e6316772a6", "number": "6313741106", "area-code": "631"}, {"id": "8a1ecbfe4ea64a9fb88e65e631677011", "number": "2156752228", "area-code": "215"}, {"id": "8a1ecbfe4ea64a9fb88e65e631676a22", "number": "3012347874", "area-code": "301"}, {"id": "8a1ecbfe4ea64a9fb88e65e63167616e", "number": "6313745779", "area-code": "631"}, {"id": "8a1ecbfe4ea64a9fb88e65e631675355", "number": "7204892166", "area-code": "301"}, {"id": "8a1ecbfe4ea64a9fb88e65e631675014", "number": "8001717110", "area-code": "215"}, {"id": "8a1ecbfe4ea64a9fb88e65e6316747cf", "number": "6313742418", "area-code": "631"}, {"id": "8a1ecbfe4ea64a9fb88e65e631674713", "number": "2402881858", "area-code": "301"}, {"id": "8a1ecbfe4ea64a9fb88e65e6316740f6", "number": "6313746867", "area-code": "631"}, {"id": "8a1ecbfe4ea64a9fb88e65e631673388", "number": "6313741962", "area-code": "631"}, {"id": "8a1ecbfe4ea64a9fb88e65e631672d23", "number": "3018222129", "area-code": "301"}, {"id": "8a1ecbfe4ea64a9fb88e65e631672020", "number": "7572313142", "area-code": "703"}, {"id": "8a1ecbfe4ea64a9fb88e65e6316719e7", "number": "6313749918", "area-code": "631"}, {"id": "8a1ecbfe4ea64a9fb88e65e631670c0e", "number": "8282480796", "area-code": "919"}, {"id": "8a1ecbfe4ea64a9fb88e65e631670594", "number": "8042209092", "area-code": "703"}, {"id": "8a1ecbfe4ea64a9fb88e65e6316704b6", "number": "3018308108", "area-code": "301"}, {"id": "8a1ecbfe4ea64a9fb88e65e631670362", "number": "6313749918", "area-code": "631"}, {"id": "8a1ecbfe4ea64a9fb88e65e63166fd95", "number": "6306533917", "area-code": "630"}, {"id": "8a1ecbfe4ea64a9fb88e65e63166fa00", "number": "6622418038", "area-code": "662"}, {"id": "8a1ecbfe4ea64a9fb88e65e63166f33d", "number": "8282480796", "area-code": "252"}, {"id": "8a1ecbfe4ea64a9fb88e65e63166f234", "number": "6313743206", "area-code": "631"}, {"id": "8a1ecbfe4ea64a9fb88e65e63166e444", "number": "9704588075", "area-code": "301"}, {"id": "8a1ecbfe4ea64a9fb88e65e63166ddd9", "number": "9085838096", "area-code": "616"}, {"id": "8a1ecbfe4ea64a9fb88e65e63166dca6", "number": "6313748745", "area-code": "631"}, {"id": "8a1ecbfe4ea64a9fb88e65e63166cf5b", "number": "8183972373", "area-code": "616"}, {"id": "8a1ecbfe4ea64a9fb88e65e63166cd0c", "number": "2026299711", "area-code": "301"}, {"id": "8a1ecbfe4ea64a9fb88e65e63166c85e", "number": "6313748063", "area-code": "631"}, {"id": "8a1ecbfe4ea64a9fb88e65e63166c7ff", "number": "6313743711", "area-code": "631"}, {"id": "8a1ecbfe4ea64a9fb88e65e63166b9ad", "number": "2096352454", "area-code": "301"}, {"id": "8a1ecbfe4ea64a9fb88e65e63166b341", "number": "6313748550", "area-code": "631"}, {"id": "8a1ecbfe4ea64a9fb88e65e63166a6d4", "number": "6672607817", "area-code": "301"}, {"id": "8a1ecbfe4ea64a9fb88e65e63166a37e", "number": "5153915415", "area-code": "301"}, {"id": "8a1ecbfe4ea64a9fb88e65e631669ff1", "number": "6313746591", "area-code": "631"}, {"id": "8a1ecbfe4ea64a9fb88e65e6316694b0", "number": "6313741242", "area-code": "631"}, {"id": "8a1ecbfe4ea64a9fb88e65e6316686c1", "number": "2023819417", "area-code": "847"}, {"id": "8a1ecbfe4ea64a9fb88e65e631667f79", "number": "9132709106", "area-code": "570"}, {"id": "8a1ecbfe4ea64a9fb88e65e63166786c", "number": "6313749769", "area-code": "631"}, {"id": "8a1ecbfe4ea64a9fb88e65e6316672c4", "number": "2029184716", "area-code": "352"}, {"id": "8a1ecbfe4ea64a9fb88e65e631666d53", "number": "6302937807", "area-code": "708"}, {"id": "8a1ecbfe4ea64a9fb88e65e6316670bf", "number": "3013550276", "area-code": "301"}, {"id": "8a1ecbfe4ea64a9fb88e65e631665e39", "number": "6313744368", "area-code": "631"}, {"id": "8a1ecbfe4ea64a9fb88e65e631665cad", "number": "3012653848", "area-code": "301"}, {"id": "8a1ecbfe4ea64a9fb88e65e6316657dd", "number": "6313745409", "area-code": "631"}, {"id": "8a1ecbfe4ea64a9fb88e65e63166490b", "number": "2069220193", "area-code": "216"}, {"id": "8a1ecbfe4ea64a9fb88e65e631663adf", "number": "6313742417", "area-code": "631"}, {"id": "8a1ecbfe4ea64a9fb88e65e6316632af", "number": "", "area-code": "305"}]}