{"data": [{"id": "8a1ecbfe4ea64a9fb88e65e631662c52", "number": "8888328671", "area-code": "703"}, {"id": "8a1ecbfe4ea64a9fb88e65e631662164", "number": "7328784245", "area-code": "732"}, {"id": "8a1ecbfe4ea64a9fb88e65e6316619b8", "number": "6313744421", "area-code": "631"}, {"id": "8a1ecbfe4ea64a9fb88e65e6316615fc", "number": "6313746170", "area-code": "631"}, {"id": "8a1ecbfe4ea64a9fb88e65e631660b7d", "number": "22221403", "area-code": "954"}, {"id": "8a1ecbfe4ea64a9fb88e65e63166084b", "number": "6313747370", "area-code": "631"}, {"id": "8a1ecbfe4ea64a9fb88e65e63165f957", "number": "3183081740", "area-code": "318"}, {"id": "8a1ecbfe4ea64a9fb88e65e63165f6c8", "number": "6313745856", "area-code": "631"}, {"id": "8a1ecbfe4ea64a9fb88e65e63165ed89", "number": "6313744549", "area-code": "631"}, {"id": "8a1ecbfe4ea64a9fb88e65e63165e1e1", "number": "6313741726", "area-code": "631"}, {"id": "8a1ecbfe4ea64a9fb88e65e63165db46", "number": "9049541207", "area-code": "860"}, {"id": "8a1ecbfe4ea64a9fb88e65e63165d782", "number": "6313743148", "area-code": "631"}, {"id": "8a1ecbfe4ea64a9fb88e65e63165ce56", "number": "2187193313", "area-code": "914"}, {"id": "8a1ecbfe4ea64a9fb88e65e63165c66e", "number": "4067081383", "area-code": "972"}, {"id": "8a1ecbfe4ea64a9fb88e65e63165c423", "number": "8502785764", "area-code": "850"}, {"id": "8a1ecbfe4ea64a9fb88e65e63165c2b2", "number": "4102939141", "area-code": "410"}, {"id": "8a1ecbfe4ea64a9fb88e65e63165c04a", "number": "9049541207", "area-code": "860"}, {"id": "8a1ecbfe4ea64a9fb88e65e63165be29", "number": "8562062125", "area-code": "856"}, {"id": "8a1ecbfe4ea64a9fb88e65e63165ba70", "number": "4343310975", "area-code": "434"}, {"id": "8a1ecbfe4ea64a9fb88e65e63165b1f3", "number": "7173933060", "area-code": "570"}, {"id": "8a1ecbfe4ea64a9fb88e65e63165ab0b", "number": "8623053674", "area-code": "973"}, {"id": "8a1ecbfe4ea64a9fb88e65e631659d48", "number": "3302805907", "area-code": "484"}, {"id": "8a1ecbfe4ea64a9fb88e65e631659267", "number": "4694763287", "area-code": "484"}, {"id": "8a1ecbfe4ea64a9fb88e65e6316591a1", "number": "150727477129", "area-code": "817"}, {"id": "8a1ecbfe4ea64a9fb88e65e6316582d3", "number": "6507279011", "area-code": "484"}, {"id": "8a1ecbfe4ea64a9fb88e65e63165732b", "number": "4694763319", "area-code": "817"}, {"id": "8a1ecbfe4ea64a9fb88e65e631656ad8", "number": "2392212800", "area-code": "813"}, {"id": "8a1ecbfe4ea64a9fb88e65e6316563e9", "number": "7702831559", "area-code": "484"}, {"id": "8a1ecbfe4ea64a9fb88e65e631655f64", "number": "9374019495", "area-code": "817"}, {"id": "8a1ecbfe4ea64a9fb88e65e631655813", "number": "9373967363", "area-code": "484"}, {"id": "8a1ecbfe4ea64a9fb88e65e631654d5e", "number": "9013733670", "area-code": "901"}, {"id": "8a1ecbfe4ea64a9fb88e65e631654401", "number": "9013731201", "area-code": "901"}, {"id": "8a1ecbfe4ea64a9fb88e65e6316540cc", "number": "8188069753", "area-code": "484"}, {"id": "8a1ecbfe4ea64a9fb88e65e6316534c6", "number": "118004367916", "area-code": "901"}, {"id": "8a1ecbfe4ea64a9fb88e65e631653343", "number": "8003626299", "area-code": "901"}, {"id": "8a1ecbfe4ea64a9fb88e65e631652a4d", "number": "4694763285", "area-code": "484"}, {"id": "8a1ecbfe4ea64a9fb88e65e63165283e", "number": "9016023172", "area-code": "901"}, {"id": "8a1ecbfe4ea64a9fb88e65e631652398", "number": "9132513774", "area-code": "484"}, {"id": "8a1ecbfe4ea64a9fb88e65e631651de0", "number": "9132513776", "area-code": "484"}, {"id": "8a1ecbfe4ea64a9fb88e65e63165124c", "number": "3302805912", "area-code": "484"}, {"id": "8a1ecbfe4ea64a9fb88e65e631650dd0", "number": "5027948032", "area-code": "860"}, {"id": "8a1ecbfe4ea64a9fb88e65e6316502e1", "number": "7702831557", "area-code": "484"}, {"id": "8a1ecbfe4ea64a9fb88e65e63164f606", "number": "5027948037", "area-code": "860"}, {"id": "8a1ecbfe4ea64a9fb88e65e63164ecdc", "number": "5027948031", "area-code": "860"}, {"id": "8a1ecbfe4ea64a9fb88e65e63164e9d8", "number": "5027948032", "area-code": "860"}, {"id": "8a1ecbfe4ea64a9fb88e65e63164dba4", "number": "2024953655", "area-code": "304"}, {"id": "8a1ecbfe4ea64a9fb88e65e63164d00a", "number": "5027948037", "area-code": "860"}, {"id": "8a1ecbfe4ea64a9fb88e65e63164c147", "number": "5027948032", "area-code": "860"}, {"id": "8a1ecbfe4ea64a9fb88e65e63164b5b5", "number": "8556228832", "area-code": "201"}, {"id": "8a1ecbfe4ea64a9fb88e65e63164b179", "number": "5027948032", "area-code": "860"}]}