{"data": [{"id": "8a1ecbfe4ea64a9fb88e65e63164ae11", "number": "5027948037", "area-code": "860"}, {"id": "8a1ecbfe4ea64a9fb88e65e631649f8e", "number": "2156574712", "area-code": "215"}, {"id": "8a1ecbfe4ea64a9fb88e65e631649af8", "number": "2403471664", "area-code": "304"}, {"id": "8a1ecbfe4ea64a9fb88e65e63164954b", "number": "7609632595", "area-code": "402"}, {"id": "8a1ecbfe4ea64a9fb88e65e631649188", "number": "9513179235", "area-code": "402"}, {"id": "8a1ecbfe4ea64a9fb88e65e631648ba9", "number": "2075202377", "area-code": "847"}, {"id": "8a1ecbfe4ea64a9fb88e65e6316489f2", "number": "3472428099", "area-code": "347"}, {"id": "8a1ecbfe4ea64a9fb88e65e631647d91", "number": "2012009997", "area-code": "847"}, {"id": "8a1ecbfe4ea64a9fb88e65e631648200", "number": "", "area-code": "512"}, {"id": "8a1ecbfe4ea64a9fb88e65e631646dd9", "number": "8444385490", "area-code": "847"}, {"id": "8a1ecbfe4ea64a9fb88e65e631646879", "number": "8002000825", "area-code": "847"}, {"id": "8a1ecbfe4ea64a9fb88e65e6316466df", "number": "3037224547", "area-code": "303"}, {"id": "8a1ecbfe4ea64a9fb88e65e6316461da", "number": "7207381653", "area-code": "303"}, {"id": "8a1ecbfe4ea64a9fb88e65e631644536", "number": "8472422164", "area-code": "847"}, {"id": "8a1ecbfe4ea64a9fb88e65e631645406", "number": "7192155933", "area-code": "303"}, {"id": "8a1ecbfe4ea64a9fb88e65e63164448f", "number": "3033530487", "area-code": "303"}, {"id": "8a1ecbfe4ea64a9fb88e65e631643f4b", "number": "4436197164", "area-code": "732"}, {"id": "8a1ecbfe4ea64a9fb88e65e631643b70", "number": "7207127215", "area-code": "720"}, {"id": "8a1ecbfe4ea64a9fb88e65e6316436b3", "number": "4348294566", "area-code": "540"}, {"id": "8a1ecbfe4ea64a9fb88e65e631642dbf", "number": "9546420145", "area-code": "954"}, {"id": "8a1ecbfe4ea64a9fb88e65e6316429d2", "number": "7156003558", "area-code": "715"}, {"id": "8a1ecbfe4ea64a9fb88e65e63164242e", "number": "2127148958", "area-code": "201"}, {"id": "8a1ecbfe4ea64a9fb88e65e631641f5c", "number": "2127148958", "area-code": "201"}, {"id": "8a1ecbfe4ea64a9fb88e65e63164137f", "number": "2127148958", "area-code": "201"}, {"id": "8a1ecbfe4ea64a9fb88e65e631640ad4", "number": "2127148958", "area-code": "201"}, {"id": "8a1ecbfe4ea64a9fb88e65e6316400cd", "number": "2127148958", "area-code": "201"}, {"id": "8a1ecbfe4ea64a9fb88e65e63163ffe8", "number": "2127148958", "area-code": "201"}, {"id": "8a1ecbfe4ea64a9fb88e65e63163ff80", "number": "8003333474", "area-code": "724"}, {"id": "8a1ecbfe4ea64a9fb88e65e63163f959", "number": "7242132586", "area-code": "724"}, {"id": "8a1ecbfe4ea64a9fb88e65e63163ee63", "number": "6047514409", "area-code": "919"}, {"id": "8a1ecbfe4ea64a9fb88e65e63163df8e", "number": "2567947559", "area-code": "256"}, {"id": "8a1ecbfe4ea64a9fb88e65e63163d1de", "number": "3323304170", "area-code": "732"}, {"id": "8a1ecbfe4ea64a9fb88e65e63163c8c1", "number": "9735137708", "area-code": "610"}, {"id": "8a1ecbfe4ea64a9fb88e65e63163c7f6", "number": "6466727430", "area-code": "610"}, {"id": "8a1ecbfe4ea64a9fb88e65e63163b829", "number": "6104250157", "area-code": "610"}, {"id": "8a1ecbfe4ea64a9fb88e65e63163b798", "number": "5126147954", "area-code": "424"}, {"id": "8a1ecbfe4ea64a9fb88e65e63163a943", "number": "8888406622", "area-code": "781"}, {"id": "8a1ecbfe4ea64a9fb88e65e63163a47b", "number": "", "area-code": "781"}, {"id": "8a1ecbfe4ea64a9fb88e65e631639f27", "number": "8775030574", "area-code": "785"}, {"id": "8a1ecbfe4ea64a9fb88e65e631639c7b", "number": "6202052252", "area-code": "785"}, {"id": "8a1ecbfe4ea64a9fb88e65e631638e1b", "number": "7853678349", "area-code": "785"}, {"id": "8a1ecbfe4ea64a9fb88e65e631638020", "number": "6206153389", "area-code": "785"}, {"id": "8a1ecbfe4ea64a9fb88e65e631637e42", "number": "7852099003", "area-code": "785"}, {"id": "8a1ecbfe4ea64a9fb88e65e631637072", "number": "2312442752", "area-code": "785"}, {"id": "8a1ecbfe4ea64a9fb88e65e6316366f2", "number": "8166922212", "area-code": "785"}, {"id": "8a1ecbfe4ea64a9fb88e65e631635be3", "number": "3163335689", "area-code": "785"}, {"id": "8a1ecbfe4ea64a9fb88e65e63163509f", "number": "5015051644", "area-code": "501"}, {"id": "8a1ecbfe4ea64a9fb88e65e6316341a8", "number": "6154179451", "area-code": "615"}, {"id": "8a1ecbfe4ea64a9fb88e65e631633ba0", "number": "6192181707", "area-code": "619"}, {"id": "8a1ecbfe4ea64a9fb88e65e63163308a", "number": "9321209170", "area-code": "952"}]}