{"data": [{"id": "190bffafda28a1ebd4aab2476094ea62", "number": "5056521297", "area-code": "801"}, {"id": "190bffafda28a1ebd4aab2476094e5fc", "number": "7603939181", "area-code": "760"}, {"id": "190bffafda28a1ebd4aab2476094dacb", "number": "", "area-code": "214"}, {"id": "190bffafda28a1ebd4aab2476094d59e", "number": "3237520567", "area-code": "323"}, {"id": "190bffafda28a1ebd4aab2476094cdd5", "number": "6019564489", "area-code": "601"}, {"id": "190bffafda28a1ebd4aab2476094c0b5", "number": "4792656238", "area-code": "479"}, {"id": "190bffafda28a1ebd4aab2476094b3bc", "number": "3852882319", "area-code": "801"}, {"id": "190bffafda28a1ebd4aab2476094a7ab", "number": "5672098558", "area-code": "567"}, {"id": "190bffafda28a1ebd4aab24760948f9a", "number": "", "area-code": "214"}, {"id": "190bffafda28a1ebd4aab24760949ed8", "number": "6266746688", "area-code": "323"}, {"id": "190bffafda28a1ebd4aab2476094837b", "number": "4803513046", "area-code": "480"}, {"id": "190bffafda28a1ebd4aab24760946d99", "number": "", "area-code": "214"}, {"id": "190bffafda28a1ebd4aab24760947696", "number": "6088105191", "area-code": "323"}, {"id": "190bffafda28a1ebd4aab24760946c15", "number": "5203917980", "area-code": "480"}, {"id": "190bffafda28a1ebd4aab24760946523", "number": "", "area-code": "214"}, {"id": "190bffafda28a1ebd4aab24760946482", "number": "7752458314", "area-code": "707"}, {"id": "190bffafda28a1ebd4aab24760945518", "number": "8053519348", "area-code": "805"}, {"id": "190bffafda28a1ebd4aab24760944f93", "number": "7605121603", "area-code": "323"}, {"id": "190bffafda28a1ebd4aab24760944be9", "number": "2083218005", "area-code": "805"}, {"id": "190bffafda28a1ebd4aab247609448e5", "number": "9094576551", "area-code": "760"}, {"id": "190bffafda28a1ebd4aab247609445d0", "number": "6055665274", "area-code": "605"}, {"id": "190bffafda28a1ebd4aab2476094204e", "number": "", "area-code": "214"}, {"id": "190bffafda28a1ebd4aab24760943681", "number": "6025817238", "area-code": "480"}, {"id": "190bffafda28a1ebd4aab24760942c80", "number": "4233923312", "area-code": "952"}, {"id": "190bffafda28a1ebd4aab2476094123e", "number": "5595000609", "area-code": "323"}, {"id": "190bffafda28a1ebd4aab24760940cef", "number": "8552374938", "area-code": "805"}, {"id": "190bffafda28a1ebd4aab2476094004e", "number": "6264901212", "area-code": "323"}, {"id": "190bffafda28a1ebd4aab2476093ffd7", "number": "435259785", "area-code": "952"}, {"id": "190bffafda28a1ebd4aab2476093fb0b", "number": "5154984593", "area-code": "585"}, {"id": "190bffafda28a1ebd4aab2476093f02e", "number": "2029084828", "area-code": "760"}, {"id": "190bffafda28a1ebd4aab2476093e4dc", "number": "8232998448", "area-code": "323"}, {"id": "190bffafda28a1ebd4aab2476093dba0", "number": "40899604669", "area-code": "408"}, {"id": "190bffafda28a1ebd4aab2476093cc03", "number": "8637843007", "area-code": "323"}, {"id": "190bffafda28a1ebd4aab2476093ca8e", "number": "8665949053", "area-code": "408"}, {"id": "190bffafda28a1ebd4aab2476093bf04", "number": "9285971541", "area-code": "928"}, {"id": "190bffafda28a1ebd4aab2476093b055", "number": "6837843007", "area-code": "323"}, {"id": "190bffafda28a1ebd4aab2476093a8e0", "number": "4089963116", "area-code": "408"}, {"id": "190bffafda28a1ebd4aab24760939f58", "number": "4089968203", "area-code": "408"}, {"id": "190bffafda28a1ebd4aab24760939d8d", "number": "8083252379", "area-code": "808"}, {"id": "190bffafda28a1ebd4aab247609396f0", "number": "", "area-code": "501"}, {"id": "190bffafda28a1ebd4aab2476093872c", "number": "8885200646", "area-code": "480"}, {"id": "190bffafda28a1ebd4aab247609381b6", "number": "", "area-code": "214"}, {"id": "190bffafda28a1ebd4aab2476093743f", "number": "8888908304", "area-code": "323"}, {"id": "190bffafda28a1ebd4aab24760937339", "number": "9133542277", "area-code": "816"}, {"id": "190bffafda28a1ebd4aab24760936a4f", "number": "4126501092", "area-code": "213"}, {"id": "190bffafda28a1ebd4aab247609361ba", "number": "8084378792", "area-code": "808"}, {"id": "190bffafda28a1ebd4aab24760935ef6", "number": "8313593919", "area-code": "925"}, {"id": "190bffafda28a1ebd4aab24760935783", "number": "81203823570", "area-code": "812"}, {"id": "190bffafda28a1ebd4aab247609349ed", "number": "8775880078", "area-code": "213"}, {"id": "190bffafda28a1ebd4aab247609343b8", "number": "8126084826", "area-code": "812"}], "meta": {"record-total": 14819}}