{"data": [{"id": "f59bb6fe46f3b7577c7e2ff7c02cd7a4", "number": "3049569877", "area-code": "304"}, {"id": "f59bb6fe46f3b7577c7e2ff7c02ccf53", "number": "", "area-code": "304"}, {"id": "f59bb6fe46f3b7577c7e2ff7c02ccc47", "number": "", "area-code": "323"}, {"id": "f59bb6fe46f3b7577c7e2ff7c02cc40e", "number": "3049248939", "area-code": "304"}, {"id": "f59bb6fe46f3b7577c7e2ff7c02cba1e", "number": "5082636700", "area-code": "719"}, {"id": "f59bb6fe46f3b7577c7e2ff7c02cb3e1", "number": "", "area-code": "323"}, {"id": "f59bb6fe46f3b7577c7e2ff7c02cae87", "number": "3044595077", "area-code": "304"}, {"id": "f59bb6fe46f3b7577c7e2ff7c02ca1a3", "number": "8664842614", "area-code": "970"}, {"id": "f59bb6fe46f3b7577c7e2ff7c02c99ff", "number": "6783859341", "area-code": "404"}, {"id": "f59bb6fe46f3b7577c7e2ff7c02c949a", "number": "4692508003", "area-code": "469"}, {"id": "f59bb6fe46f3b7577c7e2ff7c02c8d48", "number": "4693019479", "area-code": "469"}, {"id": "f59bb6fe46f3b7577c7e2ff7c02c86ca", "number": "4694606923", "area-code": "469"}, {"id": "f59bb6fe46f3b7577c7e2ff7c02c7731", "number": "4693458467", "area-code": "469"}, {"id": "f59bb6fe46f3b7577c7e2ff7c02c6cab", "number": "2058622501", "area-code": "718"}, {"id": "f59bb6fe46f3b7577c7e2ff7c02c649e", "number": "4696232978", "area-code": "469"}, {"id": "f59bb6fe46f3b7577c7e2ff7c02c5755", "number": "7027278642", "area-code": "702"}, {"id": "f59bb6fe46f3b7577c7e2ff7c02c4a95", "number": "2818065391", "area-code": "281"}, {"id": "f59bb6fe46f3b7577c7e2ff7c02c4429", "number": "9149407006", "area-code": "469"}, {"id": "f59bb6fe46f3b7577c7e2ff7c02c3611", "number": "2813056421", "area-code": "281"}, {"id": "f59bb6fe46f3b7577c7e2ff7c02c31ca", "number": "3252606164", "area-code": "718"}, {"id": "f59bb6fe46f3b7577c7e2ff7c02c2b01", "number": "4693211713", "area-code": "469"}, {"id": "f59bb6fe46f3b7577c7e2ff7c02c2abd", "number": "5415142130", "area-code": "541"}, {"id": "f59bb6fe46f3b7577c7e2ff7c02c2577", "number": "8305222749", "area-code": "281"}, {"id": "f59bb6fe46f3b7577c7e2ff7c02c243d", "number": "469227099551", "area-code": "469"}, {"id": "f59bb6fe46f3b7577c7e2ff7c02c241c", "number": "7633500989", "area-code": "763"}, {"id": "f59bb6fe46f3b7577c7e2ff7c02c1c54", "number": "6084995417", "area-code": "608"}, {"id": "f59bb6fe46f3b7577c7e2ff7c02c1063", "number": "5413213109", "area-code": "541"}, {"id": "f59bb6fe46f3b7577c7e2ff7c02c00f1", "number": "2533172853", "area-code": "253"}, {"id": "f59bb6fe46f3b7577c7e2ff7c02c0076", "number": "4692599181", "area-code": "469"}, {"id": "f59bb6fe46f3b7577c7e2ff7c02bf9da", "number": "5419283401", "area-code": "541"}, {"id": "f59bb6fe46f3b7577c7e2ff7c02bf8cf", "number": "6088895453", "area-code": "608"}, {"id": "f59bb6fe46f3b7577c7e2ff7c02bec05", "number": "4692914958", "area-code": "469"}, {"id": "f59bb6fe46f3b7577c7e2ff7c02be7e0", "number": "2566614347", "area-code": "541"}, {"id": "f59bb6fe46f3b7577c7e2ff7c02be67b", "number": "7136965580", "area-code": "281"}, {"id": "f59bb6fe46f3b7577c7e2ff7c02bd8fa", "number": "2812063466", "area-code": "281"}, {"id": "f59bb6fe46f3b7577c7e2ff7c02bd19c", "number": "7633075146", "area-code": "763"}, {"id": "f59bb6fe46f3b7577c7e2ff7c02bcd88", "number": "", "area-code": "215"}, {"id": "f59bb6fe46f3b7577c7e2ff7c02bc022", "number": "5922642194", "area-code": "515"}, {"id": "f59bb6fe46f3b7577c7e2ff7c02bbdc1", "number": "4259815865", "area-code": "808"}, {"id": "f59bb6fe46f3b7577c7e2ff7c02bafcd", "number": "3029912918", "area-code": "808"}, {"id": "f59bb6fe46f3b7577c7e2ff7c02ba58e", "number": "6027305085", "area-code": "814"}, {"id": "f59bb6fe46f3b7577c7e2ff7c02ba3ee", "number": "8687954087", "area-code": "319"}, {"id": "f59bb6fe46f3b7577c7e2ff7c02ba149", "number": "876223689", "area-code": "319"}, {"id": "f59bb6fe46f3b7577c7e2ff7c02b9f39", "number": "22961500976", "area-code": "319"}, {"id": "f59bb6fe46f3b7577c7e2ff7c02b930d", "number": "7377022732", "area-code": "720"}, {"id": "f59bb6fe46f3b7577c7e2ff7c02b8f39", "number": "", "area-code": "484"}, {"id": "f59bb6fe46f3b7577c7e2ff7c02b878c", "number": "9728455815", "area-code": "972"}, {"id": "f59bb6fe46f3b7577c7e2ff7c02b86fc", "number": "4084847998", "area-code": "408"}, {"id": "f59bb6fe46f3b7577c7e2ff7c02b7f02", "number": "22961583458", "area-code": "515"}, {"id": "f59bb6fe46f3b7577c7e2ff7c02b70c6", "number": "38754410934", "area-code": "515"}], "meta": {"record-total": 1629}}