{"data": [{"id": "aa6dbc760e14a7eeca7498142ef687a4", "number": "2109422291", "area-code": "443"}, {"id": "aa6dbc760e14a7eeca7498142ef679cd", "number": "", "area-code": "929"}, {"id": "aa6dbc760e14a7eeca7498142ef676ef", "number": "5094041040", "area-code": "478"}, {"id": "aa6dbc760e14a7eeca7498142ef66b6a", "number": "2092319848", "area-code": "805"}, {"id": "aa6dbc760e14a7eeca7498142ef66665", "number": "8002532322", "area-code": "509"}, {"id": "aa6dbc760e14a7eeca7498142ef657a4", "number": "8888408433", "area-code": "510"}, {"id": "aa6dbc760e14a7eeca7498142ef652e2", "number": "8888991126", "area-code": "865"}, {"id": "aa6dbc760e14a7eeca7498142ef65190", "number": "8017105479", "area-code": "801"}, {"id": "aa6dbc760e14a7eeca7498142ef64290", "number": "8002532322", "area-code": "509"}, {"id": "aa6dbc760e14a7eeca7498142ef635ee", "number": "5622865998", "area-code": "562"}, {"id": "aa6dbc760e14a7eeca7498142ef631b1", "number": "5093091578", "area-code": "509"}, {"id": "aa6dbc760e14a7eeca7498142ef625eb", "number": "6026710799", "area-code": "520"}, {"id": "aa6dbc760e14a7eeca7498142ef61c75", "number": "6026710799", "area-code": "520"}, {"id": "aa6dbc760e14a7eeca7498142ef60e19", "number": "602671079", "area-code": "520"}, {"id": "aa6dbc760e14a7eeca7498142ef60147", "number": "6026710799", "area-code": "520"}, {"id": "aa6dbc760e14a7eeca7498142ef5f834", "number": "8603904529", "area-code": "203"}, {"id": "aa6dbc760e14a7eeca7498142ef5ed2b", "number": "6026710799", "area-code": "520"}, {"id": "aa6dbc760e14a7eeca7498142ef5de3b", "number": "8003099600", "area-code": "800"}, {"id": "aa6dbc760e14a7eeca7498142ef5db2f", "number": "5092958404", "area-code": "206"}, {"id": "aa6dbc760e14a7eeca7498142ef5cd3a", "number": "6026710799", "area-code": "520"}, {"id": "aa6dbc760e14a7eeca7498142ef5c715", "number": "5028379657", "area-code": "502"}, {"id": "aa6dbc760e14a7eeca7498142ef5c197", "number": "7136642925", "area-code": "832"}, {"id": "aa6dbc760e14a7eeca7498142ef5b676", "number": "2022394233", "area-code": "708"}, {"id": "aa6dbc760e14a7eeca7498142ef5adde", "number": "4806913157", "area-code": "480"}, {"id": "aa6dbc760e14a7eeca7498142ef59f44", "number": "5023701161", "area-code": "502"}, {"id": "aa6dbc760e14a7eeca7498142ef59b56", "number": "8006222580", "area-code": "708"}, {"id": "aa6dbc760e14a7eeca7498142ef59600", "number": "8008981148", "area-code": "734"}, {"id": "aa6dbc760e14a7eeca7498142ef58b3e", "number": "5025348047", "area-code": "502"}, {"id": "aa6dbc760e14a7eeca7498142ef57d78", "number": "8000994732", "area-code": "714"}, {"id": "aa6dbc760e14a7eeca7498142ef575a3", "number": "2174719893", "area-code": "708"}, {"id": "aa6dbc760e14a7eeca7498142ef56f2c", "number": "7084719006", "area-code": "708"}, {"id": "aa6dbc760e14a7eeca7498142ef56873", "number": "6302097494", "area-code": "630"}, {"id": "aa6dbc760e14a7eeca7498142ef56855", "number": "5022370269", "area-code": "502"}, {"id": "aa6dbc760e14a7eeca7498142ef55d86", "number": "", "area-code": "770"}, {"id": "aa6dbc760e14a7eeca7498142ef558a3", "number": "5025322941", "area-code": "502"}, {"id": "aa6dbc760e14a7eeca7498142ef55819", "number": "4405761713", "area-code": "440"}, {"id": "aa6dbc760e14a7eeca7498142ef5512a", "number": "7122207187", "area-code": "240"}, {"id": "aa6dbc760e14a7eeca7498142ef544eb", "number": "", "area-code": "614"}, {"id": "aa6dbc760e14a7eeca7498142ef53663", "number": "6084474736", "area-code": "608"}, {"id": "aa6dbc760e14a7eeca7498142ef52a1a", "number": "8593542352", "area-code": "502"}, {"id": "aa6dbc760e14a7eeca7498142ef5201f", "number": "3105447073", "area-code": "310"}, {"id": "aa6dbc760e14a7eeca7498142ef51517", "number": "5303882615", "area-code": "585"}, {"id": "aa6dbc760e14a7eeca7498142ef50b48", "number": "2133443356", "area-code": "213"}, {"id": "aa6dbc760e14a7eeca7498142ef50143", "number": "5132143284", "area-code": "213"}, {"id": "aa6dbc760e14a7eeca7498142ef500ba", "number": "5752528908", "area-code": "213"}, {"id": "aa6dbc760e14a7eeca7498142ef4fc33", "number": "5022369227", "area-code": "502"}, {"id": "aa6dbc760e14a7eeca7498142ef4f190", "number": "8062240560", "area-code": "213"}, {"id": "aa6dbc760e14a7eeca7498142ef4ee18", "number": "8003756192", "area-code": "218"}, {"id": "aa6dbc760e14a7eeca7498142ef4ea06", "number": "5028379637", "area-code": "502"}, {"id": "aa6dbc760e14a7eeca7498142ef4e708", "number": "8339251329", "area-code": "253"}], "meta": {"record-total": 13927}}