{"data": [{"id": "ac0c58eef6abcc8035f18ec8379a9c1b", "number": "5098332155", "area-code": "509"}, {"id": "ac0c58eef6abcc8035f18ec837db04ce", "number": "+17862205627", "area-code": "786"}, {"id": "ac0c58eef6abcc8035f18ec837db3a47", "number": "+18172344454", "area-code": "208"}, {"id": "ac0c58eef6abcc8035f18ec837dae61d", "number": "5626899572", "area-code": "669"}, {"id": "ac0c58eef6abcc8035f18ec8379a8c82", "number": "8057822930", "area-code": "805"}, {"id": "ac0c58eef6abcc8035f18ec837db29c0", "number": "+14132070146", "area-code": "770"}, {"id": "ac0c58eef6abcc8035f18ec8379a899f", "number": "7707780398", "area-code": "814"}, {"id": "ac0c58eef6abcc8035f18ec837db648a", "number": "+16162766260", "area-code": "770"}, {"id": "ac0c58eef6abcc8035f18ec837dac21c", "number": "7758592291", "area-code": "702"}, {"id": "ac0c58eef6abcc8035f18ec837db10e9", "number": "+13603673173", "area-code": "770"}, {"id": "ac0c58eef6abcc8035f18ec837daaf7e", "number": "9136008422", "area-code": "913"}, {"id": "ac0c58eef6abcc8035f18ec8379a7b01", "number": "8142125389", "area-code": "814"}, {"id": "ac0c58eef6abcc8035f18ec837db3eff", "number": "+13018775231", "area-code": "301"}, {"id": "ac0c58eef6abcc8035f18ec837dacc55", "number": "+12089013399", "area-code": "214"}, {"id": "ac0c58eef6abcc8035f18ec837dad7ed", "number": "+17707279457", "area-code": "770"}, {"id": "ac0c58eef6abcc8035f18ec837db58c9", "number": "7577519365", "area-code": "757"}, {"id": "ac0c58eef6abcc8035f18ec837dab71c", "number": "+17703752042", "area-code": "770"}, {"id": "ac0c58eef6abcc8035f18ec837dad50b", "number": "+14692167500", "area-code": "214"}, {"id": "ac0c58eef6abcc8035f18ec837db201a", "number": "9805000223", "area-code": "803"}, {"id": "ac0c58eef6abcc8035f18ec837dae7e0", "number": "+14692167500", "area-code": "214"}, {"id": "ac0c58eef6abcc8035f18ec837db4a48", "number": "+17189824004", "area-code": "718"}, {"id": "ac0c58eef6abcc8035f18ec837db093e", "number": "+17703752042", "area-code": "770"}, {"id": "ac0c58eef6abcc8035f18ec837db6d2b", "number": "+17189824004", "area-code": "718"}, {"id": "ac0c58eef6abcc8035f18ec837daf544", "number": "+12143832611", "area-code": "214"}, {"id": "ac0c58eef6abcc8035f18ec8379a6e7c", "number": "8053037182", "area-code": "805"}, {"id": "ac0c58eef6abcc8035f18ec837db40cc", "number": "+13612412684", "area-code": "361"}, {"id": "ac0c58eef6abcc8035f18ec837db356c", "number": "+13612417127", "area-code": "361"}, {"id": "ac0c58eef6abcc8035f18ec837db6bef", "number": "+12148335382", "area-code": "214"}, {"id": "ac0c58eef6abcc8035f18ec837daa535", "number": "+13612413315", "area-code": "361"}, {"id": "ac0c58eef6abcc8035f18ec8379a6ae2", "number": "6672680931", "area-code": "301"}, {"id": "ac0c58eef6abcc8035f18ec837da5f16", "number": "+17185728068", "area-code": "773"}, {"id": "ac0c58eef6abcc8035f18ec837da713b", "number": "+18774494411", "area-code": "734"}, {"id": "ac0c58eef6abcc8035f18ec8379a6ac9", "number": "8057824109", "area-code": "805"}, {"id": "ac0c58eef6abcc8035f18ec837da999f", "number": "+13603673173", "area-code": "770"}, {"id": "ac0c58eef6abcc8035f18ec8379a68bd", "number": "5864151704", "area-code": "513"}, {"id": "ac0c58eef6abcc8035f18ec8379a5eab", "number": "2402498841", "area-code": "301"}, {"id": "ac0c58eef6abcc8035f18ec837da7b69", "number": "+13603673173", "area-code": "770"}, {"id": "ac0c58eef6abcc8035f18ec8379a596d", "number": "2342188260", "area-code": "818"}, {"id": "ac0c58eef6abcc8035f18ec8379a574e", "number": "6503502422", "area-code": "650"}, {"id": "ac0c58eef6abcc8035f18ec837da636f", "number": "+13603673173", "area-code": "770"}, {"id": "ac0c58eef6abcc8035f18ec837da8439", "number": "7085982647", "area-code": "512"}, {"id": "ac0c58eef6abcc8035f18ec837daa33f", "number": "+13603673173", "area-code": "770"}, {"id": "ac0c58eef6abcc8035f18ec837da50ea", "number": "7702563925", "area-code": "512"}, {"id": "ac0c58eef6abcc8035f18ec8379a4b44", "number": "9725213505", "area-code": "972"}, {"id": "ac0c58eef6abcc8035f18ec837da8e85", "number": "+13603673173", "area-code": "770"}, {"id": "ac0c58eef6abcc8035f18ec837da72a2", "number": "+13603673173", "area-code": "770"}, {"id": "ac0c58eef6abcc8035f18ec8379a48c0", "number": "2149353406", "area-code": "972"}, {"id": "ac0c58eef6abcc8035f18ec837da9e4b", "number": "+14302361507", "area-code": "832"}, {"id": "ac0c58eef6abcc8035f18ec837d9dfd7", "number": "+15129804440", "area-code": "713"}, {"id": "ac0c58eef6abcc8035f18ec837d9e7af", "number": "+18308500630", "area-code": "832"}], "meta": {"record-total": 15672}}