{"data": [{"id": "f8caed39e5b0b719fe6df5beec4b63ac", "number": "2135684549", "area-code": "415"}, {"id": "f8caed39e5b0b719fe6df5beec4b5b6c", "number": "", "area-code": "815"}, {"id": "f8caed39e5b0b719fe6df5beec4b5196", "number": "2098876520", "area-code": "302"}, {"id": "f8caed39e5b0b719fe6df5beec4b4d86", "number": "2029316027", "area-code": "209"}, {"id": "f8caed39e5b0b719fe6df5beec4b4582", "number": "6189464451", "area-code": "618"}, {"id": "f8caed39e5b0b719fe6df5beec4b37f1", "number": "3192490077", "area-code": "330"}, {"id": "f8caed39e5b0b719fe6df5beec5621a9", "number": "+12142539899", "area-code": "214"}, {"id": "f8caed39e5b0b719fe6df5beec4b33c4", "number": "", "area-code": "706"}, {"id": "f8caed39e5b0b719fe6df5beec561de1", "number": "+12143658097", "area-code": "214"}, {"id": "f8caed39e5b0b719fe6df5beec4b2641", "number": "", "area-code": "240"}, {"id": "f8caed39e5b0b719fe6df5beec4b1bfe", "number": "", "area-code": "303"}, {"id": "f8caed39e5b0b719fe6df5beec4ef46e", "number": "8007920001", "area-code": "317"}, {"id": "f8caed39e5b0b719fe6df5beec4b11b4", "number": "4805053185", "area-code": "302"}, {"id": "f8caed39e5b0b719fe6df5beec4af2e0", "number": "", "area-code": "618"}, {"id": "f8caed39e5b0b719fe6df5beec4b0304", "number": "8777922232", "area-code": "541"}, {"id": "f8caed39e5b0b719fe6df5beec4af36d", "number": "8554938964", "area-code": "575"}, {"id": "f8caed39e5b0b719fe6df5beec4ae8e8", "number": "8023722095", "area-code": "702"}, {"id": "f8caed39e5b0b719fe6df5beec4ae159", "number": "", "area-code": "419"}, {"id": "f8caed39e5b0b719fe6df5beec4ada63", "number": "6154728088", "area-code": "615"}, {"id": "f8caed39e5b0b719fe6df5beec4ad58e", "number": "3125483257", "area-code": "630"}, {"id": "f8caed39e5b0b719fe6df5beec4ac72a", "number": "9046011937", "area-code": "302"}, {"id": "f8caed39e5b0b719fe6df5beec4ac36e", "number": "3507707550", "area-code": "330"}, {"id": "f8caed39e5b0b719fe6df5beec4ab635", "number": "8008755143", "area-code": "630"}, {"id": "f8caed39e5b0b719fe6df5beec5b0962", "number": "", "area-code": "380"}, {"id": "f8caed39e5b0b719fe6df5beec4aaf31", "number": "3025299158", "area-code": "302"}, {"id": "f8caed39e5b0b719fe6df5beec4aacec", "number": "8008755143", "area-code": "630"}, {"id": "f8caed39e5b0b719fe6df5beec4aa35d", "number": "6053437367", "area-code": "605"}, {"id": "f8caed39e5b0b719fe6df5beec4a99f5", "number": "6043324312", "area-code": "302"}, {"id": "f8caed39e5b0b719fe6df5beec4a937a", "number": "3307223962", "area-code": "330"}, {"id": "f8caed39e5b0b719fe6df5beec4a86e3", "number": "9096464784", "area-code": "909"}, {"id": "f8caed39e5b0b719fe6df5beec5616b8", "number": "+16292096293", "area-code": "210"}, {"id": "f8caed39e5b0b719fe6df5beec4a836d", "number": "3025299162", "area-code": "302"}, {"id": "f8caed39e5b0b719fe6df5beec4a7ab1", "number": "8883390057", "area-code": "909"}, {"id": "f8caed39e5b0b719fe6df5beec4a7941", "number": "4358683555", "area-code": "517"}, {"id": "f8caed39e5b0b719fe6df5beec4a730a", "number": "", "area-code": "909"}, {"id": "f8caed39e5b0b719fe6df5beec4a6a5a", "number": "5185318069", "area-code": "585"}, {"id": "f8caed39e5b0b719fe6df5beec560a51", "number": "+14025490522", "area-code": "956"}, {"id": "f8caed39e5b0b719fe6df5beec5b04bc", "number": "3109941411", "area-code": "310"}, {"id": "f8caed39e5b0b719fe6df5beec4a6466", "number": "2766014000", "area-code": "276"}, {"id": "f8caed39e5b0b719fe6df5beec4a5d3f", "number": "5732595158", "area-code": "314"}, {"id": "f8caed39e5b0b719fe6df5beec4a521f", "number": "1575383895", "area-code": "314"}, {"id": "f8caed39e5b0b719fe6df5beec4a472f", "number": "5672571013", "area-code": "806"}, {"id": "f8caed39e5b0b719fe6df5beec4a44a1", "number": "9166489017", "area-code": "916"}, {"id": "f8caed39e5b0b719fe6df5beec4a3940", "number": "8668988793", "area-code": "602"}, {"id": "f8caed39e5b0b719fe6df5beec4a2ed9", "number": "8019527707", "area-code": "314"}, {"id": "f8caed39e5b0b719fe6df5beec4a25bd", "number": "4013401486", "area-code": "661"}, {"id": "f8caed39e5b0b719fe6df5beec4a2249", "number": "4782104433", "area-code": "661"}, {"id": "f8caed39e5b0b719fe6df5beec4a21af", "number": "8006334227", "area-code": "314"}, {"id": "f8caed39e5b0b719fe6df5beec4a1af2", "number": "2342181332", "area-code": "330"}, {"id": "f8caed39e5b0b719fe6df5beec4a0b05", "number": "7167738258", "area-code": "716"}], "meta": {"record-total": 14285}}