{"data": [{"id": "9f0bf3cdede1db04fb1bb19433e51377", "number": "2016432506", "area-code": "609"}, {"id": "9f0bf3cdede1db04fb1bb19433e50d8b", "number": "7176786808", "area-code": "570"}, {"id": "9f0bf3cdede1db04fb1bb19433e51195", "number": "3133155205", "area-code": "313"}, {"id": "9f0bf3cdede1db04fb1bb19433e50cb9", "number": "5307744215", "area-code": "443"}, {"id": "9f0bf3cdede1db04fb1bb19433e5039f", "number": "7147213719", "area-code": "714"}, {"id": "9f0bf3cdede1db04fb1bb19433e4f9e0", "number": "7147215847", "area-code": "714"}, {"id": "9f0bf3cdede1db04fb1bb19433e4ecd5", "number": "7147219272", "area-code": "714"}, {"id": "9f0bf3cdede1db04fb1bb19433e4ec18", "number": "7147218878", "area-code": "714"}, {"id": "9f0bf3cdede1db04fb1bb19433e4e998", "number": "3145373045", "area-code": "314"}, {"id": "9f0bf3cdede1db04fb1bb19433e4e729", "number": "7147218107", "area-code": "714"}, {"id": "9f0bf3cdede1db04fb1bb19433ea2fd7", "number": "9375194773", "area-code": "216"}, {"id": "9f0bf3cdede1db04fb1bb19433e4e35f", "number": "6146534634", "area-code": "419"}, {"id": "9f0bf3cdede1db04fb1bb19433e4db13", "number": "7147217457", "area-code": "714"}, {"id": "9f0bf3cdede1db04fb1bb19433e4cbdc", "number": "2022214032", "area-code": "360"}, {"id": "9f0bf3cdede1db04fb1bb19433e4ca41", "number": "7147218554", "area-code": "714"}, {"id": "9f0bf3cdede1db04fb1bb19433e4c661", "number": "7147216737", "area-code": "714"}, {"id": "9f0bf3cdede1db04fb1bb19433e4be2f", "number": "5137252445", "area-code": "216"}, {"id": "9f0bf3cdede1db04fb1bb19433e4b6f9", "number": "", "area-code": "714"}, {"id": "9f0bf3cdede1db04fb1bb19433e4b22e", "number": "7028435510", "area-code": "620"}, {"id": "9f0bf3cdede1db04fb1bb19433e4afc1", "number": "", "area-code": "714"}, {"id": "9f0bf3cdede1db04fb1bb19433e4a5bb", "number": "7147218554", "area-code": "714"}, {"id": "9f0bf3cdede1db04fb1bb19433e4a30f", "number": "6576607256", "area-code": "469"}, {"id": "9f0bf3cdede1db04fb1bb19433e49384", "number": "4065718973", "area-code": "469"}, {"id": "9f0bf3cdede1db04fb1bb19433e48c33", "number": "0004603056", "area-code": "440"}, {"id": "9f0bf3cdede1db04fb1bb19433e48af3", "number": "3602971090", "area-code": "360"}, {"id": "9f0bf3cdede1db04fb1bb19433e47e9d", "number": "9202823133", "area-code": "920"}, {"id": "9f0bf3cdede1db04fb1bb19433e4759a", "number": "2812729614", "area-code": "281"}, {"id": "9f0bf3cdede1db04fb1bb19433e47101", "number": "713771086", "area-code": "281"}, {"id": "9f0bf3cdede1db04fb1bb19433e46e4c", "number": "7372734715", "area-code": "281"}, {"id": "9f0bf3cdede1db04fb1bb19433e46d42", "number": "5102278484", "area-code": "510"}, {"id": "9f0bf3cdede1db04fb1bb19433e464f9", "number": "9792435975", "area-code": "979"}, {"id": "9f0bf3cdede1db04fb1bb19433e457fd", "number": "9793935840", "area-code": "979"}, {"id": "9f0bf3cdede1db04fb1bb19433e45293", "number": "9792856913", "area-code": "979"}, {"id": "9f0bf3cdede1db04fb1bb19433e44f06", "number": "4805503253", "area-code": "480"}, {"id": "9f0bf3cdede1db04fb1bb19433e442d9", "number": "5672135362", "area-code": "979"}, {"id": "9f0bf3cdede1db04fb1bb19433e440e1", "number": "9132882020", "area-code": "480"}, {"id": "9f0bf3cdede1db04fb1bb19433e437f6", "number": "5702609597", "area-code": "570"}, {"id": "9f0bf3cdede1db04fb1bb19433e42b34", "number": "5707280685", "area-code": "570"}, {"id": "9f0bf3cdede1db04fb1bb19433e41b92", "number": "6054535348", "area-code": "605"}, {"id": "9f0bf3cdede1db04fb1bb19433e40eda", "number": "2027693847", "area-code": "570"}, {"id": "9f0bf3cdede1db04fb1bb19433e40ad7", "number": "5708950013", "area-code": "570"}, {"id": "9f0bf3cdede1db04fb1bb19433e4023c", "number": "2127984103", "area-code": "212"}, {"id": "9f0bf3cdede1db04fb1bb19433e3fdd8", "number": "5707753938", "area-code": "570"}, {"id": "9f0bf3cdede1db04fb1bb19433e3f4bb", "number": "5704710174", "area-code": "570"}, {"id": "9f0bf3cdede1db04fb1bb19433e828bf", "number": "+17072064666", "area-code": "707"}, {"id": "9f0bf3cdede1db04fb1bb19433e3efff", "number": "5702798973", "area-code": "570"}, {"id": "9f0bf3cdede1db04fb1bb19433e3e1f8", "number": "2022214029", "area-code": "570"}, {"id": "9f0bf3cdede1db04fb1bb19433e3df32", "number": "2677620001", "area-code": "909"}, {"id": "9f0bf3cdede1db04fb1bb19433e3d9f1", "number": "6105560868", "area-code": "570"}, {"id": "9f0bf3cdede1db04fb1bb19433e3d7c6", "number": "7542053075", "area-code": "305"}], "meta": {"record-total": 1859}}