{"data": [{"id": "29c019eda07939dcc22fdf932dc9e3fc", "number": "6104004637", "area-code": "610"}, {"id": "29c019eda07939dcc22fdf932dc9e0e4", "number": "+18083259205", "area-code": "808"}, {"id": "29c019eda07939dcc22fdf932dc9d532", "number": "7165231840", "area-code": "716"}, {"id": "29c019eda07939dcc22fdf932da022ab", "number": "", "area-code": "610"}, {"id": "29c019eda07939dcc22fdf932dc9cd79", "number": "+18083286577", "area-code": "808"}, {"id": "29c019eda07939dcc22fdf932da01518", "number": "4098583103", "area-code": "281"}, {"id": "29c019eda07939dcc22fdf932da00e90", "number": "", "area-code": "818"}, {"id": "29c019eda07939dcc22fdf932d9fff75", "number": "9092452848", "area-code": "909"}, {"id": "29c019eda07939dcc22fdf932dc9c29c", "number": "+16097323886", "area-code": "978"}, {"id": "29c019eda07939dcc22fdf932d9ff65d", "number": "2816063790", "area-code": "281"}, {"id": "29c019eda07939dcc22fdf932d9fea8b", "number": "2817620412", "area-code": "281"}, {"id": "29c019eda07939dcc22fdf932dc9b58c", "number": "+19496622714", "area-code": "479"}, {"id": "29c019eda07939dcc22fdf932d9fe066", "number": "4693083978", "area-code": "281"}, {"id": "29c019eda07939dcc22fdf932d9fd2fc", "number": "2012745838", "area-code": "970"}, {"id": "29c019eda07939dcc22fdf932d9fcf0c", "number": "2818165169", "area-code": "281"}, {"id": "29c019eda07939dcc22fdf932d9fc8f5", "number": "8882804331", "area-code": "206"}, {"id": "29c019eda07939dcc22fdf932dc9b9ef", "number": "8654435829", "area-code": "248"}, {"id": "29c019eda07939dcc22fdf932dc9bb21", "number": "2139734671", "area-code": "425"}, {"id": "29c019eda07939dcc22fdf932d9fc76d", "number": "8442403086", "area-code": "207"}, {"id": "29c019eda07939dcc22fdf932dc999a4", "number": "+17177270429", "area-code": "717"}, {"id": "29c019eda07939dcc22fdf932dc980bf", "number": "+15082591173", "area-code": "330"}, {"id": "29c019eda07939dcc22fdf932dc9a4a5", "number": "9042640958", "area-code": "904"}, {"id": "29c019eda07939dcc22fdf932d9fbe02", "number": "4146267175", "area-code": "414"}, {"id": "29c019eda07939dcc22fdf932dc9a3ce", "number": "3232260581", "area-code": "213"}, {"id": "29c019eda07939dcc22fdf932dc9ad7d", "number": "8446384325", "area-code": "904"}, {"id": "29c019eda07939dcc22fdf932dc99065", "number": "8446384325", "area-code": "904"}, {"id": "29c019eda07939dcc22fdf932d9fbb7c", "number": "2078883701", "area-code": "207"}, {"id": "29c019eda07939dcc22fdf932dc97a4a", "number": "9087987325", "area-code": "716"}, {"id": "29c019eda07939dcc22fdf932dc958b8", "number": "+14437707794", "area-code": "443"}, {"id": "29c019eda07939dcc22fdf932dc952d8", "number": "3863008161", "area-code": "904"}, {"id": "29c019eda07939dcc22fdf932d9fb0c8", "number": "8447403086", "area-code": "207"}, {"id": "29c019eda07939dcc22fdf932d9fa925", "number": "8316103101", "area-code": "831"}, {"id": "29c019eda07939dcc22fdf932dc94bbf", "number": "+16096259061", "area-code": "609"}, {"id": "29c019eda07939dcc22fdf932dc96e7f", "number": "2526000950", "area-code": "646"}, {"id": "29c019eda07939dcc22fdf932dc914f4", "number": "5512108254", "area-code": "201"}, {"id": "29c019eda07939dcc22fdf932dc92dd7", "number": "7183529394", "area-code": "718"}, {"id": "29c019eda07939dcc22fdf932dc93056", "number": "7183529394", "area-code": "718"}, {"id": "29c019eda07939dcc22fdf932dc91a7d", "number": "3863008161", "area-code": "904"}, {"id": "29c019eda07939dcc22fdf932dc93f29", "number": "7184694594", "area-code": "718"}, {"id": "29c019eda07939dcc22fdf932dc907eb", "number": "7576944423", "area-code": "757"}, {"id": "29c019eda07939dcc22fdf932dc92760", "number": "3853024533", "area-code": "801"}, {"id": "29c019eda07939dcc22fdf932dc8fd1c", "number": "9173888344", "area-code": "347"}, {"id": "29c019eda07939dcc22fdf932dc90a98", "number": "9173888344", "area-code": "347"}, {"id": "29c019eda07939dcc22fdf932dc8a731", "number": "+18667527753", "area-code": "916"}, {"id": "29c019eda07939dcc22fdf932dc8ce29", "number": "+18007805009", "area-code": "916"}, {"id": "29c019eda07939dcc22fdf932dc8de89", "number": "+18083288887", "area-code": "808"}, {"id": "29c019eda07939dcc22fdf932d9fa50f", "number": "2564483471", "area-code": "616"}, {"id": "29c019eda07939dcc22fdf932d9f9c77", "number": "9194385274", "area-code": "919"}, {"id": "29c019eda07939dcc22fdf932dc8d2de", "number": "+16462483289", "area-code": "617"}, {"id": "29c019eda07939dcc22fdf932dc8e5cb", "number": "+15122978283", "area-code": "512"}], "meta": {"record-total": 6257}}