{"data": [{"id": "c9022b6d295cd25b52ced3d9fdc20f63", "number": "5596645489", "area-code": "559"}, {"id": "c9022b6d295cd25b52ced3d9fdc20c45", "number": "5036505014", "area-code": "503"}, {"id": "c9022b6d295cd25b52ced3d9fdc20a6d", "number": "7045945086", "area-code": "252"}, {"id": "c9022b6d295cd25b52ced3d9fdc2005c", "number": "3236968326", "area-code": "740"}, {"id": "c9022b6d295cd25b52ced3d9fdc1fa93", "number": "5038505014", "area-code": "503"}, {"id": "c9022b6d295cd25b52ced3d9fdc1f8f5", "number": "7045945086", "area-code": "252"}, {"id": "c9022b6d295cd25b52ced3d9fdc1eac8", "number": "5302329792", "area-code": "605"}, {"id": "c9022b6d295cd25b52ced3d9fdc1e3c1", "number": "9099743606", "area-code": "517"}, {"id": "c9022b6d295cd25b52ced3d9fdc1d91b", "number": "5862902111", "area-code": "586"}, {"id": "c9022b6d295cd25b52ced3d9fdc1d085", "number": "2135135015", "area-code": "760"}, {"id": "c9022b6d295cd25b52ced3d9fdc1cd19", "number": "7045945086", "area-code": "252"}, {"id": "c9022b6d295cd25b52ced3d9fdc1bf33", "number": "7045945086", "area-code": "252"}, {"id": "c9022b6d295cd25b52ced3d9fdc1aee3", "number": "2315975999", "area-code": "803"}, {"id": "c9022b6d295cd25b52ced3d9fdc1bd04", "number": "8554834317", "area-code": "509"}, {"id": "c9022b6d295cd25b52ced3d9fdc1aeb1", "number": "9166231090", "area-code": "916"}, {"id": "c9022b6d295cd25b52ced3d9fdc1aaf0", "number": "8559129245", "area-code": "803"}, {"id": "c9022b6d295cd25b52ced3d9fdc1acdf", "number": "8153249051", "area-code": "719"}, {"id": "c9022b6d295cd25b52ced3d9fdc19e72", "number": "2162599971", "area-code": "614"}, {"id": "c9022b6d295cd25b52ced3d9fdc19d3c", "number": "3145029790", "area-code": "314"}, {"id": "c9022b6d295cd25b52ced3d9fdc1948b", "number": "2253068359", "area-code": "631"}, {"id": "c9022b6d295cd25b52ced3d9fdc18639", "number": "8153966186", "area-code": "312"}, {"id": "c9022b6d295cd25b52ced3d9fdc18362", "number": "8325144059", "area-code": "832"}, {"id": "c9022b6d295cd25b52ced3d9fdc17dc5", "number": "9728151601", "area-code": "310"}, {"id": "c9022b6d295cd25b52ced3d9fdc171be", "number": "2138552228", "area-code": "310"}, {"id": "c9022b6d295cd25b52ced3d9fdc16494", "number": "8328271384", "area-code": "832"}, {"id": "c9022b6d295cd25b52ced3d9fdc16359", "number": "7652040884", "area-code": "832"}, {"id": "c9022b6d295cd25b52ced3d9fdc15461", "number": "8002323628", "area-code": "832"}, {"id": "c9022b6d295cd25b52ced3d9fdc1449b", "number": "8087372310", "area-code": "808"}, {"id": "c9022b6d295cd25b52ced3d9fdc13921", "number": "6193759750", "area-code": "832"}, {"id": "c9022b6d295cd25b52ced3d9fdc12eb8", "number": "9175658692", "area-code": "718"}, {"id": "c9022b6d295cd25b52ced3d9fdc12549", "number": "8887659045", "area-code": "470"}, {"id": "c9022b6d295cd25b52ced3d9fdc11e3e", "number": "7257771566", "area-code": "626"}, {"id": "c9022b6d295cd25b52ced3d9fdc115dc", "number": "9175658692", "area-code": "718"}, {"id": "c9022b6d295cd25b52ced3d9fdc10d73", "number": "", "area-code": "800"}, {"id": "c9022b6d295cd25b52ced3d9fdc0feed", "number": "9562537572", "area-code": "336"}, {"id": "c9022b6d295cd25b52ced3d9fdc0e211", "number": "7039529817", "area-code": "310"}, {"id": "c9022b6d295cd25b52ced3d9fdc0f375", "number": "7182159376", "area-code": "718"}, {"id": "c9022b6d295cd25b52ced3d9fdc0e5be", "number": "5742779500", "area-code": "317"}, {"id": "c9022b6d295cd25b52ced3d9fdc0e1b1", "number": "4237775497", "area-code": "901"}, {"id": "c9022b6d295cd25b52ced3d9fdc0deb0", "number": "5167845027", "area-code": "310"}, {"id": "c9022b6d295cd25b52ced3d9fdc0da55", "number": "2142831316", "area-code": "562"}, {"id": "c9022b6d295cd25b52ced3d9fdc0cc21", "number": "310323517", "area-code": "310"}, {"id": "c9022b6d295cd25b52ced3d9fdc0c725", "number": "8885618861", "area-code": "718"}, {"id": "c9022b6d295cd25b52ced3d9fdc0c025", "number": "", "area-code": "714"}, {"id": "c9022b6d295cd25b52ced3d9fdc0b412", "number": "9037652506", "area-code": "903"}, {"id": "c9022b6d295cd25b52ced3d9fdc0a91a", "number": "6614988326", "area-code": "310"}, {"id": "c9022b6d295cd25b52ced3d9fdc0a06b", "number": "2062787337", "area-code": "253"}, {"id": "c9022b6d295cd25b52ced3d9fdc09228", "number": "7123159045", "area-code": "470"}, {"id": "c9022b6d295cd25b52ced3d9fdc082cb", "number": "3022022008", "area-code": "302"}, {"id": "c9022b6d295cd25b52ced3d9fdc081d5", "number": "000000000000", "area-code": "631"}], "meta": {"record-total": 7628}}