{"data": [{"id": "049de9c74ab3df8447cb17aeca92d0f0", "number": "5417165170", "area-code": "541"}, {"id": "049de9c74ab3df8447cb17aeca92c5c4", "number": "3108672611", "area-code": "512"}, {"id": "049de9c74ab3df8447cb17aeca92c537", "number": "8884192387", "area-code": "805"}, {"id": "049de9c74ab3df8447cb17aeca92b869", "number": "8552457098", "area-code": "805"}, {"id": "049de9c74ab3df8447cb17aeca92b40a", "number": "80030009009", "area-code": "585"}, {"id": "049de9c74ab3df8447cb17aeca92ac17", "number": "8052543248", "area-code": "805"}, {"id": "049de9c74ab3df8447cb17aeca92a232", "number": "2029216297", "area-code": "304"}, {"id": "049de9c74ab3df8447cb17aeca9295c2", "number": "8012827201", "area-code": "801"}, {"id": "049de9c74ab3df8447cb17aeca929302", "number": "8772094160", "area-code": "805"}, {"id": "049de9c74ab3df8447cb17aeca928676", "number": "", "area-code": "928"}, {"id": "049de9c74ab3df8447cb17aeca928585", "number": "3049966018", "area-code": "304"}, {"id": "049de9c74ab3df8447cb17aeca927912", "number": "8007920001", "area-code": "609"}, {"id": "049de9c74ab3df8447cb17aeca927690", "number": "2034425918", "area-code": "805"}, {"id": "049de9c74ab3df8447cb17aeca926c48", "number": "6267141827", "area-code": "408"}, {"id": "049de9c74ab3df8447cb17aeca9265da", "number": "4074737219", "area-code": "407"}, {"id": "049de9c74ab3df8447cb17aeca925983", "number": "80030009009", "area-code": "585"}, {"id": "049de9c74ab3df8447cb17aeca924f05", "number": "2296096242", "area-code": "805"}, {"id": "049de9c74ab3df8447cb17aeca92458b", "number": "9496326767", "area-code": "650"}, {"id": "049de9c74ab3df8447cb17aeca924bbe", "number": "5853123064", "area-code": "585"}, {"id": "049de9c74ab3df8447cb17aeca92443a", "number": "80030009009", "area-code": "585"}, {"id": "049de9c74ab3df8447cb17aeca923a9a", "number": "8056788211", "area-code": "805"}, {"id": "049de9c74ab3df8447cb17aeca922e80", "number": "7172015446", "area-code": "717"}, {"id": "049de9c74ab3df8447cb17aeca922315", "number": "9496326767", "area-code": "650"}, {"id": "049de9c74ab3df8447cb17aeca921de5", "number": "8888996650", "area-code": "805"}, {"id": "049de9c74ab3df8447cb17aeca920f82", "number": "7135809895", "area-code": "713"}, {"id": "049de9c74ab3df8447cb17aeca9203cd", "number": "80030009009", "area-code": "585"}, {"id": "049de9c74ab3df8447cb17aeca91f4cf", "number": "7812063635", "area-code": "912"}, {"id": "049de9c74ab3df8447cb17aeca91e725", "number": "8772094169", "area-code": "805"}, {"id": "049de9c74ab3df8447cb17aeca91da71", "number": "9496326767", "area-code": "650"}, {"id": "049de9c74ab3df8447cb17aeca91d3d2", "number": "80030009009", "area-code": "585"}, {"id": "049de9c74ab3df8447cb17aeca91c44b", "number": "2295091522", "area-code": "805"}, {"id": "049de9c74ab3df8447cb17aeca91c3d3", "number": "8772094169", "area-code": "805"}, {"id": "049de9c74ab3df8447cb17aeca91c398", "number": "9543884256", "area-code": "330"}, {"id": "049de9c74ab3df8447cb17aeca91bf71", "number": "3025295538", "area-code": "302"}, {"id": "049de9c74ab3df8447cb17aeca91b72e", "number": "2034416869", "area-code": "805"}, {"id": "049de9c74ab3df8447cb17aeca91aeef", "number": "8056283953", "area-code": "805"}, {"id": "049de9c74ab3df8447cb17aeca91a2f2", "number": "3025299421", "area-code": "302"}, {"id": "049de9c74ab3df8447cb17aeca9197fc", "number": "7573897793", "area-code": "302"}, {"id": "049de9c74ab3df8447cb17aeca918fde", "number": "2084886048", "area-code": "608"}, {"id": "049de9c74ab3df8447cb17aeca91868a", "number": "9375986236", "area-code": "302"}, {"id": "049de9c74ab3df8447cb17aeca917b67", "number": "9412132020", "area-code": "812"}, {"id": "049de9c74ab3df8447cb17aeca9170dd", "number": "2084886048", "area-code": "608"}, {"id": "049de9c74ab3df8447cb17aeca916f8c", "number": "4782104434", "area-code": "812"}, {"id": "049de9c74ab3df8447cb17aeca91661b", "number": "3474676191", "area-code": "801"}, {"id": "049de9c74ab3df8447cb17aeca915aa7", "number": "3302949958", "area-code": "330"}, {"id": "049de9c74ab3df8447cb17aeca915149", "number": "8502201803", "area-code": "812"}, {"id": "049de9c74ab3df8447cb17aeca914309", "number": "6264145556", "area-code": "562"}, {"id": "049de9c74ab3df8447cb17aeca91391b", "number": "4122534047", "area-code": "724"}, {"id": "049de9c74ab3df8447cb17aeca912b31", "number": "9549193683", "area-code": "812"}, {"id": "049de9c74ab3df8447cb17aeca911d57", "number": "7402364097", "area-code": "724"}], "meta": {"record-total": 15482}}