{"data": [{"id": "14f8acec8d63155a5f4a30bd6ce64f6a", "number": "", "area-code": "508"}, {"id": "14f8acec8d63155a5f4a30bd6ce64e83", "number": "8443144400", "area-code": "509"}, {"id": "14f8acec8d63155a5f4a30bd6ce645bf", "number": "8473052282", "area-code": "847"}, {"id": "14f8acec8d63155a5f4a30bd6ce63690", "number": "", "area-code": "847"}, {"id": "14f8acec8d63155a5f4a30bd6ce6275d", "number": "", "area-code": "847"}, {"id": "14f8acec8d63155a5f4a30bd6ce624c2", "number": "6018765987", "area-code": "520"}, {"id": "14f8acec8d63155a5f4a30bd6ce61a63", "number": "5204561181", "area-code": "520"}, {"id": "14f8acec8d63155a5f4a30bd6ce60bde", "number": "8002858585", "area-code": "520"}, {"id": "14f8acec8d63155a5f4a30bd6ce5fd22", "number": "4055834910", "area-code": "520"}, {"id": "14f8acec8d63155a5f4a30bd6ce5f75d", "number": "7255299537", "area-code": "206"}, {"id": "14f8acec8d63155a5f4a30bd6ce5f723", "number": "6018765987", "area-code": "520"}, {"id": "14f8acec8d63155a5f4a30bd6ce5eaa3", "number": "5204561181", "area-code": "520"}, {"id": "14f8acec8d63155a5f4a30bd6ce5dc2a", "number": "6024270972", "area-code": "520"}, {"id": "14f8acec8d63155a5f4a30bd6ce5cc3f", "number": "5204561181", "area-code": "520"}, {"id": "14f8acec8d63155a5f4a30bd6ce5c843", "number": "5204561181", "area-code": "520"}, {"id": "14f8acec8d63155a5f4a30bd6ce5bac7", "number": "8002858585", "area-code": "520"}, {"id": "14f8acec8d63155a5f4a30bd6ce5b75d", "number": "6024270972", "area-code": "520"}, {"id": "14f8acec8d63155a5f4a30bd6ce5a9db", "number": "5034355538", "area-code": "503"}, {"id": "14f8acec8d63155a5f4a30bd6ce59c03", "number": "5204561181", "area-code": "520"}, {"id": "14f8acec8d63155a5f4a30bd6ce59a79", "number": "6018765987", "area-code": "520"}, {"id": "14f8acec8d63155a5f4a30bd6ce58fe8", "number": "3233340013", "area-code": "805"}, {"id": "14f8acec8d63155a5f4a30bd6ce58bc3", "number": "4055834910", "area-code": "520"}, {"id": "14f8acec8d63155a5f4a30bd6ce586d8", "number": "8327743460", "area-code": "281"}, {"id": "14f8acec8d63155a5f4a30bd6ce5825d", "number": "2693269132", "area-code": "520"}, {"id": "14f8acec8d63155a5f4a30bd6ce57be9", "number": "", "area-code": "847"}, {"id": "14f8acec8d63155a5f4a30bd6ce57930", "number": "", "area-code": "847"}, {"id": "14f8acec8d63155a5f4a30bd6ce56c0a", "number": "", "area-code": "847"}, {"id": "14f8acec8d63155a5f4a30bd6ce56478", "number": "", "area-code": "847"}, {"id": "14f8acec8d63155a5f4a30bd6ce55e98", "number": "", "area-code": "847"}, {"id": "14f8acec8d63155a5f4a30bd6ce55e1a", "number": "", "area-code": "847"}, {"id": "14f8acec8d63155a5f4a30bd6ce55d7e", "number": "", "area-code": "847"}, {"id": "14f8acec8d63155a5f4a30bd6ce54a9d", "number": "6572962294", "area-code": "925"}, {"id": "14f8acec8d63155a5f4a30bd6ce5535b", "number": "", "area-code": "847"}, {"id": "14f8acec8d63155a5f4a30bd6ce54660", "number": "", "area-code": "847"}, {"id": "14f8acec8d63155a5f4a30bd6ce54608", "number": "", "area-code": "847"}, {"id": "14f8acec8d63155a5f4a30bd6ce54558", "number": "3059980714", "area-code": "708"}, {"id": "14f8acec8d63155a5f4a30bd6ce5423e", "number": "8554411572", "area-code": "847"}, {"id": "14f8acec8d63155a5f4a30bd6ce5339e", "number": "8763594584", "area-code": "530"}, {"id": "14f8acec8d63155a5f4a30bd6ce526bb", "number": "2818167259", "area-code": "281"}, {"id": "14f8acec8d63155a5f4a30bd6ce51ae1", "number": "2813501252", "area-code": "281"}, {"id": "14f8acec8d63155a5f4a30bd6ce50c62", "number": "8769095133", "area-code": "530"}, {"id": "14f8acec8d63155a5f4a30bd6ce50669", "number": "2813501252", "area-code": "281"}, {"id": "14f8acec8d63155a5f4a30bd6ce50617", "number": "8555027867", "area-code": "202"}, {"id": "14f8acec8d63155a5f4a30bd6ce4f7b8", "number": "8663877363", "area-code": "240"}, {"id": "14f8acec8d63155a5f4a30bd6ce4ec3c", "number": "2814443422", "area-code": "281"}, {"id": "14f8acec8d63155a5f4a30bd6ce4e118", "number": "5053877552", "area-code": "801"}, {"id": "14f8acec8d63155a5f4a30bd6ce4d62f", "number": "2813502074", "area-code": "281"}, {"id": "14f8acec8d63155a5f4a30bd6ce4d43e", "number": "5197396460", "area-code": "516"}, {"id": "14f8acec8d63155a5f4a30bd6ce4cb3e", "number": "8456588320", "area-code": "845"}, {"id": "14f8acec8d63155a5f4a30bd6ce4bb44", "number": "7057211381", "area-code": "516"}], "meta": {"record-total": 2197}}