{"data": [{"id": "25774e8dcefbcd5cf9058de78d315adc", "number": "+12282202896", "area-code": "601"}, {"id": "25774e8dcefbcd5cf9058de78d314665", "number": "4082649707", "area-code": "408"}, {"id": "25774e8dcefbcd5cf9058de78d3155de", "number": "+17576835499", "area-code": "619"}, {"id": "25774e8dcefbcd5cf9058de78d311d5e", "number": "3231575783", "area-code": "817"}, {"id": "25774e8dcefbcd5cf9058de78d312949", "number": "4109805218", "area-code": "301"}, {"id": "25774e8dcefbcd5cf9058de78d31098b", "number": "2129980888", "area-code": "646"}, {"id": "25774e8dcefbcd5cf9058de78d30e923", "number": "+16013915212", "area-code": "601"}, {"id": "25774e8dcefbcd5cf9058de78d314c13", "number": "+12104035029", "area-code": "619"}, {"id": "25774e8dcefbcd5cf9058de78d30ef98", "number": "8152164906", "area-code": "815"}, {"id": "25774e8dcefbcd5cf9058de78d31de1b", "number": "4078914954", "area-code": "727"}, {"id": "25774e8dcefbcd5cf9058de78d30deac", "number": "8152164906", "area-code": "815"}, {"id": "25774e8dcefbcd5cf9058de78d314f72", "number": "+12548564813", "area-code": "832"}, {"id": "25774e8dcefbcd5cf9058de78d30d117", "number": "2676097054", "area-code": "412"}, {"id": "25774e8dcefbcd5cf9058de78d30d0d3", "number": "+16198269271", "area-code": "619"}, {"id": "25774e8dcefbcd5cf9058de78d3225d5", "number": "6026714015", "area-code": "602"}, {"id": "25774e8dcefbcd5cf9058de78d01c566", "number": "8179940063", "area-code": "918"}, {"id": "25774e8dcefbcd5cf9058de78d312f90", "number": "3615702915", "area-code": "361"}, {"id": "25774e8dcefbcd5cf9058de78d31057a", "number": "8005553333", "area-code": "813"}, {"id": "25774e8dcefbcd5cf9058de78d311693", "number": "7146153918", "area-code": "818"}, {"id": "25774e8dcefbcd5cf9058de78d01b63d", "number": "3202167824", "area-code": "763"}, {"id": "25774e8dcefbcd5cf9058de78d01a65a", "number": "9726470111", "area-code": "512"}, {"id": "25774e8dcefbcd5cf9058de78d314ac0", "number": "6269218043", "area-code": "925"}, {"id": "25774e8dcefbcd5cf9058de78d30d2d8", "number": "5597226873", "area-code": "925"}, {"id": "25774e8dcefbcd5cf9058de78d3134c9", "number": "+17138609111", "area-code": "713"}, {"id": "25774e8dcefbcd5cf9058de78d363321", "number": "2398510743", "area-code": "727"}, {"id": "25774e8dcefbcd5cf9058de78d01a043", "number": "7149276759", "area-code": "714"}, {"id": "25774e8dcefbcd5cf9058de78d30fdc8", "number": "4695516557", "area-code": "469"}, {"id": "25774e8dcefbcd5cf9058de78d311d2a", "number": "4695516557", "area-code": "469"}, {"id": "25774e8dcefbcd5cf9058de78d0190e9", "number": "6024910874", "area-code": "509"}, {"id": "25774e8dcefbcd5cf9058de78d018b0b", "number": "4326178309", "area-code": "512"}, {"id": "25774e8dcefbcd5cf9058de78d3139d5", "number": "8582007895", "area-code": "424"}, {"id": "25774e8dcefbcd5cf9058de78d0181bf", "number": "", "area-code": "912"}, {"id": "25774e8dcefbcd5cf9058de78d017c07", "number": "6109821877", "area-code": "610"}, {"id": "25774e8dcefbcd5cf9058de78d0171da", "number": "2035803434", "area-code": "317"}, {"id": "25774e8dcefbcd5cf9058de78d2fcf6c", "number": "+14142602097", "area-code": "843"}, {"id": "25774e8dcefbcd5cf9058de78d016b49", "number": "3122433035", "area-code": "763"}, {"id": "25774e8dcefbcd5cf9058de78d3042c7", "number": "8474431346", "area-code": "224"}, {"id": "25774e8dcefbcd5cf9058de78d3084c1", "number": "9702725889", "area-code": "718"}, {"id": "25774e8dcefbcd5cf9058de78d307682", "number": "4752005118", "area-code": "203"}, {"id": "25774e8dcefbcd5cf9058de78d3059b7", "number": "4242003729", "area-code": "805"}, {"id": "25774e8dcefbcd5cf9058de78d300f34", "number": "7862885387", "area-code": "954"}, {"id": "25774e8dcefbcd5cf9058de78d2f9e07", "number": "8607824736", "area-code": "203"}, {"id": "25774e8dcefbcd5cf9058de78d3026b8", "number": "9043668414", "area-code": "850"}, {"id": "25774e8dcefbcd5cf9058de78d3086f9", "number": "5714153299", "area-code": "571"}, {"id": "25774e8dcefbcd5cf9058de78d303a43", "number": "+16107568358", "area-code": "757"}, {"id": "25774e8dcefbcd5cf9058de78d30a33b", "number": "3607097999", "area-code": "203"}, {"id": "25774e8dcefbcd5cf9058de78d305153", "number": "4012525115", "area-code": "401"}, {"id": "25774e8dcefbcd5cf9058de78d2faa59", "number": "+14844605997", "area-code": "317"}, {"id": "25774e8dcefbcd5cf9058de78d2fe44b", "number": "2104287588", "area-code": "832"}, {"id": "25774e8dcefbcd5cf9058de78d30b150", "number": "+14237585139", "area-code": "317"}], "meta": {"record-total": 18873}}