{"data": [{"id": "d703fb543e6fea6c83d6ada58afbdae1", "number": "6193677813", "area-code": "254"}, {"id": "d703fb543e6fea6c83d6ada58afbcfd6", "number": "7205389891", "area-code": "970"}, {"id": "d703fb543e6fea6c83d6ada58afbc959", "number": "2028669092", "area-code": "614"}, {"id": "d703fb543e6fea6c83d6ada58afbbccc", "number": "9705120010", "area-code": "509"}, {"id": "d703fb543e6fea6c83d6ada58afbbc65", "number": "8669786761", "area-code": "419"}, {"id": "d703fb543e6fea6c83d6ada58afbba68", "number": "9702891704", "area-code": "970"}, {"id": "d703fb543e6fea6c83d6ada58afba8ee", "number": "7149145948", "area-code": "714"}, {"id": "d703fb543e6fea6c83d6ada58afbb9c5", "number": "2109035426", "area-code": "210"}, {"id": "d703fb543e6fea6c83d6ada58afbb56f", "number": "2028972650", "area-code": "651"}, {"id": "d703fb543e6fea6c83d6ada58afbb354", "number": "3612520321", "area-code": "970"}, {"id": "d703fb543e6fea6c83d6ada58afba68b", "number": "5306039134", "area-code": "520"}, {"id": "d703fb543e6fea6c83d6ada58afb98d3", "number": "4025562113", "area-code": "210"}, {"id": "d703fb543e6fea6c83d6ada58afb89b3", "number": "7146415551", "area-code": "714"}, {"id": "d703fb543e6fea6c83d6ada58afb7ba5", "number": "4133345197", "area-code": "847"}, {"id": "d703fb543e6fea6c83d6ada58afb6d8f", "number": "8774447750", "area-code": "210"}, {"id": "d703fb543e6fea6c83d6ada58afb65a2", "number": "7078753649", "area-code": "707"}, {"id": "d703fb543e6fea6c83d6ada58afb624e", "number": "2108356061", "area-code": "210"}, {"id": "d703fb543e6fea6c83d6ada58afb616b", "number": "6093242440", "area-code": "609"}, {"id": "d703fb543e6fea6c83d6ada58afb52a8", "number": "3234999765", "area-code": "714"}, {"id": "d703fb543e6fea6c83d6ada58afb52f2", "number": "6099442005", "area-code": "609"}, {"id": "d703fb543e6fea6c83d6ada58afb4bee", "number": "8302028285", "area-code": "419"}, {"id": "d703fb543e6fea6c83d6ada58afb49b9", "number": "8664809073", "area-code": "631"}, {"id": "d703fb543e6fea6c83d6ada58afb3c56", "number": "6282422815", "area-code": "802"}, {"id": "d703fb543e6fea6c83d6ada58afb2776", "number": "7149144931", "area-code": "714"}, {"id": "d703fb543e6fea6c83d6ada58afb2d95", "number": "8052092112", "area-code": "210"}, {"id": "d703fb543e6fea6c83d6ada58afb173b", "number": "7149142459", "area-code": "714"}, {"id": "d703fb543e6fea6c83d6ada58afb19b2", "number": "2622142819", "area-code": "715"}, {"id": "d703fb543e6fea6c83d6ada58afb077f", "number": "7077617345", "area-code": "707"}, {"id": "d703fb543e6fea6c83d6ada58afaef2d", "number": "7149146541", "area-code": "714"}, {"id": "d703fb543e6fea6c83d6ada58afaffd7", "number": "5865196387", "area-code": "715"}, {"id": "d703fb543e6fea6c83d6ada58afafb5c", "number": "6083716666", "area-code": "210"}, {"id": "d703fb543e6fea6c83d6ada58afafa6a", "number": "8727600863", "area-code": "708"}, {"id": "d703fb543e6fea6c83d6ada58afae4a2", "number": "8326620885", "area-code": "210"}, {"id": "d703fb543e6fea6c83d6ada58afae003", "number": "3303605152", "area-code": "708"}, {"id": "d703fb543e6fea6c83d6ada58afad641", "number": "7145943826", "area-code": "714"}, {"id": "d703fb543e6fea6c83d6ada58afadecb", "number": "2109035094", "area-code": "210"}, {"id": "d703fb543e6fea6c83d6ada58afad4df", "number": "3022112620", "area-code": "302"}, {"id": "d703fb543e6fea6c83d6ada58afac827", "number": "9364387703", "area-code": "708"}, {"id": "d703fb543e6fea6c83d6ada58afabe05", "number": "3024283707", "area-code": "302"}, {"id": "d703fb543e6fea6c83d6ada58afab0ca", "number": "5619037023", "area-code": "302"}, {"id": "d703fb543e6fea6c83d6ada58afaa4eb", "number": "8448464590", "area-code": "941"}, {"id": "d703fb543e6fea6c83d6ada58afaa375", "number": "8003563477", "area-code": "903"}, {"id": "d703fb543e6fea6c83d6ada58afa9d29", "number": "8009359935", "area-code": "732"}, {"id": "d703fb543e6fea6c83d6ada58afa97da", "number": "4702320158", "area-code": "404"}, {"id": "d703fb543e6fea6c83d6ada58afa8e3a", "number": "6467982906", "area-code": "646"}, {"id": "d703fb543e6fea6c83d6ada58afa8590", "number": "6469217819", "area-code": "646"}, {"id": "d703fb543e6fea6c83d6ada58afa7919", "number": "2035708764", "area-code": "646"}, {"id": "d703fb543e6fea6c83d6ada58afa6d1d", "number": "2032428337", "area-code": "702"}, {"id": "d703fb543e6fea6c83d6ada58afa6636", "number": "7622244981", "area-code": "404"}, {"id": "d703fb543e6fea6c83d6ada58afa6570", "number": "8009359935", "area-code": "732"}], "meta": {"record-total": 13500}}