{"data": [{"id": "14f8acec8d63155a5f4a30bd6c0dad39", "number": "7048617176", "area-code": "607"}, {"id": "14f8acec8d63155a5f4a30bd6c0da0f5", "number": "", "area-code": "818"}, {"id": "14f8acec8d63155a5f4a30bd6c0d93d0", "number": "55103702924", "area-code": "510"}, {"id": "14f8acec8d63155a5f4a30bd6c0d9312", "number": "4849967570", "area-code": "302"}, {"id": "14f8acec8d63155a5f4a30bd6c0d8eee", "number": "4805508844", "area-code": "302"}, {"id": "14f8acec8d63155a5f4a30bd6c0d8690", "number": "8457938101", "area-code": "586"}, {"id": "14f8acec8d63155a5f4a30bd6c0d849b", "number": "7243059138", "area-code": "215"}, {"id": "14f8acec8d63155a5f4a30bd6c0d757d", "number": "4074567054", "area-code": "302"}, {"id": "14f8acec8d63155a5f4a30bd6c0d732d", "number": "2105838304", "area-code": "619"}, {"id": "14f8acec8d63155a5f4a30bd6c0d72f0", "number": "3342492127", "area-code": "503"}, {"id": "14f8acec8d63155a5f4a30bd6c0d67d0", "number": "2159243324", "area-code": "215"}, {"id": "14f8acec8d63155a5f4a30bd6c0d6683", "number": "2053688101", "area-code": "510"}, {"id": "14f8acec8d63155a5f4a30bd6c0d5800", "number": "7073064471", "area-code": "801"}, {"id": "14f8acec8d63155a5f4a30bd6c0d52fb", "number": "4843678451", "area-code": "215"}, {"id": "14f8acec8d63155a5f4a30bd6c0d46e3", "number": "8009505114", "area-code": "408"}, {"id": "14f8acec8d63155a5f4a30bd6c0d3b5c", "number": "2126333017", "area-code": "917"}, {"id": "14f8acec8d63155a5f4a30bd6c0d38cc", "number": "3342492127", "area-code": "503"}, {"id": "14f8acec8d63155a5f4a30bd6c0d30bb", "number": "2126336658", "area-code": "917"}, {"id": "14f8acec8d63155a5f4a30bd6c0d279e", "number": "6467239647", "area-code": "814"}, {"id": "14f8acec8d63155a5f4a30bd6c0d1d3b", "number": "2029315051", "area-code": "614"}, {"id": "14f8acec8d63155a5f4a30bd6c0d1125", "number": "4792276877", "area-code": "479"}, {"id": "14f8acec8d63155a5f4a30bd6c1983cd", "number": "+13126421759", "area-code": "612"}, {"id": "14f8acec8d63155a5f4a30bd6c0d0728", "number": "8925445365", "area-code": "919"}, {"id": "14f8acec8d63155a5f4a30bd6c0d004f", "number": "8002752273", "area-code": "626"}, {"id": "14f8acec8d63155a5f4a30bd6c0cf186", "number": "8003885195", "area-code": "760"}, {"id": "14f8acec8d63155a5f4a30bd6c0ce3cc", "number": "4792276877", "area-code": "479"}, {"id": "14f8acec8d63155a5f4a30bd6c0cd57e", "number": "5197396460", "area-code": "516"}, {"id": "14f8acec8d63155a5f4a30bd6c0cccb9", "number": "3232845094", "area-code": "530"}, {"id": "14f8acec8d63155a5f4a30bd6c0cca72", "number": "8007421063", "area-code": "909"}, {"id": "14f8acec8d63155a5f4a30bd6c0cbd9b", "number": "4152313643", "area-code": "303"}, {"id": "14f8acec8d63155a5f4a30bd6c197ada", "number": "+13253875238", "area-code": "325"}, {"id": "14f8acec8d63155a5f4a30bd6c0cb839", "number": "8007424261", "area-code": "909"}, {"id": "14f8acec8d63155a5f4a30bd6c0cb326", "number": "8700833133", "area-code": "256"}, {"id": "14f8acec8d63155a5f4a30bd6c0ca86d", "number": "8007424261", "area-code": "909"}, {"id": "14f8acec8d63155a5f4a30bd6c0ca053", "number": "2145191949", "area-code": "650"}, {"id": "14f8acec8d63155a5f4a30bd6c0c963d", "number": "8007426900", "area-code": "909"}, {"id": "14f8acec8d63155a5f4a30bd6c0c8cdc", "number": "5809920667", "area-code": "801"}, {"id": "14f8acec8d63155a5f4a30bd6c14b187", "number": "3146961090", "area-code": "816"}, {"id": "14f8acec8d63155a5f4a30bd6c0c87ed", "number": "", "area-code": "310"}, {"id": "14f8acec8d63155a5f4a30bd6c0c8097", "number": "5624960779", "area-code": "562"}, {"id": "14f8acec8d63155a5f4a30bd6c0c8025", "number": "7043857225", "area-code": "919"}, {"id": "14f8acec8d63155a5f4a30bd6c0c7b6f", "number": "8006278372", "area-code": "614"}, {"id": "14f8acec8d63155a5f4a30bd6c0c7325", "number": "8568613250", "area-code": "602"}, {"id": "14f8acec8d63155a5f4a30bd6c0c6d39", "number": "6614078280", "area-code": "661"}, {"id": "14f8acec8d63155a5f4a30bd6c0c63f8", "number": "8552457098", "area-code": "918"}, {"id": "14f8acec8d63155a5f4a30bd6c0c5f6e", "number": "7208050712", "area-code": "831"}, {"id": "14f8acec8d63155a5f4a30bd6c0c5afb", "number": "8443625478", "area-code": "972"}, {"id": "14f8acec8d63155a5f4a30bd6c0c571e", "number": "8327346235", "area-code": "713"}, {"id": "14f8acec8d63155a5f4a30bd6c0c46a1", "number": "8443625478", "area-code": "972"}, {"id": "14f8acec8d63155a5f4a30bd6c0c521d", "number": "", "area-code": "425"}], "meta": {"record-total": 11521}}