{"data": [{"id": "a5f1c609ca7fcc968da70c3fd36792fc", "number": "6164390012", "area-code": "810"}, {"id": "a5f1c609ca7fcc968da70c3fd3678658", "number": "2067052699", "area-code": "206"}, {"id": "a5f1c609ca7fcc968da70c3fd3678393", "number": "7203163789", "area-code": "936"}, {"id": "a5f1c609ca7fcc968da70c3fd367822c", "number": "2512573297", "area-code": "334"}, {"id": "a5f1c609ca7fcc968da70c3fd367768d", "number": "6512732877", "area-code": "651"}, {"id": "a5f1c609ca7fcc968da70c3fd3676cf1", "number": "9362780746", "area-code": "936"}, {"id": "a5f1c609ca7fcc968da70c3fd3675db4", "number": "7179995990", "area-code": "717"}, {"id": "a5f1c609ca7fcc968da70c3fd3675164", "number": "6513649551", "area-code": "651"}, {"id": "a5f1c609ca7fcc968da70c3fd36746ba", "number": "9726561660", "area-code": "936"}, {"id": "a5f1c609ca7fcc968da70c3fd3673a91", "number": "9525209360", "area-code": "651"}, {"id": "a5f1c609ca7fcc968da70c3fd3672d74", "number": "2143044317", "area-code": "936"}, {"id": "a5f1c609ca7fcc968da70c3fd3671f03", "number": "2605270799", "area-code": "651"}, {"id": "a5f1c609ca7fcc968da70c3fd3671529", "number": "2143044317", "area-code": "936"}, {"id": "a5f1c609ca7fcc968da70c3fd3670fa0", "number": "2029721539", "area-code": "936"}, {"id": "a5f1c609ca7fcc968da70c3fd367025c", "number": "2019868122", "area-code": "503"}, {"id": "a5f1c609ca7fcc968da70c3fd366fd16", "number": "2106860124", "area-code": "503"}, {"id": "a5f1c609ca7fcc968da70c3fd366fcb2", "number": "8563449426", "area-code": "936"}, {"id": "a5f1c609ca7fcc968da70c3fd366eef7", "number": "6234442322", "area-code": "503"}, {"id": "a5f1c609ca7fcc968da70c3fd366eca9", "number": "3103071002", "area-code": "503"}, {"id": "a5f1c609ca7fcc968da70c3fd366e529", "number": "9363129459", "area-code": "936"}, {"id": "a5f1c609ca7fcc968da70c3fd366dfbd", "number": "3105301071", "area-code": "503"}, {"id": "a5f1c609ca7fcc968da70c3fd366d933", "number": "", "area-code": "404"}, {"id": "a5f1c609ca7fcc968da70c3fd366d541", "number": "2143044317", "area-code": "936"}, {"id": "a5f1c609ca7fcc968da70c3fd366cc04", "number": "", "area-code": "315"}, {"id": "a5f1c609ca7fcc968da70c3fd366ca87", "number": "3105301071", "area-code": "503"}, {"id": "a5f1c609ca7fcc968da70c3fd366c64d", "number": "2107414637", "area-code": "805"}, {"id": "a5f1c609ca7fcc968da70c3fd366bb56", "number": "6084708057", "area-code": "608"}, {"id": "a5f1c609ca7fcc968da70c3fd366ad44", "number": "2818576631", "area-code": "503"}, {"id": "a5f1c609ca7fcc968da70c3fd366a6e1", "number": "7152404675", "area-code": "715"}, {"id": "a5f1c609ca7fcc968da70c3fd36697ce", "number": "4103975728", "area-code": "562"}, {"id": "a5f1c609ca7fcc968da70c3fd3669526", "number": "2029721526", "area-code": "936"}, {"id": "a5f1c609ca7fcc968da70c3fd3668f94", "number": "8882081001", "area-code": "253"}, {"id": "a5f1c609ca7fcc968da70c3fd3668de5", "number": "6172774501", "area-code": "617"}, {"id": "a5f1c609ca7fcc968da70c3fd366826c", "number": "4022521445", "area-code": "813"}, {"id": "a5f1c609ca7fcc968da70c3fd366747c", "number": "2172952554", "area-code": "304"}, {"id": "a5f1c609ca7fcc968da70c3fd3667234", "number": "8025209735", "area-code": "617"}, {"id": "a5f1c609ca7fcc968da70c3fd3666b6b", "number": "9726561660", "area-code": "936"}, {"id": "a5f1c609ca7fcc968da70c3fd366658f", "number": "6504021982", "area-code": "617"}, {"id": "a5f1c609ca7fcc968da70c3fd3665676", "number": "5203539911", "area-code": "520"}, {"id": "a5f1c609ca7fcc968da70c3fd36652e8", "number": "5033008343", "area-code": "702"}, {"id": "a5f1c609ca7fcc968da70c3fd3664f79", "number": "8024233323", "area-code": "405"}, {"id": "a5f1c609ca7fcc968da70c3fd3664b2a", "number": "5165595909", "area-code": "516"}, {"id": "a5f1c609ca7fcc968da70c3fd3663e4e", "number": "9362780746", "area-code": "936"}, {"id": "a5f1c609ca7fcc968da70c3fd366326a", "number": "2182618017", "area-code": "405"}, {"id": "a5f1c609ca7fcc968da70c3fd3662b2e", "number": "2533036694", "area-code": "253"}, {"id": "a5f1c609ca7fcc968da70c3fd3661d61", "number": "8332053944", "area-code": "405"}, {"id": "a5f1c609ca7fcc968da70c3fd3661876", "number": "2102818390", "area-code": "936"}, {"id": "a5f1c609ca7fcc968da70c3fd36617a2", "number": "8332053938", "area-code": "405"}, {"id": "a5f1c609ca7fcc968da70c3fd3660be7", "number": "7142993571", "area-code": "503"}, {"id": "a5f1c609ca7fcc968da70c3fd36604d7", "number": "3153001463", "area-code": "405"}], "meta": {"record-total": 14059}}