{"data": [{"id": "c910cc71f8e049bbd4c1a911f3ed0f2d", "number": "8209591207", "area-code": "310"}, {"id": "c910cc71f8e049bbd4c1a911f3ed0441", "number": "2012284778", "area-code": "732"}, {"id": "c910cc71f8e049bbd4c1a911f3ecf97a", "number": "2098138729", "area-code": "303"}, {"id": "c910cc71f8e049bbd4c1a911f3eceb7f", "number": "5415321589", "area-code": "541"}, {"id": "c910cc71f8e049bbd4c1a911f3ece122", "number": "8181182770", "area-code": "602"}, {"id": "c910cc71f8e049bbd4c1a911f3ecdb12", "number": "", "area-code": "518"}, {"id": "c910cc71f8e049bbd4c1a911f3ecd116", "number": "3239131748", "area-code": "310"}, {"id": "c910cc71f8e049bbd4c1a911f3ecc626", "number": "2093100768", "area-code": "602"}, {"id": "c910cc71f8e049bbd4c1a911f3ecc340", "number": "7342120", "area-code": "303"}, {"id": "c910cc71f8e049bbd4c1a911f3ecc02f", "number": "6026923581", "area-code": "602"}, {"id": "c910cc71f8e049bbd4c1a911f3ecbb1a", "number": "3037574447", "area-code": "303"}, {"id": "c910cc71f8e049bbd4c1a911f3ecb165", "number": "4692966215", "area-code": "559"}, {"id": "c910cc71f8e049bbd4c1a911f3eca86d", "number": "8482334580", "area-code": "732"}, {"id": "c910cc71f8e049bbd4c1a911f3ec9e78", "number": "3149261986", "area-code": "602"}, {"id": "c910cc71f8e049bbd4c1a911f3ec9cfe", "number": "6183158282", "area-code": "618"}, {"id": "c910cc71f8e049bbd4c1a911f3ec909b", "number": "3037574447", "area-code": "303"}, {"id": "c910cc71f8e049bbd4c1a911f3ec8451", "number": "3306175336", "area-code": "303"}, {"id": "c910cc71f8e049bbd4c1a911f3ec834c", "number": "6189529073", "area-code": "618"}, {"id": "c910cc71f8e049bbd4c1a911f3ec7656", "number": "9543899294", "area-code": "732"}, {"id": "c910cc71f8e049bbd4c1a911f3ec68a4", "number": "3037576068", "area-code": "303"}, {"id": "c910cc71f8e049bbd4c1a911f3ec5bba", "number": "6182180652", "area-code": "618"}, {"id": "c910cc71f8e049bbd4c1a911f3ec4cdd", "number": "2108889336", "area-code": "512"}, {"id": "c910cc71f8e049bbd4c1a911f3ec4a66", "number": "5109213937", "area-code": "510"}, {"id": "c910cc71f8e049bbd4c1a911f3ec3d1c", "number": "9078024507", "area-code": "907"}, {"id": "c910cc71f8e049bbd4c1a911f3ec33bf", "number": "7342120", "area-code": "303"}, {"id": "c910cc71f8e049bbd4c1a911f3ec3323", "number": "2126544111", "area-code": "973"}, {"id": "c910cc71f8e049bbd4c1a911f3ec31fe", "number": "5128796053", "area-code": "512"}, {"id": "c910cc71f8e049bbd4c1a911f3ec23a9", "number": "7342120", "area-code": "303"}, {"id": "c910cc71f8e049bbd4c1a911f3ec227f", "number": "6186341018", "area-code": "618"}, {"id": "c910cc71f8e049bbd4c1a911f3ec1781", "number": "9892666449", "area-code": "907"}, {"id": "c910cc71f8e049bbd4c1a911f3ec089d", "number": "5122481497", "area-code": "512"}, {"id": "c910cc71f8e049bbd4c1a911f3ec07b5", "number": "6189743037", "area-code": "618"}, {"id": "c910cc71f8e049bbd4c1a911f3ec004b", "number": "5235411665", "area-code": "925"}, {"id": "c910cc71f8e049bbd4c1a911f3ebf543", "number": "4235280068", "area-code": "586"}, {"id": "c910cc71f8e049bbd4c1a911f3ebea06", "number": "5122650028", "area-code": "512"}, {"id": "c910cc71f8e049bbd4c1a911f3ebe20b", "number": "9173273361", "area-code": "618"}, {"id": "c910cc71f8e049bbd4c1a911f3ebd746", "number": "4084384700", "area-code": "408"}, {"id": "c910cc71f8e049bbd4c1a911f3ebcacd", "number": "9139148318", "area-code": "913"}, {"id": "c910cc71f8e049bbd4c1a911f3ebc3b3", "number": "5179408002", "area-code": "586"}, {"id": "c910cc71f8e049bbd4c1a911f3ebbdb0", "number": "5173861860", "area-code": "512"}, {"id": "c910cc71f8e049bbd4c1a911f3ebb3c5", "number": "3096963099", "area-code": "309"}, {"id": "c910cc71f8e049bbd4c1a911f3ebb03c", "number": "6188356940", "area-code": "618"}, {"id": "c910cc71f8e049bbd4c1a911f3eba888", "number": "5122952460", "area-code": "512"}, {"id": "c910cc71f8e049bbd4c1a911f3eb9a1e", "number": "8555848315", "area-code": "586"}, {"id": "c910cc71f8e049bbd4c1a911f3eb8674", "number": "6182268666", "area-code": "618"}, {"id": "c910cc71f8e049bbd4c1a911f3eb8dcd", "number": "5127767111", "area-code": "512"}, {"id": "c910cc71f8e049bbd4c1a911f3eb77ef", "number": "2013416365", "area-code": "718"}, {"id": "c910cc71f8e049bbd4c1a911f3eb6fbb", "number": "6182025097", "area-code": "618"}, {"id": "c910cc71f8e049bbd4c1a911f3eb601a", "number": "7372507858", "area-code": "512"}, {"id": "c910cc71f8e049bbd4c1a911f3eb516d", "number": "6185867632", "area-code": "618"}], "meta": {"record-total": 15802}}