{"data": [{"id": "e88f6f82ad15b7475a6ce79a59cf38f2", "number": "4152592815", "area-code": "415"}, {"id": "e88f6f82ad15b7475a6ce79a59cf249f", "number": "5105221055", "area-code": "510"}, {"id": "e88f6f82ad15b7475a6ce79a59cf3709", "number": "", "area-code": "520"}, {"id": "e88f6f82ad15b7475a6ce79a59cf306a", "number": "8669873285", "area-code": "415"}, {"id": "e88f6f82ad15b7475a6ce79a59cf1754", "number": "27472097317", "area-code": "415"}, {"id": "e88f6f82ad15b7475a6ce79a59cf11e8", "number": "2027505128", "area-code": "678"}, {"id": "e88f6f82ad15b7475a6ce79a59cf0b4e", "number": "3083658751", "area-code": "704"}, {"id": "e88f6f82ad15b7475a6ce79a59cefe10", "number": "4152598177", "area-code": "415"}, {"id": "e88f6f82ad15b7475a6ce79a59cefc9e", "number": "", "area-code": "520"}, {"id": "e88f6f82ad15b7475a6ce79a59ceeddb", "number": "8038110914", "area-code": "803"}, {"id": "e88f6f82ad15b7475a6ce79a59ceeb72", "number": "6232636971", "area-code": "520"}, {"id": "e88f6f82ad15b7475a6ce79a59cee1d9", "number": "4152238203", "area-code": "415"}, {"id": "e88f6f82ad15b7475a6ce79a59ced377", "number": "2026601768", "area-code": "213"}, {"id": "e88f6f82ad15b7475a6ce79a59ced87d", "number": "8035988612", "area-code": "803"}, {"id": "e88f6f82ad15b7475a6ce79a59ced7ea", "number": "5104711641", "area-code": "510"}, {"id": "e88f6f82ad15b7475a6ce79a59cec4ca", "number": "8038042053", "area-code": "803"}, {"id": "e88f6f82ad15b7475a6ce79a59ceae55", "number": "2026601768", "area-code": "323"}, {"id": "e88f6f82ad15b7475a6ce79a59cebe57", "number": "3202289807", "area-code": "803"}, {"id": "e88f6f82ad15b7475a6ce79a59ceae7c", "number": "7754739119", "area-code": "702"}, {"id": "e88f6f82ad15b7475a6ce79a59ceaa57", "number": "9855268888", "area-code": "803"}, {"id": "e88f6f82ad15b7475a6ce79a59cea57d", "number": "3019799798", "area-code": "319"}, {"id": "e88f6f82ad15b7475a6ce79a59ce9817", "number": "8038171547", "area-code": "803"}, {"id": "e88f6f82ad15b7475a6ce79a59ce8950", "number": "", "area-code": "404"}, {"id": "e88f6f82ad15b7475a6ce79a59ce7f7f", "number": "8646572731", "area-code": "803"}, {"id": "e88f6f82ad15b7475a6ce79a59ce7991", "number": "4086921398", "area-code": "408"}, {"id": "e88f6f82ad15b7475a6ce79a59ce785e", "number": "6507776579", "area-code": "408"}, {"id": "e88f6f82ad15b7475a6ce79a59ce7800", "number": "4089961733", "area-code": "408"}, {"id": "e88f6f82ad15b7475a6ce79a59ce6f8e", "number": "5635284958", "area-code": "773"}, {"id": "e88f6f82ad15b7475a6ce79a59ce69da", "number": "7076431765", "area-code": "707"}, {"id": "e88f6f82ad15b7475a6ce79a59ce605c", "number": "4438054554", "area-code": "443"}, {"id": "e88f6f82ad15b7475a6ce79a59ce5875", "number": "2027889282", "area-code": "916"}, {"id": "e88f6f82ad15b7475a6ce79a59ce4e4e", "number": "9564155639", "area-code": "972"}, {"id": "e88f6f82ad15b7475a6ce79a59ce4c42", "number": "4075064693", "area-code": "702"}, {"id": "e88f6f82ad15b7475a6ce79a59ce4794", "number": "6232323431", "area-code": "602"}, {"id": "e88f6f82ad15b7475a6ce79a59ce3c4b", "number": "6232323431", "area-code": "602"}, {"id": "e88f6f82ad15b7475a6ce79a59ce307f", "number": "5125705648", "area-code": "972"}, {"id": "e88f6f82ad15b7475a6ce79a59ce2c0b", "number": "5624699639", "area-code": "310"}, {"id": "e88f6f82ad15b7475a6ce79a59ce2d91", "number": "8772042453", "area-code": "602"}, {"id": "e88f6f82ad15b7475a6ce79a59ce2167", "number": "8772048744", "area-code": "602"}, {"id": "e88f6f82ad15b7475a6ce79a59ce1b9b", "number": "6193759750", "area-code": "602"}, {"id": "e88f6f82ad15b7475a6ce79a59ce0ccf", "number": "2817892726", "area-code": "281"}, {"id": "e88f6f82ad15b7475a6ce79a59ce0bc0", "number": "2143645878", "area-code": "214"}, {"id": "e88f6f82ad15b7475a6ce79a59cdfbd3", "number": "2143646044", "area-code": "214"}, {"id": "e88f6f82ad15b7475a6ce79a59cdee6d", "number": "3103170097", "area-code": "310"}, {"id": "e88f6f82ad15b7475a6ce79a59cde2d5", "number": "2143641142", "area-code": "214"}, {"id": "e88f6f82ad15b7475a6ce79a59cddc2e", "number": "2143647991", "area-code": "214"}, {"id": "e88f6f82ad15b7475a6ce79a59cdd999", "number": "5136469391", "area-code": "717"}, {"id": "e88f6f82ad15b7475a6ce79a59cdc9ef", "number": "7081394307", "area-code": "708"}, {"id": "e88f6f82ad15b7475a6ce79a59cdbfd0", "number": "2143643658", "area-code": "214"}, {"id": "e88f6f82ad15b7475a6ce79a59cdb207", "number": "7812261195", "area-code": "708"}], "meta": {"record-total": 1918}}