{"data": [{"id": "5cf3d5bbea8c7ff0e74845c7a0d3011e", "number": "4327560032", "area-code": "432"}, {"id": "5cf3d5bbea8c7ff0e74845c7a0d2f980", "number": "9028613683", "area-code": "651"}, {"id": "5cf3d5bbea8c7ff0e74845c7a0d2ec8c", "number": "7148620769", "area-code": "510"}, {"id": "5cf3d5bbea8c7ff0e74845c7a0d2e85b", "number": "5614676069", "area-code": "561"}, {"id": "5cf3d5bbea8c7ff0e74845c7a0d2e714", "number": "9026931812", "area-code": "651"}, {"id": "5cf3d5bbea8c7ff0e74845c7a0d2d979", "number": "7148626801", "area-code": "510"}, {"id": "5cf3d5bbea8c7ff0e74845c7a0d2cc8a", "number": "4079422358", "area-code": "407"}, {"id": "5cf3d5bbea8c7ff0e74845c7a0d2c377", "number": "6612610252", "area-code": "661"}, {"id": "5cf3d5bbea8c7ff0e74845c7a0d2c352", "number": "__________", "area-code": "805"}, {"id": "5cf3d5bbea8c7ff0e74845c7a0d2b687", "number": "9029665769", "area-code": "651"}, {"id": "5cf3d5bbea8c7ff0e74845c7a0d2b292", "number": "7148626376", "area-code": "510"}, {"id": "5cf3d5bbea8c7ff0e74845c7a0d2b0fd", "number": "8433508776", "area-code": "435"}, {"id": "5cf3d5bbea8c7ff0e74845c7a0d2a174", "number": "7148627523", "area-code": "510"}, {"id": "5cf3d5bbea8c7ff0e74845c7a0d29abd", "number": "2024411671", "area-code": "651"}, {"id": "5cf3d5bbea8c7ff0e74845c7a0d291ed", "number": "5022369642", "area-code": "502"}, {"id": "5cf3d5bbea8c7ff0e74845c7a0d2826d", "number": "6513694708", "area-code": "651"}, {"id": "5cf3d5bbea8c7ff0e74845c7a0d2795a", "number": "7148621349", "area-code": "510"}, {"id": "5cf3d5bbea8c7ff0e74845c7a0d271c6", "number": "9022625723", "area-code": "651"}, {"id": "5cf3d5bbea8c7ff0e74845c7a0d26b3d", "number": "9029455096", "area-code": "651"}, {"id": "5cf3d5bbea8c7ff0e74845c7a0d26050", "number": "9028560698", "area-code": "651"}, {"id": "5cf3d5bbea8c7ff0e74845c7a0d2598e", "number": "9176902506", "area-code": "651"}, {"id": "5cf3d5bbea8c7ff0e74845c7a0d23ca1", "number": "3604439632", "area-code": "907"}, {"id": "5cf3d5bbea8c7ff0e74845c7a0d256a2", "number": "9023990128", "area-code": "651"}, {"id": "5cf3d5bbea8c7ff0e74845c7a0d25623", "number": "4012102412", "area-code": "808"}, {"id": "5cf3d5bbea8c7ff0e74845c7a0d24c8d", "number": "9522435289", "area-code": "612"}, {"id": "5cf3d5bbea8c7ff0e74845c7a0d24aea", "number": "9024889837", "area-code": "651"}, {"id": "5cf3d5bbea8c7ff0e74845c7a0d23916", "number": "2023137707", "area-code": "651"}, {"id": "5cf3d5bbea8c7ff0e74845c7a0d2388b", "number": "4146886472", "area-code": "414"}, {"id": "5cf3d5bbea8c7ff0e74845c7a0d233e6", "number": "3202332436", "area-code": "651"}, {"id": "5cf3d5bbea8c7ff0e74845c7a0d22507", "number": "9029266333", "area-code": "651"}, {"id": "5cf3d5bbea8c7ff0e74845c7a0d21b07", "number": "9022800727", "area-code": "651"}, {"id": "5cf3d5bbea8c7ff0e74845c7a0d20d44", "number": "2562927367", "area-code": "256"}, {"id": "5cf3d5bbea8c7ff0e74845c7a0d2028f", "number": "6122503561", "area-code": "651"}, {"id": "5cf3d5bbea8c7ff0e74845c7a0d1fced", "number": "9376374089", "area-code": "716"}, {"id": "5cf3d5bbea8c7ff0e74845c7a0d1fc22", "number": "", "area-code": "850"}, {"id": "5cf3d5bbea8c7ff0e74845c7a0d1f23e", "number": "8124987301", "area-code": "812"}, {"id": "5cf3d5bbea8c7ff0e74845c7a0d1ebbf", "number": "6072464624", "area-code": "716"}, {"id": "5cf3d5bbea8c7ff0e74845c7a0d1eb66", "number": "6125947930", "area-code": "651"}, {"id": "5cf3d5bbea8c7ff0e74845c7a0d1e192", "number": "8123650702", "area-code": "812"}, {"id": "5cf3d5bbea8c7ff0e74845c7a0d1d3b4", "number": "2565593927", "area-code": "256"}, {"id": "5cf3d5bbea8c7ff0e74845c7a0d1c521", "number": "9172851208", "area-code": "510"}, {"id": "5cf3d5bbea8c7ff0e74845c7a0d1c3e3", "number": "2192207456", "area-code": "812"}, {"id": "5cf3d5bbea8c7ff0e74845c7a0d1c3a6", "number": "6786751158", "area-code": "651"}, {"id": "5cf3d5bbea8c7ff0e74845c7a0d1b707", "number": "2155837706", "area-code": "580"}, {"id": "5cf3d5bbea8c7ff0e74845c7a0d1aac2", "number": "4126438988", "area-code": "808"}, {"id": "5cf3d5bbea8c7ff0e74845c7a0d19ead", "number": "7148621835", "area-code": "608"}, {"id": "5cf3d5bbea8c7ff0e74845c7a0d19279", "number": "7016666997", "area-code": "812"}, {"id": "5cf3d5bbea8c7ff0e74845c7a0d184dc", "number": "3206752436", "area-code": "651"}, {"id": "5cf3d5bbea8c7ff0e74845c7a0d174df", "number": "2565593927", "area-code": "256"}, {"id": "5cf3d5bbea8c7ff0e74845c7a0d17387", "number": "7168564947", "area-code": "716"}], "meta": {"record-total": 13161}}