{"data": [{"id": "3aaf6e3eed4a08cb4e17e691b1d51d7b", "number": "5594079600", "area-code": "559"}, {"id": "3aaf6e3eed4a08cb4e17e691b1d51b6c", "number": "6262224417", "area-code": "626"}, {"id": "3aaf6e3eed4a08cb4e17e691b1d51468", "number": "4437961784", "area-code": "608"}, {"id": "3aaf6e3eed4a08cb4e17e691b1d51377", "number": "9093941919", "area-code": "909"}, {"id": "3aaf6e3eed4a08cb4e17e691b1d504a0", "number": "6616702612", "area-code": "520"}, {"id": "3aaf6e3eed4a08cb4e17e691b1d4fdac", "number": "9092487704", "area-code": "909"}, {"id": "3aaf6e3eed4a08cb4e17e691b1d4f04e", "number": "3853173039", "area-code": "801"}, {"id": "3aaf6e3eed4a08cb4e17e691b1d4e1fa", "number": "5864883428", "area-code": "586"}, {"id": "3aaf6e3eed4a08cb4e17e691b1d4d8ab", "number": "5057788707", "area-code": "505"}, {"id": "3aaf6e3eed4a08cb4e17e691b1d4d2a0", "number": "5175366842", "area-code": "586"}, {"id": "3aaf6e3eed4a08cb4e17e691b1d4c8fa", "number": "9808008408", "area-code": "919"}, {"id": "3aaf6e3eed4a08cb4e17e691b1d4b9a7", "number": "3149334495", "area-code": "314"}, {"id": "3aaf6e3eed4a08cb4e17e691b1d4b2e0", "number": "8882804331", "area-code": "912"}, {"id": "3aaf6e3eed4a08cb4e17e691b1d4aba8", "number": "5096536390", "area-code": "360"}, {"id": "3aaf6e3eed4a08cb4e17e691b1d4a3ba", "number": "8009423767", "area-code": "620"}, {"id": "3aaf6e3eed4a08cb4e17e691b1d498fa", "number": "8552242952", "area-code": "702"}, {"id": "3aaf6e3eed4a08cb4e17e691b1d48a5d", "number": "5624492507", "area-code": "307"}, {"id": "3aaf6e3eed4a08cb4e17e691b1d48717", "number": "", "area-code": "248"}, {"id": "3aaf6e3eed4a08cb4e17e691b1d47c16", "number": "3093200492", "area-code": "605"}, {"id": "3aaf6e3eed4a08cb4e17e691b1d47114", "number": "6083659051", "area-code": "608"}, {"id": "3aaf6e3eed4a08cb4e17e691b1d4634f", "number": "2762193139", "area-code": "980"}, {"id": "3aaf6e3eed4a08cb4e17e691b1d45c7b", "number": "8664842614", "area-code": "508"}, {"id": "3aaf6e3eed4a08cb4e17e691b1d459db", "number": "3093200494", "area-code": "605"}, {"id": "3aaf6e3eed4a08cb4e17e691b1d45166", "number": "4799689407", "area-code": "479"}, {"id": "3aaf6e3eed4a08cb4e17e691b1d4460f", "number": "4052587864", "area-code": "405"}, {"id": "3aaf6e3eed4a08cb4e17e691b1d43f8e", "number": "5153104266", "area-code": "515"}, {"id": "3aaf6e3eed4a08cb4e17e691b1d43624", "number": "5417462366", "area-code": "541"}, {"id": "3aaf6e3eed4a08cb4e17e691b1d42b51", "number": "8104436269", "area-code": "810"}, {"id": "3aaf6e3eed4a08cb4e17e691b1d42264", "number": "9712331105", "area-code": "608"}, {"id": "3aaf6e3eed4a08cb4e17e691b1d41674", "number": "2345295366", "area-code": "405"}, {"id": "3aaf6e3eed4a08cb4e17e691b1d40ab8", "number": "8778057744", "area-code": "405"}, {"id": "3aaf6e3eed4a08cb4e17e691b1d3fe21", "number": "2083278751", "area-code": "609"}, {"id": "3aaf6e3eed4a08cb4e17e691b1d3f81b", "number": "5096962093", "area-code": "509"}, {"id": "3aaf6e3eed4a08cb4e17e691b1d3ef4c", "number": "2602031570", "area-code": "808"}, {"id": "3aaf6e3eed4a08cb4e17e691b1d3eee0", "number": "5098481105", "area-code": "509"}, {"id": "3aaf6e3eed4a08cb4e17e691b1d3e86e", "number": "", "area-code": "330"}, {"id": "3aaf6e3eed4a08cb4e17e691b1d3d9c3", "number": "9176600930", "area-code": "917"}, {"id": "3aaf6e3eed4a08cb4e17e691b1d3d5ba", "number": "9092415626", "area-code": "909"}, {"id": "3aaf6e3eed4a08cb4e17e691b1d3cd06", "number": "5614865625", "area-code": "561"}, {"id": "3aaf6e3eed4a08cb4e17e691b1d3c921", "number": "9099361715", "area-code": "909"}, {"id": "3aaf6e3eed4a08cb4e17e691b1d3c545", "number": "8002827541", "area-code": "509"}, {"id": "3aaf6e3eed4a08cb4e17e691b1d3b90a", "number": "123480691", "area-code": "480"}, {"id": "3aaf6e3eed4a08cb4e17e691b1d3b507", "number": "9092415626", "area-code": "909"}, {"id": "3aaf6e3eed4a08cb4e17e691b1d3a9c6", "number": "8664282424", "area-code": "509"}, {"id": "3aaf6e3eed4a08cb4e17e691b1d3a16c", "number": "9099361715", "area-code": "909"}, {"id": "3aaf6e3eed4a08cb4e17e691b1d3943e", "number": "6269835241", "area-code": "917"}, {"id": "3aaf6e3eed4a08cb4e17e691b1d38dc6", "number": "7858594549", "area-code": "479"}, {"id": "3aaf6e3eed4a08cb4e17e691b1d385f6", "number": "5629031916", "area-code": "909"}, {"id": "3aaf6e3eed4a08cb4e17e691b1d379b5", "number": "2065898831", "area-code": "509"}, {"id": "3aaf6e3eed4a08cb4e17e691b1d36d9c", "number": "2066216692", "area-code": "509"}], "meta": {"record-total": 16562}}