{"data": [{"id": "f25cb6fb33e6ce456a80bdcb7fd69087", "number": "", "area-code": "313"}, {"id": "f25cb6fb33e6ce456a80bdcb7fd68a72", "number": "4082079822", "area-code": "408"}, {"id": "f25cb6fb33e6ce456a80bdcb7fd68009", "number": "5134947921", "area-code": "513"}, {"id": "f25cb6fb33e6ce456a80bdcb7fd67686", "number": "4147370907", "area-code": "951"}, {"id": "f25cb6fb33e6ce456a80bdcb7fd674c5", "number": "4092200043", "area-code": "951"}, {"id": "f25cb6fb33e6ce456a80bdcb7fd672c6", "number": "", "area-code": "810"}, {"id": "f25cb6fb33e6ce456a80bdcb7fd66ae8", "number": "8304834867", "area-code": "419"}, {"id": "f25cb6fb33e6ce456a80bdcb7fd66aa4", "number": "8184366932", "area-code": "559"}, {"id": "f25cb6fb33e6ce456a80bdcb7fd661f9", "number": "8563725307", "area-code": "315"}, {"id": "f25cb6fb33e6ce456a80bdcb7fd660d8", "number": "5594619426", "area-code": "559"}, {"id": "f25cb6fb33e6ce456a80bdcb7fd65a0e", "number": "3853373155", "area-code": "513"}, {"id": "f25cb6fb33e6ce456a80bdcb7fd65166", "number": "8709355133", "area-code": "870"}, {"id": "f25cb6fb33e6ce456a80bdcb7fd6480b", "number": "7147840263", "area-code": "315"}, {"id": "f25cb6fb33e6ce456a80bdcb7fd63e91", "number": "9108681922", "area-code": "281"}, {"id": "f25cb6fb33e6ce456a80bdcb7fd63e2b", "number": "5853049060", "area-code": "585"}, {"id": "f25cb6fb33e6ce456a80bdcb7fd633d6", "number": "2816488240", "area-code": "281"}, {"id": "f25cb6fb33e6ce456a80bdcb7fd625de", "number": "8704643228", "area-code": "870"}, {"id": "f25cb6fb33e6ce456a80bdcb7fd6255d", "number": "5853442580", "area-code": "585"}, {"id": "f25cb6fb33e6ce456a80bdcb7fd61bbd", "number": "", "area-code": "774"}, {"id": "f25cb6fb33e6ce456a80bdcb7fd60cc6", "number": "5022066454", "area-code": "281"}, {"id": "f25cb6fb33e6ce456a80bdcb7fd6034b", "number": "3866015365", "area-code": "585"}, {"id": "f25cb6fb33e6ce456a80bdcb7fd5fb27", "number": "", "area-code": "800"}, {"id": "f25cb6fb33e6ce456a80bdcb7fd5eb77", "number": "7136965500", "area-code": "281"}, {"id": "f25cb6fb33e6ce456a80bdcb7fd5e1a1", "number": "2817698757", "area-code": "281"}, {"id": "f25cb6fb33e6ce456a80bdcb7fd5e162", "number": "9072001919", "area-code": "281"}, {"id": "f25cb6fb33e6ce456a80bdcb7fd5dc4b", "number": "4695640073", "area-code": "302"}, {"id": "f25cb6fb33e6ce456a80bdcb7fd5dbfd", "number": "2068994319", "area-code": "206"}, {"id": "f25cb6fb33e6ce456a80bdcb7fd5d4c3", "number": "8327743460", "area-code": "281"}, {"id": "f25cb6fb33e6ce456a80bdcb7fd5d023", "number": "8596663560", "area-code": "513"}, {"id": "f25cb6fb33e6ce456a80bdcb7fd5c310", "number": "9105579864", "area-code": "469"}, {"id": "f25cb6fb33e6ce456a80bdcb7fd5ba33", "number": "8009971468", "area-code": "206"}, {"id": "f25cb6fb33e6ce456a80bdcb7fd5b65c", "number": "8006227747", "area-code": "301"}, {"id": "f25cb6fb33e6ce456a80bdcb7fd5b09f", "number": "5087758160", "area-code": "508"}, {"id": "f25cb6fb33e6ce456a80bdcb7fd5aaec", "number": "9375581018", "area-code": "513"}, {"id": "f25cb6fb33e6ce456a80bdcb7fd5a5da", "number": "8336990279", "area-code": "619"}, {"id": "f25cb6fb33e6ce456a80bdcb7fd59b39", "number": "3013586699", "area-code": "301"}, {"id": "f25cb6fb33e6ce456a80bdcb7fd58bdb", "number": "3013586699", "area-code": "301"}, {"id": "f25cb6fb33e6ce456a80bdcb7fd5890d", "number": "2122306656", "area-code": "513"}, {"id": "f25cb6fb33e6ce456a80bdcb7fd585ae", "number": "2067837379", "area-code": "206"}, {"id": "f25cb6fb33e6ce456a80bdcb7fd583da", "number": "8006227747", "area-code": "301"}, {"id": "f25cb6fb33e6ce456a80bdcb7fd57b3c", "number": "2132866790", "area-code": "661"}, {"id": "f25cb6fb33e6ce456a80bdcb7fd5736d", "number": "4259573940", "area-code": "425"}, {"id": "f25cb6fb33e6ce456a80bdcb7fd568fe", "number": "7207822662", "area-code": "303"}, {"id": "f25cb6fb33e6ce456a80bdcb7fd55f41", "number": "9072009845", "area-code": "425"}, {"id": "f25cb6fb33e6ce456a80bdcb7fd551a9", "number": "8882224227", "area-code": "888"}, {"id": "f25cb6fb33e6ce456a80bdcb7fd550fc", "number": "5622803645", "area-code": "303"}, {"id": "f25cb6fb33e6ce456a80bdcb7fd54a0f", "number": "8588155301", "area-code": "858"}, {"id": "f25cb6fb33e6ce456a80bdcb7fd53b38", "number": "9072009845", "area-code": "425"}, {"id": "f25cb6fb33e6ce456a80bdcb7fd537b4", "number": "7252086311", "area-code": "303"}, {"id": "f25cb6fb33e6ce456a80bdcb7fd52f49", "number": "7207157294", "area-code": "303"}], "meta": {"record-total": 11563}}