{"data": [{"id": "e4154e8fc40b0b50cfd20edc6ede25f8", "number": "5016533990", "area-code": "919"}, {"id": "e4154e8fc40b0b50cfd20edc6ee344e2", "number": "+19729167436", "area-code": "954"}, {"id": "e4154e8fc40b0b50cfd20edc6ede1804", "number": "5052787230", "area-code": "919"}, {"id": "e4154e8fc40b0b50cfd20edc6ede09e6", "number": "9206589790", "area-code": "920"}, {"id": "e4154e8fc40b0b50cfd20edc6eddfa55", "number": "4806268357", "area-code": "480"}, {"id": "e4154e8fc40b0b50cfd20edc6eddf845", "number": "6098320918", "area-code": "732"}, {"id": "e4154e8fc40b0b50cfd20edc6eddf774", "number": "2517650101", "area-code": "919"}, {"id": "e4154e8fc40b0b50cfd20edc6eddf400", "number": "6023160660", "area-code": "480"}, {"id": "e4154e8fc40b0b50cfd20edc6edde8ef", "number": "9202164630", "area-code": "920"}, {"id": "e4154e8fc40b0b50cfd20edc6edde648", "number": "6465199230", "area-code": "859"}, {"id": "e4154e8fc40b0b50cfd20edc6edde5b1", "number": "8312786750", "area-code": "919"}, {"id": "e4154e8fc40b0b50cfd20edc6edddab8", "number": "9168934189", "area-code": "916"}, {"id": "e4154e8fc40b0b50cfd20edc6eddd96a", "number": "9168936009", "area-code": "916"}, {"id": "e4154e8fc40b0b50cfd20edc6eddd55d", "number": "8558660984", "area-code": "919"}, {"id": "e4154e8fc40b0b50cfd20edc6eddcb3f", "number": "7327379841", "area-code": "405"}, {"id": "e4154e8fc40b0b50cfd20edc6eddc5ae", "number": "9168930548", "area-code": "925"}, {"id": "e4154e8fc40b0b50cfd20edc6eddc43b", "number": "2678465073", "area-code": "903"}, {"id": "e4154e8fc40b0b50cfd20edc6eddb8d0", "number": "8056377243", "area-code": "510"}, {"id": "e4154e8fc40b0b50cfd20edc6eddb4da", "number": "8002752273", "area-code": "303"}, {"id": "e4154e8fc40b0b50cfd20edc6eddaef7", "number": "4088995914", "area-code": "707"}, {"id": "e4154e8fc40b0b50cfd20edc6eddae60", "number": "4243491283", "area-code": "213"}, {"id": "e4154e8fc40b0b50cfd20edc6eddae39", "number": "6573871120", "area-code": "520"}, {"id": "e4154e8fc40b0b50cfd20edc6ee333a4", "number": "+13239999963", "area-code": "323"}, {"id": "e4154e8fc40b0b50cfd20edc6ee33546", "number": "+13239999967", "area-code": "323"}, {"id": "e4154e8fc40b0b50cfd20edc6ee3275d", "number": "+13239999965", "area-code": "323"}, {"id": "e4154e8fc40b0b50cfd20edc6edda357", "number": "5123924105", "area-code": "512"}, {"id": "e4154e8fc40b0b50cfd20edc6edda215", "number": "8186450431", "area-code": "323"}, {"id": "e4154e8fc40b0b50cfd20edc6edd965d", "number": "3177517245", "area-code": "419"}, {"id": "e4154e8fc40b0b50cfd20edc6edd93d9", "number": "3177517245", "area-code": "419"}, {"id": "e4154e8fc40b0b50cfd20edc6edd8e3c", "number": "4809230755", "area-code": "480"}, {"id": "e4154e8fc40b0b50cfd20edc6edd8993", "number": "5123924105", "area-code": "512"}, {"id": "e4154e8fc40b0b50cfd20edc6edd8299", "number": "2162084086", "area-code": "419"}, {"id": "e4154e8fc40b0b50cfd20edc6edd7630", "number": "7026058167", "area-code": "702"}, {"id": "e4154e8fc40b0b50cfd20edc6edd6bd3", "number": "7025522038", "area-code": "702"}, {"id": "e4154e8fc40b0b50cfd20edc6edd67fb", "number": "7327379841", "area-code": "405"}, {"id": "e4154e8fc40b0b50cfd20edc6edd5a6d", "number": "8448097717", "area-code": "206"}, {"id": "e4154e8fc40b0b50cfd20edc6edd5647", "number": "4059396972", "area-code": "405"}, {"id": "e4154e8fc40b0b50cfd20edc6edd5345", "number": "4056438451", "area-code": "405"}, {"id": "e4154e8fc40b0b50cfd20edc6edd44af", "number": "4052570328", "area-code": "405"}, {"id": "e4154e8fc40b0b50cfd20edc6edd3e0e", "number": "7792127228", "area-code": "610"}, {"id": "e4154e8fc40b0b50cfd20edc6edd3c4e", "number": "4047479616", "area-code": "404"}, {"id": "e4154e8fc40b0b50cfd20edc6edd3411", "number": "2082683679", "area-code": "208"}, {"id": "e4154e8fc40b0b50cfd20edc6edd30a9", "number": "4047477251", "area-code": "404"}, {"id": "e4154e8fc40b0b50cfd20edc6edd2378", "number": "6029267979", "area-code": "602"}, {"id": "e4154e8fc40b0b50cfd20edc6edd1a43", "number": "6026989741", "area-code": "602"}, {"id": "e4154e8fc40b0b50cfd20edc6edd14e7", "number": "7086834568", "area-code": "309"}, {"id": "e4154e8fc40b0b50cfd20edc6ee32416", "number": "+18665427652", "area-code": "323"}, {"id": "e4154e8fc40b0b50cfd20edc6edd133f", "number": "4232907826", "area-code": "423"}, {"id": "e4154e8fc40b0b50cfd20edc6edd0b89", "number": "7475299438", "area-code": "530"}, {"id": "e4154e8fc40b0b50cfd20edc6edd08d9", "number": "8885783846", "area-code": "718"}], "meta": {"record-total": 2890}}