[{"id": "5de4f2d44aaa49ba3f3bf7fb8238398d", "number": "2679542859", "area-code": "516"}, {"id": "5de4f2d44aaa49ba3f3bf7fb82382b6b", "number": "5160519822", "area-code": "516"}, {"id": "5de4f2d44aaa49ba3f3bf7fb82381d30", "number": "5162172474", "area-code": "516"}, {"id": "5de4f2d44aaa49ba3f3bf7fb82381048", "number": "8044728668", "area-code": "843"}, {"id": "5de4f2d44aaa49ba3f3bf7fb823809da", "number": "5162172474", "area-code": "516"}, {"id": "5de4f2d44aaa49ba3f3bf7fb8237f5a0", "number": "6202221863", "area-code": "620"}, {"id": "5de4f2d44aaa49ba3f3bf7fb8237f445", "number": "5162172449", "area-code": "516"}, {"id": "5de4f2d44aaa49ba3f3bf7fb8237e477", "number": "6206606551", "area-code": "620"}, {"id": "5de4f2d44aaa49ba3f3bf7fb8237dfa1", "number": "6202036474", "area-code": "620"}, {"id": "5de4f2d44aaa49ba3f3bf7fb8237d62b", "number": "6206603716", "area-code": "620"}, {"id": "5de4f2d44aaa49ba3f3bf7fb8237d81c", "number": "3039271529", "area-code": "303"}, {"id": "5de4f2d44aaa49ba3f3bf7fb8237d586", "number": "7182404778", "area-code": "516"}, {"id": "5de4f2d44aaa49ba3f3bf7fb8237c61f", "number": "6206601069", "area-code": "620"}, {"id": "5de4f2d44aaa49ba3f3bf7fb8237be80", "number": "6082386070", "area-code": "608"}, {"id": "5de4f2d44aaa49ba3f3bf7fb8237b238", "number": "4087416586", "area-code": "408"}, {"id": "5de4f2d44aaa49ba3f3bf7fb8237b12f", "number": "5123717143", "area-code": "973"}, {"id": "5de4f2d44aaa49ba3f3bf7fb8237a138", "number": "4153354595", "area-code": "620"}, {"id": "5de4f2d44aaa49ba3f3bf7fb82379245", "number": "9202892790", "area-code": "608"}, {"id": "5de4f2d44aaa49ba3f3bf7fb82378e33", "number": "6206606775", "area-code": "620"}, {"id": "5de4f2d44aaa49ba3f3bf7fb823788f7", "number": "6083470979", "area-code": "608"}, {"id": "5de4f2d44aaa49ba3f3bf7fb82377a6d", "number": "5597755761", "area-code": "559"}, {"id": "5de4f2d44aaa49ba3f3bf7fb82377a22", "number": "9496624617", "area-code": "602"}, {"id": "5de4f2d44aaa49ba3f3bf7fb82376d7e", "number": "9202892836", "area-code": "608"}, {"id": "5de4f2d44aaa49ba3f3bf7fb8237668a", "number": "6084905170", "area-code": "608"}, {"id": "5de4f2d44aaa49ba3f3bf7fb82375c4d", "number": "9726932251", "area-code": "214"}, {"id": "5de4f2d44aaa49ba3f3bf7fb823755f5", "number": "6088481671", "area-code": "920"}, {"id": "5de4f2d44aaa49ba3f3bf7fb82374aef", "number": "6088482072", "area-code": "920"}, {"id": "5de4f2d44aaa49ba3f3bf7fb823742f7", "number": "2679542859", "area-code": "302"}, {"id": "5de4f2d44aaa49ba3f3bf7fb8237425e", "number": "6154882089", "area-code": "615"}, {"id": "5de4f2d44aaa49ba3f3bf7fb823738a7", "number": "2312653919", "area-code": "205"}, {"id": "5de4f2d44aaa49ba3f3bf7fb82373661", "number": "2052732275", "area-code": "205"}, {"id": "5de4f2d44aaa49ba3f3bf7fb823735ec", "number": "2082031090", "area-code": "801"}, {"id": "5de4f2d44aaa49ba3f3bf7fb8237312e", "number": "503area missing", "area-code": "503"}, {"id": "5de4f2d44aaa49ba3f3bf7fb82372921", "number": "7622013898", "area-code": "205"}, {"id": "5de4f2d44aaa49ba3f3bf7fb82371c67", "number": "8042154780", "area-code": "205"}, {"id": "5de4f2d44aaa49ba3f3bf7fb82371498", "number": "5941220113", "area-code": "941"}, {"id": "5de4f2d44aaa49ba3f3bf7fb8237125a", "number": "8722049056", "area-code": "205"}, {"id": "5de4f2d44aaa49ba3f3bf7fb823706e7", "number": "2057109152", "area-code": "205"}, {"id": "5de4f2d44aaa49ba3f3bf7fb82370100", "number": "8004904388", "area-code": "205"}, {"id": "5de4f2d44aaa49ba3f3bf7fb8236ffd6", "number": "8009225498", "area-code": "435"}, {"id": "5de4f2d44aaa49ba3f3bf7fb8236f8ab", "number": "8324001086", "area-code": "205"}, {"id": "5de4f2d44aaa49ba3f3bf7fb8236ee85", "number": "7016666978", "area-code": "205"}, {"id": "5de4f2d44aaa49ba3f3bf7fb8236ece1", "number": "2052727849", "area-code": "205"}, {"id": "5de4f2d44aaa49ba3f3bf7fb8236e6f1", "number": "2058522659", "area-code": "205"}, {"id": "5de4f2d44aaa49ba3f3bf7fb8236e4bd", "number": "8666654384", "area-code": "205"}, {"id": "5de4f2d44aaa49ba3f3bf7fb8236dcd7", "number": "8004483543", "area-code": "205"}, {"id": "5de4f2d44aaa49ba3f3bf7fb8236d3d7", "number": "8666654384", "area-code": "205"}, {"id": "5de4f2d44aaa49ba3f3bf7fb8236d2bb", "number": "8707822751", "area-code": "205"}, {"id": "5de4f2d44aaa49ba3f3bf7fb8236c7ee", "number": "6162166798", "area-code": "616"}, {"id": "5de4f2d44aaa49ba3f3bf7fb823555e7", "number": "4793581138", "area-code": "479"}, {"id": "5de4f2d44aaa49ba3f3bf7fb823553f3", "number": "2144588516", "area-code": "855"}, {"id": "5de4f2d44aaa49ba3f3bf7fb823544bc", "number": "2532372586", "area-code": "425"}, {"id": "5de4f2d44aaa49ba3f3bf7fb82353b7a", "number": "2172790607", "area-code": "773"}, {"id": "5de4f2d44aaa49ba3f3bf7fb82352f04", "number": "8662235716", "area-code": "979"}, {"id": "5de4f2d44aaa49ba3f3bf7fb82351f8a", "number": "4803474376", "area-code": "262"}, {"id": "5de4f2d44aaa49ba3f3bf7fb8235153f", "number": "7783839813", "area-code": "347"}, {"id": "5de4f2d44aaa49ba3f3bf7fb82350bbb", "number": "8002253756", "area-code": "808"}, {"id": "5de4f2d44aaa49ba3f3bf7fb82350ae2", "number": "2134817681", "area-code": "808"}, {"id": "5de4f2d44aaa49ba3f3bf7fb8234fd96", "number": "6012158206", "area-code": "573"}, {"id": "5de4f2d44aaa49ba3f3bf7fb8234fb57", "number": "7027513386", "area-code": "408"}, {"id": "5de4f2d44aaa49ba3f3bf7fb8234faf7", "number": "2522604417", "area-code": "704"}, {"id": "5de4f2d44aaa49ba3f3bf7fb8234ec27", "number": "5099410538", "area-code": "949"}, {"id": "5de4f2d44aaa49ba3f3bf7fb8234f312", "number": "9892147851", "area-code": "989"}, {"id": "5de4f2d44aaa49ba3f3bf7fb8234e250", "number": "9894398692", "area-code": "989"}, {"id": "5de4f2d44aaa49ba3f3bf7fb8234d7d9", "number": "4244506724", "area-code": "310"}, {"id": "5de4f2d44aaa49ba3f3bf7fb8234ce0f", "number": "7144547550", "area-code": "310"}, {"id": "5de4f2d44aaa49ba3f3bf7fb8234c5b2", "number": "9176072305", "area-code": "713"}, {"id": "5de4f2d44aaa49ba3f3bf7fb8234b80a", "number": "4054071169", "area-code": "405"}, {"id": "5de4f2d44aaa49ba3f3bf7fb8234af67", "number": "4055482251", "area-code": "405"}, {"id": "5de4f2d44aaa49ba3f3bf7fb8234ab9c", "number": "4055482251", "area-code": "405"}, {"id": "5de4f2d44aaa49ba3f3bf7fb82349934", "number": "8503916768", "area-code": "941"}, {"id": "5de4f2d44aaa49ba3f3bf7fb82346f05", "number": "2543404364", "area-code": "619"}, {"id": "5de4f2d44aaa49ba3f3bf7fb82346a09", "number": "4242044290", "area-code": "708"}, {"id": "5de4f2d44aaa49ba3f3bf7fb8234601b", "number": "2029150956", "area-code": "973"}, {"id": "5de4f2d44aaa49ba3f3bf7fb82345317", "number": "9723798936", "area-code": "619"}, {"id": "5de4f2d44aaa49ba3f3bf7fb823434c3", "number": "3137518077", "area-code": "989"}, {"id": "5de4f2d44aaa49ba3f3bf7fb82344e6f", "number": "8336055363", "area-code": "954"}, {"id": "5de4f2d44aaa49ba3f3bf7fb82344296", "number": "2679542859", "area-code": "402"}, {"id": "5de4f2d44aaa49ba3f3bf7fb8234346a", "number": "9733544327", "area-code": "973"}, {"id": "5de4f2d44aaa49ba3f3bf7fb823433d0", "number": "6166007282", "area-code": "989"}, {"id": "5de4f2d44aaa49ba3f3bf7fb82342aed", "number": "9547623498", "area-code": "973"}, {"id": "5de4f2d44aaa49ba3f3bf7fb82342971", "number": "2134828327", "area-code": "330"}, {"id": "5de4f2d44aaa49ba3f3bf7fb82342744", "number": "6103511864", "area-code": "610"}, {"id": "5de4f2d44aaa49ba3f3bf7fb82341cd4", "number": "4434925669", "area-code": "360"}, {"id": "5de4f2d44aaa49ba3f3bf7fb8234153d", "number": "2094977737", "area-code": "209"}, {"id": "5de4f2d44aaa49ba3f3bf7fb82341126", "number": "8453272777", "area-code": "845"}, {"id": "5de4f2d44aaa49ba3f3bf7fb82340f15", "number": "2094977737", "area-code": "209"}, {"id": "5de4f2d44aaa49ba3f3bf7fb82340228", "number": "6175464003", "area-code": "305"}, {"id": "5de4f2d44aaa49ba3f3bf7fb8233fe70", "number": "8665359492", "area-code": "848"}, {"id": "5de4f2d44aaa49ba3f3bf7fb8233fb03", "number": "8102552354", "area-code": "915"}, {"id": "5de4f2d44aaa49ba3f3bf7fb8233ebcd", "number": "2679542859", "area-code": "314"}, {"id": "5de4f2d44aaa49ba3f3bf7fb8233e0f8", "number": "2192090801", "area-code": "915"}, {"id": "5de4f2d44aaa49ba3f3bf7fb8233d41b", "number": "5092041832", "area-code": "915"}, {"id": "5de4f2d44aaa49ba3f3bf7fb8233bf5a", "number": "8774343768", "area-code": "352"}, {"id": "5de4f2d44aaa49ba3f3bf7fb8233c7c1", "number": "7196238104", "area-code": "719"}, {"id": "5de4f2d44aaa49ba3f3bf7fb821539ec", "number": "7078003622", "area-code": "707"}, {"id": "5de4f2d44aaa49ba3f3bf7fb821534ed", "number": "7078003673", "area-code": "707"}, {"id": "5de4f2d44aaa49ba3f3bf7fb821528b1", "number": "7078003673", "area-code": "707"}, {"id": "5de4f2d44aaa49ba3f3bf7fb8215225f", "number": "8887648342", "area-code": "925"}, {"id": "5de4f2d44aaa49ba3f3bf7fb82151720", "number": "4053084474", "area-code": "707"}, {"id": "5de4f2d44aaa49ba3f3bf7fb82150c1e", "number": "4053084474", "area-code": "707"}, {"id": "5de4f2d44aaa49ba3f3bf7fb82150990", "number": "8882518003", "area-code": "925"}, {"id": "5de4f2d44aaa49ba3f3bf7fb8214fa13", "number": "8772873073", "area-code": "925"}, {"id": "5de4f2d44aaa49ba3f3bf7fb8214f632", "number": "6012657047", "area-code": "601"}, {"id": "5de4f2d44aaa49ba3f3bf7fb8214f37c", "number": "8554785693", "area-code": "206"}, {"id": "5de4f2d44aaa49ba3f3bf7fb8214eaff", "number": "6612061977", "area-code": "661"}, {"id": "5de4f2d44aaa49ba3f3bf7fb8214e832", "number": "6612497793", "area-code": "661"}, {"id": "5de4f2d44aaa49ba3f3bf7fb8214e16d", "number": "6615896364", "area-code": "661"}, {"id": "5de4f2d44aaa49ba3f3bf7fb8214df5c", "number": "8763895037", "area-code": "309"}, {"id": "5de4f2d44aaa49ba3f3bf7fb8214de9b", "number": "8562725989", "area-code": "770"}, {"id": "5de4f2d44aaa49ba3f3bf7fb8214d0d0", "number": "8004356927", "area-code": "601"}, {"id": "5de4f2d44aaa49ba3f3bf7fb8214c3fe", "number": "9499451100", "area-code": "949"}, {"id": "5de4f2d44aaa49ba3f3bf7fb8214bdc9", "number": "2133202789", "area-code": "424"}, {"id": "5de4f2d44aaa49ba3f3bf7fb8214b139", "number": "1410200504", "area-code": "360"}, {"id": "5de4f2d44aaa49ba3f3bf7fb8214a4ab", "number": "1410200503", "area-code": "360"}, {"id": "5de4f2d44aaa49ba3f3bf7fb8214a14b", "number": "2026018001", "area-code": "217"}, {"id": "5de4f2d44aaa49ba3f3bf7fb82149fb1", "number": "7193410137", "area-code": "303"}, {"id": "5de4f2d44aaa49ba3f3bf7fb821495a1", "number": "6023627115", "area-code": "408"}, {"id": "5de4f2d44aaa49ba3f3bf7fb82148733", "number": "2159967979", "area-code": "408"}, {"id": "5de4f2d44aaa49ba3f3bf7fb82147ef3", "number": "5102565725", "area-code": "408"}, {"id": "5de4f2d44aaa49ba3f3bf7fb8214754f", "number": "4089963171", "area-code": "408"}, {"id": "5de4f2d44aaa49ba3f3bf7fb82147377", "number": "6473751669", "area-code": "408"}, {"id": "5de4f2d44aaa49ba3f3bf7fb8214675e", "number": "7132582771", "area-code": "408"}, {"id": "5de4f2d44aaa49ba3f3bf7fb82145a83", "number": "4089963628", "area-code": "408"}, {"id": "5de4f2d44aaa49ba3f3bf7fb82145926", "number": "8043123660", "area-code": "408"}, {"id": "5de4f2d44aaa49ba3f3bf7fb82144ce2", "number": "6198327609", "area-code": "408"}, {"id": "5de4f2d44aaa49ba3f3bf7fb8214490a", "number": "8552154945", "area-code": "408"}, {"id": "5de4f2d44aaa49ba3f3bf7fb8214428d", "number": "2063331517", "area-code": "408"}, {"id": "5de4f2d44aaa49ba3f3bf7fb821441c8", "number": "8139469044", "area-code": "407"}, {"id": "5de4f2d44aaa49ba3f3bf7fb821439a6", "number": "8776951383", "area-code": "408"}, {"id": "5de4f2d44aaa49ba3f3bf7fb82142fc4", "number": "3038484920", "area-code": "408"}, {"id": "5de4f2d44aaa49ba3f3bf7fb82142da8", "number": "4083407402", "area-code": "408"}, {"id": "5de4f2d44aaa49ba3f3bf7fb82142d23", "number": "4089180702", "area-code": "408"}, {"id": "5de4f2d44aaa49ba3f3bf7fb821422bd", "number": "8006958939", "area-code": "408"}, {"id": "5de4f2d44aaa49ba3f3bf7fb82141ab2", "number": "4089966493", "area-code": "408"}, {"id": "5de4f2d44aaa49ba3f3bf7fb82140e47", "number": "6023741712", "area-code": "408"}, {"id": "5de4f2d44aaa49ba3f3bf7fb8214055b", "number": "4088295972", "area-code": "408"}, {"id": "5de4f2d44aaa49ba3f3bf7fb821400dc", "number": "4089961545", "area-code": "408"}, {"id": "5de4f2d44aaa49ba3f3bf7fb8213f7ea", "number": "6503768659", "area-code": "408"}, {"id": "5de4f2d44aaa49ba3f3bf7fb8213f4be", "number": "4703782079", "area-code": "843"}, {"id": "5de4f2d44aaa49ba3f3bf7fb8213f179", "number": "8436403341", "area-code": "843"}, {"id": "5de4f2d44aaa49ba3f3bf7fb8213e31f", "number": "5615034321", "area-code": "843"}, {"id": "5de4f2d44aaa49ba3f3bf7fb8213e2bb", "number": "4048146496", "area-code": "619"}, {"id": "5de4f2d44aaa49ba3f3bf7fb8213ddcf", "number": "7547559804", "area-code": "843"}, {"id": "5de4f2d44aaa49ba3f3bf7fb8213ce5d", "number": "4048734088", "area-code": "619"}, {"id": "5de4f2d44aaa49ba3f3bf7fb8213c6ef", "number": "8434282449", "area-code": "843"}, {"id": "5de4f2d44aaa49ba3f3bf7fb8213c0d6", "number": "7158148199", "area-code": "715"}, {"id": "5de4f2d44aaa49ba3f3bf7fb8213b954", "number": "7148122636", "area-code": "928"}, {"id": "5de4f2d44aaa49ba3f3bf7fb8213b7d1", "number": "9179402224", "area-code": "917"}, {"id": "5de4f2d44aaa49ba3f3bf7fb8213b0ac", "number": "2122034995", "area-code": "212"}, {"id": "5de4f2d44aaa49ba3f3bf7fb8213a8d0", "number": "8664664502", "area-code": "850"}, {"id": "5de4f2d44aaa49ba3f3bf7fb82139f1f", "number": "3236804427", "area-code": "707"}, {"id": "5de4f2d44aaa49ba3f3bf7fb82139f01", "number": "9136534429", "area-code": "913"}, {"id": "5de4f2d44aaa49ba3f3bf7fb82139bd8", "number": "4232051052", "area-code": "212"}, {"id": "5de4f2d44aaa49ba3f3bf7fb82139a4f", "number": "7072436035", "area-code": "707"}, {"id": "5de4f2d44aaa49ba3f3bf7fb82138f4c", "number": "7072406081", "area-code": "707"}, {"id": "5de4f2d44aaa49ba3f3bf7fb82138367", "number": "5124867090", "area-code": "707"}, {"id": "5de4f2d44aaa49ba3f3bf7fb82137474", "number": "7072436035", "area-code": "707"}, {"id": "5de4f2d44aaa49ba3f3bf7fb8233a8e1", "number": "2517763441", "area-code": "251"}, {"id": "5de4f2d44aaa49ba3f3bf7fb8233a3f5", "number": "8774343768", "area-code": "352"}, {"id": "5de4f2d44aaa49ba3f3bf7fb82339620", "number": "3013639020", "area-code": "443"}, {"id": "5de4f2d44aaa49ba3f3bf7fb82339235", "number": "8009557070", "area-code": "805"}, {"id": "5de4f2d44aaa49ba3f3bf7fb82338e03", "number": "8774869210", "area-code": "409"}, {"id": "5de4f2d44aaa49ba3f3bf7fb82338c54", "number": "8774343768", "area-code": "352"}, {"id": "5de4f2d44aaa49ba3f3bf7fb82338416", "number": "2814177346", "area-code": "409"}, {"id": "5de4f2d44aaa49ba3f3bf7fb82336d7d", "number": "9183532294", "area-code": "918"}, {"id": "5de4f2d44aaa49ba3f3bf7fb82336c76", "number": "8055707708", "area-code": "805"}, {"id": "5de4f2d44aaa49ba3f3bf7fb82336638", "number": "8774343768", "area-code": "352"}, {"id": "5de4f2d44aaa49ba3f3bf7fb82336006", "number": "7573780187", "area-code": "757"}, {"id": "5de4f2d44aaa49ba3f3bf7fb82335148", "number": "4092300826", "area-code": "409"}, {"id": "5de4f2d44aaa49ba3f3bf7fb8233443c", "number": "3128714243", "area-code": "608"}, {"id": "5de4f2d44aaa49ba3f3bf7fb82333cd7", "number": "9712865707", "area-code": "503"}, {"id": "5de4f2d44aaa49ba3f3bf7fb82332dd9", "number": "8774343768", "area-code": "352"}, {"id": "5de4f2d44aaa49ba3f3bf7fb823334c4", "number": "5853631013", "area-code": "585"}, {"id": "5de4f2d44aaa49ba3f3bf7fb823330d0", "number": "7186542376", "area-code": "718"}, {"id": "5de4f2d44aaa49ba3f3bf7fb8233215b", "number": "2028927072", "area-code": "219"}, {"id": "5de4f2d44aaa49ba3f3bf7fb82330c87", "number": "2029141013", "area-code": "503"}, {"id": "5de4f2d44aaa49ba3f3bf7fb82330308", "number": "7405326404", "area-code": "513"}, {"id": "5de4f2d44aaa49ba3f3bf7fb8232f7b7", "number": "4703138252", "area-code": "336"}, {"id": "5de4f2d44aaa49ba3f3bf7fb8232ef48", "number": "6193235127", "area-code": "503"}, {"id": "5de4f2d44aaa49ba3f3bf7fb8232e59c", "number": "9073121770", "area-code": "907"}, {"id": "5de4f2d44aaa49ba3f3bf7fb8232df01", "number": "8005992335", "area-code": "580"}, {"id": "5de4f2d44aaa49ba3f3bf7fb8232dbc6", "number": "5802198244", "area-code": "580"}, {"id": "5de4f2d44aaa49ba3f3bf7fb8232db04", "number": "5802198244", "area-code": "580"}, {"id": "5de4f2d44aaa49ba3f3bf7fb8232d626", "number": "5802015925", "area-code": "580"}, {"id": "5de4f2d44aaa49ba3f3bf7fb8232d581", "number": "2067137202", "area-code": "580"}, {"id": "5de4f2d44aaa49ba3f3bf7fb8232d295", "number": "5802324221", "area-code": "580"}, {"id": "5de4f2d44aaa49ba3f3bf7fb8232ca39", "number": "4793581141", "area-code": "479"}, {"id": "5de4f2d44aaa49ba3f3bf7fb8232be77", "number": "8034695441", "area-code": "651"}, {"id": "5de4f2d44aaa49ba3f3bf7fb8232b05d", "number": "3128152688", "area-code": "219"}, {"id": "5de4f2d44aaa49ba3f3bf7fb8232a302", "number": "2096209555", "area-code": "209"}, {"id": "5de4f2d44aaa49ba3f3bf7fb82329733", "number": "8765841646", "area-code": "409"}, {"id": "5de4f2d44aaa49ba3f3bf7fb82328f6c", "number": "8503916768", "area-code": "321"}, {"id": "5de4f2d44aaa49ba3f3bf7fb8232823f", "number": "8302748836", "area-code": "817"}, {"id": "5de4f2d44aaa49ba3f3bf7fb8232723c", "number": "2013456901", "area-code": "201"}, {"id": "5de4f2d44aaa49ba3f3bf7fb82327b55", "number": "8336381590", "area-code": "970"}, {"id": "5de4f2d44aaa49ba3f3bf7fb8232677b", "number": "6072236777", "area-code": "607"}, {"id": "5de4f2d44aaa49ba3f3bf7fb82325a00", "number": "8574988014", "area-code": "201"}, {"id": "5de4f2d44aaa49ba3f3bf7fb823267a8", "number": "9494189195", "area-code": "949"}, {"id": "5de4f2d44aaa49ba3f3bf7fb823258f0", "number": "3852452169", "area-code": "201"}, {"id": "5de4f2d44aaa49ba3f3bf7fb8232551c", "number": "8065027058", "area-code": "970"}, {"id": "5de4f2d44aaa49ba3f3bf7fb82324b60", "number": "9728352678", "area-code": "972"}, {"id": "5de4f2d44aaa49ba3f3bf7fb82324952", "number": "7575781232", "area-code": "703"}, {"id": "5de4f2d44aaa49ba3f3bf7fb82324814", "number": "3308287525", "area-code": "330"}, {"id": "5de4f2d44aaa49ba3f3bf7fb823246f7", "number": "7194019332", "area-code": "248"}, {"id": "5de4f2d44aaa49ba3f3bf7fb823239cd", "number": "5429792621", "area-code": "541"}, {"id": "5de4f2d44aaa49ba3f3bf7fb82322b7e", "number": "7037752062", "area-code": "702"}, {"id": "5de4f2d44aaa49ba3f3bf7fb82321ce6", "number": "8503916768", "area-code": "321"}, {"id": "5de4f2d44aaa49ba3f3bf7fb82320fb4", "number": "8065027058", "area-code": "970"}, {"id": "5de4f2d44aaa49ba3f3bf7fb82320928", "number": "5419792636", "area-code": "541"}, {"id": "5de4f2d44aaa49ba3f3bf7fb8231fbbf", "number": "3202082523", "area-code": "320"}, {"id": "5de4f2d44aaa49ba3f3bf7fb8231f28c", "number": "8002256678", "area-code": "509"}, {"id": "5de4f2d44aaa49ba3f3bf7fb8231ef1f", "number": "5418336202", "area-code": "541"}, {"id": "5de4f2d44aaa49ba3f3bf7fb8231ec9f", "number": "3073920749", "area-code": "307"}, {"id": "5de4f2d44aaa49ba3f3bf7fb8231e8a6", "number": "4242044290", "area-code": "319"}, {"id": "5de4f2d44aaa49ba3f3bf7fb8231d8df", "number": "4242044290", "area-code": "319"}, {"id": "5de4f2d44aaa49ba3f3bf7fb8231cc55", "number": "7073429371", "area-code": "415"}, {"id": "5de4f2d44aaa49ba3f3bf7fb8231bec4", "number": "7073429371", "area-code": "415"}, {"id": "5de4f2d44aaa49ba3f3bf7fb8231b719", "number": "4706163918", "area-code": "770"}, {"id": "5de4f2d44aaa49ba3f3bf7fb8231b064", "number": "2134826085", "area-code": "509"}, {"id": "5de4f2d44aaa49ba3f3bf7fb8231abc5", "number": "8332961191", "area-code": "720"}, {"id": "5de4f2d44aaa49ba3f3bf7fb8231a9ff", "number": "9495471833", "area-code": "731"}, {"id": "5de4f2d44aaa49ba3f3bf7fb8231a32b", "number": "9412201139", "area-code": "352"}, {"id": "5de4f2d44aaa49ba3f3bf7fb8231a062", "number": "9412201139", "area-code": "352"}, {"id": "5de4f2d44aaa49ba3f3bf7fb82319da2", "number": "2065652056", "area-code": "970"}, {"id": "5de4f2d44aaa49ba3f3bf7fb8231919e", "number": "2134826085", "area-code": "509"}, {"id": "5de4f2d44aaa49ba3f3bf7fb8231884c", "number": "5512679456", "area-code": "718"}, {"id": "5de4f2d44aaa49ba3f3bf7fb823181c1", "number": "4582040546", "area-code": "541"}, {"id": "5de4f2d44aaa49ba3f3bf7fb8231762d", "number": "5417301042", "area-code": "541"}, {"id": "5de4f2d44aaa49ba3f3bf7fb82316ccb", "number": "5417301042", "area-code": "541"}, {"id": "5de4f2d44aaa49ba3f3bf7fb82315eaa", "number": "4705778141", "area-code": "470"}, {"id": "5de4f2d44aaa49ba3f3bf7fb82315214", "number": "5412294897", "area-code": "541"}, {"id": "5de4f2d44aaa49ba3f3bf7fb823148ed", "number": "9785408109", "area-code": "978"}, {"id": "5de4f2d44aaa49ba3f3bf7fb823139f6", "number": "6036581985", "area-code": "978"}, {"id": "5de4f2d44aaa49ba3f3bf7fb82313431", "number": "503area missing", "area-code": "503"}, {"id": "5de4f2d44aaa49ba3f3bf7fb82312cf1", "number": "5083212101", "area-code": "978"}, {"id": "5de4f2d44aaa49ba3f3bf7fb823127f5", "number": "8664195000", "area-code": "978"}, {"id": "5de4f2d44aaa49ba3f3bf7fb82311a37", "number": "5082174455", "area-code": "239"}, {"id": "5de4f2d44aaa49ba3f3bf7fb823117e9", "number": "6039267864", "area-code": "978"}, {"id": "5de4f2d44aaa49ba3f3bf7fb82311344", "number": "6174337256", "area-code": "978"}, {"id": "5de4f2d44aaa49ba3f3bf7fb82310e77", "number": "4242044290", "area-code": "915"}, {"id": "5de4f2d44aaa49ba3f3bf7fb823109e3", "number": "5085221434", "area-code": "978"}, {"id": "5de4f2d44aaa49ba3f3bf7fb8230fd0d", "number": "2029150011", "area-code": "239"}, {"id": "5de4f2d44aaa49ba3f3bf7fb8230f1fb", "number": "2818082498", "area-code": "978"}, {"id": "5de4f2d44aaa49ba3f3bf7fb8230e27b", "number": "2393706800", "area-code": "239"}, {"id": "5de4f2d44aaa49ba3f3bf7fb8230dc1f", "number": "7724971299", "area-code": "239"}, {"id": "5de4f2d44aaa49ba3f3bf7fb8230beb6", "number": "2029150003", "area-code": "239"}, {"id": "5de4f2d44aaa49ba3f3bf7fb8230b664", "number": "3216090025", "area-code": "239"}, {"id": "5de4f2d44aaa49ba3f3bf7fb8230b29b", "number": "7816190805", "area-code": "978"}, {"id": "5de4f2d44aaa49ba3f3bf7fb8230a8f9", "number": "2012526966", "area-code": "201"}, {"id": "5de4f2d44aaa49ba3f3bf7fb82309f1c", "number": "2027690057", "area-code": "830"}, {"id": "5de4f2d44aaa49ba3f3bf7fb823093fb", "number": "8004367734", "area-code": "201"}, {"id": "5de4f2d44aaa49ba3f3bf7fb82308c55", "number": "6036445330", "area-code": "239"}, {"id": "5de4f2d44aaa49ba3f3bf7fb82308abc", "number": "8005363726", "area-code": "978"}, {"id": "5de4f2d44aaa49ba3f3bf7fb82307e6b", "number": "2102851438", "area-code": "201"}, {"id": "5de4f2d44aaa49ba3f3bf7fb82307bd4", "number": "2012526966", "area-code": "201"}, {"id": "5de4f2d44aaa49ba3f3bf7fb823078ec", "number": "2392947142", "area-code": "239"}, {"id": "5de4f2d44aaa49ba3f3bf7fb82306989", "number": "2012884770", "area-code": "201"}, {"id": "5de4f2d44aaa49ba3f3bf7fb82306038", "number": "8005363726", "area-code": "978"}, {"id": "5de4f2d44aaa49ba3f3bf7fb82305a62", "number": "8593332346", "area-code": "239"}, {"id": "5de4f2d44aaa49ba3f3bf7fb823057c1", "number": "6128155000", "area-code": "320"}, {"id": "5de4f2d44aaa49ba3f3bf7fb823047df", "number": "2014509949", "area-code": "201"}, {"id": "5de4f2d44aaa49ba3f3bf7fb82304765", "number": "7173190339", "area-code": "814"}, {"id": "5de4f2d44aaa49ba3f3bf7fb823044a7", "number": "3123343568", "area-code": "239"}, {"id": "5de4f2d44aaa49ba3f3bf7fb82303de3", "number": "8772218982", "area-code": "484"}, {"id": "5de4f2d44aaa49ba3f3bf7fb823039bf", "number": "2027690057", "area-code": "210"}, {"id": "5de4f2d44aaa49ba3f3bf7fb82302aca", "number": "7173190339", "area-code": "724"}, {"id": "5de4f2d44aaa49ba3f3bf7fb82302613", "number": "7812177700", "area-code": "781"}, {"id": "5de4f2d44aaa49ba3f3bf7fb82302086", "number": "8668281166", "area-code": "978"}, {"id": "5de4f2d44aaa49ba3f3bf7fb823015c1", "number": "7173190339", "area-code": "724"}, {"id": "5de4f2d44aaa49ba3f3bf7fb82300f99", "number": "7247653000", "area-code": "978"}, {"id": "5de4f2d44aaa49ba3f3bf7fb822ffa98", "number": "5135728218", "area-code": "234"}, {"id": "5de4f2d44aaa49ba3f3bf7fb82300b10", "number": "8884923337", "area-code": "650"}, {"id": "5de4f2d44aaa49ba3f3bf7fb8230007d", "number": "6032944058", "area-code": "978"}, {"id": "5de4f2d44aaa49ba3f3bf7fb822ffbfc", "number": "7173190339", "area-code": "724"}, {"id": "5de4f2d44aaa49ba3f3bf7fb822fec34", "number": "2679542859", "area-code": "916"}, {"id": "5de4f2d44aaa49ba3f3bf7fb822fdd1f", "number": "2134812475", "area-code": "339"}, {"id": "5de4f2d44aaa49ba3f3bf7fb822fd73e", "number": "7622220403", "area-code": "706"}, {"id": "5de4f2d44aaa49ba3f3bf7fb822fca0d", "number": "8008634785", "area-code": "978"}, {"id": "5de4f2d44aaa49ba3f3bf7fb822fc442", "number": "8884928172", "area-code": "650"}, {"id": "5de4f2d44aaa49ba3f3bf7fb822fbd8a", "number": "6237759536", "area-code": "631"}, {"id": "5de4f2d44aaa49ba3f3bf7fb822fb040", "number": "9163788339", "area-code": "828"}, {"id": "5de4f2d44aaa49ba3f3bf7fb822f9010", "number": "5082778613", "area-code": "774"}, {"id": "5de4f2d44aaa49ba3f3bf7fb822f8f5c", "number": "7173190339", "area-code": "724"}, {"id": "5de4f2d44aaa49ba3f3bf7fb822f80cb", "number": "8009033637", "area-code": "828"}, {"id": "5de4f2d44aaa49ba3f3bf7fb822f779f", "number": "8668771098", "area-code": "978"}, {"id": "5de4f2d44aaa49ba3f3bf7fb822f72e2", "number": "9106874624", "area-code": "828"}, {"id": "5de4f2d44aaa49ba3f3bf7fb822f6e51", "number": "9282235367", "area-code": "602"}, {"id": "5de4f2d44aaa49ba3f3bf7fb822f6105", "number": "8283374242", "area-code": "828"}, {"id": "5de4f2d44aaa49ba3f3bf7fb822f598c", "number": "2679542859", "area-code": "910"}, {"id": "5de4f2d44aaa49ba3f3bf7fb822f5234", "number": "8163380573", "area-code": "404"}, {"id": "5de4f2d44aaa49ba3f3bf7fb822f4b04", "number": "9733982222", "area-code": "973"}, {"id": "5de4f2d44aaa49ba3f3bf7fb822f4aff", "number": "4043287310", "area-code": "404"}, {"id": "5de4f2d44aaa49ba3f3bf7fb822f3bef", "number": "9544269595", "area-code": "785"}, {"id": "5de4f2d44aaa49ba3f3bf7fb822f359a", "number": "8013776164", "area-code": "785"}, {"id": "5de4f2d44aaa49ba3f3bf7fb822f19d6", "number": "2122447067", "area-code": "216"}, {"id": "5de4f2d44aaa49ba3f3bf7fb822f0d20", "number": "6312302133", "area-code": "631"}, {"id": "5de4f2d44aaa49ba3f3bf7fb822f0794", "number": "7167859982", "area-code": "631"}, {"id": "5de4f2d44aaa49ba3f3bf7fb822f0613", "number": "2134811322", "area-code": "509"}, {"id": "5de4f2d44aaa49ba3f3bf7fb822f02de", "number": "5863151768", "area-code": "507"}, {"id": "5de4f2d44aaa49ba3f3bf7fb822ee891", "number": "8622498303", "area-code": "425"}, {"id": "5de4f2d44aaa49ba3f3bf7fb822ee3cc", "number": "2025266676", "area-code": "425"}, {"id": "5de4f2d44aaa49ba3f3bf7fb822ee28f", "number": "7199634413", "area-code": "719"}, {"id": "5de4f2d44aaa49ba3f3bf7fb822ed2db", "number": "3176221373", "area-code": "425"}, {"id": "5de4f2d44aaa49ba3f3bf7fb822ed049", "number": "3527175187", "area-code": "401"}, {"id": "5de4f2d44aaa49ba3f3bf7fb822ec27a", "number": "0000000000", "area-code": "330"}, {"id": "5de4f2d44aaa49ba3f3bf7fb822ebdc8", "number": "7199634413", "area-code": "719"}, {"id": "5de4f2d44aaa49ba3f3bf7fb822ebc23", "number": "4242080081", "area-code": "360"}, {"id": "5de4f2d44aaa49ba3f3bf7fb822eba2b", "number": "5089668325", "area-code": "617"}, {"id": "5de4f2d44aaa49ba3f3bf7fb822eab47", "number": "9142134715", "area-code": "425"}, {"id": "5de4f2d44aaa49ba3f3bf7fb822ea250", "number": "9142134715", "area-code": "425"}, {"id": "5de4f2d44aaa49ba3f3bf7fb822e951f", "number": "7205041549", "area-code": "719"}, {"id": "5de4f2d44aaa49ba3f3bf7fb822e9421", "number": "3303256068", "area-code": "330"}, {"id": "5de4f2d44aaa49ba3f3bf7fb822e91e2", "number": "8145404458", "area-code": "719"}, {"id": "5de4f2d44aaa49ba3f3bf7fb822e8b01", "number": "3477721388", "area-code": "845"}, {"id": "5de4f2d44aaa49ba3f3bf7fb822e7c94", "number": "4232056243", "area-code": "931"}, {"id": "5de4f2d44aaa49ba3f3bf7fb822e79d6", "number": "4109314937", "area-code": "410"}, {"id": "5de4f2d44aaa49ba3f3bf7fb822e6d9d", "number": "7183628900", "area-code": "845"}, {"id": "5de4f2d44aaa49ba3f3bf7fb822e6884", "number": "6234278536", "area-code": "916"}, {"id": "5de4f2d44aaa49ba3f3bf7fb822e5cb1", "number": "4109314894", "area-code": "410"}, {"id": "5de4f2d44aaa49ba3f3bf7fb822e538f", "number": "7347207005", "area-code": "313"}, {"id": "5de4f2d44aaa49ba3f3bf7fb822e5761", "number": "2488136658", "area-code": "248"}, {"id": "5de4f2d44aaa49ba3f3bf7fb822e4ac0", "number": "2483741672", "area-code": "248"}, {"id": "5de4f2d44aaa49ba3f3bf7fb822e4635", "number": "8063043766", "area-code": "248"}, {"id": "5de4f2d44aaa49ba3f3bf7fb822e3e4a", "number": "4102200440", "area-code": "410"}, {"id": "5de4f2d44aaa49ba3f3bf7fb822e3678", "number": "7028772670", "area-code": "702"}, {"id": "5de4f2d44aaa49ba3f3bf7fb822e2ee5", "number": "6692412767", "area-code": "702"}, {"id": "5de4f2d44aaa49ba3f3bf7fb822e1f32", "number": "4108677982", "area-code": "410"}, {"id": "5de4f2d44aaa49ba3f3bf7fb822e149f", "number": "5153448174", "area-code": "248"}, {"id": "5de4f2d44aaa49ba3f3bf7fb822e11b1", "number": "3012099186", "area-code": "410"}, {"id": "5de4f2d44aaa49ba3f3bf7fb822e0962", "number": "6163292214", "area-code": "269"}, {"id": "5de4f2d44aaa49ba3f3bf7fb822e0847", "number": "6168906485", "area-code": "248"}, {"id": "5de4f2d44aaa49ba3f3bf7fb822e0602", "number": "9892175271", "area-code": "989"}, {"id": "5de4f2d44aaa49ba3f3bf7fb822dfdbc", "number": "4106576286", "area-code": "410"}, {"id": "5de4f2d44aaa49ba3f3bf7fb822df528", "number": "2108896612", "area-code": "248"}, {"id": "5de4f2d44aaa49ba3f3bf7fb822def4d", "number": "2486176091", "area-code": "248"}, {"id": "5de4f2d44aaa49ba3f3bf7fb822de6d5", "number": "2532461515", "area-code": "410"}, {"id": "5de4f2d44aaa49ba3f3bf7fb822dd8bb", "number": "2029027590", "area-code": "716"}, {"id": "5de4f2d44aaa49ba3f3bf7fb822dd244", "number": "4632173913", "area-code": "989"}, {"id": "5de4f2d44aaa49ba3f3bf7fb822dcf84", "number": "8146691907", "area-code": "814"}, {"id": "5de4f2d44aaa49ba3f3bf7fb822dccf8", "number": "4433993579", "area-code": "410"}, {"id": "5de4f2d44aaa49ba3f3bf7fb822dc5dc", "number": "4435698321", "area-code": "410"}, {"id": "5de4f2d44aaa49ba3f3bf7fb822dbf85", "number": "4104034629", "area-code": "410"}, {"id": "5de4f2d44aaa49ba3f3bf7fb822dbd51", "number": "6104271503", "area-code": "610"}, {"id": "5de4f2d44aaa49ba3f3bf7fb822db005", "number": "8482320970", "area-code": "410"}, {"id": "5de4f2d44aaa49ba3f3bf7fb822da3a3", "number": "2404987033", "area-code": "410"}, {"id": "5de4f2d44aaa49ba3f3bf7fb822da25c", "number": "2027690057", "area-code": "304"}, {"id": "5de4f2d44aaa49ba3f3bf7fb822da1d1", "number": "5134333328", "area-code": "970"}, {"id": "5de4f2d44aaa49ba3f3bf7fb822d9ef6", "number": "8604001989", "area-code": "760"}, {"id": "5de4f2d44aaa49ba3f3bf7fb822d925d", "number": "3072719684", "area-code": "760"}, {"id": "5de4f2d44aaa49ba3f3bf7fb822d8e5d", "number": "3193022637", "area-code": "760"}, {"id": "5de4f2d44aaa49ba3f3bf7fb822d7f74", "number": "8553308653", "area-code": "714"}, {"id": "5de4f2d44aaa49ba3f3bf7fb822d78fa", "number": "7606993007", "area-code": "760"}, {"id": "5de4f2d44aaa49ba3f3bf7fb822d6cf0", "number": "4012401363", "area-code": "760"}, {"id": "5de4f2d44aaa49ba3f3bf7fb822d5dc2", "number": "7602578522", "area-code": "760"}, {"id": "5de4f2d44aaa49ba3f3bf7fb822d4f22", "number": "6612713894", "area-code": "760"}, {"id": "5de4f2d44aaa49ba3f3bf7fb822d4a54", "number": "6469891850", "area-code": "863"}, {"id": "5de4f2d44aaa49ba3f3bf7fb822d3e0f", "number": "7602395470", "area-code": "760"}, {"id": "5de4f2d44aaa49ba3f3bf7fb822d3c9a", "number": "9202832901", "area-code": "920"}, {"id": "5de4f2d44aaa49ba3f3bf7fb822d304b", "number": "3195369051", "area-code": "760"}, {"id": "5de4f2d44aaa49ba3f3bf7fb822d2c65", "number": "8768418403", "area-code": "520"}, {"id": "5de4f2d44aaa49ba3f3bf7fb822d2a72", "number": "8449891072", "area-code": "541"}, {"id": "5de4f2d44aaa49ba3f3bf7fb822d2075", "number": "7248886625", "area-code": "412"}, {"id": "5de4f2d44aaa49ba3f3bf7fb822d1924", "number": "2629777990", "area-code": "920"}, {"id": "5de4f2d44aaa49ba3f3bf7fb822d11ad", "number": "7857422393", "area-code": "760"}, {"id": "5de4f2d44aaa49ba3f3bf7fb822d0845", "number": "4703719333", "area-code": "404"}, {"id": "5de4f2d44aaa49ba3f3bf7fb822cfd01", "number": "2157708952", "area-code": "760"}, {"id": "5de4f2d44aaa49ba3f3bf7fb822cf113", "number": "5403067076", "area-code": "540"}, {"id": "5de4f2d44aaa49ba3f3bf7fb822cedc3", "number": "3022895078", "area-code": "570"}, {"id": "5de4f2d44aaa49ba3f3bf7fb822ce7b7", "number": "4127260483", "area-code": "919"}, {"id": "5de4f2d44aaa49ba3f3bf7fb822ce239", "number": "5258622454", "area-code": "919"}, {"id": "5de4f2d44aaa49ba3f3bf7fb822cd8f3", "number": "9192755740", "area-code": "919"}, {"id": "5de4f2d44aaa49ba3f3bf7fb822ccca9", "number": "8322535019", "area-code": "832"}, {"id": "5de4f2d44aaa49ba3f3bf7fb822cc2b9", "number": "9842018005", "area-code": "919"}, {"id": "5de4f2d44aaa49ba3f3bf7fb822cbbcc", "number": "3865183861", "area-code": "570"}, {"id": "5de4f2d44aaa49ba3f3bf7fb822cb94d", "number": "5126902058", "area-code": "623"}, {"id": "5de4f2d44aaa49ba3f3bf7fb822cb2bd", "number": "9104271659", "area-code": "919"}, {"id": "5de4f2d44aaa49ba3f3bf7fb822cb0ca", "number": "2015127459", "area-code": "210"}, {"id": "5de4f2d44aaa49ba3f3bf7fb822cab6a", "number": "5126902058", "area-code": "623"}, {"id": "5de4f2d44aaa49ba3f3bf7fb822ca421", "number": "6088881975", "area-code": "919"}, {"id": "5de4f2d44aaa49ba3f3bf7fb822ca36a", "number": "7146371304", "area-code": "714"}, {"id": "5de4f2d44aaa49ba3f3bf7fb822ca22f", "number": "5126902058", "area-code": "623"}, {"id": "5de4f2d44aaa49ba3f3bf7fb822c92e0", "number": "9192891098", "area-code": "919"}, {"id": "5de4f2d44aaa49ba3f3bf7fb822c7a5d", "number": "5126902058", "area-code": "623"}, {"id": "5de4f2d44aaa49ba3f3bf7fb822c77fd", "number": "9104271659", "area-code": "919"}, {"id": "5de4f2d44aaa49ba3f3bf7fb822c6ecf", "number": "6572946759", "area-code": "208"}, {"id": "5de4f2d44aaa49ba3f3bf7fb822c6ba5", "number": "8283070724", "area-code": "516"}, {"id": "5de4f2d44aaa49ba3f3bf7fb822c627b", "number": "5126902058", "area-code": "623"}, {"id": "5de4f2d44aaa49ba3f3bf7fb822c5bb8", "number": "5125235155", "area-code": "512"}, {"id": "5de4f2d44aaa49ba3f3bf7fb822c54e2", "number": "5126902058", "area-code": "623"}, {"id": "5de4f2d44aaa49ba3f3bf7fb822c52c3", "number": "5054442568", "area-code": "708"}, {"id": "5de4f2d44aaa49ba3f3bf7fb822c4e2d", "number": "5126902058", "area-code": "623"}, {"id": "5de4f2d44aaa49ba3f3bf7fb822c4af5", "number": "5126902058", "area-code": "623"}, {"id": "5de4f2d44aaa49ba3f3bf7fb822c445c", "number": "5126902058", "area-code": "623"}, {"id": "5de4f2d44aaa49ba3f3bf7fb822c3b1b", "number": "6782249748", "area-code": "678"}, {"id": "5de4f2d44aaa49ba3f3bf7fb822c2f4d", "number": "5126902058", "area-code": "623"}, {"id": "5de4f2d44aaa49ba3f3bf7fb822c2caf", "number": "2029184740", "area-code": "703"}, {"id": "5de4f2d44aaa49ba3f3bf7fb822c259c", "number": "5126902058", "area-code": "623"}, {"id": "5de4f2d44aaa49ba3f3bf7fb822c1ac0", "number": "5156351622", "area-code": "563"}, {"id": "5de4f2d44aaa49ba3f3bf7fb822c1195", "number": "3202168997", "area-code": "612"}, {"id": "5de4f2d44aaa49ba3f3bf7fb822c0477", "number": "6033059808", "area-code": "978"}, {"id": "5de4f2d44aaa49ba3f3bf7fb822bf795", "number": "7872851375", "area-code": "858"}, {"id": "5de4f2d44aaa49ba3f3bf7fb822bf0a0", "number": "5852998730", "area-code": "323"}, {"id": "5de4f2d44aaa49ba3f3bf7fb822be42d", "number": "7032601721", "area-code": "703"}, {"id": "5de4f2d44aaa49ba3f3bf7fb822bddf6", "number": "4238883153", "area-code": "909"}, {"id": "5de4f2d44aaa49ba3f3bf7fb822bd682", "number": "4806906344", "area-code": "480"}, {"id": "5de4f2d44aaa49ba3f3bf7fb822bc9ea", "number": "8443812564", "area-code": "718"}, {"id": "5de4f2d44aaa49ba3f3bf7fb822bc8df", "number": "6232751874", "area-code": "718"}, {"id": "5de4f2d44aaa49ba3f3bf7fb822bc310", "number": "3477488155", "area-code": "718"}, {"id": "5de4f2d44aaa49ba3f3bf7fb822bbaca", "number": "5089715644", "area-code": "781"}, {"id": "5de4f2d44aaa49ba3f3bf7fb822baeff", "number": "6174282000", "area-code": "781"}, {"id": "5de4f2d44aaa49ba3f3bf7fb822ba56b", "number": "5162687802", "area-code": "650"}, {"id": "5de4f2d44aaa49ba3f3bf7fb822b9e5d", "number": "8438747375", "area-code": "843"}, {"id": "5de4f2d44aaa49ba3f3bf7fb822b9011", "number": "8002257630", "area-code": "352"}, {"id": "5de4f2d44aaa49ba3f3bf7fb822b835a", "number": "4805767025", "area-code": "818"}, {"id": "5de4f2d44aaa49ba3f3bf7fb822b82c1", "number": "8285251813", "area-code": "502"}, {"id": "5de4f2d44aaa49ba3f3bf7fb822b7a95", "number": "9412201139", "area-code": "813"}, {"id": "5de4f2d44aaa49ba3f3bf7fb822b7226", "number": "6192260186", "area-code": "619"}, {"id": "5de4f2d44aaa49ba3f3bf7fb822b6266", "number": "7072100661", "area-code": "818"}, {"id": "5de4f2d44aaa49ba3f3bf7fb822b549b", "number": "2092549857", "area-code": "818"}, {"id": "5de4f2d44aaa49ba3f3bf7fb822b4655", "number": "8155082506", "area-code": "815"}, {"id": "5de4f2d44aaa49ba3f3bf7fb822b3c2b", "number": "8622579244", "area-code": "201"}, {"id": "5de4f2d44aaa49ba3f3bf7fb822b3692", "number": "8063043267", "area-code": "806"}, {"id": "5de4f2d44aaa49ba3f3bf7fb822b3424", "number": "4352537778", "area-code": "435"}, {"id": "5de4f2d44aaa49ba3f3bf7fb822b27d7", "number": "6822579594", "area-code": "951"}, {"id": "5de4f2d44aaa49ba3f3bf7fb822b1dac", "number": "9519401525", "area-code": "951"}, {"id": "5de4f2d44aaa49ba3f3bf7fb822b1a8e", "number": "8007872190", "area-code": "951"}, {"id": "5de4f2d44aaa49ba3f3bf7fb822b0b0c", "number": "3126429398", "area-code": "224"}, {"id": "5de4f2d44aaa49ba3f3bf7fb822b0ae5", "number": "9092487755", "area-code": "951"}, {"id": "5de4f2d44aaa49ba3f3bf7fb822b076e", "number": "8474236128", "area-code": "847"}, {"id": "5de4f2d44aaa49ba3f3bf7fb822b014b", "number": "7207702746", "area-code": "619"}, {"id": "5de4f2d44aaa49ba3f3bf7fb822afad4", "number": "9373866122", "area-code": "937"}, {"id": "5de4f2d44aaa49ba3f3bf7fb822af817", "number": "5054442572", "area-code": "702"}, {"id": "5de4f2d44aaa49ba3f3bf7fb822af0b7", "number": "6195300988", "area-code": "619"}, {"id": "5de4f2d44aaa49ba3f3bf7fb822aefdb", "number": "2156441917", "area-code": "215"}, {"id": "5de4f2d44aaa49ba3f3bf7fb822aef44", "number": "2156458328", "area-code": "215"}, {"id": "5de4f2d44aaa49ba3f3bf7fb822aea26", "number": "2156394933", "area-code": "215"}, {"id": "5de4f2d44aaa49ba3f3bf7fb822ae305", "number": "9496521380", "area-code": "646"}, {"id": "5de4f2d44aaa49ba3f3bf7fb822ad8a6", "number": "9373866122", "area-code": "937"}, {"id": "5de4f2d44aaa49ba3f3bf7fb822ad17e", "number": "8884921620", "area-code": "415"}, {"id": "5de4f2d44aaa49ba3f3bf7fb822ac64e", "number": "9373581279", "area-code": "937"}, {"id": "5de4f2d44aaa49ba3f3bf7fb822ab715", "number": "9177701454", "area-code": "631"}, {"id": "5de4f2d44aaa49ba3f3bf7fb822aabbc", "number": "2028900046", "area-code": "202"}, {"id": "5de4f2d44aaa49ba3f3bf7fb822aa1a7", "number": "8506865513", "area-code": "850"}, {"id": "5de4f2d44aaa49ba3f3bf7fb822a9bde", "number": "2028161173", "area-code": "202"}, {"id": "5de4f2d44aaa49ba3f3bf7fb822a8eec", "number": "8038059013", "area-code": "202"}, {"id": "5de4f2d44aaa49ba3f3bf7fb822a872e", "number": "2029134141", "area-code": "301"}, {"id": "5de4f2d44aaa49ba3f3bf7fb822a868e", "number": "2058651085", "area-code": "202"}, {"id": "5de4f2d44aaa49ba3f3bf7fb822a843d", "number": "9544882719", "area-code": "301"}, {"id": "5de4f2d44aaa49ba3f3bf7fb822a7580", "number": "2028431694", "area-code": "202"}, {"id": "5de4f2d44aaa49ba3f3bf7fb822a6916", "number": "2406654754", "area-code": "301"}, {"id": "5de4f2d44aaa49ba3f3bf7fb822a6582", "number": "2027276525", "area-code": "202"}, {"id": "5de4f2d44aaa49ba3f3bf7fb822a5db5", "number": "4124303876", "area-code": "301"}, {"id": "5de4f2d44aaa49ba3f3bf7fb822a4f6e", "number": "8283838977", "area-code": "347"}, {"id": "5de4f2d44aaa49ba3f3bf7fb822a4a66", "number": "2029806319", "area-code": "202"}, {"id": "5de4f2d44aaa49ba3f3bf7fb822a44d7", "number": "3013896183", "area-code": "301"}, {"id": "5de4f2d44aaa49ba3f3bf7fb822a4050", "number": "9156711195", "area-code": "281"}, {"id": "5de4f2d44aaa49ba3f3bf7fb822a3929", "number": "8559662821", "area-code": "202"}, {"id": "5de4f2d44aaa49ba3f3bf7fb822a2e57", "number": "3015261820", "area-code": "301"}, {"id": "5de4f2d44aaa49ba3f3bf7fb822a1f66", "number": "2814458464", "area-code": "281"}, {"id": "5de4f2d44aaa49ba3f3bf7fb822a135f", "number": "3012986001", "area-code": "301"}, {"id": "5de4f2d44aaa49ba3f3bf7fb822a0cdb", "number": "2026251010", "area-code": "202"}, {"id": "5de4f2d44aaa49ba3f3bf7fb822a0af9", "number": "1410200505", "area-code": "281"}, {"id": "5de4f2d44aaa49ba3f3bf7fb822a054d", "number": "4124303876", "area-code": "301"}, {"id": "5de4f2d44aaa49ba3f3bf7fb822a050f", "number": "2028367766", "area-code": "202"}, {"id": "5de4f2d44aaa49ba3f3bf7fb8229fbf9", "number": "3012633258", "area-code": "301"}, {"id": "5de4f2d44aaa49ba3f3bf7fb8229f6a6", "number": "3309134037", "area-code": "202"}, {"id": "5de4f2d44aaa49ba3f3bf7fb8229f307", "number": "2029794523", "area-code": "202"}, {"id": "5de4f2d44aaa49ba3f3bf7fb8229e94e", "number": "4124303876", "area-code": "301"}, {"id": "5de4f2d44aaa49ba3f3bf7fb8229dc01", "number": "7185357528", "area-code": "617"}, {"id": "5de4f2d44aaa49ba3f3bf7fb8229d877", "number": "4805766576", "area-code": "480"}, {"id": "5de4f2d44aaa49ba3f3bf7fb8229d464", "number": "2027689237", "area-code": "503"}, {"id": "5de4f2d44aaa49ba3f3bf7fb8229ca90", "number": "3477721388", "area-code": "929"}, {"id": "5de4f2d44aaa49ba3f3bf7fb8229c0c9", "number": "9712537629", "area-code": "503"}, {"id": "5de4f2d44aaa49ba3f3bf7fb8229b48c", "number": "7048667809", "area-code": "704"}, {"id": "5de4f2d44aaa49ba3f3bf7fb8229b2fa", "number": "7183291921", "area-code": "617"}, {"id": "5de4f2d44aaa49ba3f3bf7fb8229abdb", "number": "7045354369", "area-code": "704"}, {"id": "5de4f2d44aaa49ba3f3bf7fb8229aaa7", "number": "2029963303", "area-code": "503"}, {"id": "5de4f2d44aaa49ba3f3bf7fb8229a857", "number": "9804462576", "area-code": "704"}, {"id": "5de4f2d44aaa49ba3f3bf7fb82299a1b", "number": "4048141665", "area-code": "617"}, {"id": "5de4f2d44aaa49ba3f3bf7fb82298c2b", "number": "9198564630", "area-code": "704"}, {"id": "5de4f2d44aaa49ba3f3bf7fb82297e9a", "number": "7047617127", "area-code": "704"}, {"id": "5de4f2d44aaa49ba3f3bf7fb82297bbe", "number": "7042282020", "area-code": "704"}, {"id": "5de4f2d44aaa49ba3f3bf7fb8229743a", "number": "7049619808", "area-code": "704"}, {"id": "5de4f2d44aaa49ba3f3bf7fb8229645d", "number": "7182879051", "area-code": "617"}, {"id": "5de4f2d44aaa49ba3f3bf7fb82295cf1", "number": "9106364559", "area-code": "910"}, {"id": "5de4f2d44aaa49ba3f3bf7fb82295185", "number": "9802431977", "area-code": "704"}, {"id": "5de4f2d44aaa49ba3f3bf7fb822946e3", "number": "9106364559", "area-code": "910"}, {"id": "5de4f2d44aaa49ba3f3bf7fb8229468a", "number": "9106364559", "area-code": "910"}, {"id": "5de4f2d44aaa49ba3f3bf7fb82293bd4", "number": "9106364559", "area-code": "910"}, {"id": "5de4f2d44aaa49ba3f3bf7fb8229363c", "number": "7012316899", "area-code": "952"}, {"id": "5de4f2d44aaa49ba3f3bf7fb82292b57", "number": "9106364542", "area-code": "910"}, {"id": "5de4f2d44aaa49ba3f3bf7fb8236bb9a", "number": "9783941901", "area-code": "205"}, {"id": "5de4f2d44aaa49ba3f3bf7fb8236aca9", "number": "6062576316", "area-code": "205"}, {"id": "5de4f2d44aaa49ba3f3bf7fb8236a33a", "number": "2058504465", "area-code": "205"}, {"id": "5de4f2d44aaa49ba3f3bf7fb82369621", "number": "6235249698", "area-code": "949"}, {"id": "5de4f2d44aaa49ba3f3bf7fb82369062", "number": "2057109152", "area-code": "205"}, {"id": "5de4f2d44aaa49ba3f3bf7fb82368705", "number": "8042158186", "area-code": "205"}, {"id": "5de4f2d44aaa49ba3f3bf7fb823678dc", "number": "3136181267", "area-code": "205"}, {"id": "5de4f2d44aaa49ba3f3bf7fb82366f25", "number": "6575001934", "area-code": "949"}, {"id": "5de4f2d44aaa49ba3f3bf7fb82366da0", "number": "2514942036", "area-code": "205"}, {"id": "5de4f2d44aaa49ba3f3bf7fb8236688b", "number": "3139181267", "area-code": "205"}, {"id": "5de4f2d44aaa49ba3f3bf7fb82365ebc", "number": "2056198190", "area-code": "205"}, {"id": "5de4f2d44aaa49ba3f3bf7fb823656ec", "number": "2514942036", "area-code": "205"}, {"id": "5de4f2d44aaa49ba3f3bf7fb82365574", "number": "2056198190", "area-code": "205"}, {"id": "5de4f2d44aaa49ba3f3bf7fb82364fb1", "number": "8033353941", "area-code": "205"}, {"id": "5de4f2d44aaa49ba3f3bf7fb82363d5a", "number": "8042158422", "area-code": "205"}, {"id": "5de4f2d44aaa49ba3f3bf7fb823636de", "number": "2054869093", "area-code": "205"}, {"id": "5de4f2d44aaa49ba3f3bf7fb82362d26", "number": "7147473766", "area-code": "541"}, {"id": "5de4f2d44aaa49ba3f3bf7fb82361228", "number": "8772642893", "area-code": "785"}, {"id": "5de4f2d44aaa49ba3f3bf7fb82360832", "number": "216area missing", "area-code": "216"}, {"id": "5de4f2d44aaa49ba3f3bf7fb823605c7", "number": "6152460665", "area-code": "303"}, {"id": "5de4f2d44aaa49ba3f3bf7fb8235f6fc", "number": "5034599333", "area-code": "919"}, {"id": "5de4f2d44aaa49ba3f3bf7fb8235ed56", "number": "7326313710", "area-code": "732"}, {"id": "5de4f2d44aaa49ba3f3bf7fb8235eb8f", "number": "7028772670", "area-code": "702"}, {"id": "5de4f2d44aaa49ba3f3bf7fb8235e9e9", "number": "2099150009", "area-code": "610"}, {"id": "5de4f2d44aaa49ba3f3bf7fb8235df96", "number": "7023420864", "area-code": "757"}, {"id": "5de4f2d44aaa49ba3f3bf7fb8235dab5", "number": "7148124139", "area-code": "503"}, {"id": "5de4f2d44aaa49ba3f3bf7fb8235d155", "number": "8768833909", "area-code": "304"}, {"id": "5de4f2d44aaa49ba3f3bf7fb8235cc41", "number": "2029184740", "area-code": "360"}, {"id": "5de4f2d44aaa49ba3f3bf7fb8235c42a", "number": "5204633683", "area-code": "520"}, {"id": "5de4f2d44aaa49ba3f3bf7fb8235bc83", "number": "5108425313", "area-code": "510"}, {"id": "5de4f2d44aaa49ba3f3bf7fb8235b981", "number": "2029150956", "area-code": "972"}, {"id": "5de4f2d44aaa49ba3f3bf7fb8235b450", "number": "8768833909", "area-code": "304"}, {"id": "5de4f2d44aaa49ba3f3bf7fb8235a798", "number": "9735392222", "area-code": "973"}, {"id": "5de4f2d44aaa49ba3f3bf7fb82359ab4", "number": "3477721388", "area-code": "845"}, {"id": "5de4f2d44aaa49ba3f3bf7fb82359302", "number": "7207912489", "area-code": "303"}, {"id": "5de4f2d44aaa49ba3f3bf7fb82358e14", "number": "2134821425", "area-code": "509"}, {"id": "5de4f2d44aaa49ba3f3bf7fb823584f3", "number": "845area missing", "area-code": "845"}, {"id": "5de4f2d44aaa49ba3f3bf7fb82358451", "number": "5099296600", "area-code": "509"}, {"id": "5de4f2d44aaa49ba3f3bf7fb82357e8e", "number": "7243153640", "area-code": "724"}, {"id": "5de4f2d44aaa49ba3f3bf7fb82357684", "number": "4694980627", "area-code": "925"}, {"id": "5de4f2d44aaa49ba3f3bf7fb823575fa", "number": "3526191566", "area-code": "407"}, {"id": "5de4f2d44aaa49ba3f3bf7fb82356a8b", "number": "8882278478", "area-code": "479"}, {"id": "5de4f2d44aaa49ba3f3bf7fb8235672d", "number": "5022057471", "area-code": "479"}, {"id": "5de4f2d44aaa49ba3f3bf7fb823563ef", "number": "8328864421", "area-code": "979"}, {"id": "5de4f2d44aaa49ba3f3bf7fb82355e51", "number": "7078048021", "area-code": "323"}, {"id": "5de4f2d44aaa49ba3f3bf7fb82291edf", "number": "9106364542", "area-code": "910"}, {"id": "5de4f2d44aaa49ba3f3bf7fb822911c2", "number": "8002255973", "area-code": "509"}, {"id": "5de4f2d44aaa49ba3f3bf7fb822903ab", "number": "9106364542", "area-code": "910"}, {"id": "5de4f2d44aaa49ba3f3bf7fb8228f621", "number": "9106364542", "area-code": "910"}, {"id": "5de4f2d44aaa49ba3f3bf7fb8228ea7c", "number": "9106364542", "area-code": "910"}, {"id": "5de4f2d44aaa49ba3f3bf7fb8228e9c8", "number": "7325843939", "area-code": "718"}, {"id": "5de4f2d44aaa49ba3f3bf7fb8228e962", "number": "3363961489", "area-code": "336"}, {"id": "5de4f2d44aaa49ba3f3bf7fb8228e338", "number": "9106364542", "area-code": "910"}, {"id": "5de4f2d44aaa49ba3f3bf7fb8228e159", "number": "9106364542", "area-code": "910"}, {"id": "5de4f2d44aaa49ba3f3bf7fb8228d3d4", "number": "9106364542", "area-code": "910"}, {"id": "5de4f2d44aaa49ba3f3bf7fb8228c924", "number": "9106364542", "area-code": "910"}, {"id": "5de4f2d44aaa49ba3f3bf7fb8228c7a7", "number": "3098303408", "area-code": "305"}, {"id": "5de4f2d44aaa49ba3f3bf7fb8228bc60", "number": "9106364542", "area-code": "910"}, {"id": "5de4f2d44aaa49ba3f3bf7fb8228b396", "number": "4193004050", "area-code": "419"}, {"id": "5de4f2d44aaa49ba3f3bf7fb8228a90c", "number": "2706935762", "area-code": "602"}, {"id": "5de4f2d44aaa49ba3f3bf7fb8228a522", "number": "6266892002", "area-code": "626"}, {"id": "5de4f2d44aaa49ba3f3bf7fb8228a3df", "number": "7047033503", "area-code": "828"}, {"id": "5de4f2d44aaa49ba3f3bf7fb82289984", "number": "9412201139", "area-code": "941"}, {"id": "5de4f2d44aaa49ba3f3bf7fb82289798", "number": "2074775634", "area-code": "207"}, {"id": "5de4f2d44aaa49ba3f3bf7fb8228898f", "number": "8774969236", "area-code": "707"}, {"id": "5de4f2d44aaa49ba3f3bf7fb82287979", "number": "8004356927", "area-code": "415"}, {"id": "5de4f2d44aaa49ba3f3bf7fb822860b7", "number": "8602427585", "area-code": "860"}, {"id": "5de4f2d44aaa49ba3f3bf7fb822858b3", "number": "8605618399", "area-code": "860"}, {"id": "5de4f2d44aaa49ba3f3bf7fb82284dda", "number": "6237204792", "area-code": "917"}, {"id": "5de4f2d44aaa49ba3f3bf7fb82284401", "number": "6313378968", "area-code": "631"}, {"id": "5de4f2d44aaa49ba3f3bf7fb82282d14", "number": "6197325849", "area-code": "619"}, {"id": "5de4f2d44aaa49ba3f3bf7fb8228200b", "number": "6198130216", "area-code": "619"}, {"id": "5de4f2d44aaa49ba3f3bf7fb82281134", "number": "5672342608", "area-code": "352"}, {"id": "5de4f2d44aaa49ba3f3bf7fb82280fa8", "number": "8632504222", "area-code": "863"}, {"id": "5de4f2d44aaa49ba3f3bf7fb82280a19", "number": "8638884835", "area-code": "863"}, {"id": "5de4f2d44aaa49ba3f3bf7fb8227ff61", "number": "6462092656", "area-code": "785"}, {"id": "5de4f2d44aaa49ba3f3bf7fb8227fe99", "number": "6267395000", "area-code": "661"}, {"id": "5de4f2d44aaa49ba3f3bf7fb8227f6cc", "number": "3126422457", "area-code": "773"}, {"id": "5de4f2d44aaa49ba3f3bf7fb8227e790", "number": "8332755806", "area-code": "407"}, {"id": "5de4f2d44aaa49ba3f3bf7fb8227db45", "number": "8632504238", "area-code": "863"}, {"id": "5de4f2d44aaa49ba3f3bf7fb8227d9a8", "number": "5822134631", "area-code": "503"}, {"id": "5de4f2d44aaa49ba3f3bf7fb8227cd5d", "number": "6155903024", "area-code": "615"}, {"id": "5de4f2d44aaa49ba3f3bf7fb8227c928", "number": "9412201139", "area-code": "561"}, {"id": "5de4f2d44aaa49ba3f3bf7fb8227c21e", "number": "8438910499", "area-code": "205"}, {"id": "5de4f2d44aaa49ba3f3bf7fb8227b9c8", "number": "3072863131", "area-code": "813"}, {"id": "5de4f2d44aaa49ba3f3bf7fb8227b31a", "number": "8555256240", "area-code": "407"}, {"id": "5de4f2d44aaa49ba3f3bf7fb8227af22", "number": "3472543258", "area-code": "718"}, {"id": "5de4f2d44aaa49ba3f3bf7fb8227a665", "number": "8474745695", "area-code": "847"}, {"id": "5de4f2d44aaa49ba3f3bf7fb8227a040", "number": "8478016532", "area-code": "847"}, {"id": "5de4f2d44aaa49ba3f3bf7fb82279247", "number": "5026325717", "area-code": "502"}, {"id": "5de4f2d44aaa49ba3f3bf7fb82278900", "number": "3125776901", "area-code": "402"}, {"id": "5de4f2d44aaa49ba3f3bf7fb82277c67", "number": "5136961920", "area-code": "603"}, {"id": "5de4f2d44aaa49ba3f3bf7fb8227749c", "number": "8443875200", "area-code": "310"}, {"id": "5de4f2d44aaa49ba3f3bf7fb82276af5", "number": "8882690850", "area-code": "508"}, {"id": "5de4f2d44aaa49ba3f3bf7fb822768b7", "number": "7062878240", "area-code": "706"}, {"id": "5de4f2d44aaa49ba3f3bf7fb8227616e", "number": "4422067530", "area-code": "510"}, {"id": "5de4f2d44aaa49ba3f3bf7fb822753e1", "number": "2679542859", "area-code": "828"}, {"id": "5de4f2d44aaa49ba3f3bf7fb8227524b", "number": "4422067530", "area-code": "510"}, {"id": "5de4f2d44aaa49ba3f3bf7fb8227491b", "number": "2014618372", "area-code": "201"}, {"id": "5de4f2d44aaa49ba3f3bf7fb82274126", "number": "5103232865", "area-code": "510"}, {"id": "5de4f2d44aaa49ba3f3bf7fb82273812", "number": "__________", "area-code": "507"}, {"id": "5de4f2d44aaa49ba3f3bf7fb8227364f", "number": "3602152562", "area-code": "360"}, {"id": "5de4f2d44aaa49ba3f3bf7fb82272d29", "number": "3232507792", "area-code": "916"}, {"id": "5de4f2d44aaa49ba3f3bf7fb82272103", "number": "7148121017", "area-code": "815"}, {"id": "5de4f2d44aaa49ba3f3bf7fb82271461", "number": "5622625078", "area-code": "916"}, {"id": "5de4f2d44aaa49ba3f3bf7fb82270e37", "number": "2156479812", "area-code": "215"}, {"id": "5de4f2d44aaa49ba3f3bf7fb82270bcf", "number": "3103665159", "area-code": "916"}, {"id": "5de4f2d44aaa49ba3f3bf7fb8226fd5e", "number": "2673390768", "area-code": "857"}, {"id": "5de4f2d44aaa49ba3f3bf7fb8226ebae", "number": "2029184749", "area-code": "301"}, {"id": "5de4f2d44aaa49ba3f3bf7fb8226dc10", "number": "2122443802", "area-code": "216"}, {"id": "5de4f2d44aaa49ba3f3bf7fb8226cc1d", "number": "7866340969", "area-code": "270"}, {"id": "5de4f2d44aaa49ba3f3bf7fb8226c580", "number": "8334542642", "area-code": "218"}, {"id": "5de4f2d44aaa49ba3f3bf7fb8226c326", "number": "5706645107", "area-code": "914"}, {"id": "5de4f2d44aaa49ba3f3bf7fb8226b991", "number": "6198865372", "area-code": "301"}, {"id": "5de4f2d44aaa49ba3f3bf7fb8226b8ea", "number": "5188152547", "area-code": "914"}, {"id": "5de4f2d44aaa49ba3f3bf7fb82269f2e", "number": "9143567355", "area-code": "914"}, {"id": "5de4f2d44aaa49ba3f3bf7fb82269df9", "number": "6509607994", "area-code": "763"}, {"id": "5de4f2d44aaa49ba3f3bf7fb82269018", "number": "7028274710", "area-code": "702"}, {"id": "5de4f2d44aaa49ba3f3bf7fb82268d07", "number": "7023018773", "area-code": "702"}, {"id": "5de4f2d44aaa49ba3f3bf7fb82268bd0", "number": "7028854811", "area-code": "702"}, {"id": "5de4f2d44aaa49ba3f3bf7fb82268766", "number": "3474703995", "area-code": "714"}, {"id": "5de4f2d44aaa49ba3f3bf7fb82268711", "number": "8453779998", "area-code": "208"}, {"id": "5de4f2d44aaa49ba3f3bf7fb82268158", "number": "7254441825", "area-code": "702"}, {"id": "5de4f2d44aaa49ba3f3bf7fb82267edb", "number": "7025467314", "area-code": "702"}, {"id": "5de4f2d44aaa49ba3f3bf7fb82266a30", "number": "8142458734", "area-code": "814"}, {"id": "5de4f2d44aaa49ba3f3bf7fb82265acd", "number": "8663800105", "area-code": "814"}, {"id": "5de4f2d44aaa49ba3f3bf7fb82265141", "number": "8147419157", "area-code": "814"}, {"id": "5de4f2d44aaa49ba3f3bf7fb822646c4", "number": "8142458392", "area-code": "814"}, {"id": "5de4f2d44aaa49ba3f3bf7fb822637dc", "number": "8449598800", "area-code": "814"}, {"id": "5de4f2d44aaa49ba3f3bf7fb82262fd5", "number": "8142384709", "area-code": "814"}, {"id": "5de4f2d44aaa49ba3f3bf7fb82262ac1", "number": "8143998906", "area-code": "814"}, {"id": "5de4f2d44aaa49ba3f3bf7fb822623e5", "number": "2679542859", "area-code": "304"}, {"id": "5de4f2d44aaa49ba3f3bf7fb82261cd6", "number": "8145001092", "area-code": "814"}, {"id": "5de4f2d44aaa49ba3f3bf7fb822611c9", "number": "9204560123", "area-code": "412"}, {"id": "5de4f2d44aaa49ba3f3bf7fb822608fd", "number": "8003008575", "area-code": "814"}, {"id": "5de4f2d44aaa49ba3f3bf7fb8225fcae", "number": "6503040793", "area-code": "650"}, {"id": "5de4f2d44aaa49ba3f3bf7fb8225fb7f", "number": "7162144831", "area-code": "716"}, {"id": "5de4f2d44aaa49ba3f3bf7fb8225ef1e", "number": "6467853099", "area-code": "727"}, {"id": "5de4f2d44aaa49ba3f3bf7fb8225dfd1", "number": "8009723030", "area-code": "770"}, {"id": "5de4f2d44aaa49ba3f3bf7fb8225d052", "number": "2245752885", "area-code": "224"}, {"id": "5de4f2d44aaa49ba3f3bf7fb8225db7f", "number": "4152239886", "area-code": "415"}, {"id": "5de4f2d44aaa49ba3f3bf7fb8225d66b", "number": "8004337300", "area-code": "814"}, {"id": "5de4f2d44aaa49ba3f3bf7fb8225ce17", "number": "8142458570", "area-code": "814"}, {"id": "5de4f2d44aaa49ba3f3bf7fb8225cbc3", "number": "2029150965", "area-code": "626"}, {"id": "5de4f2d44aaa49ba3f3bf7fb8225c733", "number": "8147691979", "area-code": "814"}, {"id": "5de4f2d44aaa49ba3f3bf7fb8225bf46", "number": "4153290596", "area-code": "415"}, {"id": "5de4f2d44aaa49ba3f3bf7fb8225b90e", "number": "6464292533", "area-code": "727"}, {"id": "5de4f2d44aaa49ba3f3bf7fb8225b8fb", "number": "8142009969", "area-code": "814"}, {"id": "5de4f2d44aaa49ba3f3bf7fb8225ab0f", "number": "9176621724", "area-code": "916"}, {"id": "5de4f2d44aaa49ba3f3bf7fb8225a2d0", "number": "9849996216", "area-code": "828"}, {"id": "5de4f2d44aaa49ba3f3bf7fb82259d26", "number": "8002784721", "area-code": "814"}, {"id": "5de4f2d44aaa49ba3f3bf7fb82259602", "number": "7702123822", "area-code": "770"}, {"id": "5de4f2d44aaa49ba3f3bf7fb82258935", "number": "5413268049", "area-code": "570"}, {"id": "5de4f2d44aaa49ba3f3bf7fb82258216", "number": "7043212269", "area-code": "828"}, {"id": "5de4f2d44aaa49ba3f3bf7fb82257abc", "number": "8003626299", "area-code": "814"}, {"id": "5de4f2d44aaa49ba3f3bf7fb82256e18", "number": "7182974743", "area-code": "727"}, {"id": "5de4f2d44aaa49ba3f3bf7fb822545c9", "number": "6058545557", "area-code": "440"}, {"id": "5de4f2d44aaa49ba3f3bf7fb822560c6", "number": "8004234343", "area-code": "828"}, {"id": "5de4f2d44aaa49ba3f3bf7fb822553bd", "number": "8142285975", "area-code": "814"}, {"id": "5de4f2d44aaa49ba3f3bf7fb82254bad", "number": "4046957530", "area-code": "814"}, {"id": "5de4f2d44aaa49ba3f3bf7fb82253ebc", "number": "8284677883", "area-code": "828"}, {"id": "5de4f2d44aaa49ba3f3bf7fb82253aea", "number": "6467855256", "area-code": "727"}, {"id": "5de4f2d44aaa49ba3f3bf7fb82252e29", "number": "8884924451", "area-code": "814"}, {"id": "5de4f2d44aaa49ba3f3bf7fb822526f2", "number": "8336843184", "area-code": "757"}, {"id": "5de4f2d44aaa49ba3f3bf7fb82251807", "number": "8003472683", "area-code": "828"}, {"id": "5de4f2d44aaa49ba3f3bf7fb8225093a", "number": "2029184749", "area-code": "586"}, {"id": "5de4f2d44aaa49ba3f3bf7fb822507d3", "number": "6467854598", "area-code": "727"}, {"id": "5de4f2d44aaa49ba3f3bf7fb8224f876", "number": "3232509072", "area-code": "818"}, {"id": "5de4f2d44aaa49ba3f3bf7fb8224f361", "number": "9702872009", "area-code": "702"}, {"id": "5de4f2d44aaa49ba3f3bf7fb8224eef8", "number": "9092487848", "area-code": "909"}, {"id": "5de4f2d44aaa49ba3f3bf7fb8224e4d6", "number": "8778365629", "area-code": "877"}, {"id": "5de4f2d44aaa49ba3f3bf7fb8224de0f", "number": "6467853954", "area-code": "727"}, {"id": "5de4f2d44aaa49ba3f3bf7fb8224d827", "number": "3093200147", "area-code": "309"}, {"id": "5de4f2d44aaa49ba3f3bf7fb8224ceb6", "number": "8555793106", "area-code": "972"}, {"id": "5de4f2d44aaa49ba3f3bf7fb8224c1cd", "number": "8009002343", "area-code": "608"}, {"id": "5de4f2d44aaa49ba3f3bf7fb8224c17c", "number": "6465244874", "area-code": "727"}, {"id": "5de4f2d44aaa49ba3f3bf7fb8224ba7a", "number": "3142077097", "area-code": "636"}, {"id": "5de4f2d44aaa49ba3f3bf7fb8224b314", "number": "6788345433", "area-code": "404"}, {"id": "5de4f2d44aaa49ba3f3bf7fb8224aead", "number": "8652882090", "area-code": "865"}, {"id": "5de4f2d44aaa49ba3f3bf7fb8224abbf", "number": "8443774136", "area-code": "844"}, {"id": "5de4f2d44aaa49ba3f3bf7fb82249fc4", "number": "9402840662", "area-code": "520"}, {"id": "5de4f2d44aaa49ba3f3bf7fb82249067", "number": "2363335866", "area-code": "440"}, {"id": "5de4f2d44aaa49ba3f3bf7fb82248247", "number": "8059669853", "area-code": "213"}, {"id": "5de4f2d44aaa49ba3f3bf7fb82248127", "number": "8653548912", "area-code": "865"}, {"id": "5de4f2d44aaa49ba3f3bf7fb82247527", "number": "8779692018", "area-code": "570"}, {"id": "5de4f2d44aaa49ba3f3bf7fb82246cb2", "number": "6572481659", "area-code": "520"}, {"id": "5de4f2d44aaa49ba3f3bf7fb8224623b", "number": "8779692018", "area-code": "570"}, {"id": "5de4f2d44aaa49ba3f3bf7fb822458b5", "number": "5419129413", "area-code": "520"}, {"id": "5de4f2d44aaa49ba3f3bf7fb82245589", "number": "8445453441", "area-code": "570"}, {"id": "5de4f2d44aaa49ba3f3bf7fb82244ca2", "number": "2094825071", "area-code": "209"}, {"id": "5de4f2d44aaa49ba3f3bf7fb82244123", "number": "3212908489", "area-code": "443"}, {"id": "5de4f2d44aaa49ba3f3bf7fb822436bc", "number": "4343313795", "area-code": "540"}, {"id": "5de4f2d44aaa49ba3f3bf7fb822436ac", "number": "8653542635", "area-code": "865"}, {"id": "5de4f2d44aaa49ba3f3bf7fb82242721", "number": "7147073260", "area-code": "520"}, {"id": "5de4f2d44aaa49ba3f3bf7fb822419d5", "number": "8779692004", "area-code": "570"}, {"id": "5de4f2d44aaa49ba3f3bf7fb82240fbe", "number": "2094901117", "area-code": "209"}, {"id": "5de4f2d44aaa49ba3f3bf7fb82240449", "number": "7144259741", "area-code": "520"}, {"id": "5de4f2d44aaa49ba3f3bf7fb8223f63e", "number": "8779692004", "area-code": "570"}, {"id": "5de4f2d44aaa49ba3f3bf7fb8223f369", "number": "8654128090", "area-code": "865"}, {"id": "5de4f2d44aaa49ba3f3bf7fb8223e643", "number": "8779692004", "area-code": "570"}, {"id": "5de4f2d44aaa49ba3f3bf7fb8223e124", "number": "4159367439", "area-code": "520"}, {"id": "5de4f2d44aaa49ba3f3bf7fb8223dadc", "number": "4402393477", "area-code": "216"}, {"id": "5de4f2d44aaa49ba3f3bf7fb8223d599", "number": "9179812114", "area-code": "973"}, {"id": "5de4f2d44aaa49ba3f3bf7fb8223ce1d", "number": "8652697186", "area-code": "865"}, {"id": "5de4f2d44aaa49ba3f3bf7fb8223bc39", "number": "3142077097", "area-code": "636"}, {"id": "5de4f2d44aaa49ba3f3bf7fb8223ad80", "number": "3854980968", "area-code": "520"}, {"id": "5de4f2d44aaa49ba3f3bf7fb822397e8", "number": "8652697186", "area-code": "865"}, {"id": "5de4f2d44aaa49ba3f3bf7fb822392cf", "number": "9735602222", "area-code": "973"}, {"id": "5de4f2d44aaa49ba3f3bf7fb82238b71", "number": "5202519578", "area-code": "520"}, {"id": "5de4f2d44aaa49ba3f3bf7fb8223811b", "number": "2126559918", "area-code": "631"}, {"id": "5de4f2d44aaa49ba3f3bf7fb822375bf", "number": "5202108018", "area-code": "520"}, {"id": "5de4f2d44aaa49ba3f3bf7fb82236723", "number": "8652882090", "area-code": "865"}, {"id": "5de4f2d44aaa49ba3f3bf7fb82235a75", "number": "9493378570", "area-code": "520"}, {"id": "5de4f2d44aaa49ba3f3bf7fb82235874", "number": "8888492452", "area-code": "732"}, {"id": "5de4f2d44aaa49ba3f3bf7fb82235134", "number": "2122447222", "area-code": "216"}, {"id": "5de4f2d44aaa49ba3f3bf7fb82234700", "number": "5202519927", "area-code": "520"}, {"id": "5de4f2d44aaa49ba3f3bf7fb82233282", "number": "8665687827", "area-code": "865"}, {"id": "5de4f2d44aaa49ba3f3bf7fb82232c06", "number": "5202519391", "area-code": "520"}, {"id": "5de4f2d44aaa49ba3f3bf7fb8223226b", "number": "5203173663", "area-code": "520"}, {"id": "5de4f2d44aaa49ba3f3bf7fb82231bc3", "number": "8062759747", "area-code": "203"}, {"id": "5de4f2d44aaa49ba3f3bf7fb82231501", "number": "2544429171", "area-code": "972"}, {"id": "5de4f2d44aaa49ba3f3bf7fb82230b48", "number": "8303074005", "area-code": "520"}, {"id": "5de4f2d44aaa49ba3f3bf7fb822305a9", "number": "8654128090", "area-code": "865"}, {"id": "5de4f2d44aaa49ba3f3bf7fb8222fe74", "number": "7148123955", "area-code": "520"}, {"id": "5de4f2d44aaa49ba3f3bf7fb8222fcc9", "number": "5202519934", "area-code": "520"}, {"id": "5de4f2d44aaa49ba3f3bf7fb8222f765", "number": "5202108026", "area-code": "520"}, {"id": "5de4f2d44aaa49ba3f3bf7fb8222ec21", "number": "5202172429", "area-code": "520"}, {"id": "5de4f2d44aaa49ba3f3bf7fb8222e76c", "number": "5203173662", "area-code": "520"}, {"id": "5de4f2d44aaa49ba3f3bf7fb8222e620", "number": "2162943940", "area-code": "440"}, {"id": "5de4f2d44aaa49ba3f3bf7fb8222e362", "number": "8668996190", "area-code": "843"}, {"id": "5de4f2d44aaa49ba3f3bf7fb8222e34f", "number": "5202519900", "area-code": "520"}, {"id": "5de4f2d44aaa49ba3f3bf7fb8222d5fa", "number": "5203173669", "area-code": "520"}, {"id": "5de4f2d44aaa49ba3f3bf7fb8222b897", "number": "8668996190", "area-code": "843"}, {"id": "5de4f2d44aaa49ba3f3bf7fb8222c933", "number": "5614705440", "area-code": "954"}, {"id": "5de4f2d44aaa49ba3f3bf7fb8222bdbd", "number": "5202519860", "area-code": "520"}, {"id": "5de4f2d44aaa49ba3f3bf7fb8222ac87", "number": "2679542859", "area-code": "603"}, {"id": "5de4f2d44aaa49ba3f3bf7fb82229a16", "number": "9294292093", "area-code": "470"}, {"id": "5de4f2d44aaa49ba3f3bf7fb82228ab9", "number": "5203173671", "area-code": "520"}, {"id": "5de4f2d44aaa49ba3f3bf7fb82228605", "number": "8597572686", "area-code": "973"}, {"id": "5de4f2d44aaa49ba3f3bf7fb82227835", "number": "5202172419", "area-code": "520"}, {"id": "5de4f2d44aaa49ba3f3bf7fb822270e4", "number": "5202108013", "area-code": "520"}, {"id": "5de4f2d44aaa49ba3f3bf7fb82225dd9", "number": "5202172418", "area-code": "520"}, {"id": "5de4f2d44aaa49ba3f3bf7fb822251ee", "number": "5202172419", "area-code": "520"}, {"id": "5de4f2d44aaa49ba3f3bf7fb822245fd", "number": "5202108007", "area-code": "520"}, {"id": "5de4f2d44aaa49ba3f3bf7fb82223c44", "number": "5203173677", "area-code": "520"}, {"id": "5de4f2d44aaa49ba3f3bf7fb822234d7", "number": "5203173677", "area-code": "520"}, {"id": "5de4f2d44aaa49ba3f3bf7fb82222762", "number": "3312147432", "area-code": "630"}, {"id": "5de4f2d44aaa49ba3f3bf7fb82222486", "number": "5202107393", "area-code": "520"}, {"id": "5de4f2d44aaa49ba3f3bf7fb82221872", "number": "6617942402", "area-code": "661"}, {"id": "5de4f2d44aaa49ba3f3bf7fb82220b92", "number": "5202172415", "area-code": "520"}, {"id": "5de4f2d44aaa49ba3f3bf7fb822201df", "number": "5202519927", "area-code": "520"}, {"id": "5de4f2d44aaa49ba3f3bf7fb8221e929", "number": "7205989273", "area-code": "970"}, {"id": "5de4f2d44aaa49ba3f3bf7fb8221fab3", "number": "2679542859", "area-code": "810"}, {"id": "5de4f2d44aaa49ba3f3bf7fb8221f7ea", "number": "7028772670", "area-code": "702"}, {"id": "5de4f2d44aaa49ba3f3bf7fb8221f07c", "number": "5202108015", "area-code": "520"}, {"id": "5de4f2d44aaa49ba3f3bf7fb8221e72c", "number": "5202519391", "area-code": "520"}, {"id": "5de4f2d44aaa49ba3f3bf7fb8221dbd7", "number": "5202108014", "area-code": "520"}, {"id": "5de4f2d44aaa49ba3f3bf7fb8221daac", "number": "2155830121", "area-code": "610"}, {"id": "5de4f2d44aaa49ba3f3bf7fb8221d29a", "number": "7622220599", "area-code": "516"}, {"id": "5de4f2d44aaa49ba3f3bf7fb8221c822", "number": "2027652832", "area-code": "650"}, {"id": "5de4f2d44aaa49ba3f3bf7fb8221c27b", "number": "8572519227", "area-code": "781"}, {"id": "5de4f2d44aaa49ba3f3bf7fb8221b8d2", "number": "3479490934", "area-code": "718"}, {"id": "5de4f2d44aaa49ba3f3bf7fb8221b5e3", "number": "5672053672", "area-code": "650"}, {"id": "5de4f2d44aaa49ba3f3bf7fb8221b5b4", "number": "4086103040", "area-code": "650"}, {"id": "5de4f2d44aaa49ba3f3bf7fb8221ac8a", "number": "7086685432", "area-code": "773"}, {"id": "5de4f2d44aaa49ba3f3bf7fb8221aae7", "number": "3139181267", "area-code": "610"}, {"id": "5de4f2d44aaa49ba3f3bf7fb82219c4c", "number": "8882792426", "area-code": "423"}, {"id": "5de4f2d44aaa49ba3f3bf7fb82218d76", "number": "8033353941", "area-code": "610"}, {"id": "5de4f2d44aaa49ba3f3bf7fb82218d18", "number": "8332970949", "area-code": "520"}, {"id": "5de4f2d44aaa49ba3f3bf7fb82218338", "number": "6573917416", "area-code": "919"}, {"id": "5de4f2d44aaa49ba3f3bf7fb82217877", "number": "6576607776", "area-code": "919"}, {"id": "5de4f2d44aaa49ba3f3bf7fb82217496", "number": "5037395516", "area-code": "919"}, {"id": "5de4f2d44aaa49ba3f3bf7fb82216ca6", "number": "4095042463", "area-code": "919"}, {"id": "5de4f2d44aaa49ba3f3bf7fb82216868", "number": "9802702214", "area-code": "864"}, {"id": "5de4f2d44aaa49ba3f3bf7fb82215970", "number": "5208604337", "area-code": "919"}, {"id": "5de4f2d44aaa49ba3f3bf7fb822158d3", "number": "9176842746", "area-code": "812"}, {"id": "5de4f2d44aaa49ba3f3bf7fb8221497e", "number": "4153663873", "area-code": "919"}, {"id": "5de4f2d44aaa49ba3f3bf7fb82213bc8", "number": "2679542859", "area-code": "520"}, {"id": "5de4f2d44aaa49ba3f3bf7fb82213989", "number": "9735402222", "area-code": "973"}, {"id": "5de4f2d44aaa49ba3f3bf7fb822131eb", "number": "3302943643", "area-code": "860"}, {"id": "5de4f2d44aaa49ba3f3bf7fb82212c55", "number": "9014815101", "area-code": "901"}, {"id": "5de4f2d44aaa49ba3f3bf7fb82211fb8", "number": "8339411565", "area-code": "503"}, {"id": "5de4f2d44aaa49ba3f3bf7fb82210ff6", "number": "2097136006", "area-code": "209"}, {"id": "5de4f2d44aaa49ba3f3bf7fb82210952", "number": "2408384166", "area-code": "757"}, {"id": "5de4f2d44aaa49ba3f3bf7fb8220fc5b", "number": "2028040065", "area-code": "410"}, {"id": "5de4f2d44aaa49ba3f3bf7fb8220f224", "number": "5308894326", "area-code": "301"}, {"id": "5de4f2d44aaa49ba3f3bf7fb8220eb4a", "number": "6413326463", "area-code": "323"}, {"id": "5de4f2d44aaa49ba3f3bf7fb8220df33", "number": "7573815122", "area-code": "757"}, {"id": "5de4f2d44aaa49ba3f3bf7fb8220daef", "number": "7602791554", "area-code": "323"}, {"id": "5de4f2d44aaa49ba3f3bf7fb8220d09a", "number": "7573815122", "area-code": "757"}, {"id": "5de4f2d44aaa49ba3f3bf7fb8220c6cb", "number": "8774952121", "area-code": "305"}, {"id": "5de4f2d44aaa49ba3f3bf7fb8220ba2b", "number": "2123350714", "area-code": "631"}, {"id": "5de4f2d44aaa49ba3f3bf7fb8220adb4", "number": "8005881659", "area-code": "419"}, {"id": "5de4f2d44aaa49ba3f3bf7fb8220acf9", "number": "8604983894", "area-code": "850"}, {"id": "5de4f2d44aaa49ba3f3bf7fb82209e85", "number": "9153516200", "area-code": "915"}, {"id": "5de4f2d44aaa49ba3f3bf7fb82209411", "number": "8283928234", "area-code": "828"}, {"id": "5de4f2d44aaa49ba3f3bf7fb8220911d", "number": "8582257702", "area-code": "870"}, {"id": "5de4f2d44aaa49ba3f3bf7fb82208346", "number": "9034121913", "area-code": "518"}, {"id": "5de4f2d44aaa49ba3f3bf7fb8220777e", "number": "6465131994", "area-code": "302"}, {"id": "5de4f2d44aaa49ba3f3bf7fb8220757b", "number": "7175937015", "area-code": "609"}, {"id": "5de4f2d44aaa49ba3f3bf7fb82206c8f", "number": "4408848781", "area-code": "440"}, {"id": "5de4f2d44aaa49ba3f3bf7fb8220641f", "number": "6465637341", "area-code": "302"}, {"id": "5de4f2d44aaa49ba3f3bf7fb82205b83", "number": "3307304214", "area-code": "440"}, {"id": "5de4f2d44aaa49ba3f3bf7fb82205725", "number": "5026305834", "area-code": "440"}, {"id": "5de4f2d44aaa49ba3f3bf7fb82204e79", "number": "5097152775", "area-code": "509"}, {"id": "5de4f2d44aaa49ba3f3bf7fb822049b9", "number": "2054331120", "area-code": "516"}, {"id": "5de4f2d44aaa49ba3f3bf7fb82204711", "number": "2103728428", "area-code": "210"}, {"id": "5de4f2d44aaa49ba3f3bf7fb822043c7", "number": "5097155213", "area-code": "509"}, {"id": "5de4f2d44aaa49ba3f3bf7fb822038cc", "number": "6468571022", "area-code": "302"}, {"id": "5de4f2d44aaa49ba3f3bf7fb8220299e", "number": "2232219202", "area-code": "609"}, {"id": "5de4f2d44aaa49ba3f3bf7fb82201b97", "number": "6468371791", "area-code": "302"}, {"id": "5de4f2d44aaa49ba3f3bf7fb822016fc", "number": "2107615072", "area-code": "210"}, {"id": "5de4f2d44aaa49ba3f3bf7fb822013b2", "number": "2107614555", "area-code": "210"}, {"id": "5de4f2d44aaa49ba3f3bf7fb82200f97", "number": "5097152825", "area-code": "509"}, {"id": "5de4f2d44aaa49ba3f3bf7fb82200502", "number": "8663797463", "area-code": "516"}, {"id": "5de4f2d44aaa49ba3f3bf7fb82200bc8", "number": "2103728268", "area-code": "210"}, {"id": "5de4f2d44aaa49ba3f3bf7fb821ff721", "number": "4102042903", "area-code": "410"}, {"id": "5de4f2d44aaa49ba3f3bf7fb821fe953", "number": "6122681566", "area-code": "210"}, {"id": "5de4f2d44aaa49ba3f3bf7fb821fe3dd", "number": "8552114583", "area-code": "210"}, {"id": "5de4f2d44aaa49ba3f3bf7fb821fe1d2", "number": "9546049696", "area-code": "954"}, {"id": "5de4f2d44aaa49ba3f3bf7fb821fd2b5", "number": "6122681566", "area-code": "210"}, {"id": "5de4f2d44aaa49ba3f3bf7fb821fc8ee", "number": "4084278796", "area-code": "408"}, {"id": "5de4f2d44aaa49ba3f3bf7fb821fbc60", "number": "6122681566", "area-code": "210"}, {"id": "5de4f2d44aaa49ba3f3bf7fb821fadd3", "number": "4693511864", "area-code": "989"}, {"id": "5de4f2d44aaa49ba3f3bf7fb821fa61b", "number": "9133487396", "area-code": "715"}, {"id": "5de4f2d44aaa49ba3f3bf7fb821f9d2b", "number": "8663102654", "area-code": "281"}, {"id": "5de4f2d44aaa49ba3f3bf7fb821f95e0", "number": "8663102654", "area-code": "281"}, {"id": "5de4f2d44aaa49ba3f3bf7fb821f8c07", "number": "2107562208", "area-code": "210"}, {"id": "5de4f2d44aaa49ba3f3bf7fb821f81e3", "number": "2122443254", "area-code": "201"}, {"id": "5de4f2d44aaa49ba3f3bf7fb821f7d26", "number": "2107614652", "area-code": "210"}, {"id": "5de4f2d44aaa49ba3f3bf7fb821f7495", "number": "6093426016", "area-code": "609"}, {"id": "5de4f2d44aaa49ba3f3bf7fb821f6ad1", "number": "2126953125", "area-code": "415"}, {"id": "5de4f2d44aaa49ba3f3bf7fb821f6497", "number": "8884925254", "area-code": "415"}, {"id": "5de4f2d44aaa49ba3f3bf7fb821f580f", "number": "2312518636", "area-code": "231"}, {"id": "5de4f2d44aaa49ba3f3bf7fb821f4ade", "number": "7133886487", "area-code": "713"}, {"id": "5de4f2d44aaa49ba3f3bf7fb821f4287", "number": "7275109670", "area-code": "206"}, {"id": "5de4f2d44aaa49ba3f3bf7fb821f3e87", "number": "6143507428", "area-code": "614"}, {"id": "5de4f2d44aaa49ba3f3bf7fb821f3716", "number": "6146395464", "area-code": "614"}, {"id": "5de4f2d44aaa49ba3f3bf7fb821f3cf7", "number": "7346723799", "area-code": "815"}, {"id": "5de4f2d44aaa49ba3f3bf7fb821f2960", "number": "5026253616", "area-code": "502"}, {"id": "5de4f2d44aaa49ba3f3bf7fb821f1be1", "number": "6144125864", "area-code": "614"}, {"id": "5de4f2d44aaa49ba3f3bf7fb821f2362", "number": "8009971468", "area-code": "646"}, {"id": "5de4f2d44aaa49ba3f3bf7fb821f2328", "number": "8009971468", "area-code": "646"}, {"id": "5de4f2d44aaa49ba3f3bf7fb821f1666", "number": "2315372787", "area-code": "804"}, {"id": "5de4f2d44aaa49ba3f3bf7fb821f0e39", "number": "6788152266", "area-code": "404"}, {"id": "5de4f2d44aaa49ba3f3bf7fb821f0d9f", "number": "5025487507", "area-code": "502"}, {"id": "5de4f2d44aaa49ba3f3bf7fb821f0352", "number": "6877537805", "area-code": "608"}, {"id": "5de4f2d44aaa49ba3f3bf7fb821ef57a", "number": "2315372787", "area-code": "804"}, {"id": "5de4f2d44aaa49ba3f3bf7fb821eef60", "number": "8556763133", "area-code": "563"}, {"id": "5de4f2d44aaa49ba3f3bf7fb821ee0a3", "number": "8556765089", "area-code": "563"}, {"id": "5de4f2d44aaa49ba3f3bf7fb821ed2c5", "number": "9543883163", "area-code": "614"}, {"id": "5de4f2d44aaa49ba3f3bf7fb821ed715", "number": "8472422615", "area-code": "847"}, {"id": "5de4f2d44aaa49ba3f3bf7fb821ed22c", "number": "5202144682", "area-code": "563"}, {"id": "5de4f2d44aaa49ba3f3bf7fb821ecbe5", "number": "8007329194", "area-code": "563"}, {"id": "5de4f2d44aaa49ba3f3bf7fb821ec05a", "number": "9202149441", "area-code": "920"}, {"id": "5de4f2d44aaa49ba3f3bf7fb821eb397", "number": "8556763898", "area-code": "563"}, {"id": "5de4f2d44aaa49ba3f3bf7fb821eacd8", "number": "8556769135", "area-code": "563"}, {"id": "5de4f2d44aaa49ba3f3bf7fb821ea47f", "number": "5632073093", "area-code": "563"}, {"id": "5de4f2d44aaa49ba3f3bf7fb821e9cf6", "number": "8556766911", "area-code": "563"}, {"id": "5de4f2d44aaa49ba3f3bf7fb821e854c", "number": "4146260142", "area-code": "608"}, {"id": "5de4f2d44aaa49ba3f3bf7fb821e8422", "number": "5632073370", "area-code": "563"}, {"id": "5de4f2d44aaa49ba3f3bf7fb821e6b29", "number": "3024595161", "area-code": "985"}, {"id": "5de4f2d44aaa49ba3f3bf7fb821e65db", "number": "2029150007", "area-code": "303"}, {"id": "5de4f2d44aaa49ba3f3bf7fb821e5803", "number": "3126422353", "area-code": "847"}, {"id": "5de4f2d44aaa49ba3f3bf7fb821e5016", "number": "9496479019", "area-code": "520"}, {"id": "5de4f2d44aaa49ba3f3bf7fb821e466d", "number": "2153468160", "area-code": "757"}, {"id": "5de4f2d44aaa49ba3f3bf7fb821e3f69", "number": "2153468160", "area-code": "757"}, {"id": "5de4f2d44aaa49ba3f3bf7fb821e3e01", "number": "4109723290", "area-code": "757"}, {"id": "5de4f2d44aaa49ba3f3bf7fb821e3680", "number": "4109723290", "area-code": "757"}, {"id": "5de4f2d44aaa49ba3f3bf7fb821e341c", "number": "4109723290", "area-code": "757"}, {"id": "5de4f2d44aaa49ba3f3bf7fb821e3333", "number": "2488220081", "area-code": "757"}, {"id": "5de4f2d44aaa49ba3f3bf7fb821e32b0", "number": "8009452000", "area-code": "757"}, {"id": "5de4f2d44aaa49ba3f3bf7fb821e2e0e", "number": "7708573868", "area-code": "770"}, {"id": "5de4f2d44aaa49ba3f3bf7fb821e2baa", "number": "8775001008", "area-code": "757"}, {"id": "5de4f2d44aaa49ba3f3bf7fb821e2b37", "number": "9375076626", "area-code": "937"}, {"id": "5de4f2d44aaa49ba3f3bf7fb821e1c28", "number": "7572924045", "area-code": "757"}, {"id": "5de4f2d44aaa49ba3f3bf7fb821e0d46", "number": "7573391136", "area-code": "757"}, {"id": "5de4f2d44aaa49ba3f3bf7fb821e0020", "number": "9072008160", "area-code": "410"}, {"id": "5de4f2d44aaa49ba3f3bf7fb821df802", "number": "7038320107", "area-code": "757"}, {"id": "5de4f2d44aaa49ba3f3bf7fb821deb94", "number": "9072003582", "area-code": "410"}, {"id": "5de4f2d44aaa49ba3f3bf7fb821de887", "number": "7575308118", "area-code": "757"}, {"id": "5de4f2d44aaa49ba3f3bf7fb821de0a6", "number": "3607956396", "area-code": "360"}, {"id": "5de4f2d44aaa49ba3f3bf7fb821dd279", "number": "7575299060", "area-code": "757"}, {"id": "5de4f2d44aaa49ba3f3bf7fb821dc3d2", "number": "8154652196", "area-code": "410"}, {"id": "5de4f2d44aaa49ba3f3bf7fb821dc32d", "number": "7577101800", "area-code": "757"}, {"id": "5de4f2d44aaa49ba3f3bf7fb821db6b3", "number": "7573010867", "area-code": "757"}, {"id": "5de4f2d44aaa49ba3f3bf7fb821da8c8", "number": "2029258245", "area-code": "302"}, {"id": "5de4f2d44aaa49ba3f3bf7fb821d9edf", "number": "2409103492", "area-code": "410"}, {"id": "5de4f2d44aaa49ba3f3bf7fb821d9bc3", "number": "7579078352", "area-code": "757"}, {"id": "5de4f2d44aaa49ba3f3bf7fb821d9630", "number": "7576459980", "area-code": "757"}, {"id": "5de4f2d44aaa49ba3f3bf7fb821d9168", "number": "8777733773", "area-code": "520"}, {"id": "5de4f2d44aaa49ba3f3bf7fb821d8840", "number": "7576567657", "area-code": "757"}, {"id": "5de4f2d44aaa49ba3f3bf7fb821d851a", "number": "7578983700", "area-code": "757"}, {"id": "5de4f2d44aaa49ba3f3bf7fb821d7a67", "number": "7573845489", "area-code": "757"}, {"id": "5de4f2d44aaa49ba3f3bf7fb821d7214", "number": "7575513053", "area-code": "757"}, {"id": "5de4f2d44aaa49ba3f3bf7fb821d6af5", "number": "3864473782", "area-code": "757"}, {"id": "5de4f2d44aaa49ba3f3bf7fb821d5cdd", "number": "3055374126", "area-code": "843"}, {"id": "5de4f2d44aaa49ba3f3bf7fb821d5070", "number": "9095392154", "area-code": "818"}, {"id": "5de4f2d44aaa49ba3f3bf7fb821d47b4", "number": "8007191692", "area-code": "818"}, {"id": "5de4f2d44aaa49ba3f3bf7fb821d3dd4", "number": "9095392154", "area-code": "818"}, {"id": "5de4f2d44aaa49ba3f3bf7fb821d3012", "number": "6168180707", "area-code": "989"}, {"id": "5de4f2d44aaa49ba3f3bf7fb821d2b6e", "number": "9095392154", "area-code": "818"}, {"id": "5de4f2d44aaa49ba3f3bf7fb821d2b2c", "number": "8004234343", "area-code": "989"}, {"id": "5de4f2d44aaa49ba3f3bf7fb821d23c2", "number": "9095392154", "area-code": "818"}, {"id": "5de4f2d44aaa49ba3f3bf7fb821d1c4f", "number": "9095392154", "area-code": "818"}, {"id": "5de4f2d44aaa49ba3f3bf7fb821d15ac", "number": "7204563709", "area-code": "231"}, {"id": "5de4f2d44aaa49ba3f3bf7fb821d0d70", "number": "8764803882", "area-code": "989"}, {"id": "5de4f2d44aaa49ba3f3bf7fb821d03bd", "number": "9095392154", "area-code": "818"}, {"id": "5de4f2d44aaa49ba3f3bf7fb821cfb45", "number": "9136778316", "area-code": "231"}, {"id": "5de4f2d44aaa49ba3f3bf7fb821cf049", "number": "9895880566", "area-code": "989"}, {"id": "5de4f2d44aaa49ba3f3bf7fb821cee69", "number": "9095392154", "area-code": "818"}, {"id": "5de4f2d44aaa49ba3f3bf7fb821ce03c", "number": "9898174292", "area-code": "989"}, {"id": "5de4f2d44aaa49ba3f3bf7fb821cdcc2", "number": "9095392154", "area-code": "818"}, {"id": "5de4f2d44aaa49ba3f3bf7fb821cd4b8", "number": "7175885989", "area-code": "484"}, {"id": "5de4f2d44aaa49ba3f3bf7fb821cd205", "number": "5806543247", "area-code": "989"}, {"id": "5de4f2d44aaa49ba3f3bf7fb821cc5b9", "number": "3048508905", "area-code": "304"}, {"id": "5de4f2d44aaa49ba3f3bf7fb821cb5fd", "number": "9095392154", "area-code": "818"}, {"id": "5de4f2d44aaa49ba3f3bf7fb821cb0da", "number": "7204563709", "area-code": "231"}, {"id": "5de4f2d44aaa49ba3f3bf7fb821cb0d2", "number": "9095392154", "area-code": "818"}, {"id": "5de4f2d44aaa49ba3f3bf7fb821ca541", "number": "5418109167", "area-code": "570"}, {"id": "5de4f2d44aaa49ba3f3bf7fb821cadf6", "number": "9095392154", "area-code": "818"}, {"id": "5de4f2d44aaa49ba3f3bf7fb821ca0e4", "number": "2817679123", "area-code": "281"}, {"id": "5de4f2d44aaa49ba3f3bf7fb821ca00a", "number": "6782249766", "area-code": "770"}, {"id": "5de4f2d44aaa49ba3f3bf7fb821c9f9b", "number": "2817679123", "area-code": "281"}, {"id": "5de4f2d44aaa49ba3f3bf7fb821c8fb7", "number": "2812411088", "area-code": "281"}, {"id": "5de4f2d44aaa49ba3f3bf7fb821c896b", "number": "5744983389", "area-code": "574"}, {"id": "5de4f2d44aaa49ba3f3bf7fb821c7a86", "number": "2106771436", "area-code": "210"}, {"id": "5de4f2d44aaa49ba3f3bf7fb821c6ef5", "number": "2812060970", "area-code": "281"}, {"id": "5de4f2d44aaa49ba3f3bf7fb821c6d2c", "number": "3462891970", "area-code": "281"}, {"id": "5de4f2d44aaa49ba3f3bf7fb821c622c", "number": "2812472276", "area-code": "281"}, {"id": "5de4f2d44aaa49ba3f3bf7fb821c56db", "number": "7136965500", "area-code": "281"}, {"id": "5de4f2d44aaa49ba3f3bf7fb821c477b", "number": "8323455191", "area-code": "281"}, {"id": "5de4f2d44aaa49ba3f3bf7fb821c39e0", "number": "2899423801", "area-code": "281"}, {"id": "5de4f2d44aaa49ba3f3bf7fb821c25c6", "number": "4342046693", "area-code": "571"}, {"id": "5de4f2d44aaa49ba3f3bf7fb821c1d0f", "number": "8132488101", "area-code": "813"}, {"id": "5de4f2d44aaa49ba3f3bf7fb821c0d8b", "number": "9173631786", "area-code": "917"}, {"id": "5de4f2d44aaa49ba3f3bf7fb821c0665", "number": "5414091872", "area-code": "312"}, {"id": "5de4f2d44aaa49ba3f3bf7fb821c025d", "number": "5713878999", "area-code": "571"}, {"id": "5de4f2d44aaa49ba3f3bf7fb821bfe28", "number": "9194351033", "area-code": "919"}, {"id": "5de4f2d44aaa49ba3f3bf7fb821bfd39", "number": "3156599274", "area-code": "315"}, {"id": "5de4f2d44aaa49ba3f3bf7fb821bed3e", "number": "3156599553", "area-code": "315"}, {"id": "5de4f2d44aaa49ba3f3bf7fb821bec90", "number": "4582189285", "area-code": "586"}, {"id": "5de4f2d44aaa49ba3f3bf7fb821be1d3", "number": "2312722517", "area-code": "540"}, {"id": "5de4f2d44aaa49ba3f3bf7fb821bd9b5", "number": "8775888010", "area-code": "859"}, {"id": "5de4f2d44aaa49ba3f3bf7fb821bd2d1", "number": "7204563696", "area-code": "860"}, {"id": "5de4f2d44aaa49ba3f3bf7fb821bba36", "number": "7472521278", "area-code": "304"}, {"id": "5de4f2d44aaa49ba3f3bf7fb821bb124", "number": "3032200444", "area-code": "303"}, {"id": "5de4f2d44aaa49ba3f3bf7fb821bae22", "number": "8603456722", "area-code": "860"}, {"id": "5de4f2d44aaa49ba3f3bf7fb821baa6c", "number": "4148702940", "area-code": "414"}, {"id": "5de4f2d44aaa49ba3f3bf7fb821ba170", "number": "3042442392", "area-code": "304"}, {"id": "5de4f2d44aaa49ba3f3bf7fb821b91df", "number": "7192154447", "area-code": "303"}, {"id": "5de4f2d44aaa49ba3f3bf7fb821b8d71", "number": "8559969043", "area-code": "304"}, {"id": "5de4f2d44aaa49ba3f3bf7fb821b8426", "number": "6085714910", "area-code": "414"}, {"id": "5de4f2d44aaa49ba3f3bf7fb821b7a3b", "number": "3042629967", "area-code": "304"}, {"id": "5de4f2d44aaa49ba3f3bf7fb821b75d4", "number": "9202348484", "area-code": "414"}, {"id": "5de4f2d44aaa49ba3f3bf7fb821b6a42", "number": "3043960056", "area-code": "304"}, {"id": "5de4f2d44aaa49ba3f3bf7fb821b6226", "number": "4143679761", "area-code": "414"}, {"id": "5de4f2d44aaa49ba3f3bf7fb821b5fa9", "number": "3046991927", "area-code": "304"}, {"id": "5de4f2d44aaa49ba3f3bf7fb821b5038", "number": "3043960031", "area-code": "304"}, {"id": "5de4f2d44aaa49ba3f3bf7fb821b418b", "number": "3042625110", "area-code": "304"}, {"id": "5de4f2d44aaa49ba3f3bf7fb821b3504", "number": "8004904388", "area-code": "304"}, {"id": "5de4f2d44aaa49ba3f3bf7fb821b2a28", "number": "9544194486", "area-code": "860"}, {"id": "5de4f2d44aaa49ba3f3bf7fb821b1b53", "number": "2404285739", "area-code": "916"}, {"id": "5de4f2d44aaa49ba3f3bf7fb821b0eb6", "number": "7019108004", "area-code": "860"}, {"id": "5de4f2d44aaa49ba3f3bf7fb821aff03", "number": "6093035012", "area-code": "916"}, {"id": "5de4f2d44aaa49ba3f3bf7fb821afc18", "number": "8002137810", "area-code": "860"}, {"id": "5de4f2d44aaa49ba3f3bf7fb821af7d4", "number": "9735402222", "area-code": "973"}, {"id": "5de4f2d44aaa49ba3f3bf7fb821aea3e", "number": "2026010955", "area-code": "520"}, {"id": "5de4f2d44aaa49ba3f3bf7fb821ae332", "number": "3344234032", "area-code": "334"}, {"id": "5de4f2d44aaa49ba3f3bf7fb821add13", "number": "3165426630", "area-code": "724"}, {"id": "5de4f2d44aaa49ba3f3bf7fb821acf49", "number": "2675787631", "area-code": "724"}, {"id": "5de4f2d44aaa49ba3f3bf7fb821ac164", "number": "5734354863", "area-code": "724"}, {"id": "5de4f2d44aaa49ba3f3bf7fb821ab751", "number": "2026010955", "area-code": "724"}, {"id": "5de4f2d44aaa49ba3f3bf7fb821ab23b", "number": "8583093000", "area-code": "618"}, {"id": "5de4f2d44aaa49ba3f3bf7fb821aa68c", "number": "8583093000", "area-code": "618"}, {"id": "5de4f2d44aaa49ba3f3bf7fb821aa095", "number": "8666491346", "area-code": "732"}, {"id": "5de4f2d44aaa49ba3f3bf7fb821a99ea", "number": "8666491346", "area-code": "732"}, {"id": "5de4f2d44aaa49ba3f3bf7fb821a8669", "number": "4406069594", "area-code": "216"}, {"id": "5de4f2d44aaa49ba3f3bf7fb821a7674", "number": "2029150013", "area-code": "410"}, {"id": "5de4f2d44aaa49ba3f3bf7fb821a6927", "number": "3072019823", "area-code": "203"}, {"id": "5de4f2d44aaa49ba3f3bf7fb821a5984", "number": "5635702622", "area-code": "563"}, {"id": "5de4f2d44aaa49ba3f3bf7fb821a588d", "number": "8572691141", "area-code": "563"}, {"id": "5de4f2d44aaa49ba3f3bf7fb821a4ea3", "number": "5182411623", "area-code": "631"}, {"id": "5de4f2d44aaa49ba3f3bf7fb821a3f7b", "number": "5182411623", "area-code": "631"}, {"id": "5de4f2d44aaa49ba3f3bf7fb821a30a3", "number": "5182411623", "area-code": "631"}, {"id": "5de4f2d44aaa49ba3f3bf7fb821a2cae", "number": "5182411623", "area-code": "631"}, {"id": "5de4f2d44aaa49ba3f3bf7fb821a271c", "number": "5182411623", "area-code": "631"}, {"id": "5de4f2d44aaa49ba3f3bf7fb821a200e", "number": "2819990718", "area-code": "281"}, {"id": "5de4f2d44aaa49ba3f3bf7fb821a1239", "number": "5182411623", "area-code": "631"}, {"id": "5de4f2d44aaa49ba3f3bf7fb821a0c3f", "number": "5182411623", "area-code": "631"}, {"id": "5de4f2d44aaa49ba3f3bf7fb821a093c", "number": "5733126495", "area-code": "908"}, {"id": "5de4f2d44aaa49ba3f3bf7fb8219fdf4", "number": "5402748628", "area-code": "540"}, {"id": "5de4f2d44aaa49ba3f3bf7fb8219f339", "number": "5408084643", "area-code": "540"}, {"id": "5de4f2d44aaa49ba3f3bf7fb8219eeac", "number": "5402152352", "area-code": "540"}, {"id": "5de4f2d44aaa49ba3f3bf7fb8219ea14", "number": "5406406601", "area-code": "540"}, {"id": "5de4f2d44aaa49ba3f3bf7fb8219e1ac", "number": "5402157287", "area-code": "540"}, {"id": "5de4f2d44aaa49ba3f3bf7fb8219dff3", "number": "5402643629", "area-code": "540"}, {"id": "5de4f2d44aaa49ba3f3bf7fb8219d66c", "number": "4694907224", "area-code": "469"}, {"id": "5de4f2d44aaa49ba3f3bf7fb8219c9ea", "number": "8176183392", "area-code": "714"}, {"id": "5de4f2d44aaa49ba3f3bf7fb8219c362", "number": "6303038590", "area-code": "630"}, {"id": "5de4f2d44aaa49ba3f3bf7fb8219bc15", "number": "2766885255", "area-code": "703"}, {"id": "5de4f2d44aaa49ba3f3bf7fb8219abe8", "number": "6096888360", "area-code": "314"}, {"id": "5de4f2d44aaa49ba3f3bf7fb8218e9f7", "number": "8004356927", "area-code": "914"}, {"id": "5de4f2d44aaa49ba3f3bf7fb8218dcec", "number": "4582924596", "area-code": "503"}, {"id": "5de4f2d44aaa49ba3f3bf7fb8218d3e9", "number": "8178058106", "area-code": "512"}, {"id": "5de4f2d44aaa49ba3f3bf7fb8218d125", "number": "7603176349", "area-code": "512"}, {"id": "5de4f2d44aaa49ba3f3bf7fb8218ce52", "number": "5123599408", "area-code": "512"}, {"id": "5de4f2d44aaa49ba3f3bf7fb8215652d", "number": "2532663278", "area-code": "503"}, {"id": "5de4f2d44aaa49ba3f3bf7fb821552cb", "number": "4159897500", "area-code": "707"}, {"id": "5de4f2d44aaa49ba3f3bf7fb821543ae", "number": "4053084474", "area-code": "707"}]