{"data": [{"id": "6ec3904c48bc8d5e3bf407503dae5f15", "number": "5052971052", "area-code": "919"}, {"id": "6ec3904c48bc8d5e3bf407503dae5e6d", "number": "", "area-code": "303"}, {"id": "6ec3904c48bc8d5e3bf407503dae4ff2", "number": "", "area-code": "360"}, {"id": "6ec3904c48bc8d5e3bf407503dae46c6", "number": "", "area-code": "503"}, {"id": "6ec3904c48bc8d5e3bf407503dae3de3", "number": "9039168394", "area-code": "817"}, {"id": "6ec3904c48bc8d5e3bf407503dae3576", "number": "5592453033", "area-code": "559"}, {"id": "6ec3904c48bc8d5e3bf407503dae2dcc", "number": "9702934215", "area-code": "970"}, {"id": "6ec3904c48bc8d5e3bf407503dae241c", "number": "4077322416", "area-code": "732"}, {"id": "6ec3904c48bc8d5e3bf407503dae15a8", "number": "8559694636", "area-code": "216"}, {"id": "6ec3904c48bc8d5e3bf407503dae11e0", "number": "9548692785", "area-code": "954"}, {"id": "6ec3904c48bc8d5e3bf407503dae06b8", "number": "", "area-code": "254"}, {"id": "6ec3904c48bc8d5e3bf407503dae006b", "number": "5672833376", "area-code": "678"}, {"id": "6ec3904c48bc8d5e3bf407503dadf2a2", "number": "5159850988", "area-code": "515"}, {"id": "6ec3904c48bc8d5e3bf407503dade775", "number": "2707845102", "area-code": "270"}, {"id": "6ec3904c48bc8d5e3bf407503dade44f", "number": "6462282522", "area-code": "646"}, {"id": "6ec3904c48bc8d5e3bf407503dadd64a", "number": "", "area-code": "865"}, {"id": "6ec3904c48bc8d5e3bf407503dadd2d9", "number": "8054247415", "area-code": "480"}, {"id": "6176a3c61c531749bb1c3777ed107e1d", "number": "5412295430", "area-code": "541"}, {"id": "6ec3904c48bc8d5e3bf407503dadc99d", "number": "3059895124", "area-code": "305"}, {"id": "6ec3904c48bc8d5e3bf407503dadc230", "number": "6513592803", "area-code": "651"}, {"id": "6ec3904c48bc8d5e3bf407503dadbe2a", "number": "4109723490", "area-code": "253"}, {"id": "6ec3904c48bc8d5e3bf407503dadbd7a", "number": "2243343694", "area-code": "847"}, {"id": "6ec3904c48bc8d5e3bf407503dadafc0", "number": "8573473490", "area-code": "802"}, {"id": "6ec3904c48bc8d5e3bf407503dada087", "number": "", "area-code": "302"}, {"id": "6ec3904c48bc8d5e3bf407503dad9fa6", "number": "2173507462", "area-code": "217"}, {"id": "6ec3904c48bc8d5e3bf407503dad94c7", "number": "2162791098", "area-code": "216"}, {"id": "6ec3904c48bc8d5e3bf407503dad8573", "number": "3322321048", "area-code": "917"}, {"id": "6ec3904c48bc8d5e3bf407503dad8243", "number": "6033206344", "area-code": "513"}, {"id": "6ec3904c48bc8d5e3bf407503dad8078", "number": "2142982300", "area-code": "214"}, {"id": "6ec3904c48bc8d5e3bf407503dad7927", "number": "5627159720", "area-code": "562"}, {"id": "6ec3904c48bc8d5e3bf407503dad7518", "number": "8503801185", "area-code": "301"}, {"id": "6ec3904c48bc8d5e3bf407503dad6ea9", "number": "4752518993", "area-code": "508"}, {"id": "6ec3904c48bc8d5e3bf407503dad699c", "number": "5159850988", "area-code": "515"}, {"id": "6ec3904c48bc8d5e3bf407503dad390b", "number": "8035456647", "area-code": "803"}, {"id": "6ec3904c48bc8d5e3bf407503dad6900", "number": "8164734397", "area-code": "816"}, {"id": "6ec3904c48bc8d5e3bf407503dad624c", "number": "9703418295", "area-code": "951"}, {"id": "6ec3904c48bc8d5e3bf407503dad5bb5", "number": "", "area-code": "570"}, {"id": "6ec3904c48bc8d5e3bf407503dad53ce", "number": "6088192745", "area-code": "608"}, {"id": "6ec3904c48bc8d5e3bf407503dad4488", "number": "6785639872", "area-code": "480"}, {"id": "6ec3904c48bc8d5e3bf407503dad31f3", "number": "6057411443", "area-code": "504"}, {"id": "6ec3904c48bc8d5e3bf407503dad2514", "number": "2179549535", "area-code": "218"}, {"id": "6ec3904c48bc8d5e3bf407503dad1aa5", "number": "5402157477", "area-code": "540"}, {"id": "6ec3904c48bc8d5e3bf407503dac94cc", "number": "3015548943", "area-code": "301"}, {"id": "6ec3904c48bc8d5e3bf407503dad1726", "number": "9132241820", "area-code": "646"}, {"id": "6ec3904c48bc8d5e3bf407503dad14ca", "number": "5045761328", "area-code": "714"}, {"id": "6ec3904c48bc8d5e3bf407503dad0c03", "number": "2134621594", "area-code": "631"}, {"id": "6ec3904c48bc8d5e3bf407503dad0579", "number": "7819718113", "area-code": "508"}, {"id": "6ec3904c48bc8d5e3bf407503dad02e0", "number": "8662013779", "area-code": "954"}, {"id": "6ec3904c48bc8d5e3bf407503dacf659", "number": "", "area-code": "606"}, {"id": "6ec3904c48bc8d5e3bf407503dacef60", "number": "5156202297", "area-code": "515"}]}