[{"id": "ac162b8a55c2caace9b79b4a190429d3", "number": "8002532322", "area-code": "509"}, {"id": "ac162b8a55c2caace9b79b4a1904240d", "number": "2068098928", "area-code": "509"}, {"id": "ac162b8a55c2caace9b79b4a190418a6", "number": "2516254534", "area-code": "509"}, {"id": "ac162b8a55c2caace9b79b4a19040c4b", "number": "4057085043", "area-code": "405"}, {"id": "ac162b8a55c2caace9b79b4a190408fc", "number": "6512122823", "area-code": "320"}, {"id": "ac162b8a55c2caace9b79b4a19040003", "number": "2142831316", "area-code": "334"}, {"id": "ac162b8a55c2caace9b79b4a1903f0bf", "number": "8478290333", "area-code": "480"}, {"id": "ac162b8a55c2caace9b79b4a1903efbe", "number": "8172104059", "area-code": "817"}, {"id": "ac162b8a55c2caace9b79b4a1903ed5e", "number": "8172104059", "area-code": "817"}, {"id": "ac162b8a55c2caace9b79b4a1903e1c2", "number": "8004961081", "area-code": "719"}, {"id": "ac162b8a55c2caace9b79b4a1903d90e", "number": "7172968876", "area-code": "215"}, {"id": "ac162b8a55c2caace9b79b4a1903cc5f", "number": "6782249761", "area-code": "678"}, {"id": "ac162b8a55c2caace9b79b4a1903c9ee", "number": "9095344982", "area-code": "909"}, {"id": "ac162b8a55c2caace9b79b4a1903c402", "number": "5202105982", "area-code": "520"}, {"id": "ac162b8a55c2caace9b79b4a1903b00c", "number": "5202105981", "area-code": "520"}, {"id": "ac162b8a55c2caace9b79b4a1903aa3d", "number": "5202105980", "area-code": "520"}, {"id": "ac162b8a55c2caace9b79b4a1903a049", "number": "9408593530", "area-code": "940"}, {"id": "ac162b8a55c2caace9b79b4a19039115", "number": "5202105986", "area-code": "520"}, {"id": "ac162b8a55c2caace9b79b4a190387ac", "number": "9492466115", "area-code": "702"}, {"id": "ac162b8a55c2caace9b79b4a19037e09", "number": "7752423421", "area-code": "808"}, {"id": "ac162b8a55c2caace9b79b4a19037154", "number": "5203407003", "area-code": "520"}, {"id": "ac162b8a55c2caace9b79b4a190363af", "number": "5188527581", "area-code": "347"}, {"id": "ac162b8a55c2caace9b79b4a19034c9f", "number": "7175532308", "area-code": "847"}, {"id": "ac162b8a55c2caace9b79b4a19034bf5", "number": "6318862688", "area-code": "847"}, {"id": "ac162b8a55c2caace9b79b4a1903484b", "number": "8478233637", "area-code": "847"}, {"id": "ac162b8a55c2caace9b79b4a19033c78", "number": "5624015940", "area-code": "916"}, {"id": "ac162b8a55c2caace9b79b4a19032e2e", "number": "6308932441", "area-code": "847"}, {"id": "ac162b8a55c2caace9b79b4a1903234e", "number": "4242071494", "area-code": "310"}, {"id": "ac162b8a55c2caace9b79b4a19031e7c", "number": "7145379953", "area-code": "847"}, {"id": "ac162b8a55c2caace9b79b4a19031a85", "number": "8474600664", "area-code": "847"}, {"id": "ac162b8a55c2caace9b79b4a1903124e", "number": "8472422329", "area-code": "847"}, {"id": "ac162b8a55c2caace9b79b4a19030c91", "number": "5162607569", "area-code": "516"}, {"id": "ac162b8a55c2caace9b79b4a1903031c", "number": "5162172455", "area-code": "516"}, {"id": "ac162b8a55c2caace9b79b4a1902f3c5", "number": "8475061450", "area-code": "847"}, {"id": "ac162b8a55c2caace9b79b4a1902f328", "number": "7027463223", "area-code": "317"}, {"id": "ac162b8a55c2caace9b79b4a1902ebdf", "number": "5162607569", "area-code": "516"}, {"id": "ac162b8a55c2caace9b79b4a1902e08a", "number": "5633801376", "area-code": "516"}, {"id": "ac162b8a55c2caace9b79b4a1902ddfa", "number": "8778080050", "area-code": "434"}, {"id": "ac162b8a55c2caace9b79b4a1902cea7", "number": "5165596549", "area-code": "516"}, {"id": "ac162b8a55c2caace9b79b4a1902c5bf", "number": "5165486090", "area-code": "516"}, {"id": "ac162b8a55c2caace9b79b4a1902c4a0", "number": "5165595111", "area-code": "516"}, {"id": "ac162b8a55c2caace9b79b4a1902b999", "number": "7652336545", "area-code": "407"}, {"id": "ac162b8a55c2caace9b79b4a1902b0f0", "number": "9593351094", "area-code": "516"}, {"id": "ac162b8a55c2caace9b79b4a1902a2b5", "number": "4012384253", "area-code": "401"}, {"id": "ac162b8a55c2caace9b79b4a19029e75", "number": "8649469336", "area-code": "516"}, {"id": "ac162b8a55c2caace9b79b4a19029206", "number": "5162080546", "area-code": "516"}, {"id": "ac162b8a55c2caace9b79b4a190282ce", "number": "3619002945", "area-code": "516"}, {"id": "ac162b8a55c2caace9b79b4a190276bf", "number": "7632009605", "area-code": "801"}, {"id": "ac162b8a55c2caace9b79b4a1900c1cb", "number": "7792130279", "area-code": "815"}, {"id": "ac162b8a55c2caace9b79b4a1900b2f4", "number": "8153359684", "area-code": "815"}, {"id": "ac162b8a55c2caace9b79b4a1900a9ef", "number": "8049664560", "area-code": "804"}, {"id": "ac162b8a55c2caace9b79b4a190098ef", "number": "8153401729", "area-code": "815"}, {"id": "ac162b8a55c2caace9b79b4a19008d3b", "number": "8777004781", "area-code": "815"}, {"id": "ac162b8a55c2caace9b79b4a19008024", "number": "8153401729", "area-code": "815"}, {"id": "ac162b8a55c2caace9b79b4a190070ac", "number": "8159971586", "area-code": "815"}, {"id": "ac162b8a55c2caace9b79b4a1900695e", "number": "8777004781", "area-code": "815"}, {"id": "ac162b8a55c2caace9b79b4a19005b23", "number": "8155730090", "area-code": "815"}, {"id": "ac162b8a55c2caace9b79b4a19005769", "number": "8152705083", "area-code": "815"}, {"id": "ac162b8a55c2caace9b79b4a19004825", "number": "8777004781", "area-code": "815"}, {"id": "ac162b8a55c2caace9b79b4a1900395a", "number": "8153401729", "area-code": "815"}, {"id": "ac162b8a55c2caace9b79b4a190029b1", "number": "4142040315", "area-code": "920"}, {"id": "ac162b8a55c2caace9b79b4a1900204a", "number": "8777004781", "area-code": "815"}, {"id": "ac162b8a55c2caace9b79b4a19001dfd", "number": "8777004781", "area-code": "815"}, {"id": "ac162b8a55c2caace9b79b4a19000ef9", "number": "2012447649", "area-code": "201"}, {"id": "ac162b8a55c2caace9b79b4a19001279", "number": "7792283176", "area-code": "815"}, {"id": "ac162b8a55c2caace9b79b4a190000e9", "number": "7792422359", "area-code": "815"}, {"id": "9f0bf3cdede1db04fb1bb19433fff84c", "number": "2013593213", "area-code": "201"}, {"id": "9f0bf3cdede1db04fb1bb19433ffee8d", "number": "9546046058", "area-code": "903"}, {"id": "9f0bf3cdede1db04fb1bb19433ffec35", "number": "8433314761", "area-code": "760"}, {"id": "9f0bf3cdede1db04fb1bb19433ffe00c", "number": "9035824205", "area-code": "903"}, {"id": "9f0bf3cdede1db04fb1bb19433ffd5d0", "number": "7027463223", "area-code": "317"}, {"id": "9f0bf3cdede1db04fb1bb19433ffcbfb", "number": "8003504577", "area-code": "610"}, {"id": "9f0bf3cdede1db04fb1bb19433ffc32c", "number": "5099224632", "area-code": "509"}, {"id": "9f0bf3cdede1db04fb1bb19433ffbe8b", "number": "0000000000", "area-code": "513"}, {"id": "9f0bf3cdede1db04fb1bb19433ffb95f", "number": "3522684969", "area-code": "509"}, {"id": "9f0bf3cdede1db04fb1bb19433ffaf0f", "number": "2534704813", "area-code": "509"}, {"id": "9f0bf3cdede1db04fb1bb19433ffadfa", "number": "4142040315", "area-code": "920"}, {"id": "9f0bf3cdede1db04fb1bb19433ffa527", "number": "3522684969", "area-code": "509"}, {"id": "9f0bf3cdede1db04fb1bb19433ff844e", "number": "2012447649", "area-code": "201"}, {"id": "9f0bf3cdede1db04fb1bb19433ff9b92", "number": "5094557128", "area-code": "509"}, {"id": "9f0bf3cdede1db04fb1bb19433ff7af0", "number": "7203068829", "area-code": "509"}, {"id": "9f0bf3cdede1db04fb1bb19433ff7ae9", "number": "7203068829", "area-code": "509"}, {"id": "9f0bf3cdede1db04fb1bb19433ff6f5d", "number": "4087812426", "area-code": "510"}, {"id": "9f0bf3cdede1db04fb1bb19433ff679d", "number": "5099223718", "area-code": "509"}, {"id": "9f0bf3cdede1db04fb1bb19433ff645c", "number": "5099225716", "area-code": "509"}, {"id": "9f0bf3cdede1db04fb1bb19433ff57d1", "number": "5096256716", "area-code": "509"}, {"id": "9f0bf3cdede1db04fb1bb19433ff5458", "number": "8778180060", "area-code": "209"}, {"id": "9f0bf3cdede1db04fb1bb19433ff43d9", "number": "7706915624", "area-code": "404"}, {"id": "9f0bf3cdede1db04fb1bb19433ff38b2", "number": "7178332223", "area-code": "847"}, {"id": "9f0bf3cdede1db04fb1bb19433ff33ef", "number": "9179746190", "area-code": "718"}, {"id": "9f0bf3cdede1db04fb1bb19433ff2f62", "number": "9794768821", "area-code": "330"}, {"id": "9f0bf3cdede1db04fb1bb19433ff2ebd", "number": "2137952620", "area-code": "609"}, {"id": "9f0bf3cdede1db04fb1bb19433ff25e1", "number": "3306717200", "area-code": "330"}, {"id": "9f0bf3cdede1db04fb1bb19433ff22f1", "number": "9164762976", "area-code": "916"}, {"id": "9f0bf3cdede1db04fb1bb19433ff1426", "number": "3165534549", "area-code": "330"}, {"id": "9f0bf3cdede1db04fb1bb19433ff0b9b", "number": "8885192474", "area-code": "330"}, {"id": "9f0bf3cdede1db04fb1bb19433feffc1", "number": "7026021790", "area-code": "804"}, {"id": "9f0bf3cdede1db04fb1bb19433fef4a6", "number": "3072071677", "area-code": "330"}, {"id": "9f0bf3cdede1db04fb1bb19433feed4e", "number": "8035907653", "area-code": "330"}, {"id": "9f0bf3cdede1db04fb1bb19433fee7de", "number": "8885192474", "area-code": "330"}, {"id": "9f0bf3cdede1db04fb1bb19433fee3ba", "number": "7377578628", "area-code": "214"}, {"id": "9f0bf3cdede1db04fb1bb19433fee18e", "number": "5165898725", "area-code": "804"}, {"id": "9f0bf3cdede1db04fb1bb19433fedb02", "number": "8157578188", "area-code": "702"}, {"id": "9f0bf3cdede1db04fb1bb19433fed94f", "number": "5809920760", "area-code": "303"}, {"id": "9f0bf3cdede1db04fb1bb19433fecbb1", "number": "7012485727", "area-code": "303"}, {"id": "9f0bf3cdede1db04fb1bb19433fec875", "number": "6055930699", "area-code": "303"}, {"id": "9f0bf3cdede1db04fb1bb19433febaed", "number": "7253331763", "area-code": "804"}, {"id": "9f0bf3cdede1db04fb1bb19433feaba9", "number": "8009971468", "area-code": "626"}, {"id": "9f0bf3cdede1db04fb1bb19433fea81d", "number": "5052705725", "area-code": "505"}, {"id": "9f0bf3cdede1db04fb1bb19433fe9d87", "number": "5185166505", "area-code": "720"}, {"id": "9f0bf3cdede1db04fb1bb19433fe8d39", "number": "4245367617", "area-code": "917"}, {"id": "9f0bf3cdede1db04fb1bb19433fe8506", "number": "9892732296", "area-code": "720"}, {"id": "9f0bf3cdede1db04fb1bb19433fe826e", "number": "9895821142", "area-code": "720"}, {"id": "9f0bf3cdede1db04fb1bb19433fe793b", "number": "7865792056", "area-code": "208"}, {"id": "9f0bf3cdede1db04fb1bb19433fe7498", "number": "4022354579", "area-code": "308"}, {"id": "9f0bf3cdede1db04fb1bb19433fe6f13", "number": "4023873391", "area-code": "308"}, {"id": "9f0bf3cdede1db04fb1bb19433fe6894", "number": "8004434440", "area-code": "717"}, {"id": "9f0bf3cdede1db04fb1bb19433fe653d", "number": "8338505315", "area-code": "321"}, {"id": "9f0bf3cdede1db04fb1bb19433fe51d1", "number": "4173442071", "area-code": "787"}, {"id": "9f0bf3cdede1db04fb1bb19433fe4240", "number": "2022255961", "area-code": "727"}, {"id": "9f0bf3cdede1db04fb1bb19433fe4147", "number": "9375078973", "area-code": "937"}, {"id": "9f0bf3cdede1db04fb1bb19433fe3795", "number": "4126153343", "area-code": "415"}, {"id": "9f0bf3cdede1db04fb1bb19433fe3048", "number": "4803513048", "area-code": "714"}, {"id": "9f0bf3cdede1db04fb1bb19433fe25ce", "number": "6155880282", "area-code": "615"}, {"id": "9f0bf3cdede1db04fb1bb19433fe1b40", "number": "661area missing", "area-code": "661"}, {"id": "9f0bf3cdede1db04fb1bb19433fe1ac1", "number": "7083714473", "area-code": "708"}, {"id": "9f0bf3cdede1db04fb1bb19433fe1147", "number": "4012106058", "area-code": "401"}, {"id": "9f0bf3cdede1db04fb1bb19433fe0cb6", "number": "2546872456", "area-code": "281"}, {"id": "9f0bf3cdede1db04fb1bb19433fe0399", "number": "9547649210", "area-code": "404"}, {"id": "9f0bf3cdede1db04fb1bb19433fdf066", "number": "9547649210", "area-code": "404"}, {"id": "9f0bf3cdede1db04fb1bb19433fde0eb", "number": "8325122146", "area-code": "713"}, {"id": "9f0bf3cdede1db04fb1bb19433fdd506", "number": "8662419938", "area-code": "612"}, {"id": "9f0bf3cdede1db04fb1bb19433fdc52e", "number": "5176159709", "area-code": "818"}, {"id": "9f0bf3cdede1db04fb1bb19433fdc38b", "number": "7027463223", "area-code": "317"}, {"id": "9f0bf3cdede1db04fb1bb19433fdb4e9", "number": "5626968541", "area-code": "330"}, {"id": "9f0bf3cdede1db04fb1bb19433fdad19", "number": "5807954719", "area-code": "405"}, {"id": "9f0bf3cdede1db04fb1bb19433fda02d", "number": "3129067152", "area-code": "602"}, {"id": "9f0bf3cdede1db04fb1bb19433fd9c91", "number": "8056377243", "area-code": "424"}, {"id": "9f0bf3cdede1db04fb1bb19433fd9303", "number": "7867858642", "area-code": "404"}, {"id": "9f0bf3cdede1db04fb1bb19433fd824c", "number": "2138026756", "area-code": "702"}, {"id": "9f0bf3cdede1db04fb1bb19433fd792a", "number": "3108285595", "area-code": "310"}, {"id": "9f0bf3cdede1db04fb1bb19433fd7059", "number": "8444629275", "area-code": "843"}, {"id": "9f0bf3cdede1db04fb1bb19433fd6e5f", "number": "2019763934", "area-code": "701"}, {"id": "9f0bf3cdede1db04fb1bb19433fd4da5", "number": "3108399946", "area-code": "310"}, {"id": "9f0bf3cdede1db04fb1bb19433fd6303", "number": "2138048312", "area-code": "213"}, {"id": "9f0bf3cdede1db04fb1bb19433fd5946", "number": "8885551212", "area-code": "310"}, {"id": "9f0bf3cdede1db04fb1bb19433fd3f5f", "number": "9517515911", "area-code": "973"}, {"id": "9f0bf3cdede1db04fb1bb19433fd3b1c", "number": "3022075844", "area-code": "410"}, {"id": "9f0bf3cdede1db04fb1bb19433fd3a78", "number": "4105577878", "area-code": "410"}, {"id": "9f0bf3cdede1db04fb1bb19433fd3405", "number": "2692189605", "area-code": "313"}, {"id": "9f0bf3cdede1db04fb1bb19433fd2d84", "number": "9183638456", "area-code": "405"}, {"id": "9f0bf3cdede1db04fb1bb19433fd2d08", "number": "6162101174", "area-code": "313"}, {"id": "9f0bf3cdede1db04fb1bb19433fd2252", "number": "8084677226", "area-code": "808"}, {"id": "9f0bf3cdede1db04fb1bb19433fd159c", "number": "3615531033", "area-code": "832"}, {"id": "9f0bf3cdede1db04fb1bb19433fd0fd8", "number": "4013403983", "area-code": "401"}, {"id": "9f0bf3cdede1db04fb1bb19433fd06ff", "number": "2138034895", "area-code": "602"}, {"id": "9f0bf3cdede1db04fb1bb19433fcf759", "number": "6618675525", "area-code": "661"}, {"id": "9f0bf3cdede1db04fb1bb19433fcee0f", "number": "6107297000", "area-code": "804"}, {"id": "9f0bf3cdede1db04fb1bb19433fce920", "number": "2052733804", "area-code": "205"}, {"id": "9f0bf3cdede1db04fb1bb19433fce4c2", "number": "5037824154", "area-code": "503"}, {"id": "9f0bf3cdede1db04fb1bb19433fce3ff", "number": "6465856751", "area-code": "573"}, {"id": "9f0bf3cdede1db04fb1bb19433fcdccd", "number": "9794768755", "area-code": "205"}, {"id": "9f0bf3cdede1db04fb1bb19433fcd347", "number": "8437652382", "area-code": "803"}, {"id": "9f0bf3cdede1db04fb1bb19433fccbf0", "number": "8009971468", "area-code": "646"}, {"id": "9f0bf3cdede1db04fb1bb19433fccb21", "number": "8452882730", "area-code": "845"}, {"id": "9f0bf3cdede1db04fb1bb19433fcbd6d", "number": "2054481403", "area-code": "205"}, {"id": "9f0bf3cdede1db04fb1bb19433fcb2c5", "number": "2054481403", "area-code": "205"}, {"id": "9f0bf3cdede1db04fb1bb19433fcab44", "number": "2054481403", "area-code": "205"}, {"id": "9f0bf3cdede1db04fb1bb19433fc9fb0", "number": "6517694901", "area-code": "844"}, {"id": "9f0bf3cdede1db04fb1bb19433fc94a3", "number": "8002914238", "area-code": "650"}, {"id": "9f0bf3cdede1db04fb1bb19433fc8546", "number": "2138076286", "area-code": "818"}, {"id": "9f0bf3cdede1db04fb1bb19433fc8458", "number": "4802103897", "area-code": "650"}, {"id": "9f0bf3cdede1db04fb1bb19433fc8057", "number": "6466815540", "area-code": "650"}, {"id": "9f0bf3cdede1db04fb1bb19433fc725c", "number": "8765420869", "area-code": "770"}, {"id": "9f0bf3cdede1db04fb1bb19433fc64e5", "number": "6264758569", "area-code": "650"}, {"id": "9f0bf3cdede1db04fb1bb19433fc610c", "number": "6162269197", "area-code": "517"}, {"id": "9f0bf3cdede1db04fb1bb19433fc59d1", "number": "8152390357", "area-code": "815"}, {"id": "9f0bf3cdede1db04fb1bb19433fc50ff", "number": "9198870901", "area-code": "517"}, {"id": "9f0bf3cdede1db04fb1bb19433fc4c28", "number": "8152390357", "area-code": "815"}, {"id": "9f0bf3cdede1db04fb1bb19433fc45a8", "number": "9198870901", "area-code": "517"}, {"id": "9f0bf3cdede1db04fb1bb19433fc3928", "number": "7542331516", "area-code": "517"}, {"id": "9f0bf3cdede1db04fb1bb19433fc33cf", "number": "8152390357", "area-code": "815"}, {"id": "9f0bf3cdede1db04fb1bb19433fc2ea5", "number": "8667253884", "area-code": "517"}, {"id": "9f0bf3cdede1db04fb1bb19433fc26a7", "number": "8152390357", "area-code": "815"}, {"id": "9f0bf3cdede1db04fb1bb19433fc22f5", "number": "8667253884", "area-code": "517"}, {"id": "9f0bf3cdede1db04fb1bb19433fc229d", "number": "7167966259", "area-code": "517"}, {"id": "9f0bf3cdede1db04fb1bb19433fc14c4", "number": "5053055158", "area-code": "505"}, {"id": "9f0bf3cdede1db04fb1bb19433fc110c", "number": "7193229716", "area-code": "719"}, {"id": "9f0bf3cdede1db04fb1bb19433fc0b42", "number": "5172245763", "area-code": "517"}, {"id": "9f0bf3cdede1db04fb1bb19433fbfd7c", "number": "3022911491", "area-code": "303"}, {"id": "9f0bf3cdede1db04fb1bb19433fbf6ff", "number": "5172004177", "area-code": "517"}, {"id": "9f0bf3cdede1db04fb1bb19433fbf183", "number": "7193578652", "area-code": "719"}, {"id": "9f0bf3cdede1db04fb1bb19433fbec3a", "number": "3129067152", "area-code": "757"}, {"id": "9f0bf3cdede1db04fb1bb19433fbe0cc", "number": "6162269197", "area-code": "517"}, {"id": "9f0bf3cdede1db04fb1bb19433fbdf3c", "number": "5164831039", "area-code": "650"}, {"id": "9f0bf3cdede1db04fb1bb19433fbd3af", "number": "5176058630", "area-code": "517"}, {"id": "9f0bf3cdede1db04fb1bb19433fbc848", "number": "5415664661", "area-code": "517"}, {"id": "9f0bf3cdede1db04fb1bb19433fbc528", "number": "7755710596", "area-code": "517"}, {"id": "9f0bf3cdede1db04fb1bb19433fbb5ad", "number": "3304278674", "area-code": "330"}, {"id": "9f0bf3cdede1db04fb1bb19433fbb3a1", "number": "5173120155", "area-code": "517"}, {"id": "9f0bf3cdede1db04fb1bb19433fbadf6", "number": "3304278390", "area-code": "330"}, {"id": "9f0bf3cdede1db04fb1bb19433fba1c8", "number": "6162269259", "area-code": "517"}, {"id": "9f0bf3cdede1db04fb1bb19433fba02c", "number": "3213266583", "area-code": "321"}, {"id": "9f0bf3cdede1db04fb1bb19433fb91d7", "number": "3304278768", "area-code": "330"}, {"id": "9f0bf3cdede1db04fb1bb19433fb8d7a", "number": "3304278674", "area-code": "330"}, {"id": "9f0bf3cdede1db04fb1bb19433fb8459", "number": "2242049740", "area-code": "323"}, {"id": "9f0bf3cdede1db04fb1bb19433fb7e24", "number": "3473910709", "area-code": "347"}, {"id": "9f0bf3cdede1db04fb1bb19433fb78be", "number": "3216988957", "area-code": "321"}, {"id": "9f0bf3cdede1db04fb1bb19433fb68e7", "number": "2142254572", "area-code": "903"}, {"id": "9f0bf3cdede1db04fb1bb19433fb5e51", "number": "3213266583", "area-code": "321"}, {"id": "9f0bf3cdede1db04fb1bb19433fb5155", "number": "3216988076", "area-code": "321"}, {"id": "9f0bf3cdede1db04fb1bb19433fb4faa", "number": "8523670436", "area-code": "321"}, {"id": "9f0bf3cdede1db04fb1bb19433fb3fd8", "number": "6782553151", "area-code": "510"}, {"id": "9f0bf3cdede1db04fb1bb19433fb35f1", "number": "6782553151", "area-code": "510"}, {"id": "9f0bf3cdede1db04fb1bb19433fb25ff", "number": "8664001237", "area-code": "321"}, {"id": "9f0bf3cdede1db04fb1bb19433fb1fd8", "number": "2137800970", "area-code": "925"}, {"id": "9f0bf3cdede1db04fb1bb19433fb1214", "number": "2487737810", "area-code": "248"}, {"id": "9f0bf3cdede1db04fb1bb19433fb0e16", "number": "8586928881", "area-code": "858"}, {"id": "9f0bf3cdede1db04fb1bb19433fb02f3", "number": "5172011794", "area-code": "616"}, {"id": "9f0bf3cdede1db04fb1bb19433fafe94", "number": "3523740316", "area-code": "352"}, {"id": "9f0bf3cdede1db04fb1bb19433fafd44", "number": "8323188816", "area-code": "713"}, {"id": "9f0bf3cdede1db04fb1bb19433fafb4a", "number": "2813013639", "area-code": "713"}, {"id": "9f0bf3cdede1db04fb1bb19433faeeb4", "number": "3522183492", "area-code": "352"}, {"id": "9f0bf3cdede1db04fb1bb19433fae6c1", "number": "7133404373", "area-code": "713"}, {"id": "9f0bf3cdede1db04fb1bb19433fae3c8", "number": "7132560825", "area-code": "713"}, {"id": "9f0bf3cdede1db04fb1bb19433fad6ad", "number": "8176658325", "area-code": "346"}, {"id": "9f0bf3cdede1db04fb1bb19433face61", "number": "3524969474", "area-code": "352"}, {"id": "9f0bf3cdede1db04fb1bb19433fac5b7", "number": "4084587101", "area-code": "346"}, {"id": "9f0bf3cdede1db04fb1bb19433fab8f5", "number": "2818108931", "area-code": "713"}, {"id": "9f0bf3cdede1db04fb1bb19433faad66", "number": "3237984741", "area-code": "410"}, {"id": "9f0bf3cdede1db04fb1bb19433fa9e14", "number": "4148672850", "area-code": "713"}, {"id": "9f0bf3cdede1db04fb1bb19433fa8f2a", "number": "6292096569", "area-code": "713"}, {"id": "9f0bf3cdede1db04fb1bb19433fa8380", "number": "3525313834", "area-code": "352"}, {"id": "9f0bf3cdede1db04fb1bb19433fa7766", "number": "2819990718", "area-code": "713"}, {"id": "9f0bf3cdede1db04fb1bb19433fa6a6c", "number": "7194019546", "area-code": "713"}, {"id": "9f0bf3cdede1db04fb1bb19433fa65e8", "number": "8449951515", "area-code": "330"}, {"id": "9f0bf3cdede1db04fb1bb19433fa6178", "number": "6463427759", "area-code": "702"}, {"id": "9f0bf3cdede1db04fb1bb19433fa5794", "number": "7137129449", "area-code": "713"}, {"id": "9f0bf3cdede1db04fb1bb19433fa5156", "number": "3522183486", "area-code": "352"}, {"id": "9f0bf3cdede1db04fb1bb19433fa4870", "number": "9072001842", "area-code": "713"}, {"id": "9f0bf3cdede1db04fb1bb19433fa3bcd", "number": "6462539832", "area-code": "702"}, {"id": "9f0bf3cdede1db04fb1bb19433fa2e44", "number": "2542768191", "area-code": "713"}, {"id": "9f0bf3cdede1db04fb1bb19433fa2b26", "number": "3522511282", "area-code": "352"}, {"id": "9f0bf3cdede1db04fb1bb19433fa2460", "number": "2565215296", "area-code": "713"}, {"id": "9f0bf3cdede1db04fb1bb19433fa14c5", "number": "3252444272", "area-code": "325"}, {"id": "9f0bf3cdede1db04fb1bb19433fa118d", "number": "7136599241", "area-code": "713"}, {"id": "9f0bf3cdede1db04fb1bb19433f9f6ab", "number": "5853674075", "area-code": "907"}, {"id": "9f0bf3cdede1db04fb1bb19433f9f37d", "number": "7656977158", "area-code": "206"}, {"id": "9f0bf3cdede1db04fb1bb19433f9e517", "number": "5106216480", "area-code": "650"}, {"id": "9f0bf3cdede1db04fb1bb19433f9e1a2", "number": "7024604613", "area-code": "702"}, {"id": "9f0bf3cdede1db04fb1bb19433f9cf7e", "number": "6506327120", "area-code": "650"}, {"id": "9f0bf3cdede1db04fb1bb19433f9d8bf", "number": "7135540219", "area-code": "713"}, {"id": "9f0bf3cdede1db04fb1bb19433f9c7b3", "number": "9894736649", "area-code": "252"}, {"id": "9f0bf3cdede1db04fb1bb19433f9c655", "number": "6149448963", "area-code": "614"}, {"id": "9f0bf3cdede1db04fb1bb19433f9b738", "number": "5185468044", "area-code": "252"}, {"id": "9f0bf3cdede1db04fb1bb19433f9b52b", "number": "5855600182", "area-code": "980"}, {"id": "9f0bf3cdede1db04fb1bb19433f9a94d", "number": "3467878732", "area-code": "713"}, {"id": "9f0bf3cdede1db04fb1bb19433f99aba", "number": "5923392253", "area-code": "347"}, {"id": "9f0bf3cdede1db04fb1bb19433f99625", "number": "9166167465", "area-code": "916"}, {"id": "9f0bf3cdede1db04fb1bb19433f9863b", "number": "8106786158", "area-code": "650"}, {"id": "9f0bf3cdede1db04fb1bb19433f97720", "number": "7752585465", "area-code": "972"}, {"id": "9f0bf3cdede1db04fb1bb19433f96d98", "number": "9197013957", "area-code": "972"}, {"id": "9f0bf3cdede1db04fb1bb19433f96a3b", "number": "5169713769", "area-code": "972"}, {"id": "9f0bf3cdede1db04fb1bb19433f95c81", "number": "2144485383", "area-code": "612"}, {"id": "9f0bf3cdede1db04fb1bb19433f94d99", "number": "5312333197", "area-code": "402"}, {"id": "9f0bf3cdede1db04fb1bb19433f94663", "number": "5172011794", "area-code": "989"}, {"id": "9f0bf3cdede1db04fb1bb19433f942b6", "number": "8164377014", "area-code": "253"}, {"id": "9f0bf3cdede1db04fb1bb19433f93d0a", "number": "8452802269", "area-code": "253"}, {"id": "9f0bf3cdede1db04fb1bb19433f938d5", "number": "6105186620", "area-code": "412"}, {"id": "9f0bf3cdede1db04fb1bb19433f92c2f", "number": "9177686599", "area-code": "801"}, {"id": "9f0bf3cdede1db04fb1bb19433f92289", "number": "6184377014", "area-code": "618"}, {"id": "9f0bf3cdede1db04fb1bb19433f915c5", "number": "8452990928", "area-code": "713"}, {"id": "9f0bf3cdede1db04fb1bb19433f9093e", "number": "2426981822", "area-code": "407"}, {"id": "9f0bf3cdede1db04fb1bb19433f90b4d", "number": "7603349345", "area-code": "408"}, {"id": "9f0bf3cdede1db04fb1bb19433f90090", "number": "2138000210", "area-code": "408"}, {"id": "9f0bf3cdede1db04fb1bb19433f8fb05", "number": "7602243310", "area-code": "760"}, {"id": "9f0bf3cdede1db04fb1bb19433f8ec50", "number": "2796005742", "area-code": "408"}, {"id": "9f0bf3cdede1db04fb1bb19433f8e275", "number": "7603349878", "area-code": "408"}, {"id": "9f0bf3cdede1db04fb1bb19433f8d7d4", "number": "2139924217", "area-code": "408"}, {"id": "9f0bf3cdede1db04fb1bb19433f8d6b8", "number": "4805766579", "area-code": "602"}, {"id": "9f0bf3cdede1db04fb1bb19433f8cc8c", "number": "5924444013", "area-code": "347"}, {"id": "9f0bf3cdede1db04fb1bb19433f8c9e6", "number": "2139924314", "area-code": "408"}, {"id": "9f0bf3cdede1db04fb1bb19433f8c941", "number": "7602241051", "area-code": "760"}, {"id": "9f0bf3cdede1db04fb1bb19433f8bf95", "number": "7603348912", "area-code": "408"}, {"id": "9f0bf3cdede1db04fb1bb19433f8aff1", "number": "9198725608", "area-code": "304"}, {"id": "9f0bf3cdede1db04fb1bb19433f8a8d2", "number": "2139475077", "area-code": "408"}, {"id": "9f0bf3cdede1db04fb1bb19433f8a259", "number": "2029185561", "area-code": "212"}, {"id": "9f0bf3cdede1db04fb1bb19433f89b1a", "number": "4434874874", "area-code": "410"}, {"id": "9f0bf3cdede1db04fb1bb19433f89563", "number": "5417033036", "area-code": "915"}, {"id": "9f0bf3cdede1db04fb1bb19433f8896c", "number": "7603349878", "area-code": "408"}, {"id": "9f0bf3cdede1db04fb1bb19433f87df9", "number": "2139924217", "area-code": "408"}, {"id": "9f0bf3cdede1db04fb1bb19433f87d66", "number": "7602242109", "area-code": "760"}, {"id": "9f0bf3cdede1db04fb1bb19433f86d7c", "number": "4436877724", "area-code": "410"}, {"id": "9f0bf3cdede1db04fb1bb19433f8682c", "number": "7866363906", "area-code": "410"}, {"id": "9f0bf3cdede1db04fb1bb19433f85f5f", "number": "4436877724", "area-code": "410"}, {"id": "9f0bf3cdede1db04fb1bb19433f85dfd", "number": "7602247226", "area-code": "760"}, {"id": "9f0bf3cdede1db04fb1bb19433f8579b", "number": "8884040301", "area-code": "218"}, {"id": "9f0bf3cdede1db04fb1bb19433f84bf8", "number": "3362033945", "area-code": "410"}, {"id": "9f0bf3cdede1db04fb1bb19433f845cd", "number": "6302568591", "area-code": "605"}, {"id": "9f0bf3cdede1db04fb1bb19433f841ca", "number": "2131081836", "area-code": "803"}, {"id": "9f0bf3cdede1db04fb1bb19433f83595", "number": "7187154650", "area-code": "718"}, {"id": "9f0bf3cdede1db04fb1bb19433f833b3", "number": "6463186783", "area-code": "510"}, {"id": "9f0bf3cdede1db04fb1bb19433f8270f", "number": "8035988425", "area-code": "803"}, {"id": "9f0bf3cdede1db04fb1bb19433f82676", "number": "7187154650", "area-code": "718"}, {"id": "9f0bf3cdede1db04fb1bb19433f8241d", "number": "7187154650", "area-code": "718"}, {"id": "9f0bf3cdede1db04fb1bb19433f8171d", "number": "8039627021", "area-code": "803"}, {"id": "9f0bf3cdede1db04fb1bb19433f81385", "number": "7187154650", "area-code": "718"}, {"id": "9f0bf3cdede1db04fb1bb19433f811d3", "number": "7187154650", "area-code": "718"}, {"id": "9f0bf3cdede1db04fb1bb19433f802c8", "number": "8437732483", "area-code": "803"}, {"id": "9f0bf3cdede1db04fb1bb19433f80229", "number": "7187154650", "area-code": "718"}, {"id": "9f0bf3cdede1db04fb1bb19433f7fd7f", "number": "9542109364", "area-code": "404"}, {"id": "9f0bf3cdede1db04fb1bb19433f7f025", "number": "6576666857", "area-code": "310"}, {"id": "9f0bf3cdede1db04fb1bb19433f7e98c", "number": "7187154650", "area-code": "718"}, {"id": "9f0bf3cdede1db04fb1bb19433f7e0bb", "number": "3026634217", "area-code": "310"}, {"id": "9f0bf3cdede1db04fb1bb19433f7d9ee", "number": "3129067152", "area-code": "608"}, {"id": "9f0bf3cdede1db04fb1bb19433f7d577", "number": "7347464458", "area-code": "608"}, {"id": "9f0bf3cdede1db04fb1bb19433f7c7e0", "number": "2082681490", "area-code": "208"}, {"id": "9f0bf3cdede1db04fb1bb19433f7b880", "number": "6172011794", "area-code": "616"}, {"id": "9f0bf3cdede1db04fb1bb19433f7b74c", "number": "9512922737", "area-code": "951"}, {"id": "9f0bf3cdede1db04fb1bb19433f7a970", "number": "5123717143", "area-code": "831"}, {"id": "9f0bf3cdede1db04fb1bb19433f7a77e", "number": "3129067152", "area-code": "608"}, {"id": "9f0bf3cdede1db04fb1bb19433f79f74", "number": "8335961013", "area-code": "951"}, {"id": "9f0bf3cdede1db04fb1bb19433f7961f", "number": "6613009069", "area-code": "215"}, {"id": "9f0bf3cdede1db04fb1bb19433f78968", "number": "8143136838", "area-code": "215"}, {"id": "9f0bf3cdede1db04fb1bb19433f77c85", "number": "8082037498", "area-code": "808"}, {"id": "9f0bf3cdede1db04fb1bb19433f773ad", "number": "2153957717", "area-code": "215"}, {"id": "9f0bf3cdede1db04fb1bb19433f76c09", "number": "2154619226", "area-code": "215"}, {"id": "9f0bf3cdede1db04fb1bb19433f7674b", "number": "4842606947", "area-code": "215"}, {"id": "9f0bf3cdede1db04fb1bb19433f75fa2", "number": "8082039682", "area-code": "808"}, {"id": "9f0bf3cdede1db04fb1bb19433f752c6", "number": "2156222950", "area-code": "215"}, {"id": "9f0bf3cdede1db04fb1bb19433f74753", "number": "4237613585", "area-code": "419"}, {"id": "9f0bf3cdede1db04fb1bb19433f74573", "number": "5102412593", "area-code": "314"}, {"id": "9f0bf3cdede1db04fb1bb19433f74236", "number": "2156222950", "area-code": "215"}, {"id": "9f0bf3cdede1db04fb1bb19433f735ec", "number": "2152343719", "area-code": "215"}, {"id": "9f0bf3cdede1db04fb1bb19433f72991", "number": "5185946270", "area-code": "650"}, {"id": "9f0bf3cdede1db04fb1bb19433f71d55", "number": "8142088707", "area-code": "215"}, {"id": "9f0bf3cdede1db04fb1bb19433f70877", "number": "7022552554", "area-code": "989"}, {"id": "9f0bf3cdede1db04fb1bb19433f6ec60", "number": "7022552554", "area-code": "989"}, {"id": "9f0bf3cdede1db04fb1bb19433f6dd0d", "number": "7022552554", "area-code": "989"}, {"id": "9f0bf3cdede1db04fb1bb19433f6d5dd", "number": "7022552554", "area-code": "989"}, {"id": "9f0bf3cdede1db04fb1bb19433f6c8a1", "number": "2672042288", "area-code": "215"}, {"id": "9f0bf3cdede1db04fb1bb19433f6c45a", "number": "4122851433", "area-code": "215"}, {"id": "9f0bf3cdede1db04fb1bb19433f6c41d", "number": "7022552554", "area-code": "989"}, {"id": "9f0bf3cdede1db04fb1bb19433f6be9f", "number": "8782058094", "area-code": "215"}, {"id": "9f0bf3cdede1db04fb1bb19433f6b06d", "number": "7022552554", "area-code": "989"}, {"id": "9f0bf3cdede1db04fb1bb19433f6a16b", "number": "4404550542", "area-code": "215"}, {"id": "9f0bf3cdede1db04fb1bb19433f69e1f", "number": "7022552554", "area-code": "989"}, {"id": "9f0bf3cdede1db04fb1bb19433f69baa", "number": "2156222950", "area-code": "215"}, {"id": "9f0bf3cdede1db04fb1bb19433f6996b", "number": "2156222950", "area-code": "215"}, {"id": "9f0bf3cdede1db04fb1bb19433f693c7", "number": "7022552554", "area-code": "989"}, {"id": "9f0bf3cdede1db04fb1bb19433f68929", "number": "2154619226", "area-code": "215"}, {"id": "9f0bf3cdede1db04fb1bb19433f67ab7", "number": "4842606947", "area-code": "215"}, {"id": "9f0bf3cdede1db04fb1bb19433f67051", "number": "7174028061", "area-code": "215"}, {"id": "9f0bf3cdede1db04fb1bb19433f664af", "number": "4404550542", "area-code": "215"}, {"id": "9f0bf3cdede1db04fb1bb19433f66186", "number": "2156222950", "area-code": "215"}, {"id": "9f0bf3cdede1db04fb1bb19433f65cad", "number": "3027790309", "area-code": "302"}, {"id": "9f0bf3cdede1db04fb1bb19433f65224", "number": "2156222950", "area-code": "215"}, {"id": "9f0bf3cdede1db04fb1bb19433f64f76", "number": "2156222950", "area-code": "215"}, {"id": "9f0bf3cdede1db04fb1bb19433f646bd", "number": "3022048880", "area-code": "302"}, {"id": "9f0bf3cdede1db04fb1bb19433f63dbe", "number": "2156222950", "area-code": "215"}, {"id": "9f0bf3cdede1db04fb1bb19433f6392b", "number": "6103478240", "area-code": "610"}, {"id": "9f0bf3cdede1db04fb1bb19433f63149", "number": "2154619226", "area-code": "215"}, {"id": "9f0bf3cdede1db04fb1bb19433f6285a", "number": "9163981711", "area-code": "215"}, {"id": "9f0bf3cdede1db04fb1bb19433f61a51", "number": "4126047471", "area-code": "412"}, {"id": "9f0bf3cdede1db04fb1bb19433f61494", "number": "2156222950", "area-code": "215"}, {"id": "9f0bf3cdede1db04fb1bb19433f60fd1", "number": "3022080496", "area-code": "302"}, {"id": "9f0bf3cdede1db04fb1bb19433f60d5e", "number": "6466813280", "area-code": "818"}, {"id": "9f0bf3cdede1db04fb1bb19433f60c5c", "number": "2134577332", "area-code": "619"}, {"id": "9f0bf3cdede1db04fb1bb19433f601f5", "number": "2156222950", "area-code": "215"}, {"id": "9f0bf3cdede1db04fb1bb19433f5f67d", "number": "2156222950", "area-code": "215"}, {"id": "9f0bf3cdede1db04fb1bb19433f5f015", "number": "6199718829", "area-code": "619"}, {"id": "9f0bf3cdede1db04fb1bb19433f5ee6c", "number": "2156222950", "area-code": "215"}, {"id": "9f0bf3cdede1db04fb1bb19433f5e4d4", "number": "2156222950", "area-code": "215"}, {"id": "9f0bf3cdede1db04fb1bb19433f5db9f", "number": "7149145814", "area-code": "215"}, {"id": "9f0bf3cdede1db04fb1bb19433f5d1bf", "number": "2152702530", "area-code": "215"}, {"id": "9f0bf3cdede1db04fb1bb19433f5c1dd", "number": "2156222950", "area-code": "215"}, {"id": "9f0bf3cdede1db04fb1bb19433f5c169", "number": "2029185561", "area-code": "814"}, {"id": "9f0bf3cdede1db04fb1bb19433f5c04f", "number": "2156222950", "area-code": "215"}, {"id": "9f0bf3cdede1db04fb1bb19433f5b3f5", "number": "2153374258", "area-code": "215"}, {"id": "9f0bf3cdede1db04fb1bb19433f5b337", "number": "2152633104", "area-code": "215"}, {"id": "9f0bf3cdede1db04fb1bb19433f5ab24", "number": "8478111627", "area-code": "847"}, {"id": "9f0bf3cdede1db04fb1bb19433f598f0", "number": "4108866961", "area-code": "410"}, {"id": "9f0bf3cdede1db04fb1bb19433f596a6", "number": "5186343219", "area-code": "951"}, {"id": "9f0bf3cdede1db04fb1bb19433f593f9", "number": "6466819493", "area-code": "213"}, {"id": "9f0bf3cdede1db04fb1bb19433f58c52", "number": "7049771967", "area-code": "410"}, {"id": "9f0bf3cdede1db04fb1bb19433f57d1e", "number": "4104691433", "area-code": "410"}, {"id": "9f0bf3cdede1db04fb1bb19433f5730f", "number": "2028738443", "area-code": "202"}, {"id": "9f0bf3cdede1db04fb1bb19433f56544", "number": "8774151745", "area-code": "410"}, {"id": "9f0bf3cdede1db04fb1bb19433f557d2", "number": "8175506832", "area-code": "410"}, {"id": "9f0bf3cdede1db04fb1bb19433f54dd7", "number": "8008102714", "area-code": "443"}, {"id": "9f0bf3cdede1db04fb1bb19433f54db9", "number": "6105510934", "area-code": "410"}, {"id": "9f0bf3cdede1db04fb1bb19433f54a6b", "number": "2483976765", "area-code": "248"}, {"id": "9f0bf3cdede1db04fb1bb19433f5438e", "number": "7187886200", "area-code": "410"}, {"id": "9f0bf3cdede1db04fb1bb19433f536ab", "number": "8003328884", "area-code": "410"}, {"id": "9f0bf3cdede1db04fb1bb19433f52947", "number": "8103590242", "area-code": "951"}, {"id": "9f0bf3cdede1db04fb1bb19433f526b9", "number": "4256352970", "area-code": "410"}, {"id": "9f0bf3cdede1db04fb1bb19433f51cdc", "number": "8006427676", "area-code": "410"}, {"id": "9f0bf3cdede1db04fb1bb19433f5186e", "number": "5052355595", "area-code": "303"}, {"id": "9f0bf3cdede1db04fb1bb19433f514cd", "number": "8006623325", "area-code": "410"}, {"id": "9f0bf3cdede1db04fb1bb19433f50b1d", "number": "8436559770", "area-code": "843"}, {"id": "9f0bf3cdede1db04fb1bb19433f50a0b", "number": "8887879971", "area-code": "410"}, {"id": "9f0bf3cdede1db04fb1bb19433f4fe21", "number": "8007782255", "area-code": "410"}, {"id": "9f0bf3cdede1db04fb1bb19433f4f968", "number": "8003470350", "area-code": "770"}, {"id": "9f0bf3cdede1db04fb1bb19433f4eac1", "number": "4108357709", "area-code": "410"}, {"id": "9f0bf3cdede1db04fb1bb19433f4e252", "number": "9099816555", "area-code": "410"}, {"id": "9f0bf3cdede1db04fb1bb19433f4c973", "number": "5622741631", "area-code": "301"}, {"id": "9f0bf3cdede1db04fb1bb19433f4b9f4", "number": "7327035400", "area-code": "973"}, {"id": "9f0bf3cdede1db04fb1bb19433f4abf5", "number": "3015726096", "area-code": "301"}, {"id": "9f0bf3cdede1db04fb1bb19433f4a93c", "number": "5012591174", "area-code": "301"}, {"id": "9f0bf3cdede1db04fb1bb19433f4a0e1", "number": "2029185561", "area-code": "973"}, {"id": "9f0bf3cdede1db04fb1bb19433f49c91", "number": "9733271386", "area-code": "973"}, {"id": "9f0bf3cdede1db04fb1bb19433f49a2c", "number": "5165843149", "area-code": "973"}, {"id": "9f0bf3cdede1db04fb1bb19433f49212", "number": "9295171696", "area-code": "845"}, {"id": "9f0bf3cdede1db04fb1bb19433f48f4d", "number": "3462779108", "area-code": "281"}, {"id": "9f0bf3cdede1db04fb1bb19433f48ace", "number": "9032289309", "area-code": "281"}, {"id": "9f0bf3cdede1db04fb1bb19433f4840d", "number": "7372382057", "area-code": "281"}, {"id": "9f0bf3cdede1db04fb1bb19433f47660", "number": "2815725342", "area-code": "281"}, {"id": "9f0bf3cdede1db04fb1bb19433f46fba", "number": "9402893096", "area-code": "281"}, {"id": "9f0bf3cdede1db04fb1bb19433f46c32", "number": "2707676559", "area-code": "404"}, {"id": "9f0bf3cdede1db04fb1bb19433f453c0", "number": "9175618353", "area-code": "201"}, {"id": "9f0bf3cdede1db04fb1bb19433f45ed3", "number": "8449160448", "area-code": "734"}, {"id": "ac162b8a55c2caace9b79b4a190268c3", "number": "5043703880", "area-code": "504"}, {"id": "ac162b8a55c2caace9b79b4a19025ad4", "number": "5048853381", "area-code": "504"}, {"id": "ac162b8a55c2caace9b79b4a19025593", "number": "8777141509", "area-code": "610"}, {"id": "ac162b8a55c2caace9b79b4a19025047", "number": "5048881906", "area-code": "504"}, {"id": "ac162b8a55c2caace9b79b4a19024f27", "number": "5054858233", "area-code": "505"}, {"id": "ac162b8a55c2caace9b79b4a190247c9", "number": "5044945123", "area-code": "504"}, {"id": "ac162b8a55c2caace9b79b4a19024232", "number": "5053054881", "area-code": "505"}, {"id": "ac162b8a55c2caace9b79b4a190236e5", "number": "3856859236", "area-code": "801"}, {"id": "ac162b8a55c2caace9b79b4a190228f2", "number": "4345924309", "area-code": "713"}, {"id": "ac162b8a55c2caace9b79b4a19021fe8", "number": "3474297342", "area-code": "304"}, {"id": "ac162b8a55c2caace9b79b4a19021fd6", "number": "5054778718", "area-code": "505"}, {"id": "ac162b8a55c2caace9b79b4a19021a24", "number": "4153023909", "area-code": "707"}, {"id": "ac162b8a55c2caace9b79b4a19020c29", "number": "7873983111", "area-code": "585"}, {"id": "ac162b8a55c2caace9b79b4a19020501", "number": "5072003750", "area-code": "423"}, {"id": "ac162b8a55c2caace9b79b4a1901fb76", "number": "9033266028", "area-code": "903"}, {"id": "ac162b8a55c2caace9b79b4a1901ecb1", "number": "4705312785", "area-code": "423"}, {"id": "ac162b8a55c2caace9b79b4a1901df0a", "number": "4107023526", "area-code": "240"}, {"id": "ac162b8a55c2caace9b79b4a1901cc50", "number": "7163514747", "area-code": "610"}, {"id": "ac162b8a55c2caace9b79b4a1901d844", "number": "7542035952", "area-code": "404"}, {"id": "ac162b8a55c2caace9b79b4a1901bcea", "number": "4343212457", "area-code": "978"}, {"id": "ac162b8a55c2caace9b79b4a1901b111", "number": "4343212457", "area-code": "978"}, {"id": "ac162b8a55c2caace9b79b4a19019eac", "number": "7327840982", "area-code": "732"}, {"id": "ac162b8a55c2caace9b79b4a19019708", "number": "4256898896", "area-code": "201"}, {"id": "ac162b8a55c2caace9b79b4a19018dc4", "number": "8005721131", "area-code": "315"}, {"id": "ac162b8a55c2caace9b79b4a19018044", "number": "8036726486", "area-code": "817"}, {"id": "ac162b8a55c2caace9b79b4a19017ba9", "number": "4706164001", "area-code": "470"}, {"id": "ac162b8a55c2caace9b79b4a19016bfa", "number": "8339012204", "area-code": "715"}, {"id": "ac162b8a55c2caace9b79b4a1901611c", "number": "9362548106", "area-code": "470"}, {"id": "ac162b8a55c2caace9b79b4a19015be8", "number": "2024309981", "area-code": "207"}, {"id": "ac162b8a55c2caace9b79b4a190157d3", "number": "6263808091", "area-code": "301"}, {"id": "ac162b8a55c2caace9b79b4a190147a5", "number": "8776517618", "area-code": "864"}, {"id": "ac162b8a55c2caace9b79b4a1901437d", "number": "9085439229", "area-code": "609"}, {"id": "ac162b8a55c2caace9b79b4a1901381e", "number": "9405841595", "area-code": "470"}, {"id": "ac162b8a55c2caace9b79b4a19013327", "number": "7792130279", "area-code": "815"}, {"id": "ac162b8a55c2caace9b79b4a190132cc", "number": "4245369215", "area-code": "360"}, {"id": "ac162b8a55c2caace9b79b4a19012a8c", "number": "8155202331", "area-code": "815"}, {"id": "ac162b8a55c2caace9b79b4a19012438", "number": "8777004781", "area-code": "815"}, {"id": "ac162b8a55c2caace9b79b4a19011863", "number": "8042209086", "area-code": "804"}, {"id": "ac162b8a55c2caace9b79b4a1901155b", "number": "8632591809", "area-code": "815"}, {"id": "ac162b8a55c2caace9b79b4a19010588", "number": "8042251989", "area-code": "804"}, {"id": "ac162b8a55c2caace9b79b4a1900fb29", "number": "8777004781", "area-code": "815"}, {"id": "ac162b8a55c2caace9b79b4a1900ef4d", "number": "8769193866", "area-code": "904"}, {"id": "ac162b8a55c2caace9b79b4a1900e2cf", "number": "8153401729", "area-code": "815"}, {"id": "ac162b8a55c2caace9b79b4a1900db4d", "number": "8042939215", "area-code": "804"}, {"id": "ac162b8a55c2caace9b79b4a1900d92f", "number": "8777004781", "area-code": "815"}, {"id": "ac162b8a55c2caace9b79b4a19009eac", "number": "4245367968", "area-code": "330"}, {"id": "ac162b8a55c2caace9b79b4a1900cdb7", "number": "8042209086", "area-code": "804"}, {"id": "9f0bf3cdede1db04fb1bb19433f45b37", "number": "8558790155", "area-code": "856"}, {"id": "9f0bf3cdede1db04fb1bb19433f44960", "number": "2109886483", "area-code": "512"}, {"id": "9f0bf3cdede1db04fb1bb19433f44724", "number": "2018172707", "area-code": "512"}, {"id": "9f0bf3cdede1db04fb1bb19433f44493", "number": "7707664607", "area-code": "404"}, {"id": "9f0bf3cdede1db04fb1bb19433f43bf0", "number": "2173507454", "area-code": "217"}, {"id": "9f0bf3cdede1db04fb1bb19433f4318b", "number": "9547549210", "area-code": "404"}, {"id": "9f0bf3cdede1db04fb1bb19433f42f39", "number": "8323659100", "area-code": "512"}, {"id": "9f0bf3cdede1db04fb1bb19433f423ec", "number": "8007837034", "area-code": "217"}, {"id": "9f0bf3cdede1db04fb1bb19433f4219c", "number": "4042393732", "area-code": "404"}, {"id": "9f0bf3cdede1db04fb1bb19433f4198c", "number": "8172422551", "area-code": "817"}, {"id": "9f0bf3cdede1db04fb1bb19433f40e9d", "number": "9547649210", "area-code": "404"}, {"id": "9f0bf3cdede1db04fb1bb19433f408f1", "number": "7706911693", "area-code": "404"}, {"id": "9f0bf3cdede1db04fb1bb19433f407e7", "number": "9542281396", "area-code": "404"}, {"id": "9f0bf3cdede1db04fb1bb19433f4067e", "number": "4053477441", "area-code": "405"}, {"id": "9f0bf3cdede1db04fb1bb19433f3ef55", "number": "5614139827", "area-code": "561"}, {"id": "9f0bf3cdede1db04fb1bb19433f4035c", "number": "4042393731", "area-code": "404"}, {"id": "9f0bf3cdede1db04fb1bb19433f3f7d0", "number": "8666111148", "area-code": "914"}, {"id": "9f0bf3cdede1db04fb1bb19433f3e84a", "number": "4052570396", "area-code": "405"}, {"id": "9f0bf3cdede1db04fb1bb19433f3e7f0", "number": "8006698488", "area-code": "914"}, {"id": "9f0bf3cdede1db04fb1bb19433f3e470", "number": "9542783389", "area-code": "404"}, {"id": "9f0bf3cdede1db04fb1bb19433f3e001", "number": "8765294972", "area-code": "323"}, {"id": "9f0bf3cdede1db04fb1bb19433f3cc1b", "number": "8005317209", "area-code": "301"}, {"id": "9f0bf3cdede1db04fb1bb19433f3c224", "number": "9148765225", "area-code": "914"}, {"id": "9f0bf3cdede1db04fb1bb19433f3b8e1", "number": "8557738254", "area-code": "201"}, {"id": "9f0bf3cdede1db04fb1bb19433f3a940", "number": "7322063175", "area-code": "201"}, {"id": "9f0bf3cdede1db04fb1bb19433f39cd5", "number": "7322063175", "area-code": "201"}, {"id": "9f0bf3cdede1db04fb1bb19433f3944c", "number": "5924448151", "area-code": "347"}, {"id": "9f0bf3cdede1db04fb1bb19433f39183", "number": "8482002005", "area-code": "201"}, {"id": "9f0bf3cdede1db04fb1bb19433f3856f", "number": "7322106974", "area-code": "201"}, {"id": "9f0bf3cdede1db04fb1bb19433f3837c", "number": "0787001641", "area-code": "971"}, {"id": "9f0bf3cdede1db04fb1bb19433f37806", "number": "8003066062", "area-code": "973"}, {"id": "9f0bf3cdede1db04fb1bb19433f36aad", "number": "9132704897", "area-code": "785"}, {"id": "9f0bf3cdede1db04fb1bb19433f35b94", "number": "6612184984", "area-code": "305"}, {"id": "9f0bf3cdede1db04fb1bb19433f34e6d", "number": "4805503253", "area-code": "201"}, {"id": "9f0bf3cdede1db04fb1bb19433f3498a", "number": "9132704897", "area-code": "785"}, {"id": "9f0bf3cdede1db04fb1bb19433f34783", "number": "8553437703", "area-code": "914"}, {"id": "9f0bf3cdede1db04fb1bb19433f337b3", "number": "4805503253", "area-code": "201"}, {"id": "9f0bf3cdede1db04fb1bb19433f333b7", "number": "7012485727", "area-code": "785"}, {"id": "9f0bf3cdede1db04fb1bb19433f32523", "number": "4805503253", "area-code": "201"}, {"id": "9f0bf3cdede1db04fb1bb19433f315c4", "number": "8668541812", "area-code": "914"}, {"id": "9f0bf3cdede1db04fb1bb19433f311c3", "number": "2012447649", "area-code": "201"}, {"id": "9f0bf3cdede1db04fb1bb19433f3063d", "number": "6037310574", "area-code": "603"}, {"id": "9f0bf3cdede1db04fb1bb19433f2e9cf", "number": "2013593213", "area-code": "201"}, {"id": "9f0bf3cdede1db04fb1bb19433f2f64e", "number": "8554103562", "area-code": "914"}, {"id": "9f0bf3cdede1db04fb1bb19433f2e7f3", "number": "8053849606", "area-code": "805"}, {"id": "9f0bf3cdede1db04fb1bb19433f2e5c1", "number": "5757046244", "area-code": "804"}, {"id": "9f0bf3cdede1db04fb1bb19433f2da8d", "number": "8554103561", "area-code": "914"}, {"id": "9f0bf3cdede1db04fb1bb19433f2cc2d", "number": "8064702320", "area-code": "804"}, {"id": "9f0bf3cdede1db04fb1bb19433f2c621", "number": "4752771058", "area-code": "281"}, {"id": "9f0bf3cdede1db04fb1bb19433f2befe", "number": "8554103560", "area-code": "914"}, {"id": "9f0bf3cdede1db04fb1bb19433f2ba3b", "number": "8323188794", "area-code": "281"}, {"id": "9f0bf3cdede1db04fb1bb19433f2af14", "number": "8323188816", "area-code": "281"}, {"id": "9f0bf3cdede1db04fb1bb19433f2aee4", "number": "2549728661", "area-code": "210"}, {"id": "9f0bf3cdede1db04fb1bb19433f2a9f2", "number": "5595312277", "area-code": "281"}, {"id": "9f0bf3cdede1db04fb1bb19433f2a6b4", "number": "2813707363", "area-code": "281"}, {"id": "9f0bf3cdede1db04fb1bb19433f2a325", "number": "3802045870", "area-code": "281"}, {"id": "9f0bf3cdede1db04fb1bb19433f29468", "number": "8322347521", "area-code": "817"}, {"id": "9f0bf3cdede1db04fb1bb19433f28fc0", "number": "5188009048", "area-code": "443"}, {"id": "9f0bf3cdede1db04fb1bb19433f287f1", "number": "8172091059", "area-code": "817"}, {"id": "9f0bf3cdede1db04fb1bb19433f27af9", "number": "2817421245", "area-code": "281"}, {"id": "9f0bf3cdede1db04fb1bb19433f277af", "number": "8552114583", "area-code": "210"}, {"id": "9f0bf3cdede1db04fb1bb19433f27008", "number": "8887113954", "area-code": "940"}, {"id": "9f0bf3cdede1db04fb1bb19433f269f9", "number": "8175872987", "area-code": "817"}, {"id": "9f0bf3cdede1db04fb1bb19433f26199", "number": "7135540219", "area-code": "281"}, {"id": "9f0bf3cdede1db04fb1bb19433f25a7a", "number": "8552114583", "area-code": "210"}, {"id": "9f0bf3cdede1db04fb1bb19433f2589a", "number": "2242304924", "area-code": "847"}, {"id": "9f0bf3cdede1db04fb1bb19433f25358", "number": "2132674182", "area-code": "210"}, {"id": "9f0bf3cdede1db04fb1bb19433f24582", "number": "8178886067", "area-code": "817"}, {"id": "9f0bf3cdede1db04fb1bb19433f23992", "number": "2104727924", "area-code": "817"}, {"id": "9f0bf3cdede1db04fb1bb19433f235a6", "number": "8003809894", "area-code": "650"}, {"id": "9f0bf3cdede1db04fb1bb19433f22754", "number": "2107561918", "area-code": "210"}, {"id": "9f0bf3cdede1db04fb1bb19433f21b41", "number": "5702542046", "area-code": "570"}, {"id": "9f0bf3cdede1db04fb1bb19433f212af", "number": "2029184689", "area-code": "650"}, {"id": "9f0bf3cdede1db04fb1bb19433f202c1", "number": "6464066591", "area-code": "650"}, {"id": "9f0bf3cdede1db04fb1bb19433f1f380", "number": "6504870019", "area-code": "650"}, {"id": "9f0bf3cdede1db04fb1bb19433f1f160", "number": "4063789985", "area-code": "406"}, {"id": "9f0bf3cdede1db04fb1bb19433f1eb22", "number": "3305746983", "area-code": "330"}, {"id": "9f0bf3cdede1db04fb1bb19433f1dc86", "number": "3306423972", "area-code": "330"}, {"id": "9f0bf3cdede1db04fb1bb19433f1d489", "number": "9039897282", "area-code": "406"}, {"id": "9f0bf3cdede1db04fb1bb19433f1c65a", "number": "2082058198", "area-code": "208"}, {"id": "9f0bf3cdede1db04fb1bb19433f1bbfe", "number": "5413424605", "area-code": "971"}, {"id": "9f0bf3cdede1db04fb1bb19433f1b7e3", "number": "6509497938", "area-code": "650"}, {"id": "9f0bf3cdede1db04fb1bb19433f1a81d", "number": "5012591174", "area-code": "301"}, {"id": "9f0bf3cdede1db04fb1bb19433f19bac", "number": "2022214032", "area-code": "732"}, {"id": "9f0bf3cdede1db04fb1bb19433f1a710", "number": "8005941199", "area-code": "650"}, {"id": "9f0bf3cdede1db04fb1bb19433f196e7", "number": "3015034466", "area-code": "301"}, {"id": "9f0bf3cdede1db04fb1bb19433f18ef0", "number": "8152403585", "area-code": "815"}, {"id": "9f0bf3cdede1db04fb1bb19433f1845f", "number": "3018429755", "area-code": "301"}, {"id": "9f0bf3cdede1db04fb1bb19433f17910", "number": "2092871444", "area-code": "209"}, {"id": "9f0bf3cdede1db04fb1bb19433f171e8", "number": "2029185561", "area-code": "810"}, {"id": "9f0bf3cdede1db04fb1bb19433f166ff", "number": "2092871414", "area-code": "209"}, {"id": "9f0bf3cdede1db04fb1bb19433f15c85", "number": "2027692774", "area-code": "757"}, {"id": "9f0bf3cdede1db04fb1bb19433f151b5", "number": "7472821887", "area-code": "360"}, {"id": "9f0bf3cdede1db04fb1bb19433f1463a", "number": "2122406815", "area-code": "301"}, {"id": "9f0bf3cdede1db04fb1bb19433f13d20", "number": "8667252203", "area-code": "864"}, {"id": "9f0bf3cdede1db04fb1bb19433f121b8", "number": "8644094267", "area-code": "864"}, {"id": "9f0bf3cdede1db04fb1bb19433f136aa", "number": "3526505808", "area-code": "352"}, {"id": "9f0bf3cdede1db04fb1bb19433f12cc7", "number": "2029185561", "area-code": "810"}, {"id": "9f0bf3cdede1db04fb1bb19433f12132", "number": "2526374942", "area-code": "864"}, {"id": "9f0bf3cdede1db04fb1bb19433f11990", "number": "4133669913", "area-code": "504"}, {"id": "9f0bf3cdede1db04fb1bb19433f116bf", "number": "2526374542", "area-code": "864"}, {"id": "9f0bf3cdede1db04fb1bb19433f10c93", "number": "2403082259", "area-code": "301"}, {"id": "9f0bf3cdede1db04fb1bb19433f0f9f9", "number": "3852732832", "area-code": "412"}, {"id": "9f0bf3cdede1db04fb1bb19433f0f2ba", "number": "6083716666", "area-code": "248"}, {"id": "9f0bf3cdede1db04fb1bb19433f0f0cb", "number": "2084278445", "area-code": "412"}, {"id": "9f0bf3cdede1db04fb1bb19433f0d72f", "number": "3162930882", "area-code": "620"}, {"id": "9f0bf3cdede1db04fb1bb19433f0b995", "number": "8285484016", "area-code": "336"}, {"id": "9f0bf3cdede1db04fb1bb19433f0c8d9", "number": "2122444839", "area-code": "412"}, {"id": "9f0bf3cdede1db04fb1bb19433f0c870", "number": "9048598844", "area-code": "904"}, {"id": "9f0bf3cdede1db04fb1bb19433f0c65f", "number": "3013586699", "area-code": "301"}, {"id": "9f0bf3cdede1db04fb1bb19433f0ab29", "number": "3013586699", "area-code": "301"}, {"id": "9f0bf3cdede1db04fb1bb19433f0a1c9", "number": "2122483171", "area-code": "917"}, {"id": "9f0bf3cdede1db04fb1bb19433f094a9", "number": "8009033637", "area-code": "301"}, {"id": "9f0bf3cdede1db04fb1bb19433f06560", "number": "8009557070", "area-code": "336"}, {"id": "9f0bf3cdede1db04fb1bb19433f08634", "number": "3013896046", "area-code": "301"}, {"id": "9f0bf3cdede1db04fb1bb19433f0817f", "number": "5024331396", "area-code": "502"}, {"id": "9f0bf3cdede1db04fb1bb19433f0719e", "number": "3019906337", "area-code": "301"}, {"id": "9f0bf3cdede1db04fb1bb19433f06237", "number": "8339411565", "area-code": "603"}, {"id": "9f0bf3cdede1db04fb1bb19433f036b7", "number": "8143136931", "area-code": "336"}, {"id": "9f0bf3cdede1db04fb1bb19433f051cd", "number": "8604982490", "area-code": "860"}, {"id": "9f0bf3cdede1db04fb1bb19433f04417", "number": "3013586699", "area-code": "301"}, {"id": "9f0bf3cdede1db04fb1bb19433f031ea", "number": "2022214035", "area-code": "860"}, {"id": "9f0bf3cdede1db04fb1bb19433f02ace", "number": "3013586699", "area-code": "301"}, {"id": "9f0bf3cdede1db04fb1bb19433f0208f", "number": "5154462404", "area-code": "336"}, {"id": "9f0bf3cdede1db04fb1bb19433f021da", "number": "3013586699", "area-code": "301"}, {"id": "9f0bf3cdede1db04fb1bb19433f016f9", "number": "8009033637", "area-code": "301"}, {"id": "9f0bf3cdede1db04fb1bb19433f00f79", "number": "3018812123", "area-code": "301"}, {"id": "9f0bf3cdede1db04fb1bb19433f00204", "number": "3363294764", "area-code": "336"}, {"id": "9f0bf3cdede1db04fb1bb19433eff57a", "number": "3235301812", "area-code": "401"}, {"id": "9f0bf3cdede1db04fb1bb19433efee94", "number": "8777059562", "area-code": "217"}, {"id": "9f0bf3cdede1db04fb1bb19433efe690", "number": "4014300916", "area-code": "401"}, {"id": "9f0bf3cdede1db04fb1bb19433efd6ce", "number": "5705784247", "area-code": "570"}, {"id": "9f0bf3cdede1db04fb1bb19433efd567", "number": "4012273069", "area-code": "401"}, {"id": "9f0bf3cdede1db04fb1bb19433efc882", "number": "4012933100", "area-code": "401"}, {"id": "9f0bf3cdede1db04fb1bb19433efbdb3", "number": "4014218800", "area-code": "401"}, {"id": "9f0bf3cdede1db04fb1bb19433efb84f", "number": "6468224380", "area-code": "617"}, {"id": "9f0bf3cdede1db04fb1bb19433efac64", "number": "4013011020", "area-code": "401"}, {"id": "9f0bf3cdede1db04fb1bb19433efa082", "number": "3213967771", "area-code": "321"}, {"id": "9f0bf3cdede1db04fb1bb19433ef9b2b", "number": "4012104073", "area-code": "401"}, {"id": "9f0bf3cdede1db04fb1bb19433ef9a70", "number": "8768370737", "area-code": "817"}, {"id": "9f0bf3cdede1db04fb1bb19433ef942c", "number": "4013499474", "area-code": "401"}, {"id": "9f0bf3cdede1db04fb1bb19433ef857b", "number": "4012104093", "area-code": "401"}, {"id": "9f0bf3cdede1db04fb1bb19433ef8359", "number": "5158648546", "area-code": "401"}, {"id": "9f0bf3cdede1db04fb1bb19433ef8012", "number": "4016390202", "area-code": "401"}, {"id": "9f0bf3cdede1db04fb1bb19433ef7ded", "number": "9442801777", "area-code": "920"}, {"id": "9f0bf3cdede1db04fb1bb19433ef7b7a", "number": "8049771078", "area-code": "540"}, {"id": "9f0bf3cdede1db04fb1bb19433ef6df7", "number": "5185968128", "area-code": "518"}, {"id": "9f0bf3cdede1db04fb1bb19433ef67ef", "number": "4016390202", "area-code": "401"}, {"id": "9f0bf3cdede1db04fb1bb19433ef5ffe", "number": "5185962981", "area-code": "518"}, {"id": "9f0bf3cdede1db04fb1bb19433ef567f", "number": "4016390202", "area-code": "401"}, {"id": "9f0bf3cdede1db04fb1bb19433ef5442", "number": "2176224764", "area-code": "217"}, {"id": "9f0bf3cdede1db04fb1bb19433ef5214", "number": "2178141407", "area-code": "217"}, {"id": "9f0bf3cdede1db04fb1bb19433ef4d43", "number": "6305286067", "area-code": "401"}, {"id": "9f0bf3cdede1db04fb1bb19433ef488b", "number": "7814638357", "area-code": "540"}, {"id": "9f0bf3cdede1db04fb1bb19433ef4344", "number": "2027983751", "area-code": "401"}, {"id": "9f0bf3cdede1db04fb1bb19433ef33e0", "number": "3013586699", "area-code": "301"}, {"id": "9f0bf3cdede1db04fb1bb19433ef3209", "number": "8005546773", "area-code": "402"}, {"id": "9f0bf3cdede1db04fb1bb19433ef2474", "number": "8505127836", "area-code": "850"}, {"id": "9f0bf3cdede1db04fb1bb19433ef1cb6", "number": "8502799755", "area-code": "850"}, {"id": "9f0bf3cdede1db04fb1bb19433ef10ab", "number": "5185965400", "area-code": "518"}, {"id": "9f0bf3cdede1db04fb1bb19433ef01f7", "number": "5185965400", "area-code": "518"}, {"id": "9f0bf3cdede1db04fb1bb19433eef8ea", "number": "8502086819", "area-code": "850"}, {"id": "9f0bf3cdede1db04fb1bb19433eef708", "number": "8133050564", "area-code": "850"}, {"id": "9f0bf3cdede1db04fb1bb19433eef518", "number": "5619316094", "area-code": "850"}, {"id": "9f0bf3cdede1db04fb1bb19433eee650", "number": "4072890357", "area-code": "850"}, {"id": "9f0bf3cdede1db04fb1bb19433eedd80", "number": "2484366617", "area-code": "850"}, {"id": "9f0bf3cdede1db04fb1bb19433eed899", "number": "2022245274", "area-code": "850"}, {"id": "9f0bf3cdede1db04fb1bb19433eec9e4", "number": "2022245274", "area-code": "850"}, {"id": "9f0bf3cdede1db04fb1bb19433eebd4e", "number": "2022245274", "area-code": "850"}, {"id": "9f0bf3cdede1db04fb1bb19433eeaede", "number": "2022245274", "area-code": "850"}, {"id": "9f0bf3cdede1db04fb1bb19433eea07c", "number": "2022245274", "area-code": "850"}, {"id": "9f0bf3cdede1db04fb1bb19433ee9782", "number": "8009971468", "area-code": "646"}, {"id": "9f0bf3cdede1db04fb1bb19433ee8865", "number": "8009971468", "area-code": "646"}, {"id": "9f0bf3cdede1db04fb1bb19433ee82ba", "number": "8009971468", "area-code": "646"}, {"id": "9f0bf3cdede1db04fb1bb19433ee737f", "number": "8009971468", "area-code": "646"}, {"id": "9f0bf3cdede1db04fb1bb19433ee7010", "number": "6512730795", "area-code": "973"}, {"id": "9f0bf3cdede1db04fb1bb19433ee6b3b", "number": "9738658059", "area-code": "973"}, {"id": "9f0bf3cdede1db04fb1bb19433ee675d", "number": "9736567222", "area-code": "973"}, {"id": "9f0bf3cdede1db04fb1bb19433ee4fbd", "number": "8002390555", "area-code": "225"}, {"id": "9f0bf3cdede1db04fb1bb19433ee4807", "number": "8002390555", "area-code": "225"}, {"id": "9f0bf3cdede1db04fb1bb19433ee3855", "number": "8002390555", "area-code": "225"}, {"id": "9f0bf3cdede1db04fb1bb19433ee2903", "number": "4196859731", "area-code": "419"}, {"id": "9f0bf3cdede1db04fb1bb19433ee233c", "number": "3213403326", "area-code": "419"}, {"id": "9f0bf3cdede1db04fb1bb19433ee1dbe", "number": "5168029132", "area-code": "828"}, {"id": "9f0bf3cdede1db04fb1bb19433ee19f3", "number": "3303319328", "area-code": "419"}, {"id": "9f0bf3cdede1db04fb1bb19433ee0de7", "number": "4022012839", "area-code": "641"}, {"id": "9f0bf3cdede1db04fb1bb19433ee0dc0", "number": "7039862030", "area-code": "309"}, {"id": "9f0bf3cdede1db04fb1bb19433ee0430", "number": "2156477892", "area-code": "215"}, {"id": "9f0bf3cdede1db04fb1bb19433edf4b3", "number": "7243713675", "area-code": "724"}, {"id": "9f0bf3cdede1db04fb1bb19433ede659", "number": "8607824703", "area-code": "860"}, {"id": "9f0bf3cdede1db04fb1bb19433eddfc8", "number": "7722644375", "area-code": "772"}, {"id": "9f0bf3cdede1db04fb1bb19433edd3df", "number": "8606517299", "area-code": "860"}, {"id": "9f0bf3cdede1db04fb1bb19433edc77e", "number": "2159489194", "area-code": "410"}, {"id": "9f0bf3cdede1db04fb1bb19433edc5cc", "number": "8056377243", "area-code": "714"}, {"id": "9f0bf3cdede1db04fb1bb19433edbe32", "number": "8604249757", "area-code": "860"}, {"id": "9f0bf3cdede1db04fb1bb19433edb48a", "number": "2022214030", "area-code": "724"}, {"id": "9f0bf3cdede1db04fb1bb19433eda6ba", "number": "8003418903", "area-code": "860"}, {"id": "9f0bf3cdede1db04fb1bb19433ed98f5", "number": "7247870675", "area-code": "724"}, {"id": "9f0bf3cdede1db04fb1bb19433ed8b7c", "number": "2484366617", "area-code": "786"}, {"id": "9f0bf3cdede1db04fb1bb19433ed8b16", "number": "4105873850", "area-code": "410"}, {"id": "9f0bf3cdede1db04fb1bb19433ed8415", "number": "2392567664", "area-code": "786"}, {"id": "9f0bf3cdede1db04fb1bb19433ed75a5", "number": "2159489194", "area-code": "410"}, {"id": "9f0bf3cdede1db04fb1bb19433ed6c4e", "number": "8009971468", "area-code": "404"}, {"id": "9f0bf3cdede1db04fb1bb19433ed6069", "number": "6672708053", "area-code": "410"}, {"id": "9f0bf3cdede1db04fb1bb19433ed5cd2", "number": "7084276278", "area-code": "410"}, {"id": "9f0bf3cdede1db04fb1bb19433ed5cae", "number": "8553199893", "area-code": "410"}, {"id": "9f0bf3cdede1db04fb1bb19433ed4d46", "number": "2406211320", "area-code": "410"}, {"id": "9f0bf3cdede1db04fb1bb19433ed42d2", "number": "4106190081", "area-code": "410"}, {"id": "9f0bf3cdede1db04fb1bb19433ed33ab", "number": "8552041817", "area-code": "410"}, {"id": "9f0bf3cdede1db04fb1bb19433ed278a", "number": "4105923310", "area-code": "410"}, {"id": "9f0bf3cdede1db04fb1bb19433ed1bec", "number": "3026035473", "area-code": "302"}, {"id": "9f0bf3cdede1db04fb1bb19433ed12ad", "number": "4407775461", "area-code": "440"}, {"id": "9f0bf3cdede1db04fb1bb19433ed0e88", "number": "5134725034", "area-code": "440"}, {"id": "9f0bf3cdede1db04fb1bb19433ed09f9", "number": "4402712868", "area-code": "440"}, {"id": "9f0bf3cdede1db04fb1bb19433ecfe8b", "number": "9133543087", "area-code": "913"}, {"id": "9f0bf3cdede1db04fb1bb19433eceb45", "number": "8004671848", "area-code": "860"}, {"id": "9f0bf3cdede1db04fb1bb19433ece304", "number": "7209303743", "area-code": "720"}, {"id": "9f0bf3cdede1db04fb1bb19433ecd6aa", "number": "9544000472", "area-code": "301"}, {"id": "9f0bf3cdede1db04fb1bb19433ecd05b", "number": "7198491899", "area-code": "720"}, {"id": "9f0bf3cdede1db04fb1bb19433ecc758", "number": "9702383825", "area-code": "720"}, {"id": "9f0bf3cdede1db04fb1bb19433ecba7e", "number": "8643991292", "area-code": "906"}, {"id": "9f0bf3cdede1db04fb1bb19433ecb129", "number": "8643991292", "area-code": "906"}, {"id": "9f0bf3cdede1db04fb1bb19433eca78e", "number": "7256051553", "area-code": "906"}, {"id": "9f0bf3cdede1db04fb1bb19433eca1bf", "number": "8644282640", "area-code": "906"}, {"id": "9f0bf3cdede1db04fb1bb19433ec9532", "number": "2249987963", "area-code": "815"}, {"id": "9f0bf3cdede1db04fb1bb19433ec94c0", "number": "8643991292", "area-code": "906"}, {"id": "9f0bf3cdede1db04fb1bb19433ec8fd1", "number": "6091134777", "area-code": "856"}, {"id": "9f0bf3cdede1db04fb1bb19433ec841b", "number": "6146559211", "area-code": "614"}, {"id": "9f0bf3cdede1db04fb1bb19433ec7d38", "number": "6176365725", "area-code": "781"}, {"id": "9f0bf3cdede1db04fb1bb19433ec7a51", "number": "4106209049", "area-code": "410"}, {"id": "9f0bf3cdede1db04fb1bb19433ec78ab", "number": "4108533550", "area-code": "410"}, {"id": "9f0bf3cdede1db04fb1bb19433ec6935", "number": "9405770374", "area-code": "804"}, {"id": "9f0bf3cdede1db04fb1bb19433ec6202", "number": "5202103599", "area-code": "410"}, {"id": "9f0bf3cdede1db04fb1bb19433ec580b", "number": "8452417761", "area-code": "845"}, {"id": "9f0bf3cdede1db04fb1bb19433ec4f11", "number": "4103235967", "area-code": "410"}, {"id": "9f0bf3cdede1db04fb1bb19433ec4cce", "number": "8067873462", "area-code": "804"}, {"id": "9f0bf3cdede1db04fb1bb19433ec3d0f", "number": "4109366938", "area-code": "410"}, {"id": "9f0bf3cdede1db04fb1bb19433ec2dec", "number": "2022214037", "area-code": "410"}, {"id": "9f0bf3cdede1db04fb1bb19433ec2328", "number": "6096633966", "area-code": "609"}, {"id": "9f0bf3cdede1db04fb1bb19433ec26cc", "number": "2403247243", "area-code": "410"}, {"id": "9f0bf3cdede1db04fb1bb19433ec196c", "number": "4433126777", "area-code": "410"}, {"id": "9f0bf3cdede1db04fb1bb19433ec0c84", "number": "4104440553", "area-code": "410"}, {"id": "9f0bf3cdede1db04fb1bb19433ebff93", "number": "2679542895", "area-code": "410"}, {"id": "9f0bf3cdede1db04fb1bb19433ebfc53", "number": "2029150968", "area-code": "410"}, {"id": "9f0bf3cdede1db04fb1bb19433ebf394", "number": "6099520066", "area-code": "215"}, {"id": "9f0bf3cdede1db04fb1bb19433ebec76", "number": "7573524400", "area-code": "716"}, {"id": "9f0bf3cdede1db04fb1bb19433ebd650", "number": "2024952015", "area-code": "919"}, {"id": "9f0bf3cdede1db04fb1bb19433ebbeb6", "number": "8145205705", "area-code": "989"}, {"id": "9f0bf3cdede1db04fb1bb19433ebbae1", "number": "7632743899", "area-code": "989"}, {"id": "9f0bf3cdede1db04fb1bb19433ebb3ca", "number": "9544002027", "area-code": "614"}, {"id": "9f0bf3cdede1db04fb1bb19433ebace6", "number": "8335014818", "area-code": "610"}, {"id": "9f0bf3cdede1db04fb1bb19433eba024", "number": "9856063570", "area-code": "606"}, {"id": "9f0bf3cdede1db04fb1bb19433eb926f", "number": "2082911539", "area-code": "208"}, {"id": "9f0bf3cdede1db04fb1bb19433eb8ce8", "number": "2029185561", "area-code": "203"}, {"id": "9f0bf3cdede1db04fb1bb19433eb7e36", "number": "6013489458", "area-code": "785"}, {"id": "9f0bf3cdede1db04fb1bb19433eb7766", "number": "3024595232", "area-code": "785"}, {"id": "9f0bf3cdede1db04fb1bb19433eb6ed5", "number": "2312442752", "area-code": "785"}, {"id": "9f0bf3cdede1db04fb1bb19433eb69fd", "number": "9387661526", "area-code": "785"}, {"id": "9f0bf3cdede1db04fb1bb19433eb5bdb", "number": "9132241001", "area-code": "785"}, {"id": "9f0bf3cdede1db04fb1bb19433eb5493", "number": "2692156488", "area-code": "785"}, {"id": "9f0bf3cdede1db04fb1bb19433eb5167", "number": "5072003741", "area-code": "785"}, {"id": "9f0bf3cdede1db04fb1bb19433eb466e", "number": "3163335671", "area-code": "785"}, {"id": "9f0bf3cdede1db04fb1bb19433eb3676", "number": "9132709109", "area-code": "785"}, {"id": "9f0bf3cdede1db04fb1bb19433eb3491", "number": "9132159319", "area-code": "785"}, {"id": "9f0bf3cdede1db04fb1bb19433eb2de2", "number": "6208405691", "area-code": "785"}, {"id": "9f0bf3cdede1db04fb1bb19433eb2342", "number": "9132241184", "area-code": "785"}, {"id": "9f0bf3cdede1db04fb1bb19433eb136c", "number": "8054710482", "area-code": "480"}, {"id": "9f0bf3cdede1db04fb1bb19433eb0b0a", "number": "8025001768", "area-code": "724"}, {"id": "9f0bf3cdede1db04fb1bb19433eb05e1", "number": "5419196250", "area-code": "541"}, {"id": "9f0bf3cdede1db04fb1bb19433eaf7fb", "number": "2133202789", "area-code": "253"}, {"id": "9f0bf3cdede1db04fb1bb19433eaec25", "number": "9365456174", "area-code": "920"}, {"id": "9f0bf3cdede1db04fb1bb19433eaeac7", "number": "6128730000", "area-code": "612"}, {"id": "9f0bf3cdede1db04fb1bb19433eadb74", "number": "9525428266", "area-code": "612"}, {"id": "9f0bf3cdede1db04fb1bb19433eaccd5", "number": "7742528790", "area-code": "612"}, {"id": "9f0bf3cdede1db04fb1bb19433eac030", "number": "4078631159", "area-code": "210"}, {"id": "9f0bf3cdede1db04fb1bb19433eab3d6", "number": "2103610444", "area-code": "210"}, {"id": "9f0bf3cdede1db04fb1bb19433eab03f", "number": "8176632091", "area-code": "210"}, {"id": "9f0bf3cdede1db04fb1bb19433eaa883", "number": "7325939715", "area-code": "732"}, {"id": "9f0bf3cdede1db04fb1bb19433eaa260", "number": "9712751300", "area-code": "818"}, {"id": "9f0bf3cdede1db04fb1bb19433ea8f46", "number": "8002927508", "area-code": "606"}, {"id": "9f0bf3cdede1db04fb1bb19433ea80f9", "number": "8445867726", "area-code": "559"}, {"id": "9f0bf3cdede1db04fb1bb19433ea7ad1", "number": "3047224626", "area-code": "304"}, {"id": "9f0bf3cdede1db04fb1bb19433ea649a", "number": "8553194450", "area-code": "304"}, {"id": "9f0bf3cdede1db04fb1bb19433ea6355", "number": "8884781802", "area-code": "304"}, {"id": "9f0bf3cdede1db04fb1bb19433ea6132", "number": "3044159469", "area-code": "304"}, {"id": "9f0bf3cdede1db04fb1bb19433ea5e4a", "number": "8559668700", "area-code": "925"}, {"id": "9f0bf3cdede1db04fb1bb19433ea5c70", "number": "9724994456", "area-code": "925"}, {"id": "9f0bf3cdede1db04fb1bb19433ea5b72", "number": "5753221438", "area-code": "925"}, {"id": "9f0bf3cdede1db04fb1bb19433ea5b16", "number": "5012378289", "area-code": "925"}, {"id": "9f0bf3cdede1db04fb1bb19433ea55e3", "number": "9724302786", "area-code": "925"}, {"id": "9f0bf3cdede1db04fb1bb19433ea49f9", "number": "9258352225", "area-code": "925"}, {"id": "9f0bf3cdede1db04fb1bb19433ea3b7a", "number": "5012378289", "area-code": "925"}, {"id": "9f0bf3cdede1db04fb1bb19433ea3648", "number": "9412013119", "area-code": "904"}, {"id": "9f0bf3cdede1db04fb1bb19433e8c9e0", "number": "8664587685", "area-code": "813"}, {"id": "9f0bf3cdede1db04fb1bb19433e8c338", "number": "4805449735", "area-code": "480"}, {"id": "9f0bf3cdede1db04fb1bb19433e8c291", "number": "4805444112", "area-code": "480"}, {"id": "9f0bf3cdede1db04fb1bb19433e8b72f", "number": "4805445252", "area-code": "480"}, {"id": "9f0bf3cdede1db04fb1bb19433e8a82d", "number": "4805445721", "area-code": "480"}, {"id": "9f0bf3cdede1db04fb1bb19433e89f61", "number": "4805444539", "area-code": "480"}, {"id": "9f0bf3cdede1db04fb1bb19433e890c7", "number": "4805443494", "area-code": "480"}, {"id": "9f0bf3cdede1db04fb1bb19433e88b2b", "number": "4805446828", "area-code": "480"}, {"id": "9f0bf3cdede1db04fb1bb19433e88154", "number": "0000000000", "area-code": "713"}, {"id": "9f0bf3cdede1db04fb1bb19433e872d3", "number": "5905445476", "area-code": "480"}, {"id": "9f0bf3cdede1db04fb1bb19433e8720f", "number": "4805447644", "area-code": "480"}, {"id": "9f0bf3cdede1db04fb1bb19433e86b90", "number": "8132956812", "area-code": "480"}, {"id": "9f0bf3cdede1db04fb1bb19433e86510", "number": "4805442048", "area-code": "480"}, {"id": "9f0bf3cdede1db04fb1bb19433e855c9", "number": "4805855404", "area-code": "480"}, {"id": "9f0bf3cdede1db04fb1bb19433e8462b", "number": "4805447480", "area-code": "480"}, {"id": "9f0bf3cdede1db04fb1bb19433e83873", "number": "4805447394", "area-code": "480"}, {"id": "9f0bf3cdede1db04fb1bb19433e835e9", "number": "6613471320", "area-code": "661"}, {"id": "9f0bf3cdede1db04fb1bb19433e632ba", "number": "5164078470", "area-code": "917"}, {"id": "9f0bf3cdede1db04fb1bb19433e62e3b", "number": "8882367619", "area-code": "641"}, {"id": "9f0bf3cdede1db04fb1bb19433e620a1", "number": "8882367619", "area-code": "641"}, {"id": "9f0bf3cdede1db04fb1bb19433e61162", "number": "4805730163", "area-code": "480"}, {"id": "9f0bf3cdede1db04fb1bb19433e60d96", "number": "5106216480", "area-code": "408"}, {"id": "9f0bf3cdede1db04fb1bb19433e600ec", "number": "8002300020", "area-code": "305"}, {"id": "9f0bf3cdede1db04fb1bb19433e5fd0e", "number": "7792016224", "area-code": "305"}, {"id": "9f0bf3cdede1db04fb1bb19433e5f436", "number": "7027439240", "area-code": "518"}, {"id": "9f0bf3cdede1db04fb1bb19433e5e284", "number": "2139288370", "area-code": "213"}, {"id": "9f0bf3cdede1db04fb1bb19433e5d603", "number": "6784951090", "area-code": "609"}, {"id": "9f0bf3cdede1db04fb1bb19433e5cbf2", "number": "6098255502", "area-code": "609"}, {"id": "9f0bf3cdede1db04fb1bb19433e5c411", "number": "6099705832", "area-code": "609"}, {"id": "9f0bf3cdede1db04fb1bb19433e5bb62", "number": "9472083611", "area-code": "951"}, {"id": "9f0bf3cdede1db04fb1bb19433e5ae16", "number": "9097151923", "area-code": "951"}, {"id": "9f0bf3cdede1db04fb1bb19433e5a8cf", "number": "3239902632", "area-code": "609"}, {"id": "9f0bf3cdede1db04fb1bb19433e59c15", "number": "6282087922", "area-code": "951"}, {"id": "9f0bf3cdede1db04fb1bb19433e58c73", "number": "2017997234", "area-code": "609"}, {"id": "9f0bf3cdede1db04fb1bb19433e589ba", "number": "2488192363", "area-code": "248"}, {"id": "9f0bf3cdede1db04fb1bb19433e5860f", "number": "6099708020", "area-code": "609"}, {"id": "9f0bf3cdede1db04fb1bb19433e58230", "number": "9512672045", "area-code": "951"}, {"id": "9f0bf3cdede1db04fb1bb19433e576b7", "number": "2488137663", "area-code": "248"}, {"id": "9f0bf3cdede1db04fb1bb19433e571ba", "number": "4058033401", "area-code": "580"}, {"id": "9f0bf3cdede1db04fb1bb19433e566e5", "number": "8559694636", "area-code": "855"}, {"id": "9f0bf3cdede1db04fb1bb19433e5432d", "number": "3125004314", "area-code": "217"}, {"id": "9f0bf3cdede1db04fb1bb19433e53d0a", "number": "8772006434", "area-code": "805"}, {"id": "9f0bf3cdede1db04fb1bb19433e532dc", "number": "8009169871", "area-code": "510"}, {"id": "9f0bf3cdede1db04fb1bb19433e53180", "number": "5103805238", "area-code": "510"}, {"id": "9f0bf3cdede1db04fb1bb19433e52207", "number": "6099708130", "area-code": "609"}]