[{"id": "5bdcf69af4172da8ad173ee63ae087db", "number": "8056377243", "area-code": "818"}, {"id": "5bdcf69af4172da8ad173ee63ae07edf", "number": "3126425716", "area-code": "970"}, {"id": "5bdcf69af4172da8ad173ee63ae06f6d", "number": "9708795694", "area-code": "970"}, {"id": "5bdcf69af4172da8ad173ee63ae060e0", "number": "2396760389", "area-code": "936"}, {"id": "5bdcf69af4172da8ad173ee63ae05d23", "number": "2312518437", "area-code": "231"}, {"id": "5bdcf69af4172da8ad173ee63ae04d43", "number": "8559473483", "area-code": "817"}, {"id": "5bdcf69af4172da8ad173ee63ae04011", "number": "2029968858", "area-code": "303"}, {"id": "5bdcf69af4172da8ad173ee63ae03b8d", "number": "8889858402", "area-code": "505"}, {"id": "5bdcf69af4172da8ad173ee63ae02e07", "number": "5053181497", "area-code": "505"}, {"id": "5bdcf69af4172da8ad173ee63ae02225", "number": "2125872139", "area-code": "505"}, {"id": "5bdcf69af4172da8ad173ee63ae0125e", "number": "2125872139", "area-code": "505"}, {"id": "5bdcf69af4172da8ad173ee63ae00cd5", "number": "2129263870", "area-code": "505"}, {"id": "5bdcf69af4172da8ad173ee63ae00c14", "number": "5059083685", "area-code": "505"}, {"id": "5bdcf69af4172da8ad173ee63ae002e6", "number": "2123258736", "area-code": "505"}, {"id": "5bdcf69af4172da8ad173ee63adff870", "number": "2126286463", "area-code": "505"}, {"id": "5bdcf69af4172da8ad173ee63adfea28", "number": "5056660888", "area-code": "505"}, {"id": "5bdcf69af4172da8ad173ee63adfdbfe", "number": "8056377243", "area-code": "760"}, {"id": "5bdcf69af4172da8ad173ee63adfd8c1", "number": "5053181497", "area-code": "505"}, {"id": "5bdcf69af4172da8ad173ee63adfd3b6", "number": "5059083685", "area-code": "505"}, {"id": "5bdcf69af4172da8ad173ee63adfca75", "number": "4026774664", "area-code": "402"}, {"id": "5bdcf69af4172da8ad173ee63adfc5ec", "number": "8152499255", "area-code": "815"}, {"id": "5bdcf69af4172da8ad173ee63adfc5eb", "number": "3376392375", "area-code": "877"}, {"id": "5bdcf69af4172da8ad173ee63adfc382", "number": "5136257157", "area-code": "877"}, {"id": "5bdcf69af4172da8ad173ee63adfbe50", "number": "9372833374", "area-code": "877"}, {"id": "5bdcf69af4172da8ad173ee63adfaec1", "number": "6039106148", "area-code": "877"}, {"id": "5bdcf69af4172da8ad173ee63adfaaff", "number": "2162616948", "area-code": "877"}, {"id": "5bdcf69af4172da8ad173ee63adfa4b5", "number": "2016302020", "area-code": "877"}, {"id": "5bdcf69af4172da8ad173ee63adf9b8a", "number": "3157710131", "area-code": "315"}, {"id": "5bdcf69af4172da8ad173ee63adf924c", "number": "8763311559", "area-code": "309"}, {"id": "5bdcf69af4172da8ad173ee63adf8855", "number": "8002953339", "area-code": "800"}, {"id": "5bdcf69af4172da8ad173ee63adf81c9", "number": "4352462051", "area-code": "801"}, {"id": "5bdcf69af4172da8ad173ee63adf7b3f", "number": "2027926356", "area-code": "928"}, {"id": "5bdcf69af4172da8ad173ee63adf772a", "number": "2532243781", "area-code": "928"}, {"id": "5bdcf69af4172da8ad173ee63adf6de0", "number": "4803390587", "area-code": "702"}, {"id": "5bdcf69af4172da8ad173ee63adf6535", "number": "9203937303", "area-code": "209"}, {"id": "5bdcf69af4172da8ad173ee63adf5f02", "number": "4053538132", "area-code": "817"}, {"id": "5bdcf69af4172da8ad173ee63adf5d1d", "number": "8776606789", "area-code": "510"}, {"id": "5bdcf69af4172da8ad173ee63adf5071", "number": "7346889026", "area-code": "323"}, {"id": "5bdcf69af4172da8ad173ee63adf48ee", "number": "8009227484", "area-code": "510"}, {"id": "5bdcf69af4172da8ad173ee63adf4854", "number": "4792694801", "area-code": "303"}, {"id": "5bdcf69af4172da8ad173ee63adf4429", "number": "9012713065", "area-code": "901"}, {"id": "5bdcf69af4172da8ad173ee63adf3a71", "number": "4042012836", "area-code": "619"}, {"id": "5bdcf69af4172da8ad173ee63adf2f9f", "number": "2402133507", "area-code": "928"}, {"id": "5bdcf69af4172da8ad173ee63adf22a4", "number": "9167204966", "area-code": "818"}, {"id": "5bdcf69af4172da8ad173ee63adf1634", "number": "8008693557", "area-code": "910"}, {"id": "5bdcf69af4172da8ad173ee63adf0f1b", "number": "4109555000", "area-code": "301"}, {"id": "5bdcf69af4172da8ad173ee63adf06b3", "number": "8667620102", "area-code": "212"}, {"id": "5bdcf69af4172da8ad173ee63add6618", "number": "7207701094", "area-code": "720"}, {"id": "5bdcf69af4172da8ad173ee63add6182", "number": "8182083094", "area-code": "702"}, {"id": "5bdcf69af4172da8ad173ee63add58e6", "number": "8775667226", "area-code": "336"}, {"id": "5bdcf69af4172da8ad173ee63add4962", "number": "2565796117", "area-code": "256"}, {"id": "5bdcf69af4172da8ad173ee63add3df8", "number": "7207701094", "area-code": "720"}, {"id": "5bdcf69af4172da8ad173ee63add3a0e", "number": "7026469652", "area-code": "702"}, {"id": "5bdcf69af4172da8ad173ee63add3277", "number": "6468072791", "area-code": "609"}, {"id": "5bdcf69af4172da8ad173ee63add2aa6", "number": "7026462919", "area-code": "702"}, {"id": "5bdcf69af4172da8ad173ee63add2591", "number": "7069818025", "area-code": "678"}, {"id": "5bdcf69af4172da8ad173ee63add24f6", "number": "6614107465", "area-code": "408"}, {"id": "5bdcf69af4172da8ad173ee63add1dde", "number": "7026469350", "area-code": "702"}, {"id": "5bdcf69af4172da8ad173ee63add1006", "number": "3238256285", "area-code": "408"}, {"id": "5bdcf69af4172da8ad173ee63add0d4e", "number": "2095534004", "area-code": "209"}, {"id": "5bdcf69af4172da8ad173ee63add0807", "number": "8602400381", "area-code": "203"}, {"id": "5bdcf69af4172da8ad173ee63adcfdb4", "number": "3023359932", "area-code": "630"}, {"id": "5bdcf69af4172da8ad173ee63adcf53f", "number": "2033026691", "area-code": "203"}, {"id": "5bdcf69af4172da8ad173ee63adceba4", "number": "209area missing", "area-code": "209"}, {"id": "5bdcf69af4172da8ad173ee63adce11e", "number": "2093403331", "area-code": "209"}, {"id": "5bdcf69af4172da8ad173ee63adcd540", "number": "7028500957", "area-code": "702"}, {"id": "5bdcf69af4172da8ad173ee63adccc32", "number": "7202178366", "area-code": "720"}, {"id": "5bdcf69af4172da8ad173ee63adcc51e", "number": "209area missing", "area-code": "209"}, {"id": "5bdcf69af4172da8ad173ee63adcbae2", "number": "4085624223", "area-code": "408"}, {"id": "5bdcf69af4172da8ad173ee63adcade2", "number": "2095632005", "area-code": "209"}, {"id": "5bdcf69af4172da8ad173ee63adc9e1d", "number": "6574448813", "area-code": "408"}, {"id": "5bdcf69af4172da8ad173ee63adc92a3", "number": "2096712006", "area-code": "209"}, {"id": "5bdcf69af4172da8ad173ee63adc89f1", "number": "3032100661", "area-code": "720"}, {"id": "5bdcf69af4172da8ad173ee63adc8539", "number": "6505336369", "area-code": "408"}, {"id": "5bdcf69af4172da8ad173ee63adc8025", "number": "6692060327", "area-code": "408"}, {"id": "5bdcf69af4172da8ad173ee63adc748c", "number": "6043866025", "area-code": "408"}, {"id": "5bdcf69af4172da8ad173ee63adc7284", "number": "9072009826", "area-code": "408"}, {"id": "5bdcf69af4172da8ad173ee63adc709d", "number": "2095604026", "area-code": "209"}, {"id": "5bdcf69af4172da8ad173ee63adc6443", "number": "8063024187", "area-code": "631"}, {"id": "5bdcf69af4172da8ad173ee63adc62db", "number": "8007835689", "area-code": "408"}, {"id": "5bdcf69af4172da8ad173ee63adc5701", "number": "4087694418", "area-code": "408"}, {"id": "5bdcf69af4172da8ad173ee63adc4f3d", "number": "6692000632", "area-code": "408"}, {"id": "5bdcf69af4172da8ad173ee63adc4262", "number": "8289270072", "area-code": "408"}, {"id": "5bdcf69af4172da8ad173ee63adc3cdd", "number": "6692000847", "area-code": "408"}, {"id": "5bdcf69af4172da8ad173ee63adc3468", "number": "4087553333", "area-code": "408"}, {"id": "5bdcf69af4172da8ad173ee63adc2d98", "number": "8289259543", "area-code": "408"}, {"id": "5bdcf69af4172da8ad173ee63adc289f", "number": "6692060692", "area-code": "408"}, {"id": "5bdcf69af4172da8ad173ee63adc1a32", "number": "6617706910", "area-code": "408"}, {"id": "5bdcf69af4172da8ad173ee63adc118b", "number": "5304233716", "area-code": "408"}, {"id": "5bdcf69af4172da8ad173ee63adc06f2", "number": "8776956205", "area-code": "309"}, {"id": "5bdcf69af4172da8ad173ee63adbfe8a", "number": "4083754777", "area-code": "408"}, {"id": "5bdcf69af4172da8ad173ee63adbfb5e", "number": "6502755361", "area-code": "415"}, {"id": "5bdcf69af4172da8ad173ee63adbf0e5", "number": "4084278767", "area-code": "408"}, {"id": "5bdcf69af4172da8ad173ee63adbec5e", "number": "4089002983", "area-code": "408"}, {"id": "5bdcf69af4172da8ad173ee63adbe231", "number": "4085499614", "area-code": "408"}, {"id": "5bdcf69af4172da8ad173ee63adbdbd4", "number": "6176778511", "area-code": "617"}, {"id": "5bdcf69af4172da8ad173ee63ac1f322", "number": "7275071226", "area-code": "727"}, {"id": "5bdcf69af4172da8ad173ee63ac1ea72", "number": "7275041858", "area-code": "727"}, {"id": "5bdcf69af4172da8ad173ee63ac1dbd0", "number": "8883821222", "area-code": "518"}, {"id": "5bdcf69af4172da8ad173ee63ac1d439", "number": "7275041307", "area-code": "727"}, {"id": "5bdcf69af4172da8ad173ee63ac1d1a4", "number": "7274937757", "area-code": "727"}, {"id": "5bdcf69af4172da8ad173ee63ac1cbd5", "number": "3036562003", "area-code": "203"}, {"id": "5bdcf69af4172da8ad173ee63ac1c764", "number": "6179442374", "area-code": "203"}, {"id": "5bdcf69af4172da8ad173ee63ac1bbb2", "number": "7274859485", "area-code": "727"}, {"id": "5bdcf69af4172da8ad173ee63ac1b9b8", "number": "6179442374", "area-code": "203"}, {"id": "5bdcf69af4172da8ad173ee63ac1b402", "number": "6179442374", "area-code": "203"}, {"id": "5bdcf69af4172da8ad173ee63ac1ada2", "number": "7274859484", "area-code": "727"}, {"id": "5bdcf69af4172da8ad173ee63ac1a0da", "number": "7274698811", "area-code": "727"}, {"id": "5bdcf69af4172da8ad173ee63ac19dba", "number": "7274698811", "area-code": "727"}, {"id": "5bdcf69af4172da8ad173ee63ac19abd", "number": "9202149694", "area-code": "920"}, {"id": "5bdcf69af4172da8ad173ee63ac195f5", "number": "7274859478", "area-code": "727"}, {"id": "5bdcf69af4172da8ad173ee63ac1887c", "number": "7274859478", "area-code": "727"}, {"id": "5bdcf69af4172da8ad173ee63ac17941", "number": "7274859098", "area-code": "727"}, {"id": "5bdcf69af4172da8ad173ee63ac175a8", "number": "7274859020", "area-code": "727"}, {"id": "5bdcf69af4172da8ad173ee63ac16fc3", "number": "7274859020", "area-code": "727"}, {"id": "5bdcf69af4172da8ad173ee63ac16d72", "number": "7274778648", "area-code": "727"}, {"id": "5bdcf69af4172da8ad173ee63ac1629c", "number": "7274778647", "area-code": "727"}, {"id": "5bdcf69af4172da8ad173ee63ac1553a", "number": "7274722960", "area-code": "727"}, {"id": "5bdcf69af4172da8ad173ee63ac14f71", "number": "2027923965", "area-code": "970"}, {"id": "5bdcf69af4172da8ad173ee63ac14018", "number": "7274722598", "area-code": "727"}, {"id": "5bdcf69af4172da8ad173ee63ac13f15", "number": "9707910289", "area-code": "970"}, {"id": "5bdcf69af4172da8ad173ee63ac1376d", "number": "3037754199", "area-code": "970"}, {"id": "5bdcf69af4172da8ad173ee63ac127f8", "number": "9169046815", "area-code": "502"}, {"id": "5bdcf69af4172da8ad173ee63ac12448", "number": "7274721863", "area-code": "727"}, {"id": "5bdcf69af4172da8ad173ee63ac11533", "number": "7139466822", "area-code": "713"}, {"id": "5bdcf69af4172da8ad173ee63ac11174", "number": "7178766504", "area-code": "215"}, {"id": "5bdcf69af4172da8ad173ee63ac10cfb", "number": "7178766504", "area-code": "215"}, {"id": "5bdcf69af4172da8ad173ee63ac10986", "number": "7274698811", "area-code": "727"}, {"id": "5bdcf69af4172da8ad173ee63ac0ff7f", "number": "7274698811", "area-code": "727"}, {"id": "5bdcf69af4172da8ad173ee63ac0f73e", "number": "7622041914", "area-code": "706"}, {"id": "5bdcf69af4172da8ad173ee63ac0eba9", "number": "5137180267", "area-code": "513"}, {"id": "5bdcf69af4172da8ad173ee63ac0e900", "number": "7046599400", "area-code": "706"}, {"id": "5bdcf69af4172da8ad173ee63ac0e2a5", "number": "7274644222", "area-code": "727"}, {"id": "5bdcf69af4172da8ad173ee63ac0dcb2", "number": "5132164759", "area-code": "513"}, {"id": "5bdcf69af4172da8ad173ee63ac0cdbd", "number": "8005318722", "area-code": "706"}, {"id": "5bdcf69af4172da8ad173ee63ac0c8d6", "number": "5133449211", "area-code": "513"}, {"id": "5bdcf69af4172da8ad173ee63ac0bacd", "number": "3463538769", "area-code": "281"}, {"id": "5bdcf69af4172da8ad173ee63ac0b77a", "number": "7274374195", "area-code": "727"}, {"id": "5bdcf69af4172da8ad173ee63ac0b0fc", "number": "3463538769", "area-code": "281"}, {"id": "5bdcf69af4172da8ad173ee63ac0a9fe", "number": "7274317680", "area-code": "727"}, {"id": "5bdcf69af4172da8ad173ee63ac09cdb", "number": "2158679521", "area-code": "570"}, {"id": "5bdcf69af4172da8ad173ee63ac0912c", "number": "7274314090", "area-code": "727"}, {"id": "5bdcf69af4172da8ad173ee63ac08b91", "number": "6109667268", "area-code": "570"}, {"id": "5bdcf69af4172da8ad173ee63ac08125", "number": "5706445919", "area-code": "570"}, {"id": "5bdcf69af4172da8ad173ee63ac07dec", "number": "7274314090", "area-code": "727"}, {"id": "5bdcf69af4172da8ad173ee63ac06ea2", "number": "7273619490", "area-code": "727"}, {"id": "5bdcf69af4172da8ad173ee63ac05ec4", "number": "7273618223", "area-code": "727"}, {"id": "5bdcf69af4172da8ad173ee63ac05782", "number": "7273618230", "area-code": "727"}, {"id": "5bdcf69af4172da8ad173ee63ac04a21", "number": "7273618218", "area-code": "727"}, {"id": "5bdcf69af4172da8ad173ee63ac03c05", "number": "7273618215", "area-code": "727"}, {"id": "5bdcf69af4172da8ad173ee63ac02f31", "number": "7273616689", "area-code": "727"}, {"id": "5bdcf69af4172da8ad173ee63ac02722", "number": "3305746509", "area-code": "330"}, {"id": "5bdcf69af4172da8ad173ee63ac022d0", "number": "3306423937", "area-code": "330"}, {"id": "5bdcf69af4172da8ad173ee63ac022bc", "number": "7273185073", "area-code": "727"}, {"id": "5bdcf69af4172da8ad173ee63ac012e6", "number": "3305746486", "area-code": "330"}, {"id": "5bdcf69af4172da8ad173ee63ac00b2c", "number": "3306674463", "area-code": "330"}, {"id": "5bdcf69af4172da8ad173ee63ac00377", "number": "3306163785", "area-code": "330"}, {"id": "5bdcf69af4172da8ad173ee63abff7da", "number": "3306255165", "area-code": "330"}, {"id": "5bdcf69af4172da8ad173ee63abfe8d5", "number": "7272953052", "area-code": "727"}, {"id": "5bdcf69af4172da8ad173ee63abfdd94", "number": "7272935872", "area-code": "727"}, {"id": "5bdcf69af4172da8ad173ee63abfd95b", "number": "2027926261", "area-code": "541"}, {"id": "5bdcf69af4172da8ad173ee63abfcb16", "number": "7272934718", "area-code": "727"}, {"id": "5bdcf69af4172da8ad173ee63abfbf5e", "number": "7272934716", "area-code": "727"}, {"id": "5bdcf69af4172da8ad173ee63abfb249", "number": "7272921774", "area-code": "727"}, {"id": "5bdcf69af4172da8ad173ee63abfa273", "number": "7272921772", "area-code": "727"}, {"id": "5bdcf69af4172da8ad173ee63abf92f1", "number": "7272921618", "area-code": "727"}, {"id": "5bdcf69af4172da8ad173ee63abf8c2b", "number": "7272920913", "area-code": "727"}, {"id": "5bdcf69af4172da8ad173ee63abf87a0", "number": "5407498814", "area-code": "540"}, {"id": "5bdcf69af4172da8ad173ee63abf7865", "number": "7272920911", "area-code": "727"}, {"id": "5bdcf69af4172da8ad173ee63abf710e", "number": "7272920410", "area-code": "727"}, {"id": "5bdcf69af4172da8ad173ee63abf6b01", "number": "8649521292", "area-code": "901"}, {"id": "5bdcf69af4172da8ad173ee63abf5c6f", "number": "7272920401", "area-code": "727"}, {"id": "5bdcf69af4172da8ad173ee63abf5184", "number": "7272920401", "area-code": "727"}, {"id": "5bdcf69af4172da8ad173ee63abf4744", "number": "7272904972", "area-code": "727"}, {"id": "5bdcf69af4172da8ad173ee63abf45f3", "number": "7272859866", "area-code": "727"}, {"id": "5bdcf69af4172da8ad173ee63abf436c", "number": "7272859866", "area-code": "727"}, {"id": "5bdcf69af4172da8ad173ee63abf37fe", "number": "7272859742", "area-code": "727"}, {"id": "5bdcf69af4172da8ad173ee63abf319b", "number": "9163788764", "area-code": "702"}, {"id": "5bdcf69af4172da8ad173ee63abf2a48", "number": "7272859742", "area-code": "727"}, {"id": "5bdcf69af4172da8ad173ee63abf1dc2", "number": "7272859742", "area-code": "727"}, {"id": "5bdcf69af4172da8ad173ee63abf1b04", "number": "7272859742", "area-code": "727"}, {"id": "5bdcf69af4172da8ad173ee63abf1799", "number": "7272859742", "area-code": "727"}, {"id": "5bdcf69af4172da8ad173ee63abf0c36", "number": "7272823389", "area-code": "727"}, {"id": "5bdcf69af4172da8ad173ee63abf0677", "number": "7272688114", "area-code": "727"}, {"id": "5bdcf69af4172da8ad173ee63abf0347", "number": "7272633047", "area-code": "727"}, {"id": "5bdcf69af4172da8ad173ee63abefaac", "number": "7272618482", "area-code": "727"}, {"id": "5bdcf69af4172da8ad173ee63abeee05", "number": "2547152508", "area-code": "254"}, {"id": "5bdcf69af4172da8ad173ee63abee46b", "number": "7272058399", "area-code": "727"}, {"id": "5bdcf69af4172da8ad173ee63abee201", "number": "6268157409", "area-code": "727"}, {"id": "5bdcf69af4172da8ad173ee63abedd45", "number": "2248134980", "area-code": "727"}, {"id": "5bdcf69af4172da8ad173ee63abed675", "number": "9713354310", "area-code": "909"}, {"id": "5bdcf69af4172da8ad173ee63abed12f", "number": "8884765595", "area-code": "860"}, {"id": "5bdcf69af4172da8ad173ee63abec193", "number": "8153691688", "area-code": "860"}, {"id": "5bdcf69af4172da8ad173ee63abeb30f", "number": "8009505114", "area-code": "860"}, {"id": "5bdcf69af4172da8ad173ee63abea432", "number": "8002831211", "area-code": "860"}, {"id": "5bdcf69af4172da8ad173ee63abe9689", "number": "8667435562", "area-code": "860"}, {"id": "5bdcf69af4172da8ad173ee63abe92ed", "number": "8187381744", "area-code": "818"}, {"id": "5bdcf69af4172da8ad173ee63abe91a2", "number": "6197888689", "area-code": "619"}, {"id": "5bdcf69af4172da8ad173ee63abba66f", "number": "5054339823", "area-code": "850"}, {"id": "5bdcf69af4172da8ad173ee63abb969a", "number": "5103403419", "area-code": "281"}, {"id": "5bdcf69af4172da8ad173ee63abb74e4", "number": "9193756584", "area-code": "714"}, {"id": "5bdcf69af4172da8ad173ee63abb6b0a", "number": "6178616299", "area-code": "617"}, {"id": "5bdcf69af4172da8ad173ee63abb66f5", "number": "8582998348", "area-code": "858"}, {"id": "5bdcf69af4172da8ad173ee63abb62bc", "number": "8445863948", "area-code": "914"}, {"id": "5bdcf69af4172da8ad173ee63abb551f", "number": "9146395746", "area-code": "914"}, {"id": "5bdcf69af4172da8ad173ee63abb51dd", "number": "9132282252", "area-code": "785"}, {"id": "5bdcf69af4172da8ad173ee63abb4e08", "number": "4422850797", "area-code": "480"}, {"id": "5bdcf69af4172da8ad173ee63abb4ab4", "number": "8325535534", "area-code": "651"}, {"id": "5bdcf69af4172da8ad173ee63abb4854", "number": "4073299631", "area-code": "719"}, {"id": "5bdcf69af4172da8ad173ee63abb3fcc", "number": "7192155708", "area-code": "719"}, {"id": "5bdcf69af4172da8ad173ee63abb36da", "number": "7192452792", "area-code": "719"}, {"id": "5bdcf69af4172da8ad173ee63abb2ba5", "number": "7192155708", "area-code": "719"}, {"id": "5bdcf69af4172da8ad173ee63abb23b8", "number": "6512229257", "area-code": "719"}, {"id": "5bdcf69af4172da8ad173ee63abe8578", "number": "4078915324", "area-code": "719"}, {"id": "5bdcf69af4172da8ad173ee63abe7ec4", "number": "4078915324", "area-code": "719"}, {"id": "5bdcf69af4172da8ad173ee63abb1871", "number": "7192398008", "area-code": "719"}, {"id": "5bdcf69af4172da8ad173ee63abb0fdb", "number": "7209036132", "area-code": "719"}, {"id": "5bdcf69af4172da8ad173ee63abb0990", "number": "8555411697", "area-code": "812"}, {"id": "5bdcf69af4172da8ad173ee63abb03af", "number": "5017601988", "area-code": "719"}, {"id": "5bdcf69af4172da8ad173ee63abaf82e", "number": "9704599522", "area-code": "719"}, {"id": "5bdcf69af4172da8ad173ee63abaf387", "number": "7192398550", "area-code": "719"}, {"id": "5bdcf69af4172da8ad173ee63abaf0c6", "number": "3214138486", "area-code": "719"}, {"id": "5bdcf69af4172da8ad173ee63abaeec3", "number": "7122199993", "area-code": "414"}, {"id": "5bdcf69af4172da8ad173ee63abae18a", "number": "8769954729", "area-code": "816"}, {"id": "5bdcf69af4172da8ad173ee63abadce4", "number": "3463103464", "area-code": "346"}, {"id": "5bdcf69af4172da8ad173ee63abad449", "number": "5034687425", "area-code": "503"}, {"id": "5bdcf69af4172da8ad173ee63abac970", "number": "5188687363", "area-code": "808"}, {"id": "5bdcf69af4172da8ad173ee63ababbf4", "number": "4844030765", "area-code": "215"}, {"id": "5bdcf69af4172da8ad173ee63abab295", "number": "2154264553", "area-code": "215"}, {"id": "5bdcf69af4172da8ad173ee63aba9638", "number": "8005318722", "area-code": "215"}, {"id": "5bdcf69af4172da8ad173ee63aba86c7", "number": "9419097185", "area-code": "443"}, {"id": "5bdcf69af4172da8ad173ee63aba7c2f", "number": "5612884027", "area-code": "443"}, {"id": "5bdcf69af4172da8ad173ee63aba72a3", "number": "8162590328", "area-code": "918"}, {"id": "5bdcf69af4172da8ad173ee63aba62e1", "number": "6822266403", "area-code": "443"}, {"id": "5bdcf69af4172da8ad173ee63aba54a2", "number": "2149249962", "area-code": "214"}, {"id": "5bdcf69af4172da8ad173ee63aba519c", "number": "4699973840", "area-code": "214"}, {"id": "5bdcf69af4172da8ad173ee63adbd4f3", "number": "8002448487", "area-code": "352"}, {"id": "5bdcf69af4172da8ad173ee63adbc96a", "number": "4085601079", "area-code": "408"}, {"id": "5bdcf69af4172da8ad173ee63adbbd95", "number": "9793359160", "area-code": "617"}, {"id": "5bdcf69af4172da8ad173ee63adbb185", "number": "7276010824", "area-code": "919"}, {"id": "5bdcf69af4172da8ad173ee63adbab92", "number": "7246222298", "area-code": "724"}, {"id": "5bdcf69af4172da8ad173ee63adb9bd8", "number": "3124885657", "area-code": "314"}, {"id": "5bdcf69af4172da8ad173ee63adb930c", "number": "3367708327", "area-code": "209"}, {"id": "5bdcf69af4172da8ad173ee63adb87a1", "number": "3362813606", "area-code": "209"}, {"id": "5bdcf69af4172da8ad173ee63adb7fab", "number": "2021707169", "area-code": "314"}, {"id": "5bdcf69af4172da8ad173ee63adb7300", "number": "3365362868", "area-code": "209"}, {"id": "5bdcf69af4172da8ad173ee63adb6373", "number": "8333022603", "area-code": "718"}, {"id": "5bdcf69af4172da8ad173ee63adb4c66", "number": "5153034628", "area-code": "515"}, {"id": "5bdcf69af4172da8ad173ee63adb43ae", "number": "2122772288", "area-code": "518"}, {"id": "5bdcf69af4172da8ad173ee63adb3664", "number": "7723010084", "area-code": "321"}, {"id": "5bdcf69af4172da8ad173ee63adb28f5", "number": "5157587510", "area-code": "515"}, {"id": "5bdcf69af4172da8ad173ee63adb27e0", "number": "4255215278", "area-code": "321"}, {"id": "5bdcf69af4172da8ad173ee63adb2497", "number": "4255215278", "area-code": "321"}, {"id": "5bdcf69af4172da8ad173ee63adb1c62", "number": "6027031500", "area-code": "602"}, {"id": "5bdcf69af4172da8ad173ee63adb1198", "number": "2142831316", "area-code": "215"}, {"id": "5bdcf69af4172da8ad173ee63adb0755", "number": "8036096212", "area-code": "803"}, {"id": "5bdcf69af4172da8ad173ee63adafcf5", "number": "4255215282", "area-code": "321"}, {"id": "5bdcf69af4172da8ad173ee63adaf296", "number": "7472832319", "area-code": "310"}, {"id": "5bdcf69af4172da8ad173ee63adaf98f", "number": "6027031500", "area-code": "602"}, {"id": "5bdcf69af4172da8ad173ee63adaebf9", "number": "4255215282", "area-code": "321"}, {"id": "5bdcf69af4172da8ad173ee63adadce6", "number": "2172159005", "area-code": "217"}, {"id": "5bdcf69af4172da8ad173ee63adadadf", "number": "3212565834", "area-code": "321"}, {"id": "5bdcf69af4172da8ad173ee63adad46c", "number": "8664905501", "area-code": "773"}, {"id": "5bdcf69af4172da8ad173ee63adaced0", "number": "3214992071", "area-code": "321"}, {"id": "5bdcf69af4172da8ad173ee63adacba8", "number": "9167204218", "area-code": "916"}, {"id": "5bdcf69af4172da8ad173ee63adac725", "number": "2244010218", "area-code": "773"}, {"id": "5bdcf69af4172da8ad173ee63adac3ac", "number": "4255215278", "area-code": "321"}, {"id": "5bdcf69af4172da8ad173ee63adaac53", "number": "9166272700", "area-code": "510"}, {"id": "5bdcf69af4172da8ad173ee63adaaa85", "number": "6508251199", "area-code": "510"}, {"id": "5bdcf69af4172da8ad173ee63adaa73b", "number": "7176998928", "area-code": "509"}, {"id": "5bdcf69af4172da8ad173ee63adaa19d", "number": "6672422895", "area-code": "510"}, {"id": "5bdcf69af4172da8ad173ee63ada9867", "number": "3063353140", "area-code": "509"}, {"id": "5bdcf69af4172da8ad173ee63ada8d7f", "number": "6504357550", "area-code": "510"}, {"id": "5bdcf69af4172da8ad173ee63ada8546", "number": "3063353140", "area-code": "509"}, {"id": "5bdcf69af4172da8ad173ee63ada7c14", "number": "5732137987", "area-code": "908"}, {"id": "5bdcf69af4172da8ad173ee63ada75db", "number": "5099226986", "area-code": "509"}, {"id": "5bdcf69af4172da8ad173ee63ada6986", "number": "5732137987", "area-code": "908"}, {"id": "5bdcf69af4172da8ad173ee63ada664f", "number": "9652699716", "area-code": "509"}, {"id": "5bdcf69af4172da8ad173ee63ada5e10", "number": "5732137987", "area-code": "908"}, {"id": "5bdcf69af4172da8ad173ee63ada5d0b", "number": "3602031750", "area-code": "509"}, {"id": "5bdcf69af4172da8ad173ee63ada5670", "number": "5032652010", "area-code": "253"}, {"id": "5bdcf69af4172da8ad173ee63ada48c8", "number": "3602031750", "area-code": "509"}, {"id": "5bdcf69af4172da8ad173ee63ada3caa", "number": "2542123744", "area-code": "210"}, {"id": "5bdcf69af4172da8ad173ee63ada3468", "number": "5099229441", "area-code": "509"}, {"id": "5bdcf69af4172da8ad173ee63ada32f3", "number": "6092255799", "area-code": "509"}, {"id": "5bdcf69af4172da8ad173ee63ada296e", "number": "5092585595", "area-code": "509"}, {"id": "5bdcf69af4172da8ad173ee63ada26c6", "number": "7753803099", "area-code": "708"}, {"id": "5bdcf69af4172da8ad173ee63ada1e61", "number": "6092255799", "area-code": "509"}, {"id": "5bdcf69af4172da8ad173ee63ada12fa", "number": "2085842132", "area-code": "708"}, {"id": "5bdcf69af4172da8ad173ee63ada0579", "number": "6092255799", "area-code": "509"}, {"id": "5bdcf69af4172da8ad173ee63ad9ff28", "number": "7062523250", "area-code": "770"}, {"id": "5bdcf69af4172da8ad173ee63ad9f7f9", "number": "8009460332", "area-code": "509"}, {"id": "5bdcf69af4172da8ad173ee63ad9eaf8", "number": "5092585595", "area-code": "509"}, {"id": "5bdcf69af4172da8ad173ee63ad9e1e5", "number": "8886520377", "area-code": "509"}, {"id": "5bdcf69af4172da8ad173ee63ad9df45", "number": "5099221945", "area-code": "509"}, {"id": "5bdcf69af4172da8ad173ee63ad9d79a", "number": "6106702597", "area-code": "412"}, {"id": "5bdcf69af4172da8ad173ee63ad9d0d2", "number": "6096149648", "area-code": "509"}, {"id": "5bdcf69af4172da8ad173ee63ad9cfc9", "number": "5093850129", "area-code": "509"}, {"id": "5bdcf69af4172da8ad173ee63ad9c041", "number": "5092585595", "area-code": "509"}, {"id": "5bdcf69af4172da8ad173ee63ad9b61a", "number": "5092585595", "area-code": "509"}, {"id": "5bdcf69af4172da8ad173ee63ad9a917", "number": "7209027720", "area-code": "509"}, {"id": "5bdcf69af4172da8ad173ee63ad9a060", "number": "6314905643", "area-code": "914"}, {"id": "5bdcf69af4172da8ad173ee63ad99af3", "number": "2057089206", "area-code": "469"}, {"id": "5bdcf69af4172da8ad173ee63ad996a0", "number": "2056607538", "area-code": "469"}, {"id": "5bdcf69af4172da8ad173ee63ad98efa", "number": "8649003740", "area-code": "803"}, {"id": "5bdcf69af4172da8ad173ee63ad98979", "number": "2033026691", "area-code": "203"}, {"id": "5bdcf69af4172da8ad173ee63ad97ea8", "number": "2057299228", "area-code": "469"}, {"id": "5bdcf69af4172da8ad173ee63ad975a2", "number": "7372053407", "area-code": "310"}, {"id": "5bdcf69af4172da8ad173ee63ad9664e", "number": "8649003740", "area-code": "803"}, {"id": "5bdcf69af4172da8ad173ee63ad95bab", "number": "2057089117", "area-code": "469"}, {"id": "5bdcf69af4172da8ad173ee63ad95032", "number": "2057299248", "area-code": "469"}, {"id": "5bdcf69af4172da8ad173ee63ad941ea", "number": "8445863948", "area-code": "803"}, {"id": "5bdcf69af4172da8ad173ee63ad9419a", "number": "2057089433", "area-code": "469"}, {"id": "5bdcf69af4172da8ad173ee63ad9355d", "number": "9409899186", "area-code": "469"}, {"id": "5bdcf69af4172da8ad173ee63ad92bb7", "number": "4692001869", "area-code": "469"}, {"id": "5bdcf69af4172da8ad173ee63ad915c3", "number": "4255822245", "area-code": "425"}, {"id": "5bdcf69af4172da8ad173ee63ad90fd7", "number": "2057089409", "area-code": "469"}, {"id": "5bdcf69af4172da8ad173ee63ad9089d", "number": "2057089235", "area-code": "469"}, {"id": "5bdcf69af4172da8ad173ee63ad901f6", "number": "4692001869", "area-code": "469"}, {"id": "5bdcf69af4172da8ad173ee63ad8f38e", "number": "2057089196", "area-code": "469"}, {"id": "5bdcf69af4172da8ad173ee63ad8e8ea", "number": "8286535420", "area-code": "910"}, {"id": "5bdcf69af4172da8ad173ee63ad8e4bc", "number": "4692001869", "area-code": "469"}, {"id": "5bdcf69af4172da8ad173ee63ad8d4c4", "number": "6193235127", "area-code": "816"}, {"id": "5bdcf69af4172da8ad173ee63ad8d009", "number": "9103223000", "area-code": "910"}, {"id": "5bdcf69af4172da8ad173ee63ad8cfab", "number": "7045128520", "area-code": "910"}, {"id": "5bdcf69af4172da8ad173ee63ad8ce85", "number": "6177830112", "area-code": "781"}, {"id": "5bdcf69af4172da8ad173ee63ad8c4bd", "number": "3236853736", "area-code": "323"}, {"id": "5bdcf69af4172da8ad173ee63ad8b7e4", "number": "9375078973", "area-code": "937"}, {"id": "5bdcf69af4172da8ad173ee63ad8a215", "number": "3603262199", "area-code": "903"}, {"id": "5bdcf69af4172da8ad173ee63ad8b1f6", "number": "2082604158", "area-code": "402"}, {"id": "5bdcf69af4172da8ad173ee63ad89b99", "number": "2027923965", "area-code": "734"}, {"id": "5bdcf69af4172da8ad173ee63ad890a4", "number": "2673882058", "area-code": "215"}, {"id": "5bdcf69af4172da8ad173ee63ad88dba", "number": "9702872257", "area-code": "970"}, {"id": "5bdcf69af4172da8ad173ee63ad88368", "number": "9163989473", "area-code": "910"}, {"id": "5bdcf69af4172da8ad173ee63ad87560", "number": "3129067154", "area-code": "781"}, {"id": "5bdcf69af4172da8ad173ee63ad87163", "number": "6574658663", "area-code": "910"}, {"id": "5bdcf69af4172da8ad173ee63ad87072", "number": "2169055675", "area-code": "216"}, {"id": "5bdcf69af4172da8ad173ee63ad86dbf", "number": "2162966099", "area-code": "216"}, {"id": "5bdcf69af4172da8ad173ee63ad86b77", "number": "2068920433", "area-code": "206"}, {"id": "5bdcf69af4172da8ad173ee63ad868c5", "number": "7753803075", "area-code": "702"}, {"id": "5bdcf69af4172da8ad173ee63ad85c42", "number": "5187213090", "area-code": "360"}, {"id": "5bdcf69af4172da8ad173ee63ad84cca", "number": "7752620325", "area-code": "702"}, {"id": "5bdcf69af4172da8ad173ee63ad842b5", "number": "7172443814", "area-code": "215"}, {"id": "5bdcf69af4172da8ad173ee63ad8411b", "number": "6262541088", "area-code": "626"}, {"id": "5bdcf69af4172da8ad173ee63ad8349d", "number": "2152199966", "area-code": "215"}, {"id": "5bdcf69af4172da8ad173ee63ad82b80", "number": "2152009028", "area-code": "814"}, {"id": "5bdcf69af4172da8ad173ee63ad82a43", "number": "5129924015", "area-code": "512"}, {"id": "5bdcf69af4172da8ad173ee63ad81b12", "number": "2068920433", "area-code": "253"}, {"id": "5bdcf69af4172da8ad173ee63ad817f5", "number": "2151005774", "area-code": "215"}, {"id": "5bdcf69af4172da8ad173ee63ad808c6", "number": "2056607141", "area-code": "330"}, {"id": "5bdcf69af4172da8ad173ee63ad7f8d4", "number": "5136961920", "area-code": "941"}, {"id": "5bdcf69af4172da8ad173ee63ad7e433", "number": "7276010824", "area-code": "314"}, {"id": "5bdcf69af4172da8ad173ee63ad7e3d8", "number": "4842554326", "area-code": "215"}, {"id": "5bdcf69af4172da8ad173ee63ad7d6d8", "number": "6052505906", "area-code": "605"}, {"id": "5bdcf69af4172da8ad173ee63ad7d20c", "number": "8143478600", "area-code": "770"}, {"id": "5bdcf69af4172da8ad173ee63ad7c65a", "number": "7152575393", "area-code": "715"}, {"id": "5bdcf69af4172da8ad173ee63ad7c057", "number": "3138795923", "area-code": "770"}, {"id": "5bdcf69af4172da8ad173ee63ad7b978", "number": "2138076630", "area-code": "909"}, {"id": "5bdcf69af4172da8ad173ee63ad7afd3", "number": "6053494611", "area-code": "605"}, {"id": "5bdcf69af4172da8ad173ee63ad7a8bb", "number": "6055934529", "area-code": "605"}, {"id": "5bdcf69af4172da8ad173ee63ad79bed", "number": "6055935733", "area-code": "605"}, {"id": "5bdcf69af4172da8ad173ee63ad7905c", "number": "6053494671", "area-code": "605"}, {"id": "5bdcf69af4172da8ad173ee63ad78946", "number": "8553766284", "area-code": "605"}, {"id": "5bdcf69af4172da8ad173ee63ad78271", "number": "3125006555", "area-code": "315"}, {"id": "5bdcf69af4172da8ad173ee63ad77a5a", "number": "2402133507", "area-code": "415"}, {"id": "5bdcf69af4172da8ad173ee63ad76ee1", "number": "7164270453", "area-code": "605"}, {"id": "5bdcf69af4172da8ad173ee63ad76333", "number": "6148182443", "area-code": "614"}, {"id": "5bdcf69af4172da8ad173ee63ad7616e", "number": "6052505906", "area-code": "605"}, {"id": "5bdcf69af4172da8ad173ee63ad75cda", "number": "8667381747", "area-code": "631"}, {"id": "5bdcf69af4172da8ad173ee63ad754fe", "number": "6149530107", "area-code": "614"}, {"id": "5bdcf69af4172da8ad173ee63ad7545e", "number": "6145152443", "area-code": "614"}, {"id": "5bdcf69af4172da8ad173ee63ad75245", "number": "7164270453", "area-code": "605"}, {"id": "5bdcf69af4172da8ad173ee63ad74e5c", "number": "6146349762", "area-code": "614"}, {"id": "5bdcf69af4172da8ad173ee63ad7491b", "number": "6148757766", "area-code": "614"}, {"id": "5bdcf69af4172da8ad173ee63ad744af", "number": "8664905501", "area-code": "773"}, {"id": "5bdcf69af4172da8ad173ee63ad73db5", "number": "6145152443", "area-code": "614"}, {"id": "5bdcf69af4172da8ad173ee63ad724ca", "number": "6098320912", "area-code": "201"}, {"id": "5bdcf69af4172da8ad173ee63ad732dd", "number": "9178305816", "area-code": "718"}, {"id": "5bdcf69af4172da8ad173ee63ad71ab6", "number": "2057089124", "area-code": "602"}, {"id": "5bdcf69af4172da8ad173ee63ad7139f", "number": "2513915277", "area-code": "321"}, {"id": "5bdcf69af4172da8ad173ee63ad70a3a", "number": "5129924015", "area-code": "512"}, {"id": "5bdcf69af4172da8ad173ee63ad70759", "number": "2547536455", "area-code": "254"}, {"id": "5bdcf69af4172da8ad173ee63ad6f88c", "number": "7153010517", "area-code": "715"}, {"id": "5bdcf69af4172da8ad173ee63ad6f0d7", "number": "7242481454", "area-code": "724"}, {"id": "5bdcf69af4172da8ad173ee63ad6e781", "number": "4123569105", "area-code": "724"}, {"id": "5bdcf69af4172da8ad173ee63ad6d9ca", "number": "6313631753", "area-code": "631"}, {"id": "5bdcf69af4172da8ad173ee63ad6cdc1", "number": "9346669941", "area-code": "715"}, {"id": "5bdcf69af4172da8ad173ee63ad6c861", "number": "8774883538", "area-code": "970"}, {"id": "5bdcf69af4172da8ad173ee63ad6b0ce", "number": "4422020109", "area-code": "770"}, {"id": "5bdcf69af4172da8ad173ee63ad6a300", "number": "9122169281", "area-code": "952"}, {"id": "5bdcf69af4172da8ad173ee63ad699ff", "number": "6574185095", "area-code": "346"}, {"id": "5bdcf69af4172da8ad173ee63ad695c5", "number": "9524234255", "area-code": "952"}, {"id": "5bdcf69af4172da8ad173ee63ad689d7", "number": "2056607095", "area-code": "910"}, {"id": "5bdcf69af4172da8ad173ee63ad68664", "number": "3082514675", "area-code": "402"}, {"id": "5bdcf69af4172da8ad173ee63ad67e00", "number": "6067775315", "area-code": "770"}, {"id": "5bdcf69af4172da8ad173ee63ad67c7f", "number": "7034717462", "area-code": "703"}, {"id": "5bdcf69af4172da8ad173ee63ad67b02", "number": "7147677157", "area-code": "301"}, {"id": "5bdcf69af4172da8ad173ee63ad66e2f", "number": "4704065962", "area-code": "915"}, {"id": "5bdcf69af4172da8ad173ee63ad66a22", "number": "4044665908", "area-code": "425"}, {"id": "5bdcf69af4172da8ad173ee63ad65c44", "number": "4808773875", "area-code": "915"}, {"id": "5bdcf69af4172da8ad173ee63ad65041", "number": "3302805909", "area-code": "915"}, {"id": "5bdcf69af4172da8ad173ee63ad642ee", "number": "9374019515", "area-code": "915"}, {"id": "5bdcf69af4172da8ad173ee63ad642c7", "number": "4044666288", "area-code": "425"}, {"id": "5bdcf69af4172da8ad173ee63ad63427", "number": "3054231537", "area-code": "786"}, {"id": "5bdcf69af4172da8ad173ee63ad62b29", "number": "3013688388", "area-code": "240"}, {"id": "5bdcf69af4172da8ad173ee63ad62051", "number": "8882955540", "area-code": "928"}, {"id": "5bdcf69af4172da8ad173ee63ad61430", "number": "5593141428", "area-code": "309"}, {"id": "5bdcf69af4172da8ad173ee63ad60686", "number": "3372834770", "area-code": "857"}, {"id": "5bdcf69af4172da8ad173ee63ad60191", "number": "2567107609", "area-code": "256"}, {"id": "5bdcf69af4172da8ad173ee63ad5f9c9", "number": "7753335460", "area-code": "775"}, {"id": "5bdcf69af4172da8ad173ee63ad5f810", "number": "6316246876", "area-code": "503"}, {"id": "5bdcf69af4172da8ad173ee63ad5f262", "number": "4792694801", "area-code": "303"}, {"id": "5bdcf69af4172da8ad173ee63ad5f047", "number": "2567104761", "area-code": "256"}, {"id": "5bdcf69af4172da8ad173ee63ad5e17d", "number": "7753335460", "area-code": "775"}, {"id": "5bdcf69af4172da8ad173ee63ad5dfa6", "number": "4044661140", "area-code": "425"}, {"id": "5bdcf69af4172da8ad173ee63ad5d029", "number": "5034625352", "area-code": "818"}, {"id": "5bdcf69af4172da8ad173ee63ad5c1f9", "number": "2567106540", "area-code": "256"}, {"id": "5bdcf69af4172da8ad173ee63ad5bec1", "number": "5133931451", "area-code": "513"}, {"id": "5bdcf69af4172da8ad173ee63ad5bb7d", "number": "8187622900", "area-code": "804"}, {"id": "5bdcf69af4172da8ad173ee63ad5ada5", "number": "2057299370", "area-code": "212"}, {"id": "5bdcf69af4172da8ad173ee63ad5a2a3", "number": "2123292143", "area-code": "425"}, {"id": "5bdcf69af4172da8ad173ee63ad59310", "number": "9163668394", "area-code": "916"}, {"id": "5bdcf69af4172da8ad173ee63ad585dd", "number": "2052727983", "area-code": "212"}, {"id": "5bdcf69af4172da8ad173ee63ad58545", "number": "7146864601", "area-code": "404"}, {"id": "5bdcf69af4172da8ad173ee63ad578f9", "number": "4432846455", "area-code": "443"}, {"id": "5bdcf69af4172da8ad173ee63ad57441", "number": "7122199993", "area-code": "513"}, {"id": "5bdcf69af4172da8ad173ee63ad573f4", "number": "8047401812", "area-code": "804"}, {"id": "5bdcf69af4172da8ad173ee63ad5739b", "number": "7072402951", "area-code": "707"}, {"id": "5bdcf69af4172da8ad173ee63ad56d6e", "number": "3128059040", "area-code": "217"}, {"id": "5bdcf69af4172da8ad173ee63ad55dd4", "number": "2028994618", "area-code": "304"}, {"id": "5bdcf69af4172da8ad173ee63ad5585f", "number": "2103532222", "area-code": "210"}, {"id": "5bdcf69af4172da8ad173ee63ad5516e", "number": "4063072358", "area-code": "406"}, {"id": "5bdcf69af4172da8ad173ee63ad542d0", "number": "6503794581", "area-code": "650"}, {"id": "5bdcf69af4172da8ad173ee63ad53889", "number": "8763516960", "area-code": "252"}, {"id": "5bdcf69af4172da8ad173ee63ad52bf0", "number": "3202013379", "area-code": "218"}, {"id": "5bdcf69af4172da8ad173ee63ad52200", "number": "6265025243", "area-code": "909"}, {"id": "5bdcf69af4172da8ad173ee63ad5151c", "number": "8889972987", "area-code": "304"}, {"id": "5bdcf69af4172da8ad173ee63ad50dd5", "number": "2138077698", "area-code": "480"}, {"id": "5bdcf69af4172da8ad173ee63ad507bf", "number": "3069888280", "area-code": "281"}, {"id": "5bdcf69af4172da8ad173ee63ad4ff4e", "number": "2814094119", "area-code": "281"}, {"id": "5bdcf69af4172da8ad173ee63ad4f757", "number": "8889972987", "area-code": "304"}, {"id": "5bdcf69af4172da8ad173ee63ad4f2e1", "number": "7147680703", "area-code": "815"}, {"id": "5bdcf69af4172da8ad173ee63ad4eb78", "number": "8326840209", "area-code": "832"}, {"id": "5bdcf69af4172da8ad173ee63ad4df7c", "number": "7381806649", "area-code": "832"}, {"id": "5bdcf69af4172da8ad173ee63ad4d995", "number": "3128007081", "area-code": "217"}, {"id": "5bdcf69af4172da8ad173ee63ad4d8c6", "number": "2029968828", "area-code": "304"}, {"id": "5bdcf69af4172da8ad173ee63ad4d4c1", "number": "8327610101", "area-code": "832"}, {"id": "5bdcf69af4172da8ad173ee63ad4cbc2", "number": "3128077176", "area-code": "217"}, {"id": "5bdcf69af4172da8ad173ee63ad4c138", "number": "8328356318", "area-code": "832"}, {"id": "5bdcf69af4172da8ad173ee63ad4bd32", "number": "8024002489", "area-code": "802"}, {"id": "5bdcf69af4172da8ad173ee63ad4b565", "number": "3048012632", "area-code": "304"}, {"id": "5bdcf69af4172da8ad173ee63ad4ace7", "number": "7153010517", "area-code": "715"}, {"id": "5bdcf69af4172da8ad173ee63ad4a4da", "number": "6364355379", "area-code": "314"}, {"id": "5bdcf69af4172da8ad173ee63ad49599", "number": "9147366623", "area-code": "732"}, {"id": "5bdcf69af4172da8ad173ee63ad487d2", "number": "5125344849", "area-code": "317"}, {"id": "5bdcf69af4172da8ad173ee63ad483cf", "number": "8662039560", "area-code": "718"}, {"id": "5bdcf69af4172da8ad173ee63ad478fb", "number": "2029968755", "area-code": "718"}, {"id": "5bdcf69af4172da8ad173ee63ad47672", "number": "7162179500", "area-code": "716"}, {"id": "5bdcf69af4172da8ad173ee63ad47159", "number": "2027922543", "area-code": "630"}, {"id": "5bdcf69af4172da8ad173ee63ad46f8c", "number": "2133800993", "area-code": "480"}, {"id": "5bdcf69af4172da8ad173ee63ad46038", "number": "8668516580", "area-code": "409"}, {"id": "5bdcf69af4172da8ad173ee63ad4595e", "number": "3852437513", "area-code": "630"}, {"id": "5bdcf69af4172da8ad173ee63ad4539e", "number": "6619432223", "area-code": "661"}, {"id": "5bdcf69af4172da8ad173ee63ad44f87", "number": "2027925879", "area-code": "630"}, {"id": "5bdcf69af4172da8ad173ee63ad449b2", "number": "4026701144", "area-code": "707"}, {"id": "5bdcf69af4172da8ad173ee63ad43d3d", "number": "2295186462", "area-code": "323"}, {"id": "5bdcf69af4172da8ad173ee63ad438e9", "number": "9513884992", "area-code": "509"}, {"id": "5bdcf69af4172da8ad173ee63ad43891", "number": "6613848022", "area-code": "252"}, {"id": "5bdcf69af4172da8ad173ee63ad42bf4", "number": "2138729271", "area-code": "650"}, {"id": "5bdcf69af4172da8ad173ee63ad42742", "number": "8182252054", "area-code": "619"}, {"id": "5bdcf69af4172da8ad173ee63ad41fa2", "number": "2134555934", "area-code": "310"}, {"id": "5bdcf69af4172da8ad173ee63ad416dd", "number": "6034256310", "area-code": "978"}, {"id": "5bdcf69af4172da8ad173ee63ad40fdc", "number": "2134555934", "area-code": "310"}, {"id": "5bdcf69af4172da8ad173ee63ad401e4", "number": "2404340414", "area-code": "804"}, {"id": "5bdcf69af4172da8ad173ee63ad3fea4", "number": "2122696347", "area-code": "646"}, {"id": "5bdcf69af4172da8ad173ee63ad3f64f", "number": "8008423603", "area-code": "830"}, {"id": "5bdcf69af4172da8ad173ee63ad3e9d6", "number": "2057089109", "area-code": "915"}, {"id": "5bdcf69af4172da8ad173ee63ad3cec5", "number": "2342225915", "area-code": "619"}, {"id": "5bdcf69af4172da8ad173ee63ad3cbb9", "number": "7024108248", "area-code": "858"}, {"id": "5bdcf69af4172da8ad173ee63ad3bd19", "number": "6034256310", "area-code": "802"}, {"id": "5bdcf69af4172da8ad173ee63ad3ad54", "number": "6084526863", "area-code": "414"}, {"id": "5bdcf69af4172da8ad173ee63ad3a22a", "number": "8442068573", "area-code": "512"}, {"id": "5bdcf69af4172da8ad173ee63ad39d1a", "number": "5058146873", "area-code": "818"}, {"id": "5bdcf69af4172da8ad173ee63ad39abd", "number": "3212915648", "area-code": "407"}, {"id": "5bdcf69af4172da8ad173ee63ad38c3e", "number": "3137518077", "area-code": "810"}, {"id": "5bdcf69af4172da8ad173ee63ad38425", "number": "5123865718", "area-code": "512"}, {"id": "5bdcf69af4172da8ad173ee63ad37273", "number": "3525442906", "area-code": "323"}, {"id": "5bdcf69af4172da8ad173ee63ad37748", "number": "6463511543", "area-code": "212"}, {"id": "5bdcf69af4172da8ad173ee63ad370b1", "number": "3304478708", "area-code": "234"}, {"id": "5bdcf69af4172da8ad173ee63ad364d9", "number": "2138076027", "area-code": "480"}, {"id": "5bdcf69af4172da8ad173ee63ad361a5", "number": "9414024252", "area-code": "941"}, {"id": "5bdcf69af4172da8ad173ee63ad357b7", "number": "9167204242", "area-code": "310"}, {"id": "5bdcf69af4172da8ad173ee63ad34c1c", "number": "5809543437", "area-code": "323"}, {"id": "5bdcf69af4172da8ad173ee63ad34a77", "number": "2393120381", "area-code": "239"}, {"id": "5bdcf69af4172da8ad173ee63ad349c4", "number": "3022086413", "area-code": "310"}, {"id": "5bdcf69af4172da8ad173ee63ad33df1", "number": "7242481451", "area-code": "484"}, {"id": "5bdcf69af4172da8ad173ee63ad331ab", "number": "8664905501", "area-code": "262"}, {"id": "5bdcf69af4172da8ad173ee63ad322bd", "number": "8162070107", "area-code": "816"}, {"id": "5bdcf69af4172da8ad173ee63ad32084", "number": "5806814038", "area-code": "323"}, {"id": "5bdcf69af4172da8ad173ee63ad31c8d", "number": "9412011117", "area-code": "650"}, {"id": "5bdcf69af4172da8ad173ee63ad31ab9", "number": "9704428089", "area-code": "323"}, {"id": "5bdcf69af4172da8ad173ee63ad31a9c", "number": "2056607022", "area-code": "651"}, {"id": "5bdcf69af4172da8ad173ee63ad31203", "number": "2157167206", "area-code": "215"}, {"id": "5bdcf69af4172da8ad173ee63ad3115e", "number": "2138561255", "area-code": "702"}, {"id": "5bdcf69af4172da8ad173ee63ad30daa", "number": "8162070107", "area-code": "816"}, {"id": "5bdcf69af4172da8ad173ee63ad30c2c", "number": "8005318722", "area-code": "703"}, {"id": "5bdcf69af4172da8ad173ee63ad2fcb4", "number": "2027925879", "area-code": "727"}, {"id": "5bdcf69af4172da8ad173ee63ad2ef7a", "number": "2138072476", "area-code": "480"}, {"id": "5bdcf69af4172da8ad173ee63ad2e1f4", "number": "7087196009", "area-code": "708"}, {"id": "5bdcf69af4172da8ad173ee63ad2dc21", "number": "9735548964", "area-code": "732"}, {"id": "5bdcf69af4172da8ad173ee63ad2d765", "number": "7087196009", "area-code": "708"}, {"id": "5bdcf69af4172da8ad173ee63ad2cad0", "number": "5593141428", "area-code": "302"}, {"id": "5bdcf69af4172da8ad173ee63ad2c7a9", "number": "2122588871", "area-code": "856"}, {"id": "5bdcf69af4172da8ad173ee63ad2c74e", "number": "8043691174", "area-code": "804"}, {"id": "5bdcf69af4172da8ad173ee63ad2c3d8", "number": "9046317738", "area-code": "904"}, {"id": "5bdcf69af4172da8ad173ee63ad2b7a8", "number": "4048828959", "area-code": "404"}, {"id": "5bdcf69af4172da8ad173ee63ad2b2ea", "number": "2242078138", "area-code": "815"}, {"id": "5bdcf69af4172da8ad173ee63ad2b0bf", "number": "8000401880", "area-code": "310"}, {"id": "5bdcf69af4172da8ad173ee63ad2a5ea", "number": "7605146870", "area-code": "281"}, {"id": "5bdcf69af4172da8ad173ee63ad29666", "number": "2056607534", "area-code": "410"}, {"id": "5bdcf69af4172da8ad173ee63ad288b6", "number": "2027923061", "area-code": "309"}, {"id": "5bdcf69af4172da8ad173ee63ad280d7", "number": "6507701776", "area-code": "650"}, {"id": "5bdcf69af4172da8ad173ee63ad27e6d", "number": "3093228188", "area-code": "309"}, {"id": "5bdcf69af4172da8ad173ee63ad276e5", "number": "3093200646", "area-code": "309"}, {"id": "5bdcf69af4172da8ad173ee63ad26cad", "number": "8553308653", "area-code": "773"}, {"id": "5bdcf69af4172da8ad173ee63ad26529", "number": "7733157562", "area-code": "773"}, {"id": "5bdcf69af4172da8ad173ee63ad25dc2", "number": "2029140254", "area-code": "309"}, {"id": "5bdcf69af4172da8ad173ee63ad24f6b", "number": "7733157562", "area-code": "773"}, {"id": "5bdcf69af4172da8ad173ee63ad24bd1", "number": "2242078138", "area-code": "309"}, {"id": "5bdcf69af4172da8ad173ee63ad24763", "number": "2177024326", "area-code": "309"}, {"id": "5bdcf69af4172da8ad173ee63ad24324", "number": "7738396537", "area-code": "773"}, {"id": "5bdcf69af4172da8ad173ee63ad238e3", "number": "2029140239", "area-code": "309"}, {"id": "5bdcf69af4172da8ad173ee63ad233ff", "number": "2138072366", "area-code": "480"}, {"id": "5bdcf69af4172da8ad173ee63ad22512", "number": "2138076374", "area-code": "480"}, {"id": "5bdcf69af4172da8ad173ee63ad216f0", "number": "3097221189", "area-code": "309"}, {"id": "5bdcf69af4172da8ad173ee63ad213d7", "number": "7317413052", "area-code": "731"}, {"id": "5bdcf69af4172da8ad173ee63ad20761", "number": "2528952689", "area-code": "270"}, {"id": "5bdcf69af4172da8ad173ee63ad20371", "number": "7082309381", "area-code": "773"}, {"id": "5bdcf69af4172da8ad173ee63ad2032d", "number": "2138079692", "area-code": "480"}, {"id": "5bdcf69af4172da8ad173ee63ad2007f", "number": "5412291701", "area-code": "503"}, {"id": "5bdcf69af4172da8ad173ee63ad1fca3", "number": "2029185552", "area-code": "309"}, {"id": "5bdcf69af4172da8ad173ee63ad1f7aa", "number": "2138074403", "area-code": "480"}, {"id": "5bdcf69af4172da8ad173ee63ad1e227", "number": "3093011403", "area-code": "309"}, {"id": "5bdcf69af4172da8ad173ee63ad1d440", "number": "3232402239", "area-code": "585"}, {"id": "5bdcf69af4172da8ad173ee63ad1cc1a", "number": "9168238292", "area-code": "209"}, {"id": "5bdcf69af4172da8ad173ee63ad1bc7b", "number": "2029184676", "area-code": "309"}, {"id": "5bdcf69af4172da8ad173ee63ad1b6b0", "number": "8668721743", "area-code": "773"}, {"id": "5bdcf69af4172da8ad173ee63ad1af97", "number": "7737392052", "area-code": "309"}, {"id": "5bdcf69af4172da8ad173ee63ad1a7d0", "number": "8582772200", "area-code": "650"}, {"id": "5bdcf69af4172da8ad173ee63ad19fc8", "number": "2089968192", "area-code": "503"}, {"id": "5bdcf69af4172da8ad173ee63ad199cb", "number": "3095150411", "area-code": "309"}, {"id": "5bdcf69af4172da8ad173ee63ad1821f", "number": "5635198774", "area-code": "515"}, {"id": "5bdcf69af4172da8ad173ee63ad19267", "number": "2029184650", "area-code": "309"}, {"id": "5bdcf69af4172da8ad173ee63ad18307", "number": "2172262747", "area-code": "309"}, {"id": "5bdcf69af4172da8ad173ee63ad17b9c", "number": "2056607245", "area-code": "850"}, {"id": "5bdcf69af4172da8ad173ee63ad16bd9", "number": "6168217037", "area-code": "616"}, {"id": "5bdcf69af4172da8ad173ee63ad16384", "number": "5015062724", "area-code": "501"}, {"id": "5bdcf69af4172da8ad173ee63ad161cd", "number": "8002862000", "area-code": "203"}, {"id": "5bdcf69af4172da8ad173ee63ad152ff", "number": "2816065370", "area-code": "281"}, {"id": "5bdcf69af4172da8ad173ee63ad14dc7", "number": "5183448377", "area-code": "518"}, {"id": "5bdcf69af4172da8ad173ee63ad13c19", "number": "5593141428", "area-code": "201"}, {"id": "5bdcf69af4172da8ad173ee63ad13a83", "number": "2153024757", "area-code": "904"}, {"id": "5bdcf69af4172da8ad173ee63ad1381a", "number": "7153010517", "area-code": "715"}, {"id": "5bdcf69af4172da8ad173ee63ad12cb6", "number": "5598274874", "area-code": "559"}, {"id": "5bdcf69af4172da8ad173ee63ad11d2d", "number": "4843098962", "area-code": "727"}, {"id": "5bdcf69af4172da8ad173ee63ad11ad1", "number": "5592384245", "area-code": "559"}, {"id": "5bdcf69af4172da8ad173ee63ad10dc9", "number": "7195559138", "area-code": "712"}, {"id": "5bdcf69af4172da8ad173ee63adef383", "number": "5593141428", "area-code": "715"}, {"id": "5bdcf69af4172da8ad173ee63adee736", "number": "7752620326", "area-code": "702"}, {"id": "5bdcf69af4172da8ad173ee63adee3a6", "number": "3202198521", "area-code": "320"}, {"id": "5bdcf69af4172da8ad173ee63adedc2b", "number": "4083209781", "area-code": "408"}, {"id": "5bdcf69af4172da8ad173ee63aded0ac", "number": "7029308259", "area-code": "907"}, {"id": "5bdcf69af4172da8ad173ee63adebb89", "number": "8666132955", "area-code": "910"}, {"id": "5bdcf69af4172da8ad173ee63adeab55", "number": "4174091602", "area-code": "417"}, {"id": "5bdcf69af4172da8ad173ee63adea901", "number": "8778057744", "area-code": "910"}, {"id": "5bdcf69af4172da8ad173ee63adea180", "number": "8778057744", "area-code": "910"}, {"id": "5bdcf69af4172da8ad173ee63adea676", "number": "6014761059", "area-code": "502"}, {"id": "5bdcf69af4172da8ad173ee63ade97d8", "number": "8667771059", "area-code": "502"}, {"id": "5bdcf69af4172da8ad173ee63ade88eb", "number": "9102269972", "area-code": "910"}, {"id": "5bdcf69af4172da8ad173ee63ade87eb", "number": "6014751059", "area-code": "502"}, {"id": "5bdcf69af4172da8ad173ee63ade7b79", "number": "5022304783", "area-code": "502"}, {"id": "5bdcf69af4172da8ad173ee63ade78b7", "number": "8554197365", "area-code": "713"}, {"id": "5bdcf69af4172da8ad173ee63ade76bb", "number": "7133449919", "area-code": "713"}, {"id": "5bdcf69af4172da8ad173ee63ade632e", "number": "2195000396", "area-code": "502"}, {"id": "5bdcf69af4172da8ad173ee63ade5f21", "number": "5087444075", "area-code": "617"}, {"id": "5bdcf69af4172da8ad173ee63ade5d3f", "number": "5022304783", "area-code": "502"}, {"id": "5bdcf69af4172da8ad173ee63ade5086", "number": "5026284133", "area-code": "502"}, {"id": "5bdcf69af4172da8ad173ee63ade4243", "number": "8599551024", "area-code": "502"}, {"id": "5bdcf69af4172da8ad173ee63ade4208", "number": "2015541633", "area-code": "617"}, {"id": "5bdcf69af4172da8ad173ee63ade3f45", "number": "6014761059", "area-code": "502"}, {"id": "5bdcf69af4172da8ad173ee63ade31ae", "number": "8667771990", "area-code": "502"}, {"id": "5bdcf69af4172da8ad173ee63ade2269", "number": "7143056941", "area-code": "310"}, {"id": "5bdcf69af4172da8ad173ee63ade20b2", "number": "2057299241", "area-code": "860"}, {"id": "5bdcf69af4172da8ad173ee63ade1212", "number": "3393373566", "area-code": "617"}, {"id": "5bdcf69af4172da8ad173ee63ade0515", "number": "8667771990", "area-code": "502"}, {"id": "5bdcf69af4172da8ad173ee63addfe19", "number": "5023539815", "area-code": "502"}, {"id": "5bdcf69af4172da8ad173ee63addf796", "number": "3392300157", "area-code": "617"}, {"id": "5bdcf69af4172da8ad173ee63addeca7", "number": "9494127713", "area-code": "562"}, {"id": "5bdcf69af4172da8ad173ee63addf398", "number": "5023856720", "area-code": "502"}, {"id": "5bdcf69af4172da8ad173ee63adde0fa", "number": "7168825917", "area-code": "785"}, {"id": "5bdcf69af4172da8ad173ee63addd171", "number": "5022513269", "area-code": "502"}, {"id": "5bdcf69af4172da8ad173ee63addc4ba", "number": "8604779898", "area-code": "860"}, {"id": "5bdcf69af4172da8ad173ee63addb66a", "number": "7183056941", "area-code": "312"}, {"id": "5bdcf69af4172da8ad173ee63addaa55", "number": "4803390587", "area-code": "727"}, {"id": "5bdcf69af4172da8ad173ee63add9d64", "number": "7207701094", "area-code": "303"}, {"id": "5bdcf69af4172da8ad173ee63add94f2", "number": "8002448487", "area-code": "352"}, {"id": "5bdcf69af4172da8ad173ee63add861b", "number": "7207701094", "area-code": "303"}, {"id": "5bdcf69af4172da8ad173ee63add7d38", "number": "9252435921", "area-code": "415"}, {"id": "5bdcf69af4172da8ad173ee63add7250", "number": "7252231082", "area-code": "702"}, {"id": "5bdcf69af4172da8ad173ee63add70da", "number": "8764389788", "area-code": "845"}, {"id": "5bdcf69af4172da8ad173ee63add6b60", "number": "3475636457", "area-code": "718"}, {"id": "5bdcf69af4172da8ad173ee63ad10b4d", "number": "4157101291", "area-code": "310"}, {"id": "5bdcf69af4172da8ad173ee63ad0fb33", "number": "2028437663", "area-code": "314"}, {"id": "5bdcf69af4172da8ad173ee63ad0ec06", "number": "5402695002", "area-code": "703"}, {"id": "5bdcf69af4172da8ad173ee63ad0ebf4", "number": "7153010517", "area-code": "715"}, {"id": "5bdcf69af4172da8ad173ee63ad0eaf4", "number": "7278008227", "area-code": "727"}, {"id": "5bdcf69af4172da8ad173ee63ad0de49", "number": "8884544491", "area-code": "408"}, {"id": "5bdcf69af4172da8ad173ee63ad0d5c4", "number": "7194476760", "area-code": "407"}, {"id": "5bdcf69af4172da8ad173ee63ad0c5fd", "number": "7277711688", "area-code": "727"}, {"id": "5bdcf69af4172da8ad173ee63ad0c5b8", "number": "4083209781", "area-code": "408"}, {"id": "5bdcf69af4172da8ad173ee63ad0c058", "number": "8281457386", "area-code": "408"}, {"id": "5bdcf69af4172da8ad173ee63ad0b3c1", "number": "5168081105", "area-code": "703"}, {"id": "5bdcf69af4172da8ad173ee63ad0ac01", "number": "8282816774", "area-code": "408"}, {"id": "5bdcf69af4172da8ad173ee63ad0a766", "number": "7277587013", "area-code": "727"}, {"id": "5bdcf69af4172da8ad173ee63ad09d33", "number": "7153010517", "area-code": "715"}, {"id": "5bdcf69af4172da8ad173ee63ad091b4", "number": "4089969735", "area-code": "408"}, {"id": "5bdcf69af4172da8ad173ee63ad08ca4", "number": "4086366485", "area-code": "408"}, {"id": "5bdcf69af4172da8ad173ee63ad08c77", "number": "7277121903", "area-code": "727"}, {"id": "5bdcf69af4172da8ad173ee63ad08ba2", "number": "6506189022", "area-code": "408"}, {"id": "5bdcf69af4172da8ad173ee63ad080dc", "number": "4845751324", "area-code": "703"}, {"id": "5bdcf69af4172da8ad173ee63ad07fbe", "number": "7155139237", "area-code": "715"}, {"id": "5bdcf69af4172da8ad173ee63ad07d98", "number": "3183753375", "area-code": "318"}, {"id": "5bdcf69af4172da8ad173ee63ad06f13", "number": "7276779748", "area-code": "727"}, {"id": "5bdcf69af4172da8ad173ee63ad06ebe", "number": "8632506594", "area-code": "863"}, {"id": "5bdcf69af4172da8ad173ee63ad06bee", "number": "4083209781", "area-code": "408"}, {"id": "5bdcf69af4172da8ad173ee63ad0639a", "number": "7276779747", "area-code": "727"}, {"id": "5bdcf69af4172da8ad173ee63ad06057", "number": "8665320423", "area-code": "703"}, {"id": "5bdcf69af4172da8ad173ee63ad05731", "number": "5304225296", "area-code": "408"}, {"id": "5bdcf69af4172da8ad173ee63ad04b7a", "number": "4157101291", "area-code": "310"}, {"id": "5bdcf69af4172da8ad173ee63ad04889", "number": "9782643140", "area-code": "978"}, {"id": "5bdcf69af4172da8ad173ee63ad03b2e", "number": "8447076836", "area-code": "865"}, {"id": "5bdcf69af4172da8ad173ee63ad03375", "number": "2027801413", "area-code": "314"}, {"id": "5bdcf69af4172da8ad173ee63ad02db3", "number": "7276779745", "area-code": "727"}, {"id": "5bdcf69af4172da8ad173ee63ad0204f", "number": "3144341975", "area-code": "314"}, {"id": "5bdcf69af4172da8ad173ee63ad013e3", "number": "3146523065", "area-code": "314"}, {"id": "5bdcf69af4172da8ad173ee63ad00a5f", "number": "7276779736", "area-code": "727"}, {"id": "5bdcf69af4172da8ad173ee63ad001ba", "number": "2062608291", "area-code": "408"}, {"id": "5bdcf69af4172da8ad173ee63ad00131", "number": "2105912400", "area-code": "316"}, {"id": "5bdcf69af4172da8ad173ee63acffdf9", "number": "2029140238", "area-code": "314"}, {"id": "5bdcf69af4172da8ad173ee63acff16b", "number": "9162368347", "area-code": "703"}, {"id": "5bdcf69af4172da8ad173ee63acfe925", "number": "2132620955", "area-code": "510"}, {"id": "5bdcf69af4172da8ad173ee63acfe551", "number": "7276779364", "area-code": "727"}, {"id": "5bdcf69af4172da8ad173ee63acfdb57", "number": "8450004444", "area-code": "408"}, {"id": "5bdcf69af4172da8ad173ee63acfd81b", "number": "7185289967", "area-code": "785"}, {"id": "5bdcf69af4172da8ad173ee63acfcdae", "number": "7276779361", "area-code": "727"}, {"id": "5bdcf69af4172da8ad173ee63acfc9e5", "number": "6464199927", "area-code": "518"}, {"id": "5bdcf69af4172da8ad173ee63acfbd3f", "number": "2122458222", "area-code": "518"}, {"id": "5bdcf69af4172da8ad173ee63acfaf0e", "number": "2019470959", "area-code": "201"}, {"id": "5bdcf69af4172da8ad173ee63acfaaed", "number": "2033026691", "area-code": "203"}, {"id": "5bdcf69af4172da8ad173ee63acf9cef", "number": "2028369574", "area-code": "936"}, {"id": "5bdcf69af4172da8ad173ee63acf95eb", "number": "2122475181", "area-code": "518"}, {"id": "5bdcf69af4172da8ad173ee63acf9229", "number": "4082120230", "area-code": "650"}, {"id": "5bdcf69af4172da8ad173ee63acf91c5", "number": "2122462972", "area-code": "212"}, {"id": "5bdcf69af4172da8ad173ee63acf8fa0", "number": "4083209781", "area-code": "408"}, {"id": "5bdcf69af4172da8ad173ee63acf8855", "number": "6196931204", "area-code": "408"}, {"id": "5bdcf69af4172da8ad173ee63acf7e6c", "number": "2029181699", "area-code": "936"}, {"id": "5bdcf69af4172da8ad173ee63acf76ce", "number": "8559679438", "area-code": "408"}, {"id": "5bdcf69af4172da8ad173ee63acf67e8", "number": "3365151979", "area-code": "631"}, {"id": "5bdcf69af4172da8ad173ee63acf5e2a", "number": "2136088645", "area-code": "909"}, {"id": "5bdcf69af4172da8ad173ee63acf5627", "number": "8002776757", "area-code": "916"}, {"id": "5bdcf69af4172da8ad173ee63acf4e04", "number": "8884924421", "area-code": "217"}, {"id": "5bdcf69af4172da8ad173ee63acf494e", "number": "2019465416", "area-code": "201"}, {"id": "5bdcf69af4172da8ad173ee63acf3b49", "number": "9093102871", "area-code": "909"}, {"id": "5bdcf69af4172da8ad173ee63acf36c5", "number": "4083209781", "area-code": "408"}, {"id": "5bdcf69af4172da8ad173ee63acf33f1", "number": "9093961551", "area-code": "909"}, {"id": "5bdcf69af4172da8ad173ee63acf1c45", "number": "8888051647", "area-code": "408"}, {"id": "5bdcf69af4172da8ad173ee63acf17d6", "number": "1312821927", "area-code": "630"}, {"id": "5bdcf69af4172da8ad173ee63acf082a", "number": "8005766730", "area-code": "408"}, {"id": "5bdcf69af4172da8ad173ee63aceff52", "number": "9098963220", "area-code": "909"}, {"id": "5bdcf69af4172da8ad173ee63aceef87", "number": "2096017089", "area-code": "408"}, {"id": "5bdcf69af4172da8ad173ee63acee260", "number": "7024341996", "area-code": "775"}, {"id": "5bdcf69af4172da8ad173ee63aced3c5", "number": "9098909551", "area-code": "909"}, {"id": "5bdcf69af4172da8ad173ee63acec9b2", "number": "9567664596", "area-code": "787"}, {"id": "5bdcf69af4172da8ad173ee63acec891", "number": "4079042912", "area-code": "813"}, {"id": "5bdcf69af4172da8ad173ee63acec0de", "number": "8044613854", "area-code": "510"}, {"id": "5bdcf69af4172da8ad173ee63acec08a", "number": "813area missing", "area-code": "813"}, {"id": "5bdcf69af4172da8ad173ee63aceb54e", "number": "7604242365", "area-code": "909"}, {"id": "5bdcf69af4172da8ad173ee63aceaac2", "number": "9419516643", "area-code": "813"}, {"id": "5bdcf69af4172da8ad173ee63acea529", "number": "4079042896", "area-code": "813"}, {"id": "5bdcf69af4172da8ad173ee63ace967f", "number": "4079042905", "area-code": "813"}, {"id": "5bdcf69af4172da8ad173ee63ace8e5e", "number": "813area missing", "area-code": "813"}, {"id": "5bdcf69af4172da8ad173ee63ace810f", "number": "813area missing", "area-code": "813"}, {"id": "5bdcf69af4172da8ad173ee63ace7ce1", "number": "813area missing", "area-code": "813"}, {"id": "5bdcf69af4172da8ad173ee63ace73f7", "number": "9098909551", "area-code": "909"}, {"id": "5bdcf69af4172da8ad173ee63ace67d5", "number": "813area missing", "area-code": "813"}, {"id": "5bdcf69af4172da8ad173ee63ace5af5", "number": "2056607791", "area-code": "650"}, {"id": "5bdcf69af4172da8ad173ee63ace4c9b", "number": "3348121722", "area-code": "813"}, {"id": "5bdcf69af4172da8ad173ee63ace49c1", "number": "2033026691", "area-code": "203"}, {"id": "5bdcf69af4172da8ad173ee63ace498b", "number": "7036656039", "area-code": "703"}, {"id": "5bdcf69af4172da8ad173ee63ace3cfe", "number": "4086680407", "area-code": "408"}, {"id": "5bdcf69af4172da8ad173ee63ace3c78", "number": "6092703850", "area-code": "908"}, {"id": "5bdcf69af4172da8ad173ee63ace323e", "number": "8889346489", "area-code": "408"}, {"id": "5bdcf69af4172da8ad173ee63ace304a", "number": "8774883538", "area-code": "813"}, {"id": "5bdcf69af4172da8ad173ee63ace2ad0", "number": "813area missing", "area-code": "813"}, {"id": "5bdcf69af4172da8ad173ee63ace1d1f", "number": "8042945052", "area-code": "804"}, {"id": "5bdcf69af4172da8ad173ee63ace1198", "number": "9546883942", "area-code": "813"}, {"id": "5bdcf69af4172da8ad173ee63ace09c0", "number": "3127944585", "area-code": "217"}, {"id": "5bdcf69af4172da8ad173ee63ace0685", "number": "5802327022", "area-code": "316"}, {"id": "5bdcf69af4172da8ad173ee63acdff93", "number": "4043527653", "area-code": "619"}, {"id": "5bdcf69af4172da8ad173ee63acdfb48", "number": "9415874539", "area-code": "813"}, {"id": "5bdcf69af4172da8ad173ee63acdf2fe", "number": "8042944052", "area-code": "804"}, {"id": "5bdcf69af4172da8ad173ee63acde87f", "number": "2029145545", "area-code": "239"}, {"id": "5bdcf69af4172da8ad173ee63acdd921", "number": "6239652882", "area-code": "623"}, {"id": "5bdcf69af4172da8ad173ee63acdc9b8", "number": "2029144789", "area-code": "239"}, {"id": "5bdcf69af4172da8ad173ee63acdb9fe", "number": "9522130724", "area-code": "623"}, {"id": "5bdcf69af4172da8ad173ee63acdb7b7", "number": "2677853302", "area-code": "507"}, {"id": "5bdcf69af4172da8ad173ee63acda5b4", "number": "3365151979", "area-code": "631"}, {"id": "5bdcf69af4172da8ad173ee63acd9fc5", "number": "6235722472", "area-code": "623"}, {"id": "5bdcf69af4172da8ad173ee63acd9197", "number": "2027925879", "area-code": "239"}, {"id": "5bdcf69af4172da8ad173ee63acd834f", "number": "3365151979", "area-code": "631"}, {"id": "5bdcf69af4172da8ad173ee63acd6eda", "number": "7752905631", "area-code": "888"}, {"id": "5bdcf69af4172da8ad173ee63acd6c1c", "number": "6026897376", "area-code": "602"}, {"id": "5bdcf69af4172da8ad173ee63acd69a1", "number": "3365151979", "area-code": "631"}, {"id": "5bdcf69af4172da8ad173ee63acd606c", "number": "2029140248", "area-code": "239"}, {"id": "5bdcf69af4172da8ad173ee63acd581c", "number": "7048649290", "area-code": "888"}, {"id": "5bdcf69af4172da8ad173ee63acd50d0", "number": "4806859615", "area-code": "239"}, {"id": "5bdcf69af4172da8ad173ee63acd4160", "number": "8042038447", "area-code": "804"}, {"id": "5bdcf69af4172da8ad173ee63acd3f19", "number": "7252026174", "area-code": "843"}, {"id": "5bdcf69af4172da8ad173ee63acd30e6", "number": "2033026691", "area-code": "203"}, {"id": "5bdcf69af4172da8ad173ee63acd2dfb", "number": "2027923061", "area-code": "239"}, {"id": "5bdcf69af4172da8ad173ee63acd250e", "number": "8782061397", "area-code": "843"}, {"id": "5bdcf69af4172da8ad173ee63acd194b", "number": "4404341823", "area-code": "843"}, {"id": "5bdcf69af4172da8ad173ee63acd161a", "number": "7209443907", "area-code": "703"}, {"id": "5bdcf69af4172da8ad173ee63acd0a17", "number": "3128956591", "area-code": "217"}, {"id": "5bdcf69af4172da8ad173ee63acd06ad", "number": "5035235684", "area-code": "888"}, {"id": "5bdcf69af4172da8ad173ee63acd026a", "number": "8439201571", "area-code": "843"}, {"id": "5bdcf69af4172da8ad173ee63accff84", "number": "3167786573", "area-code": "202"}, {"id": "5bdcf69af4172da8ad173ee63accf7af", "number": "8628529787", "area-code": "888"}, {"id": "5bdcf69af4172da8ad173ee63accf4c5", "number": "3034698564", "area-code": "303"}, {"id": "5bdcf69af4172da8ad173ee63accf1dd", "number": "7312369007", "area-code": "843"}, {"id": "5bdcf69af4172da8ad173ee63acced99", "number": "5132398612", "area-code": "888"}, {"id": "5bdcf69af4172da8ad173ee63accec65", "number": "7085317915", "area-code": "847"}, {"id": "5bdcf69af4172da8ad173ee63acce7fd", "number": "8472422164", "area-code": "847"}, {"id": "5bdcf69af4172da8ad173ee63accda85", "number": "5412044282", "area-code": "843"}, {"id": "5bdcf69af4172da8ad173ee63accd26b", "number": "8017795862", "area-code": "888"}, {"id": "5bdcf69af4172da8ad173ee63accd0c7", "number": "8664477801", "area-code": "352"}, {"id": "5bdcf69af4172da8ad173ee63acccb85", "number": "5189523357", "area-code": "843"}, {"id": "5bdcf69af4172da8ad173ee63accc300", "number": "8556309698", "area-code": "210"}, {"id": "5bdcf69af4172da8ad173ee63accc12c", "number": "7243815392", "area-code": "530"}, {"id": "5bdcf69af4172da8ad173ee63accbf7e", "number": "6197846308", "area-code": "888"}, {"id": "5bdcf69af4172da8ad173ee63accb11f", "number": "7155041089", "area-code": "715"}, {"id": "5bdcf69af4172da8ad173ee63accaafa", "number": "2014623484", "area-code": "843"}, {"id": "5bdcf69af4172da8ad173ee63accaa25", "number": "6263043427", "area-code": "888"}, {"id": "5bdcf69af4172da8ad173ee63acc9b04", "number": "8559106055", "area-code": "618"}, {"id": "5bdcf69af4172da8ad173ee63acca4da", "number": "2122401735", "area-code": "334"}, {"id": "5bdcf69af4172da8ad173ee63acc8df8", "number": "7146214794", "area-code": "714"}, {"id": "5bdcf69af4172da8ad173ee63acc8611", "number": "8053292012", "area-code": "888"}, {"id": "5bdcf69af4172da8ad173ee63acc778c", "number": "7193591257", "area-code": "703"}, {"id": "5bdcf69af4172da8ad173ee63acc727f", "number": "8447226587", "area-code": "312"}, {"id": "5bdcf69af4172da8ad173ee63acc6324", "number": "8162070107", "area-code": "816"}, {"id": "5bdcf69af4172da8ad173ee63acc5c15", "number": "3852437513", "area-code": "970"}, {"id": "5bdcf69af4172da8ad173ee63acc4cea", "number": "2063164779", "area-code": "888"}, {"id": "5bdcf69af4172da8ad173ee63acc44a6", "number": "7605754436", "area-code": "888"}, {"id": "5bdcf69af4172da8ad173ee63acc3836", "number": "7472233086", "area-code": "888"}, {"id": "5bdcf69af4172da8ad173ee63acc2b25", "number": "6304489537", "area-code": "888"}, {"id": "5bdcf69af4172da8ad173ee63acc1d42", "number": "8764516107", "area-code": "319"}, {"id": "5bdcf69af4172da8ad173ee63acc17ca", "number": "9128107195", "area-code": "888"}, {"id": "5bdcf69af4172da8ad173ee63acc142d", "number": "9512082630", "area-code": "951"}, {"id": "5bdcf69af4172da8ad173ee63acc0ae9", "number": "2028369574", "area-code": "650"}, {"id": "5bdcf69af4172da8ad173ee63acc048d", "number": "2033026691", "area-code": "203"}, {"id": "5bdcf69af4172da8ad173ee63acbff27", "number": "2033026691", "area-code": "203"}, {"id": "5bdcf69af4172da8ad173ee63acbf7ae", "number": "9089777802", "area-code": "908"}, {"id": "5bdcf69af4172da8ad173ee63acbf53c", "number": "6672312721", "area-code": "323"}, {"id": "5bdcf69af4172da8ad173ee63acbe834", "number": "2033026691", "area-code": "203"}, {"id": "5bdcf69af4172da8ad173ee63acbdf70", "number": "6053567812", "area-code": "605"}, {"id": "5bdcf69af4172da8ad173ee63acbda51", "number": "5715985586", "area-code": "571"}, {"id": "5bdcf69af4172da8ad173ee63acbd0ac", "number": "2106478650", "area-code": "210"}, {"id": "5bdcf69af4172da8ad173ee63acbcd0f", "number": "2108177487", "area-code": "210"}, {"id": "5bdcf69af4172da8ad173ee63acbc50c", "number": "2033026691", "area-code": "203"}, {"id": "5bdcf69af4172da8ad173ee63acbb68e", "number": "2512923524", "area-code": "251"}, {"id": "5bdcf69af4172da8ad173ee63acbabed", "number": "2106402251", "area-code": "210"}, {"id": "5bdcf69af4172da8ad173ee63acba9f6", "number": "7048923209", "area-code": "251"}, {"id": "5bdcf69af4172da8ad173ee63acb9d59", "number": "7049619852", "area-code": "704"}, {"id": "5bdcf69af4172da8ad173ee63acb9705", "number": "7252285881", "area-code": "210"}, {"id": "5bdcf69af4172da8ad173ee63acb905f", "number": "2816357155", "area-code": "281"}, {"id": "5bdcf69af4172da8ad173ee63acb8992", "number": "8008922253", "area-code": "704"}, {"id": "5bdcf69af4172da8ad173ee63acb7fc8", "number": "9805054453", "area-code": "704"}, {"id": "5bdcf69af4172da8ad173ee63acb70cb", "number": "7047505272", "area-code": "704"}, {"id": "5bdcf69af4172da8ad173ee63acb6b0b", "number": "2816358133", "area-code": "281"}, {"id": "5bdcf69af4172da8ad173ee63acb625d", "number": "2522162119", "area-code": "704"}, {"id": "5bdcf69af4172da8ad173ee63acb595e", "number": "7632923808", "area-code": "646"}, {"id": "5bdcf69af4172da8ad173ee63acb548b", "number": "6174403174", "area-code": "617"}, {"id": "5bdcf69af4172da8ad173ee63acb4b32", "number": "2122559290", "area-code": "860"}, {"id": "5bdcf69af4172da8ad173ee63acb4332", "number": "7702831561", "area-code": "830"}, {"id": "5bdcf69af4172da8ad173ee63acb3dfb", "number": "2525955195", "area-code": "828"}, {"id": "5bdcf69af4172da8ad173ee63acb34a2", "number": "8162070107", "area-code": "816"}, {"id": "5bdcf69af4172da8ad173ee63acb3361", "number": "2122414061", "area-code": "919"}, {"id": "5bdcf69af4172da8ad173ee63acb3018", "number": "6023206380", "area-code": "602"}, {"id": "5bdcf69af4172da8ad173ee63acb2a90", "number": "8002056247", "area-code": "903"}, {"id": "5bdcf69af4172da8ad173ee63acb1edb", "number": "4252426112", "area-code": "509"}, {"id": "5bdcf69af4172da8ad173ee63acb100d", "number": "6022678759", "area-code": "602"}, {"id": "5bdcf69af4172da8ad173ee63acb0172", "number": "8887973605", "area-code": "319"}, {"id": "5bdcf69af4172da8ad173ee63acb006d", "number": "2027801413", "area-code": "718"}, {"id": "5bdcf69af4172da8ad173ee63acaea4f", "number": "8665320423", "area-code": "718"}, {"id": "5bdcf69af4172da8ad173ee63acae560", "number": "2067676780", "area-code": "206"}, {"id": "5bdcf69af4172da8ad173ee63acae277", "number": "2029184779", "area-code": "718"}, {"id": "5bdcf69af4172da8ad173ee63acad5e0", "number": "5418191832", "area-code": "707"}, {"id": "5bdcf69af4172da8ad173ee63acac87d", "number": "9704528537", "area-code": "815"}, {"id": "5bdcf69af4172da8ad173ee63acac5d6", "number": "6088566368", "area-code": "815"}, {"id": "5bdcf69af4172da8ad173ee63acabfb9", "number": "3305746462", "area-code": "330"}, {"id": "5bdcf69af4172da8ad173ee63acabc6f", "number": "9094150856", "area-code": "815"}, {"id": "5bdcf69af4172da8ad173ee63acab4bb", "number": "7812051287", "area-code": "781"}, {"id": "5bdcf69af4172da8ad173ee63acaa873", "number": "2077071929", "area-code": "207"}, {"id": "5bdcf69af4172da8ad173ee63acaa618", "number": "7812051287", "area-code": "781"}, {"id": "5bdcf69af4172da8ad173ee63acaa25e", "number": "2029968828", "area-code": "760"}, {"id": "5bdcf69af4172da8ad173ee63aca8da4", "number": "9852512293", "area-code": "612"}, {"id": "5bdcf69af4172da8ad173ee63aca8575", "number": "2027801413", "area-code": "216"}, {"id": "5bdcf69af4172da8ad173ee63aca789d", "number": "3196007243", "area-code": "612"}, {"id": "5bdcf69af4172da8ad173ee63aca8179", "number": "7195927269", "area-code": "956"}, {"id": "5bdcf69af4172da8ad173ee63aca6d7f", "number": "4697583868", "area-code": "817"}, {"id": "5bdcf69af4172da8ad173ee63aca653b", "number": "5972061797", "area-code": "612"}, {"id": "5bdcf69af4172da8ad173ee63aca5a4c", "number": "2033026691", "area-code": "203"}, {"id": "5bdcf69af4172da8ad173ee63aca4da3", "number": "7632972342", "area-code": "763"}, {"id": "5bdcf69af4172da8ad173ee63aca44d9", "number": "2078658192", "area-code": "612"}, {"id": "5bdcf69af4172da8ad173ee63aca4103", "number": "8007720201", "area-code": "210"}, {"id": "5bdcf69af4172da8ad173ee63aca4054", "number": "2108177589", "area-code": "210"}, {"id": "5bdcf69af4172da8ad173ee63aca2e5e", "number": "9201499201", "area-code": "612"}, {"id": "5bdcf69af4172da8ad173ee63aca404f", "number": "8008754340", "area-code": "210"}, {"id": "5bdcf69af4172da8ad173ee63aca3079", "number": "6318781033", "area-code": "631"}, {"id": "5bdcf69af4172da8ad173ee63aca2c22", "number": "4752590864", "area-code": "210"}, {"id": "5bdcf69af4172da8ad173ee63aca297b", "number": "5302707613", "area-code": "916"}, {"id": "5bdcf69af4172da8ad173ee63aca1d68", "number": "5162172371", "area-code": "718"}, {"id": "5bdcf69af4172da8ad173ee63aca138c", "number": "5402773075", "area-code": "540"}, {"id": "5bdcf69af4172da8ad173ee63aca0529", "number": "2108177487", "area-code": "210"}, {"id": "5bdcf69af4172da8ad173ee63ac9e715", "number": "8456808488", "area-code": "607"}, {"id": "5bdcf69af4172da8ad173ee63ac9fa38", "number": "6318781033", "area-code": "631"}, {"id": "5bdcf69af4172da8ad173ee63ac9e754", "number": "8764634857", "area-code": "870"}, {"id": "5bdcf69af4172da8ad173ee63ac9d76e", "number": "8008754340", "area-code": "210"}, {"id": "5bdcf69af4172da8ad173ee63ac9ced9", "number": "2127212840", "area-code": "888"}, {"id": "5bdcf69af4172da8ad173ee63ac9c81b", "number": "2033026691", "area-code": "203"}, {"id": "5bdcf69af4172da8ad173ee63ac9c53f", "number": "3016586818", "area-code": "301"}, {"id": "5bdcf69af4172da8ad173ee63ac9bc0d", "number": "2038810583", "area-code": "203"}, {"id": "5bdcf69af4172da8ad173ee63ac9b1f3", "number": "7274375034", "area-code": "727"}, {"id": "5bdcf69af4172da8ad173ee63ac9b90c", "number": "3608265056", "area-code": "312"}, {"id": "5bdcf69af4172da8ad173ee63ac9b7d7", "number": "6623412429", "area-code": "360"}, {"id": "5bdcf69af4172da8ad173ee63ac9a749", "number": "2024957326", "area-code": "202"}, {"id": "5bdcf69af4172da8ad173ee63ac992cc", "number": "4074769978", "area-code": "727"}, {"id": "5bdcf69af4172da8ad173ee63ac9a1f0", "number": "2052396844", "area-code": "386"}, {"id": "5bdcf69af4172da8ad173ee63ac98e7e", "number": "2138005839", "area-code": "213"}, {"id": "5bdcf69af4172da8ad173ee63ac98b2c", "number": "4074769978", "area-code": "727"}, {"id": "5bdcf69af4172da8ad173ee63ac987bf", "number": "3605248650", "area-code": "509"}, {"id": "5bdcf69af4172da8ad173ee63ac98552", "number": "8009556600", "area-code": "602"}, {"id": "5bdcf69af4172da8ad173ee63ac977ff", "number": "3128301643", "area-code": "217"}, {"id": "5bdcf69af4172da8ad173ee63ac96c41", "number": "4106399746", "area-code": "410"}, {"id": "5bdcf69af4172da8ad173ee63ac9674d", "number": "5854017932", "area-code": "607"}, {"id": "5bdcf69af4172da8ad173ee63ac95bd3", "number": "4322811465", "area-code": "717"}, {"id": "5bdcf69af4172da8ad173ee63ac951da", "number": "2027801413", "area-code": "732"}, {"id": "5bdcf69af4172da8ad173ee63ac951c6", "number": "5412069854", "area-code": "818"}, {"id": "5bdcf69af4172da8ad173ee63ac94e09", "number": "5079877830", "area-code": "507"}, {"id": "5bdcf69af4172da8ad173ee63ac947c1", "number": "7272863413", "area-code": "727"}, {"id": "5bdcf69af4172da8ad173ee63ac93f6a", "number": "5038987934", "area-code": "818"}, {"id": "5bdcf69af4172da8ad173ee63ac93dc8", "number": "2029140283", "area-code": "781"}, {"id": "5bdcf69af4172da8ad173ee63ac92ffa", "number": "9702998891", "area-code": "970"}, {"id": "5bdcf69af4172da8ad173ee63ac92911", "number": "3312147526", "area-code": "910"}, {"id": "5bdcf69af4172da8ad173ee63ac91ca8", "number": "2122493443", "area-code": "646"}, {"id": "5bdcf69af4172da8ad173ee63ac91c39", "number": "8053099705", "area-code": "507"}, {"id": "5bdcf69af4172da8ad173ee63ac90d08", "number": "3238400339", "area-code": "216"}, {"id": "5bdcf69af4172da8ad173ee63ac904f6", "number": "8178036815", "area-code": "817"}, {"id": "5bdcf69af4172da8ad173ee63ac9001d", "number": "8002255935", "area-code": "401"}, {"id": "5bdcf69af4172da8ad173ee63ac8ff72", "number": "8177560079", "area-code": "817"}, {"id": "5bdcf69af4172da8ad173ee63ac8df64", "number": "4792693776", "area-code": "469"}, {"id": "5bdcf69af4172da8ad173ee63ac8d80c", "number": "8002072917", "area-code": "530"}, {"id": "5bdcf69af4172da8ad173ee63ac8ce08", "number": "7632974232", "area-code": "763"}, {"id": "5bdcf69af4172da8ad173ee63ac8c8fd", "number": "5126415146", "area-code": "830"}, {"id": "5bdcf69af4172da8ad173ee63ac8b9fe", "number": "5126415146", "area-code": "830"}, {"id": "5bdcf69af4172da8ad173ee63ac8b682", "number": "2024953354", "area-code": "202"}, {"id": "5bdcf69af4172da8ad173ee63ac8b042", "number": "5106516283", "area-code": "510"}, {"id": "5bdcf69af4172da8ad173ee63ac8a730", "number": "5703738420", "area-code": "570"}, {"id": "5bdcf69af4172da8ad173ee63ac89e4f", "number": "5108459253", "area-code": "510"}, {"id": "5bdcf69af4172da8ad173ee63ac894c8", "number": "5126415146", "area-code": "830"}, {"id": "5bdcf69af4172da8ad173ee63ac89212", "number": "4232004834", "area-code": "423"}, {"id": "5bdcf69af4172da8ad173ee63ac884b3", "number": "2033026691", "area-code": "203"}, {"id": "5bdcf69af4172da8ad173ee63ac87a2e", "number": "4842467282", "area-code": "570"}, {"id": "5bdcf69af4172da8ad173ee63ac87679", "number": "2056068155", "area-code": "205"}, {"id": "5bdcf69af4172da8ad173ee63ac873c9", "number": "2024951679", "area-code": "919"}, {"id": "5bdcf69af4172da8ad173ee63ac867e6", "number": "6193759750", "area-code": "205"}, {"id": "5bdcf69af4172da8ad173ee63ac86182", "number": "4042547356", "area-code": "830"}, {"id": "5bdcf69af4172da8ad173ee63ac8576a", "number": "8643837583", "area-code": "510"}, {"id": "5bdcf69af4172da8ad173ee63ac852b6", "number": "4842467282", "area-code": "570"}, {"id": "5bdcf69af4172da8ad173ee63ac83dbc", "number": "8003694236", "area-code": "510"}, {"id": "5bdcf69af4172da8ad173ee63ac82fe0", "number": "2053419649", "area-code": "205"}, {"id": "5bdcf69af4172da8ad173ee63ac82154", "number": "7209026825", "area-code": "303"}, {"id": "5bdcf69af4172da8ad173ee63ac81cf7", "number": "5702029675", "area-code": "570"}, {"id": "5bdcf69af4172da8ad173ee63ac81806", "number": "8136014410", "area-code": "813"}, {"id": "5bdcf69af4172da8ad173ee63ac80c37", "number": "5802888900", "area-code": "580"}, {"id": "5bdcf69af4172da8ad173ee63ac80265", "number": "6177379340", "area-code": "508"}, {"id": "5bdcf69af4172da8ad173ee63ac80070", "number": "5072042832", "area-code": "507"}, {"id": "5bdcf69af4172da8ad173ee63ac7fe10", "number": "5708951953", "area-code": "570"}, {"id": "5bdcf69af4172da8ad173ee63ac7fd7d", "number": "2027693484", "area-code": "856"}, {"id": "5bdcf69af4172da8ad173ee63ac7f0d1", "number": "5802888867", "area-code": "580"}, {"id": "5bdcf69af4172da8ad173ee63ac7e477", "number": "2023516165", "area-code": "508"}, {"id": "5bdcf69af4172da8ad173ee63ac7df5b", "number": "5702029675", "area-code": "570"}, {"id": "5bdcf69af4172da8ad173ee63ac7d62c", "number": "4698818476", "area-code": "813"}, {"id": "5bdcf69af4172da8ad173ee63ac7cbe8", "number": "5802894647", "area-code": "580"}, {"id": "5bdcf69af4172da8ad173ee63ac7be41", "number": "5702542279", "area-code": "570"}, {"id": "5bdcf69af4172da8ad173ee63ac7b8f6", "number": "5136961920", "area-code": "941"}, {"id": "5bdcf69af4172da8ad173ee63ac7aed1", "number": "5705734430", "area-code": "570"}, {"id": "5bdcf69af4172da8ad173ee63ac7a23b", "number": "4076337749", "area-code": "954"}, {"id": "5bdcf69af4172da8ad173ee63ac794c7", "number": "5079647374", "area-code": "507"}, {"id": "5bdcf69af4172da8ad173ee63ac788ab", "number": "5614643123", "area-code": "954"}, {"id": "5bdcf69af4172da8ad173ee63ac77bac", "number": "5079644639", "area-code": "507"}, {"id": "5bdcf69af4172da8ad173ee63ac77393", "number": "7196628399", "area-code": "719"}, {"id": "5bdcf69af4172da8ad173ee63ac76ca5", "number": "5079644562", "area-code": "507"}, {"id": "5bdcf69af4172da8ad173ee63ac76594", "number": "5165176378", "area-code": "516"}, {"id": "5bdcf69af4172da8ad173ee63ac75ba6", "number": "4079153276", "area-code": "407"}, {"id": "5bdcf69af4172da8ad173ee63ac7532f", "number": "4079101184", "area-code": "407"}, {"id": "5bdcf69af4172da8ad173ee63ac74826", "number": "9543629695", "area-code": "407"}, {"id": "5bdcf69af4172da8ad173ee63ac7397b", "number": "7147073260", "area-code": "507"}, {"id": "5bdcf69af4172da8ad173ee63ac72a23", "number": "4075191185", "area-code": "407"}, {"id": "5bdcf69af4172da8ad173ee63ac71afe", "number": "8664905501", "area-code": "217"}, {"id": "5bdcf69af4172da8ad173ee63ac71612", "number": "2172987013", "area-code": "217"}, {"id": "5bdcf69af4172da8ad173ee63ac70d80", "number": "4075503240", "area-code": "407"}, {"id": "5bdcf69af4172da8ad173ee63ac7064a", "number": "2172987018", "area-code": "217"}, {"id": "5bdcf69af4172da8ad173ee63ac70409", "number": "4075658016", "area-code": "407"}, {"id": "5bdcf69af4172da8ad173ee63ac6fbc1", "number": "3175645294", "area-code": "971"}, {"id": "5bdcf69af4172da8ad173ee63ac6f512", "number": "2172987013", "area-code": "217"}, {"id": "5bdcf69af4172da8ad173ee63ac6e9ae", "number": "4075658015", "area-code": "407"}, {"id": "5bdcf69af4172da8ad173ee63ac6dce0", "number": "5079648745", "area-code": "507"}, {"id": "5bdcf69af4172da8ad173ee63ac6d486", "number": "8772154079", "area-code": "507"}, {"id": "5bdcf69af4172da8ad173ee63ac6d0ce", "number": "8647698493", "area-code": "864"}, {"id": "5bdcf69af4172da8ad173ee63ac6c233", "number": "6010000000", "area-code": "337"}, {"id": "5bdcf69af4172da8ad173ee63ac6b9a5", "number": "8603742587", "area-code": "860"}, {"id": "5bdcf69af4172da8ad173ee63ac6b907", "number": "5033341393", "area-code": "541"}, {"id": "5bdcf69af4172da8ad173ee63ac6acf8", "number": "5034681508", "area-code": "541"}, {"id": "5bdcf69af4172da8ad173ee63ac6aa46", "number": "7028404543", "area-code": "860"}, {"id": "5bdcf69af4172da8ad173ee63ac6aa10", "number": "4177988281", "area-code": "417"}, {"id": "5bdcf69af4172da8ad173ee63ac6a6a1", "number": "3305747859", "area-code": "330"}, {"id": "5bdcf69af4172da8ad173ee63ac698a2", "number": "2622176478", "area-code": "559"}, {"id": "5bdcf69af4172da8ad173ee63ac68ee2", "number": "2673618997", "area-code": "610"}, {"id": "5bdcf69af4172da8ad173ee63ac68c94", "number": "6314898744", "area-code": "631"}, {"id": "5bdcf69af4172da8ad173ee63ac67deb", "number": "8665320423", "area-code": "631"}, {"id": "5bdcf69af4172da8ad173ee63ac675ac", "number": "2027920154", "area-code": "901"}, {"id": "5bdcf69af4172da8ad173ee63ac66f02", "number": "2135135012", "area-code": "415"}, {"id": "5bdcf69af4172da8ad173ee63ac66a1c", "number": "8005366782", "area-code": "979"}, {"id": "5bdcf69af4172da8ad173ee63ac66890", "number": "5512202197", "area-code": "715"}, {"id": "5bdcf69af4172da8ad173ee63ac65add", "number": "3034898767", "area-code": "303"}, {"id": "5bdcf69af4172da8ad173ee63ac667ac", "number": "9735137694", "area-code": "717"}, {"id": "5bdcf69af4172da8ad173ee63ac65929", "number": "5593141428", "area-code": "941"}, {"id": "5bdcf69af4172da8ad173ee63ac6573f", "number": "4102264146", "area-code": "410"}, {"id": "5bdcf69af4172da8ad173ee63ac64085", "number": "8772217083", "area-code": "410"}, {"id": "5bdcf69af4172da8ad173ee63ac639ba", "number": "9132513775", "area-code": "412"}, {"id": "5bdcf69af4172da8ad173ee63ac635be", "number": "3256492384", "area-code": "410"}, {"id": "5bdcf69af4172da8ad173ee63ac63435", "number": "8008423603", "area-code": "830"}, {"id": "5bdcf69af4172da8ad173ee63ac62db8", "number": "4106961851", "area-code": "410"}, {"id": "5bdcf69af4172da8ad173ee63ac622c6", "number": "2408328694", "area-code": "410"}, {"id": "5bdcf69af4172da8ad173ee63ac6226e", "number": "4104160006", "area-code": "410"}, {"id": "5bdcf69af4172da8ad173ee63ac6126c", "number": "8665755826", "area-code": "724"}, {"id": "5bdcf69af4172da8ad173ee63ac6106a", "number": "8142006658", "area-code": "814"}, {"id": "5bdcf69af4172da8ad173ee63ac60c40", "number": "3029313479", "area-code": "302"}, {"id": "5bdcf69af4172da8ad173ee63ac6092b", "number": "8142462814", "area-code": "814"}, {"id": "5bdcf69af4172da8ad173ee63ac5fe69", "number": "8885469099", "area-code": "410"}, {"id": "5bdcf69af4172da8ad173ee63ac5f5fe", "number": "3029219567", "area-code": "302"}, {"id": "5bdcf69af4172da8ad173ee63ac5e6f4", "number": "8142006662", "area-code": "814"}, {"id": "5bdcf69af4172da8ad173ee63ac5d9bc", "number": "8153246801", "area-code": "815"}, {"id": "5bdcf69af4172da8ad173ee63ac5d6ff", "number": "2029968858", "area-code": "951"}, {"id": "5bdcf69af4172da8ad173ee63ac5c800", "number": "8142006644", "area-code": "814"}, {"id": "5bdcf69af4172da8ad173ee63ac59e77", "number": "3012570191", "area-code": "281"}, {"id": "5bdcf69af4172da8ad173ee63ac5b839", "number": "2027925384", "area-code": "785"}, {"id": "5bdcf69af4172da8ad173ee63ac5aafd", "number": "8142006630", "area-code": "814"}, {"id": "5bdcf69af4172da8ad173ee63ac5aae4", "number": "8143262900", "area-code": "814"}, {"id": "5bdcf69af4172da8ad173ee63ac5975f", "number": "8142006602", "area-code": "814"}, {"id": "5bdcf69af4172da8ad173ee63ac59654", "number": "8145018559", "area-code": "814"}, {"id": "5bdcf69af4172da8ad173ee63ac58d3c", "number": "8142006640", "area-code": "814"}, {"id": "5bdcf69af4172da8ad173ee63ac5892e", "number": "8664842616", "area-code": "814"}, {"id": "5bdcf69af4172da8ad173ee63ac58110", "number": "2165455366", "area-code": "330"}, {"id": "5bdcf69af4172da8ad173ee63ac57795", "number": "3309441094", "area-code": "330"}, {"id": "5bdcf69af4172da8ad173ee63ac56fe1", "number": "2029967658", "area-code": "901"}, {"id": "5bdcf69af4172da8ad173ee63ac564c6", "number": "8585371550", "area-code": "760"}, {"id": "5bdcf69af4172da8ad173ee63ac562b1", "number": "8142006592", "area-code": "814"}, {"id": "5bdcf69af4172da8ad173ee63ac556b6", "number": "8142006640", "area-code": "814"}, {"id": "5bdcf69af4172da8ad173ee63ac553cf", "number": "7203693913", "area-code": "303"}, {"id": "5bdcf69af4172da8ad173ee63ac552a5", "number": "5094041038", "area-code": "405"}, {"id": "5bdcf69af4172da8ad173ee63ac54b2e", "number": "8142006644", "area-code": "814"}, {"id": "5bdcf69af4172da8ad173ee63ac53ffc", "number": "8142006630", "area-code": "814"}, {"id": "5bdcf69af4172da8ad173ee63ac53913", "number": "8142006633", "area-code": "814"}, {"id": "5bdcf69af4172da8ad173ee63ac52af9", "number": "8142006598", "area-code": "814"}, {"id": "5bdcf69af4172da8ad173ee63ac51b86", "number": "8146614351", "area-code": "814"}, {"id": "5bdcf69af4172da8ad173ee63ac51a20", "number": "8142006595", "area-code": "814"}, {"id": "5bdcf69af4172da8ad173ee63ac50c20", "number": "8142006646", "area-code": "814"}, {"id": "5bdcf69af4172da8ad173ee63ac5086d", "number": "8142006660", "area-code": "814"}, {"id": "5bdcf69af4172da8ad173ee63ac4fdca", "number": "3239620140", "area-code": "323"}, {"id": "5bdcf69af4172da8ad173ee63ac4fcda", "number": "7173569848", "area-code": "814"}, {"id": "5bdcf69af4172da8ad173ee63ac4fc36", "number": "8142006654", "area-code": "814"}, {"id": "5bdcf69af4172da8ad173ee63ac4f4c9", "number": "5053568186", "area-code": "814"}, {"id": "5bdcf69af4172da8ad173ee63ac4ee31", "number": "8142006651", "area-code": "814"}, {"id": "5bdcf69af4172da8ad173ee63ac4edbf", "number": "8142006657", "area-code": "814"}, {"id": "5bdcf69af4172da8ad173ee63ac4e302", "number": "8142006598", "area-code": "814"}, {"id": "5bdcf69af4172da8ad173ee63ac4e258", "number": "8142006665", "area-code": "814"}, {"id": "5bdcf69af4172da8ad173ee63ac4ddf7", "number": "7754517744", "area-code": "770"}, {"id": "5bdcf69af4172da8ad173ee63ac4ddb6", "number": "8159131263", "area-code": "860"}, {"id": "5bdcf69af4172da8ad173ee63ac4cfef", "number": "8002479215", "area-code": "216"}, {"id": "5bdcf69af4172da8ad173ee63ac4c802", "number": "9522136095", "area-code": "860"}, {"id": "5bdcf69af4172da8ad173ee63ac4ba42", "number": "6512405469", "area-code": "860"}, {"id": "5bdcf69af4172da8ad173ee63ac4b3e7", "number": "2027920154", "area-code": "305"}, {"id": "5bdcf69af4172da8ad173ee63ac4afa9", "number": "9182388883", "area-code": "860"}, {"id": "5bdcf69af4172da8ad173ee63ac4a21f", "number": "7245062822", "area-code": "724"}, {"id": "5bdcf69af4172da8ad173ee63ac4943e", "number": "6104210333", "area-code": "724"}, {"id": "5bdcf69af4172da8ad173ee63ac48660", "number": "9169107844", "area-code": "860"}, {"id": "5bdcf69af4172da8ad173ee63ac477d9", "number": "9046723471", "area-code": "724"}, {"id": "5bdcf69af4172da8ad173ee63ac46d4b", "number": "0004623022", "area-code": "810"}, {"id": "5bdcf69af4172da8ad173ee63ac46be6", "number": "2053776053", "area-code": "810"}, {"id": "5bdcf69af4172da8ad173ee63ac46211", "number": "0003943259", "area-code": "810"}, {"id": "5bdcf69af4172da8ad173ee63ac4546d", "number": "2482438556", "area-code": "810"}, {"id": "5bdcf69af4172da8ad173ee63ac44dd6", "number": "3132393286", "area-code": "810"}, {"id": "5bdcf69af4172da8ad173ee63ac44cb9", "number": "2027920154", "area-code": "703"}, {"id": "5bdcf69af4172da8ad173ee63ac43f90", "number": "8339901288", "area-code": "262"}, {"id": "5bdcf69af4172da8ad173ee63ac43034", "number": "7707762045", "area-code": "706"}, {"id": "5bdcf69af4172da8ad173ee63ac42e12", "number": "8452992039", "area-code": "845"}, {"id": "5bdcf69af4172da8ad173ee63ac420d2", "number": "7064442032", "area-code": "706"}, {"id": "5bdcf69af4172da8ad173ee63ac408ec", "number": "9738321214", "area-code": "973"}, {"id": "5bdcf69af4172da8ad173ee63ac407e7", "number": "7738845469", "area-code": "810"}, {"id": "5bdcf69af4172da8ad173ee63ac403fa", "number": "8065067593", "area-code": "860"}, {"id": "5bdcf69af4172da8ad173ee63ac3fb00", "number": "7542053075", "area-code": "305"}, {"id": "5bdcf69af4172da8ad173ee63ac3fac7", "number": "0004623022", "area-code": "810"}, {"id": "5bdcf69af4172da8ad173ee63ac3fa24", "number": "3862422747", "area-code": "305"}, {"id": "5bdcf69af4172da8ad173ee63ac3f0fa", "number": "4074769978", "area-code": "305"}, {"id": "5bdcf69af4172da8ad173ee63ac3e772", "number": "6623412429", "area-code": "360"}, {"id": "5bdcf69af4172da8ad173ee63ac3e2cc", "number": "6164258857", "area-code": "810"}, {"id": "5bdcf69af4172da8ad173ee63ac3d073", "number": "8133217241", "area-code": "407"}, {"id": "5bdcf69af4172da8ad173ee63ac3bc5b", "number": "8644658144", "area-code": "407"}, {"id": "5bdcf69af4172da8ad173ee63ac3b6d2", "number": "8037700913", "area-code": "843"}, {"id": "5bdcf69af4172da8ad173ee63ac3b1b8", "number": "7736664455", "area-code": "304"}, {"id": "5bdcf69af4172da8ad173ee63ac3ad8b", "number": "2144424034", "area-code": "856"}, {"id": "5bdcf69af4172da8ad173ee63ac3a9e3", "number": "8282376290", "area-code": "828"}, {"id": "5bdcf69af4172da8ad173ee63ac39d66", "number": "7606148277", "area-code": "419"}, {"id": "5bdcf69af4172da8ad173ee63ac38bcf", "number": "2122355981", "area-code": "215"}, {"id": "5bdcf69af4172da8ad173ee63ac37dfa", "number": "9048318920", "area-code": "850"}, {"id": "5bdcf69af4172da8ad173ee63ac37267", "number": "6617602190", "area-code": "212"}, {"id": "5bdcf69af4172da8ad173ee63ac3660d", "number": "8503895819", "area-code": "850"}, {"id": "5bdcf69af4172da8ad173ee63ac3610c", "number": "6617602190", "area-code": "212"}, {"id": "5bdcf69af4172da8ad173ee63ac35f1a", "number": "8503602995", "area-code": "850"}, {"id": "5bdcf69af4172da8ad173ee63ac35187", "number": "8502613586", "area-code": "850"}, {"id": "5bdcf69af4172da8ad173ee63ac3450f", "number": "7812652555", "area-code": "850"}, {"id": "5bdcf69af4172da8ad173ee63ac33920", "number": "7542196490", "area-code": "850"}, {"id": "5bdcf69af4172da8ad173ee63ac3375c", "number": "3035021003", "area-code": "303"}, {"id": "5bdcf69af4172da8ad173ee63ac32cb0", "number": "7347468472", "area-code": "734"}, {"id": "5bdcf69af4172da8ad173ee63ac31e4d", "number": "7542196446", "area-code": "850"}, {"id": "5bdcf69af4172da8ad173ee63ac31c33", "number": "4845576477", "area-code": "215"}, {"id": "5bdcf69af4172da8ad173ee63ac31436", "number": "3039996355", "area-code": "303"}, {"id": "5bdcf69af4172da8ad173ee63ac31073", "number": "7204190595", "area-code": "720"}, {"id": "5bdcf69af4172da8ad173ee63ac302b5", "number": "2392990201", "area-code": "850"}, {"id": "5bdcf69af4172da8ad173ee63ac3006e", "number": "2392304777", "area-code": "850"}, {"id": "5bdcf69af4172da8ad173ee63ac30014", "number": "5058070249", "area-code": "505"}, {"id": "5bdcf69af4172da8ad173ee63ac2f704", "number": "7275466068", "area-code": "727"}, {"id": "5bdcf69af4172da8ad173ee63ac2e791", "number": "7326301600", "area-code": "973"}, {"id": "5bdcf69af4172da8ad173ee63ac2e482", "number": "6574185716", "area-code": "817"}, {"id": "5bdcf69af4172da8ad173ee63ac2dd0a", "number": "7275466068", "area-code": "727"}, {"id": "5bdcf69af4172da8ad173ee63ac2d987", "number": "4105866874", "area-code": "410"}, {"id": "5bdcf69af4172da8ad173ee63ac2d912", "number": "6574185242", "area-code": "817"}, {"id": "5bdcf69af4172da8ad173ee63ac2cde8", "number": "8883550248", "area-code": "603"}, {"id": "5bdcf69af4172da8ad173ee63ac2be19", "number": "7275466068", "area-code": "727"}, {"id": "5bdcf69af4172da8ad173ee63ac2b5c4", "number": "7705026658", "area-code": "770"}, {"id": "5bdcf69af4172da8ad173ee63ac2a707", "number": "9593350424", "area-code": "603"}, {"id": "5bdcf69af4172da8ad173ee63ac2a5b2", "number": "7705026658", "area-code": "770"}, {"id": "5bdcf69af4172da8ad173ee63ac2a1f5", "number": "7705026658", "area-code": "770"}, {"id": "5bdcf69af4172da8ad173ee63ac2999e", "number": "7275389419", "area-code": "727"}, {"id": "5bdcf69af4172da8ad173ee63ac294ab", "number": "7275388352", "area-code": "727"}, {"id": "5bdcf69af4172da8ad173ee63ac287bb", "number": "3173421642", "area-code": "317"}, {"id": "5bdcf69af4172da8ad173ee63ac27a0b", "number": "3173421642", "area-code": "317"}, {"id": "5bdcf69af4172da8ad173ee63ac273a4", "number": "7275384912", "area-code": "727"}, {"id": "5bdcf69af4172da8ad173ee63ac27168", "number": "3173421628", "area-code": "317"}, {"id": "5bdcf69af4172da8ad173ee63ac270f6", "number": "7275384504", "area-code": "727"}, {"id": "5bdcf69af4172da8ad173ee63ac26429", "number": "6035525485", "area-code": "603"}, {"id": "5bdcf69af4172da8ad173ee63ac2591b", "number": "7275384232", "area-code": "727"}, {"id": "5bdcf69af4172da8ad173ee63ac24b92", "number": "2027385449", "area-code": "724"}, {"id": "5bdcf69af4172da8ad173ee63ac23e7e", "number": "7242357688", "area-code": "724"}, {"id": "5bdcf69af4172da8ad173ee63ac2334b", "number": "2088906247", "area-code": "724"}, {"id": "5bdcf69af4172da8ad173ee63ac22da6", "number": "7275383946", "area-code": "727"}, {"id": "5bdcf69af4172da8ad173ee63ac22147", "number": "7275383398", "area-code": "727"}, {"id": "5bdcf69af4172da8ad173ee63ac218b0", "number": "7275383297", "area-code": "727"}, {"id": "5bdcf69af4172da8ad173ee63ac21574", "number": "7275382799", "area-code": "727"}, {"id": "5bdcf69af4172da8ad173ee63ac21115", "number": "7275382501", "area-code": "727"}, {"id": "5bdcf69af4172da8ad173ee63ac20283", "number": "8002479215", "area-code": "703"}, {"id": "5bdcf69af4172da8ad173ee63ac1fb8b", "number": "7275324932", "area-code": "727"}, {"id": "5bdcf69af4172da8ad173ee63ac1f731", "number": "7275138561", "area-code": "727"}, {"id": "5bdcf69af4172da8ad173ee63ac1f6ad", "number": "7275138561", "area-code": "727"}]