[{"id": "8a1ecbfe4ea64a9fb88e65e63181e382", "number": "3463006923", "area-code": "346"}, {"id": "8a1ecbfe4ea64a9fb88e65e63181d992", "number": "8882101244", "area-code": "510"}, {"id": "8a1ecbfe4ea64a9fb88e65e63181d2ac", "number": "2813266521", "area-code": "281"}, {"id": "8a1ecbfe4ea64a9fb88e65e63181d083", "number": "8885106627", "area-code": "510"}, {"id": "8a1ecbfe4ea64a9fb88e65e63181cbe2", "number": "7048468903", "area-code": "704"}, {"id": "8a1ecbfe4ea64a9fb88e65e63181c683", "number": "9842028647", "area-code": "704"}, {"id": "8a1ecbfe4ea64a9fb88e65e63181b6fb", "number": "7046261973", "area-code": "704"}, {"id": "8a1ecbfe4ea64a9fb88e65e63181b25f", "number": "9803304001", "area-code": "704"}, {"id": "8a1ecbfe4ea64a9fb88e65e63181a71e", "number": "7047555867", "area-code": "704"}, {"id": "8a1ecbfe4ea64a9fb88e65e63181a695", "number": "7047555867", "area-code": "704"}, {"id": "8a1ecbfe4ea64a9fb88e65e63181a26b", "number": "8287194533", "area-code": "704"}, {"id": "8a1ecbfe4ea64a9fb88e65e6318198de", "number": "7042723757", "area-code": "704"}, {"id": "8a1ecbfe4ea64a9fb88e65e631818b37", "number": "7043873413", "area-code": "704"}, {"id": "8a1ecbfe4ea64a9fb88e65e631818238", "number": "5623458756", "area-code": "704"}, {"id": "8a1ecbfe4ea64a9fb88e65e631817a64", "number": "2022802399", "area-code": "704"}, {"id": "8a1ecbfe4ea64a9fb88e65e63181759d", "number": "2925396692", "area-code": "704"}, {"id": "8a1ecbfe4ea64a9fb88e65e631816f8d", "number": "5095887038", "area-code": "469"}, {"id": "8a1ecbfe4ea64a9fb88e65e6318163f6", "number": "7042288218", "area-code": "704"}, {"id": "8a1ecbfe4ea64a9fb88e65e631815a27", "number": "8665359492", "area-code": "510"}, {"id": "8a1ecbfe4ea64a9fb88e65e6318150bc", "number": "9807379217", "area-code": "704"}, {"id": "8a1ecbfe4ea64a9fb88e65e631814527", "number": "4062834339", "area-code": "704"}, {"id": "8a1ecbfe4ea64a9fb88e65e631813e71", "number": "7042288218", "area-code": "704"}, {"id": "8a1ecbfe4ea64a9fb88e65e631813008", "number": "9497742959", "area-code": "760"}, {"id": "8a1ecbfe4ea64a9fb88e65e6318129b8", "number": "7043224610", "area-code": "704"}, {"id": "8a1ecbfe4ea64a9fb88e65e63181272e", "number": "9807345911", "area-code": "704"}, {"id": "8a1ecbfe4ea64a9fb88e65e63181268d", "number": "7044006383", "area-code": "704"}, {"id": "8a1ecbfe4ea64a9fb88e65e631812049", "number": "4128442859", "area-code": "724"}, {"id": "8a1ecbfe4ea64a9fb88e65e6318118a3", "number": "5092041860", "area-code": "704"}, {"id": "8a1ecbfe4ea64a9fb88e65e6318114df", "number": "4125805589", "area-code": "724"}, {"id": "8a1ecbfe4ea64a9fb88e65e631811432", "number": "7246870503", "area-code": "724"}, {"id": "8a1ecbfe4ea64a9fb88e65e631810d34", "number": "4058091171", "area-code": "704"}, {"id": "8a1ecbfe4ea64a9fb88e65e631810d11", "number": "7246870503", "area-code": "724"}, {"id": "8a1ecbfe4ea64a9fb88e65e6318100d2", "number": "7045219837", "area-code": "704"}, {"id": "8a1ecbfe4ea64a9fb88e65e63180fc44", "number": "7248756082", "area-code": "724"}, {"id": "8a1ecbfe4ea64a9fb88e65e63180f81f", "number": "6103245240", "area-code": "724"}, {"id": "8a1ecbfe4ea64a9fb88e65e63180f43b", "number": "6466709297", "area-code": "704"}, {"id": "8a1ecbfe4ea64a9fb88e65e63180ea19", "number": "4123640105", "area-code": "724"}, {"id": "8a1ecbfe4ea64a9fb88e65e63180dd25", "number": "3144082652", "area-code": "915"}, {"id": "8a1ecbfe4ea64a9fb88e65e63180d7c4", "number": "6574180592", "area-code": "704"}, {"id": "8a1ecbfe4ea64a9fb88e65e63180cc30", "number": "7042862939", "area-code": "704"}, {"id": "8a1ecbfe4ea64a9fb88e65e63180c797", "number": "4069468466", "area-code": "704"}, {"id": "8a1ecbfe4ea64a9fb88e65e63180bc9d", "number": "7049371690", "area-code": "704"}, {"id": "8a1ecbfe4ea64a9fb88e65e63180b341", "number": "2175799850", "area-code": "916"}, {"id": "8a1ecbfe4ea64a9fb88e65e63180a907", "number": "9795536357", "area-code": "916"}, {"id": "8a1ecbfe4ea64a9fb88e65e63180a20a", "number": "8003679444", "area-code": "704"}, {"id": "8a1ecbfe4ea64a9fb88e65e631809f91", "number": "9805805214", "area-code": "704"}, {"id": "8a1ecbfe4ea64a9fb88e65e631809443", "number": "7742479182", "area-code": "704"}, {"id": "8a1ecbfe4ea64a9fb88e65e631808548", "number": "7044975940", "area-code": "704"}, {"id": "8a1ecbfe4ea64a9fb88e65e631808215", "number": "2025007716", "area-code": "571"}, {"id": "8a1ecbfe4ea64a9fb88e65e631807c4d", "number": "4023875730", "area-code": "702"}, {"id": "8a1ecbfe4ea64a9fb88e65e6317efbc1", "number": "6092611097", "area-code": "301"}, {"id": "8a1ecbfe4ea64a9fb88e65e6317efa58", "number": "8773185817", "area-code": "310"}, {"id": "8a1ecbfe4ea64a9fb88e65e6317ef73b", "number": "9317291833", "area-code": "301"}, {"id": "8a1ecbfe4ea64a9fb88e65e6317ee8c4", "number": "6182541834", "area-code": "301"}, {"id": "8a1ecbfe4ea64a9fb88e65e6317edd66", "number": "7029359912", "area-code": "252"}, {"id": "8a1ecbfe4ea64a9fb88e65e6317eda86", "number": "7325230574", "area-code": "310"}, {"id": "8a1ecbfe4ea64a9fb88e65e6317ed70c", "number": "4438306031", "area-code": "301"}, {"id": "8a1ecbfe4ea64a9fb88e65e6317ec9dc", "number": "5083202510", "area-code": "978"}, {"id": "8a1ecbfe4ea64a9fb88e65e6317ebd87", "number": "7324821931", "area-code": "310"}, {"id": "8a1ecbfe4ea64a9fb88e65e6317eb9a3", "number": "3017397689", "area-code": "301"}, {"id": "8a1ecbfe4ea64a9fb88e65e6317eb332", "number": "3127638122", "area-code": "740"}, {"id": "8a1ecbfe4ea64a9fb88e65e6317ea80b", "number": "7325843939", "area-code": "413"}, {"id": "8a1ecbfe4ea64a9fb88e65e6317e9a3c", "number": "6265801890", "area-code": "301"}, {"id": "8a1ecbfe4ea64a9fb88e65e6317e8a45", "number": "5162262577", "area-code": "315"}, {"id": "8a1ecbfe4ea64a9fb88e65e6317e8592", "number": "3013388686", "area-code": "301"}, {"id": "8a1ecbfe4ea64a9fb88e65e6317e7826", "number": "5415208687", "area-code": "541"}, {"id": "8a1ecbfe4ea64a9fb88e65e6317e6a72", "number": "4103344254", "area-code": "301"}, {"id": "8a1ecbfe4ea64a9fb88e65e6317e6173", "number": "8086273792", "area-code": "808"}, {"id": "8a1ecbfe4ea64a9fb88e65e6317e60b5", "number": "4102602211", "area-code": "410"}, {"id": "8a1ecbfe4ea64a9fb88e65e6317e50d1", "number": "3323304066", "area-code": "732"}, {"id": "8a1ecbfe4ea64a9fb88e65e6317e4d7d", "number": "3018341471", "area-code": "301"}, {"id": "8a1ecbfe4ea64a9fb88e65e6317e4793", "number": "2524245778", "area-code": "252"}, {"id": "8a1ecbfe4ea64a9fb88e65e6317e3304", "number": "8002927508", "area-code": "614"}, {"id": "8a1ecbfe4ea64a9fb88e65e6317e3f9c", "number": "4803513052", "area-code": "602"}, {"id": "8a1ecbfe4ea64a9fb88e65e6317e2fb2", "number": "3039731272", "area-code": "303"}, {"id": "8a1ecbfe4ea64a9fb88e65e6317e2a98", "number": "2122430430", "area-code": "412"}, {"id": "8a1ecbfe4ea64a9fb88e65e6317e1d08", "number": "2122430430", "area-code": "412"}, {"id": "8a1ecbfe4ea64a9fb88e65e6317e13c1", "number": "5108667311", "area-code": "858"}, {"id": "8a1ecbfe4ea64a9fb88e65e6317e05ee", "number": "2282310001", "area-code": "662"}, {"id": "8a1ecbfe4ea64a9fb88e65e6317df9c4", "number": "2522597796", "area-code": "252"}, {"id": "8a1ecbfe4ea64a9fb88e65e6317df3c2", "number": "7342281985", "area-code": "734"}, {"id": "8a1ecbfe4ea64a9fb88e65e6317df1ff", "number": "2029184715", "area-code": "903"}, {"id": "8a1ecbfe4ea64a9fb88e65e6317df147", "number": "8884929622", "area-code": "513"}, {"id": "8a1ecbfe4ea64a9fb88e65e6317dec2c", "number": "8324469996", "area-code": "903"}, {"id": "8a1ecbfe4ea64a9fb88e65e6317de6a6", "number": "6267260696", "area-code": "518"}, {"id": "8a1ecbfe4ea64a9fb88e65e6317de0fe", "number": "6266041399", "area-code": "858"}, {"id": "8a1ecbfe4ea64a9fb88e65e6317dd549", "number": "8086278029", "area-code": "808"}, {"id": "8a1ecbfe4ea64a9fb88e65e6317dcb17", "number": "4752566841", "area-code": "203"}, {"id": "8a1ecbfe4ea64a9fb88e65e6317dc040", "number": "9016023172", "area-code": "901"}, {"id": "8a1ecbfe4ea64a9fb88e65e6317db95d", "number": "4752566770", "area-code": "203"}, {"id": "8a1ecbfe4ea64a9fb88e65e6317db4db", "number": "4752566770", "area-code": "203"}, {"id": "8a1ecbfe4ea64a9fb88e65e6317db002", "number": "2537935646", "area-code": "509"}, {"id": "8a1ecbfe4ea64a9fb88e65e6317da7f3", "number": "4752566770", "area-code": "203"}, {"id": "8a1ecbfe4ea64a9fb88e65e6317da326", "number": "6672002056", "area-code": "410"}, {"id": "8a1ecbfe4ea64a9fb88e65e6317d9a99", "number": "4752566770", "area-code": "203"}, {"id": "8a1ecbfe4ea64a9fb88e65e6317d8cbd", "number": "7147498752", "area-code": "346"}, {"id": "8a1ecbfe4ea64a9fb88e65e6317d7e3d", "number": "4752565520", "area-code": "203"}, {"id": "8a1ecbfe4ea64a9fb88e65e6317d7899", "number": "5010000000", "area-code": "337"}, {"id": "8a1ecbfe4ea64a9fb88e65e6317d7481", "number": "4752565520", "area-code": "203"}, {"id": "8a1ecbfe4ea64a9fb88e65e6317d6e7f", "number": "4752565520", "area-code": "203"}, {"id": "8a1ecbfe4ea64a9fb88e65e6316324a4", "number": "5303691999", "area-code": "708"}, {"id": "8a1ecbfe4ea64a9fb88e65e63163197f", "number": "2022214072", "area-code": "559"}, {"id": "8a1ecbfe4ea64a9fb88e65e63161dc34", "number": "7177658614", "area-code": "210"}, {"id": "8a1ecbfe4ea64a9fb88e65e63161d946", "number": "8448112150", "area-code": "210"}, {"id": "8a1ecbfe4ea64a9fb88e65e63161d0e8", "number": "9727776418", "area-code": "210"}, {"id": "8a1ecbfe4ea64a9fb88e65e63161cdc5", "number": "8446657458", "area-code": "210"}, {"id": "8a1ecbfe4ea64a9fb88e65e63161c866", "number": "9405841361", "area-code": "210"}, {"id": "8a1ecbfe4ea64a9fb88e65e63161c47d", "number": "9727776389", "area-code": "210"}, {"id": "8a1ecbfe4ea64a9fb88e65e63161b6e1", "number": "9727370929", "area-code": "210"}, {"id": "8a1ecbfe4ea64a9fb88e65e63161b5f8", "number": "8888996650", "area-code": "210"}, {"id": "8a1ecbfe4ea64a9fb88e65e63161b1ba", "number": "9292190007", "area-code": "650"}, {"id": "8a1ecbfe4ea64a9fb88e65e63161a94f", "number": "4053589358", "area-code": "650"}, {"id": "8a1ecbfe4ea64a9fb88e65e631619be1", "number": "8003472683", "area-code": "415"}, {"id": "8a1ecbfe4ea64a9fb88e65e6316199d1", "number": "9292869817", "area-code": "650"}, {"id": "8a1ecbfe4ea64a9fb88e65e6316194b6", "number": "7472258125", "area-code": "415"}, {"id": "8a1ecbfe4ea64a9fb88e65e631619486", "number": "2122415011", "area-code": "516"}, {"id": "8a1ecbfe4ea64a9fb88e65e631619110", "number": "9292900809", "area-code": "650"}, {"id": "8a1ecbfe4ea64a9fb88e65e631618c3d", "number": "4153290525", "area-code": "415"}, {"id": "8a1ecbfe4ea64a9fb88e65e6316189d5", "number": "2134801797", "area-code": "585"}, {"id": "8a1ecbfe4ea64a9fb88e65e6316187b9", "number": "4245350047", "area-code": "415"}, {"id": "8a1ecbfe4ea64a9fb88e65e631617f3e", "number": "5623178089", "area-code": "650"}, {"id": "8a1ecbfe4ea64a9fb88e65e6316173b0", "number": "2029184718", "area-code": "516"}, {"id": "8a1ecbfe4ea64a9fb88e65e631617000", "number": "5162172453", "area-code": "516"}, {"id": "8a1ecbfe4ea64a9fb88e65e631616151", "number": "5052883022", "area-code": "505"}, {"id": "8a1ecbfe4ea64a9fb88e65e6315efbae", "number": "5952883022", "area-code": "505"}, {"id": "8a1ecbfe4ea64a9fb88e65e6315eeff8", "number": "5748509550", "area-code": "505"}, {"id": "8a1ecbfe4ea64a9fb88e65e6315ee732", "number": "5054055289", "area-code": "505"}, {"id": "8a1ecbfe4ea64a9fb88e65e6315ee3a6", "number": "6196144264", "area-code": "619"}, {"id": "8a1ecbfe4ea64a9fb88e65e6315edf4b", "number": "9032672245", "area-code": "303"}, {"id": "8a1ecbfe4ea64a9fb88e65e6315edc68", "number": "3032191359", "area-code": "801"}, {"id": "8a1ecbfe4ea64a9fb88e65e6315edac6", "number": "9513914096", "area-code": "843"}, {"id": "8a1ecbfe4ea64a9fb88e65e6315ecb4f", "number": "6174722402", "area-code": "617"}, {"id": "8a1ecbfe4ea64a9fb88e65e6315ec43f", "number": "2079992066", "area-code": "207"}, {"id": "8a1ecbfe4ea64a9fb88e65e6315eb9f6", "number": "9159951217", "area-code": "650"}, {"id": "8a1ecbfe4ea64a9fb88e65e6315eacf4", "number": "9159752904", "area-code": "650"}, {"id": "8a1ecbfe4ea64a9fb88e65e6315e9e60", "number": "6504870019", "area-code": "650"}, {"id": "8a1ecbfe4ea64a9fb88e65e6315e9cd3", "number": "6508226399", "area-code": "650"}, {"id": "8a1ecbfe4ea64a9fb88e65e6315e950e", "number": "3106026522", "area-code": "650"}, {"id": "8a1ecbfe4ea64a9fb88e65e6315e8f8a", "number": "4155981594", "area-code": "415"}, {"id": "8a1ecbfe4ea64a9fb88e65e6315e89a4", "number": "7146630568", "area-code": "714"}, {"id": "8a1ecbfe4ea64a9fb88e65e6315e7a75", "number": "6504592275", "area-code": "650"}, {"id": "8a1ecbfe4ea64a9fb88e65e6315e6ef5", "number": "9159752904", "area-code": "650"}, {"id": "8a1ecbfe4ea64a9fb88e65e6315e6a18", "number": "6502742467", "area-code": "650"}, {"id": "8a1ecbfe4ea64a9fb88e65e6315e62b1", "number": "4156334622", "area-code": "650"}, {"id": "8a1ecbfe4ea64a9fb88e65e6315e5c6f", "number": "9072005068", "area-code": "650"}, {"id": "8a1ecbfe4ea64a9fb88e65e6315e4f9a", "number": "2107613766", "area-code": "650"}, {"id": "8a1ecbfe4ea64a9fb88e65e6315e4c37", "number": "6615424650", "area-code": "650"}, {"id": "8a1ecbfe4ea64a9fb88e65e6315e443e", "number": "6506188435", "area-code": "650"}, {"id": "8a1ecbfe4ea64a9fb88e65e6315e3edd", "number": "5593774829", "area-code": "650"}, {"id": "8a1ecbfe4ea64a9fb88e65e6315e305f", "number": "4092922304", "area-code": "650"}, {"id": "8a1ecbfe4ea64a9fb88e65e6315e2116", "number": "7147462369", "area-code": "509"}, {"id": "8a1ecbfe4ea64a9fb88e65e6315e1637", "number": "5045281944", "area-code": "808"}, {"id": "8a1ecbfe4ea64a9fb88e65e6315df5a1", "number": "4153196852", "area-code": "808"}, {"id": "8a1ecbfe4ea64a9fb88e65e6317d69a8", "number": "4752565858", "area-code": "203"}, {"id": "8a1ecbfe4ea64a9fb88e65e6317d5a4e", "number": "4752565858", "area-code": "203"}, {"id": "8a1ecbfe4ea64a9fb88e65e6317d4f3e", "number": "4752565858", "area-code": "203"}, {"id": "8a1ecbfe4ea64a9fb88e65e6317d4912", "number": "9014249165", "area-code": "901"}, {"id": "8a1ecbfe4ea64a9fb88e65e6317d4660", "number": "4752565858", "area-code": "203"}, {"id": "8a1ecbfe4ea64a9fb88e65e6317d4453", "number": "4752696808", "area-code": "203"}, {"id": "8a1ecbfe4ea64a9fb88e65e6317d3a7a", "number": "6182172196", "area-code": "618"}, {"id": "8a1ecbfe4ea64a9fb88e65e6317d39fc", "number": "8668460873", "area-code": "623"}, {"id": "8a1ecbfe4ea64a9fb88e65e6317d2e93", "number": "9283731955", "area-code": "203"}, {"id": "8a1ecbfe4ea64a9fb88e65e6317d143f", "number": "9724303528", "area-code": "972"}, {"id": "8a1ecbfe4ea64a9fb88e65e6317d208e", "number": "4752696808", "area-code": "203"}, {"id": "8a1ecbfe4ea64a9fb88e65e6317d0fb8", "number": "8885486997", "area-code": "888"}, {"id": "8a1ecbfe4ea64a9fb88e65e6317d01b5", "number": "7329792296", "area-code": "203"}, {"id": "8a1ecbfe4ea64a9fb88e65e6317cfac1", "number": "9293413604", "area-code": "203"}, {"id": "8a1ecbfe4ea64a9fb88e65e6317cf84d", "number": "6616337430", "area-code": "661"}, {"id": "8a1ecbfe4ea64a9fb88e65e6317cf56f", "number": "3478616346", "area-code": "561"}, {"id": "8a1ecbfe4ea64a9fb88e65e6317cee39", "number": "2184294048", "area-code": "218"}, {"id": "8a1ecbfe4ea64a9fb88e65e6317ce2d5", "number": "5306152024", "area-code": "805"}, {"id": "8a1ecbfe4ea64a9fb88e65e6317cd87a", "number": "6266046218", "area-code": "562"}, {"id": "8a1ecbfe4ea64a9fb88e65e6317cc933", "number": "8042201550", "area-code": "201"}, {"id": "8a1ecbfe4ea64a9fb88e65e6317cbb98", "number": "8604982508", "area-code": "860"}, {"id": "8a1ecbfe4ea64a9fb88e65e6317cba8e", "number": "6266043328", "area-code": "510"}, {"id": "8a1ecbfe4ea64a9fb88e65e6317cac48", "number": "8602400347", "area-code": "860"}, {"id": "8a1ecbfe4ea64a9fb88e65e6317ca454", "number": "5306188314", "area-code": "480"}, {"id": "8a1ecbfe4ea64a9fb88e65e6317ca303", "number": "7023734321", "area-code": "702"}, {"id": "8a1ecbfe4ea64a9fb88e65e6317ca062", "number": "6015872437", "area-code": "812"}, {"id": "8a1ecbfe4ea64a9fb88e65e6317c97b3", "number": "9142167891", "area-code": "914"}, {"id": "8a1ecbfe4ea64a9fb88e65e6317c8a12", "number": "2158513395", "area-code": "812"}, {"id": "8a1ecbfe4ea64a9fb88e65e6317c85dc", "number": "8002858585", "area-code": "847"}, {"id": "8a1ecbfe4ea64a9fb88e65e6317c7956", "number": "7024734321", "area-code": "650"}, {"id": "8a1ecbfe4ea64a9fb88e65e6317c720b", "number": "8474268459", "area-code": "847"}, {"id": "8a1ecbfe4ea64a9fb88e65e6317c6282", "number": "2025405645", "area-code": "812"}, {"id": "8a1ecbfe4ea64a9fb88e65e6317c6112", "number": "8138038667", "area-code": "847"}, {"id": "8a1ecbfe4ea64a9fb88e65e6317c5c08", "number": "8042200837", "area-code": "812"}, {"id": "8a1ecbfe4ea64a9fb88e65e6317c58cc", "number": "2538491861", "area-code": "847"}, {"id": "8a1ecbfe4ea64a9fb88e65e6317c507d", "number": "6196227460", "area-code": "619"}, {"id": "8a1ecbfe4ea64a9fb88e65e6317c4598", "number": "8474174290", "area-code": "847"}, {"id": "8a1ecbfe4ea64a9fb88e65e6317c3890", "number": "3322200047", "area-code": "912"}, {"id": "8a1ecbfe4ea64a9fb88e65e6317c30c0", "number": "8474176405", "area-code": "847"}, {"id": "8a1ecbfe4ea64a9fb88e65e6317c2b33", "number": "2162304691", "area-code": "469"}, {"id": "8a1ecbfe4ea64a9fb88e65e6317c2532", "number": "8129112314", "area-code": "812"}, {"id": "8a1ecbfe4ea64a9fb88e65e6317c2451", "number": "5087202209", "area-code": "847"}, {"id": "8a1ecbfe4ea64a9fb88e65e6317c1ee6", "number": "8474266375", "area-code": "847"}, {"id": "8a1ecbfe4ea64a9fb88e65e6317c188e", "number": "8449891708", "area-code": "847"}, {"id": "8a1ecbfe4ea64a9fb88e65e6317c0681", "number": "8884926716", "area-code": "510"}, {"id": "8a1ecbfe4ea64a9fb88e65e6317c11eb", "number": "8479589854", "area-code": "847"}, {"id": "8a1ecbfe4ea64a9fb88e65e6317c078e", "number": "6585467735", "area-code": "812"}, {"id": "8a1ecbfe4ea64a9fb88e65e6317c05b1", "number": "5853161217", "area-code": "847"}, {"id": "8a1ecbfe4ea64a9fb88e65e6317bf5b6", "number": "4372186222", "area-code": "812"}, {"id": "8a1ecbfe4ea64a9fb88e65e6317bf3bc", "number": "8474265525", "area-code": "847"}, {"id": "8a1ecbfe4ea64a9fb88e65e6317be6cb", "number": "8449780492", "area-code": "847"}, {"id": "8a1ecbfe4ea64a9fb88e65e6317be4df", "number": "8666902788", "area-code": "812"}, {"id": "8a1ecbfe4ea64a9fb88e65e6317bde81", "number": "2192101012", "area-code": "847"}, {"id": "8a1ecbfe4ea64a9fb88e65e6317bd606", "number": "8003643537", "area-code": "812"}, {"id": "8a1ecbfe4ea64a9fb88e65e6317bd13f", "number": "2192101012", "area-code": "847"}, {"id": "8a1ecbfe4ea64a9fb88e65e6317bc642", "number": "9162497569", "area-code": "209"}, {"id": "8a1ecbfe4ea64a9fb88e65e6317bb64a", "number": "8087891958", "area-code": "812"}, {"id": "8a1ecbfe4ea64a9fb88e65e6317ba68b", "number": "8063797042", "area-code": "812"}, {"id": "8a1ecbfe4ea64a9fb88e65e6317b9c22", "number": "9162497569", "area-code": "209"}, {"id": "8a1ecbfe4ea64a9fb88e65e6317b8da8", "number": "2539056557", "area-code": "812"}, {"id": "8a1ecbfe4ea64a9fb88e65e6317b8d3e", "number": "8477414500", "area-code": "847"}, {"id": "8a1ecbfe4ea64a9fb88e65e6317b8199", "number": "2022214074", "area-code": "609"}, {"id": "8a1ecbfe4ea64a9fb88e65e6317b7608", "number": "8007244964", "area-code": "209"}, {"id": "8a1ecbfe4ea64a9fb88e65e6317b6725", "number": "8477414500", "area-code": "847"}, {"id": "8a1ecbfe4ea64a9fb88e65e6317b5c5f", "number": "9375078973", "area-code": "937"}, {"id": "8a1ecbfe4ea64a9fb88e65e6317b507c", "number": "4953424026", "area-code": "207"}, {"id": "8a1ecbfe4ea64a9fb88e65e6317b4a5f", "number": "8447667968", "area-code": "505"}, {"id": "8a1ecbfe4ea64a9fb88e65e6317b3d72", "number": "8474265453", "area-code": "847"}, {"id": "8a1ecbfe4ea64a9fb88e65e6317b3962", "number": "4953424218", "area-code": "207"}, {"id": "8a1ecbfe4ea64a9fb88e65e6317b310e", "number": "8474265508", "area-code": "847"}, {"id": "8a1ecbfe4ea64a9fb88e65e6317b303a", "number": "8135872637", "area-code": "407"}, {"id": "8a1ecbfe4ea64a9fb88e65e6317b2bd5", "number": "8476224553", "area-code": "847"}, {"id": "8a1ecbfe4ea64a9fb88e65e6317b1f84", "number": "2392567699", "area-code": "954"}, {"id": "8a1ecbfe4ea64a9fb88e65e6317b1250", "number": "2679542859", "area-code": "847"}, {"id": "8a1ecbfe4ea64a9fb88e65e6317b02a1", "number": "8778080064", "area-code": "803"}, {"id": "8a1ecbfe4ea64a9fb88e65e6317af44d", "number": "6303483406", "area-code": "847"}, {"id": "8a1ecbfe4ea64a9fb88e65e6317aeb7b", "number": "6099520066", "area-code": "727"}, {"id": "8a1ecbfe4ea64a9fb88e65e6317adbf3", "number": "8778080061", "area-code": "803"}, {"id": "8a1ecbfe4ea64a9fb88e65e6317ada88", "number": "6302483406", "area-code": "847"}, {"id": "8a1ecbfe4ea64a9fb88e65e6317ad97b", "number": "2679542859", "area-code": "847"}, {"id": "8a1ecbfe4ea64a9fb88e65e6317ad0fa", "number": "3608417115", "area-code": "360"}, {"id": "8a1ecbfe4ea64a9fb88e65e6317ac127", "number": "3604097805", "area-code": "360"}, {"id": "8a1ecbfe4ea64a9fb88e65e6317aba03", "number": "6304699200", "area-code": "847"}, {"id": "8a1ecbfe4ea64a9fb88e65e6317aaf4d", "number": "6099520066", "area-code": "727"}, {"id": "8a1ecbfe4ea64a9fb88e65e6317aac8b", "number": "6303483406", "area-code": "847"}, {"id": "8a1ecbfe4ea64a9fb88e65e6317a9d85", "number": "7322253698", "area-code": "732"}, {"id": "8a1ecbfe4ea64a9fb88e65e6317a9631", "number": "8472422557", "area-code": "847"}, {"id": "8a1ecbfe4ea64a9fb88e65e6317a92a4", "number": "8474236180", "area-code": "847"}, {"id": "8a1ecbfe4ea64a9fb88e65e6317a8ecc", "number": "3125242476", "area-code": "773"}, {"id": "8a1ecbfe4ea64a9fb88e65e6317a8538", "number": "8474266427", "area-code": "847"}, {"id": "8a1ecbfe4ea64a9fb88e65e6317a6e1c", "number": "3129009033", "area-code": "708"}, {"id": "8a1ecbfe4ea64a9fb88e65e6317a7d8b", "number": "2192101012", "area-code": "847"}, {"id": "8a1ecbfe4ea64a9fb88e65e6317a6531", "number": "7322877962", "area-code": "847"}, {"id": "8a1ecbfe4ea64a9fb88e65e6317a59f5", "number": "8009971468", "area-code": "832"}, {"id": "8a1ecbfe4ea64a9fb88e65e6317a54dd", "number": "7047741778", "area-code": "704"}, {"id": "8a1ecbfe4ea64a9fb88e65e6317a40cf", "number": "3126317870", "area-code": "708"}, {"id": "8a1ecbfe4ea64a9fb88e65e6317a504d", "number": "7042451701", "area-code": "704"}, {"id": "8a1ecbfe4ea64a9fb88e65e6317a3489", "number": "8778080066", "area-code": "315"}, {"id": "8a1ecbfe4ea64a9fb88e65e6317a328a", "number": "7042454895", "area-code": "704"}, {"id": "8a1ecbfe4ea64a9fb88e65e6317a2f9d", "number": "8888379755", "area-code": "704"}, {"id": "8a1ecbfe4ea64a9fb88e65e6317a2e84", "number": "7048196586", "area-code": "704"}, {"id": "8a1ecbfe4ea64a9fb88e65e6317a2aff", "number": "5088635073", "area-code": "508"}, {"id": "8a1ecbfe4ea64a9fb88e65e6317a209b", "number": "9104764010", "area-code": "704"}, {"id": "8a1ecbfe4ea64a9fb88e65e6317a10be", "number": "2029150970", "area-code": "540"}, {"id": "8a1ecbfe4ea64a9fb88e65e6317a131e", "number": "8885733226", "area-code": "704"}, {"id": "8a1ecbfe4ea64a9fb88e65e6317a0843", "number": "2178364854", "area-code": "217"}, {"id": "8a1ecbfe4ea64a9fb88e65e63179f933", "number": "8662235716", "area-code": "704"}, {"id": "8a1ecbfe4ea64a9fb88e65e63179ed42", "number": "2138060881", "area-code": "805"}, {"id": "8a1ecbfe4ea64a9fb88e65e63179ece6", "number": "8882789609", "area-code": "704"}, {"id": "8a1ecbfe4ea64a9fb88e65e63179e45d", "number": "6469976017", "area-code": "215"}, {"id": "8a1ecbfe4ea64a9fb88e65e63179e188", "number": "5412156611", "area-code": "541"}, {"id": "8a1ecbfe4ea64a9fb88e65e63179defb", "number": "7042455741", "area-code": "704"}, {"id": "8a1ecbfe4ea64a9fb88e65e63179c3b9", "number": "2138092713", "area-code": "480"}, {"id": "8a1ecbfe4ea64a9fb88e65e63179c1bd", "number": "8006227747", "area-code": "270"}, {"id": "8a1ecbfe4ea64a9fb88e65e63179b919", "number": "7044228479", "area-code": "704"}, {"id": "8a1ecbfe4ea64a9fb88e65e63179b22d", "number": "7044228482", "area-code": "704"}, {"id": "8a1ecbfe4ea64a9fb88e65e63179ad2d", "number": "6193759750", "area-code": "708"}, {"id": "8a1ecbfe4ea64a9fb88e65e631799e06", "number": "7044904907", "area-code": "704"}, {"id": "8a1ecbfe4ea64a9fb88e65e631799d2b", "number": "8771461142", "area-code": "631"}, {"id": "8a1ecbfe4ea64a9fb88e65e631799749", "number": "8882159523", "area-code": "631"}, {"id": "8a1ecbfe4ea64a9fb88e65e631798e5f", "number": "7042459826", "area-code": "704"}, {"id": "8a1ecbfe4ea64a9fb88e65e63179808e", "number": "8773131099", "area-code": "631"}, {"id": "8a1ecbfe4ea64a9fb88e65e6317973c1", "number": "8669145844", "area-code": "812"}, {"id": "8a1ecbfe4ea64a9fb88e65e6317963f0", "number": "8882847047", "area-code": "310"}, {"id": "8a1ecbfe4ea64a9fb88e65e63179597c", "number": "9176337522", "area-code": "201"}, {"id": "8a1ecbfe4ea64a9fb88e65e631794d34", "number": "2622170256", "area-code": "262"}, {"id": "8a1ecbfe4ea64a9fb88e65e6317947fc", "number": "8882847047", "area-code": "310"}, {"id": "8a1ecbfe4ea64a9fb88e65e6317942a4", "number": "6147544137", "area-code": "201"}, {"id": "8a1ecbfe4ea64a9fb88e65e631793bda", "number": "6092255799", "area-code": "262"}, {"id": "8a1ecbfe4ea64a9fb88e65e6317936ba", "number": "3018341465", "area-code": "301"}, {"id": "8a1ecbfe4ea64a9fb88e65e631793191", "number": "5124771261", "area-code": "512"}, {"id": "8a1ecbfe4ea64a9fb88e65e6317926cb", "number": "4109491362", "area-code": "410"}, {"id": "8a1ecbfe4ea64a9fb88e65e631791c4c", "number": "8003582090", "area-code": "781"}, {"id": "8a1ecbfe4ea64a9fb88e65e631790d7d", "number": "4063441828", "area-code": "406"}, {"id": "8a1ecbfe4ea64a9fb88e65e63178e53c", "number": "9542481781", "area-code": "520"}, {"id": "8a1ecbfe4ea64a9fb88e65e63178d5dd", "number": "8185756221", "area-code": "818"}, {"id": "8a1ecbfe4ea64a9fb88e65e63178d0f0", "number": "2149355081", "area-code": "214"}, {"id": "8a1ecbfe4ea64a9fb88e65e63178ce82", "number": "9512525214", "area-code": "520"}, {"id": "8a1ecbfe4ea64a9fb88e65e63178cb8e", "number": "9413005269", "area-code": "941"}, {"id": "8a1ecbfe4ea64a9fb88e65e63178c65f", "number": "7089421170", "area-code": "630"}, {"id": "8a1ecbfe4ea64a9fb88e65e63178c642", "number": "2185357195", "area-code": "520"}, {"id": "8a1ecbfe4ea64a9fb88e65e63178bb59", "number": "2488011990", "area-code": "248"}, {"id": "8a1ecbfe4ea64a9fb88e65e63178ac8b", "number": "2484663201", "area-code": "248"}, {"id": "8a1ecbfe4ea64a9fb88e65e63178abdc", "number": "2484663209", "area-code": "248"}, {"id": "8a1ecbfe4ea64a9fb88e65e63178a19b", "number": "5614304772", "area-code": "757"}, {"id": "8a1ecbfe4ea64a9fb88e65e631789af6", "number": "7166661996", "area-code": "830"}, {"id": "8a1ecbfe4ea64a9fb88e65e631788cff", "number": "7135686973", "area-code": "713"}, {"id": "8a1ecbfe4ea64a9fb88e65e631788b6d", "number": "2677620001", "area-code": "603"}, {"id": "8a1ecbfe4ea64a9fb88e65e631788a40", "number": "3863230440", "area-code": "386"}, {"id": "8a1ecbfe4ea64a9fb88e65e631787e7b", "number": "6507299498", "area-code": "708"}, {"id": "8a1ecbfe4ea64a9fb88e65e63178700e", "number": "5034834164", "area-code": "503"}, {"id": "8a1ecbfe4ea64a9fb88e65e631786e04", "number": "6463963086", "area-code": "973"}, {"id": "8a1ecbfe4ea64a9fb88e65e631786503", "number": "2092556016", "area-code": "510"}, {"id": "8a1ecbfe4ea64a9fb88e65e631785f24", "number": "7033358880", "area-code": "724"}, {"id": "8a1ecbfe4ea64a9fb88e65e6317852b3", "number": "3862342966", "area-code": "850"}, {"id": "8a1ecbfe4ea64a9fb88e65e6317844c8", "number": "4127356656", "area-code": "724"}, {"id": "8a1ecbfe4ea64a9fb88e65e6317844ac", "number": "8572192754", "area-code": "480"}, {"id": "8a1ecbfe4ea64a9fb88e65e63178404b", "number": "4127356657", "area-code": "724"}, {"id": "8a1ecbfe4ea64a9fb88e65e63178357a", "number": "8778180060", "area-code": "479"}, {"id": "8a1ecbfe4ea64a9fb88e65e631782905", "number": "8507766445", "area-code": "850"}, {"id": "8a1ecbfe4ea64a9fb88e65e631781a7c", "number": "8507762640", "area-code": "850"}, {"id": "8a1ecbfe4ea64a9fb88e65e631780afe", "number": "2122445522", "area-code": "440"}, {"id": "8a1ecbfe4ea64a9fb88e65e6317803cd", "number": "8135600987", "area-code": "850"}, {"id": "8a1ecbfe4ea64a9fb88e65e63177fabc", "number": "3187695029", "area-code": "253"}, {"id": "8a1ecbfe4ea64a9fb88e65e63177f6d6", "number": "2395794909", "area-code": "850"}, {"id": "8a1ecbfe4ea64a9fb88e65e63177f159", "number": "8502207441", "area-code": "850"}, {"id": "8a1ecbfe4ea64a9fb88e65e63177e38d", "number": "7866053547", "area-code": "850"}, {"id": "8a1ecbfe4ea64a9fb88e65e63177d9e6", "number": "8559573119", "area-code": "845"}, {"id": "8a1ecbfe4ea64a9fb88e65e63177d53d", "number": "8505256782", "area-code": "850"}, {"id": "8a1ecbfe4ea64a9fb88e65e63177d379", "number": "8502049004", "area-code": "850"}, {"id": "8a1ecbfe4ea64a9fb88e65e63177c9d1", "number": "6023624193", "area-code": "850"}, {"id": "8a1ecbfe4ea64a9fb88e65e63177be68", "number": "8505319900", "area-code": "850"}, {"id": "8a1ecbfe4ea64a9fb88e65e63177aedf", "number": "5618471000", "area-code": "850"}, {"id": "8a1ecbfe4ea64a9fb88e65e63177a263", "number": "2138008050", "area-code": "650"}, {"id": "8a1ecbfe4ea64a9fb88e65e63177a177", "number": "9543608941", "area-code": "850"}, {"id": "8a1ecbfe4ea64a9fb88e65e631779db8", "number": "3034425876", "area-code": "402"}, {"id": "8a1ecbfe4ea64a9fb88e65e63177978d", "number": "8502049003", "area-code": "850"}, {"id": "8a1ecbfe4ea64a9fb88e65e631778ca1", "number": "4048406926", "area-code": "404"}, {"id": "8a1ecbfe4ea64a9fb88e65e631777d1d", "number": "8502207571", "area-code": "850"}, {"id": "8a1ecbfe4ea64a9fb88e65e631777874", "number": "5862501356", "area-code": "850"}, {"id": "8a1ecbfe4ea64a9fb88e65e631776eb4", "number": "9543608873", "area-code": "850"}, {"id": "8a1ecbfe4ea64a9fb88e65e63177684b", "number": "7542039454", "area-code": "850"}, {"id": "8a1ecbfe4ea64a9fb88e65e631776837", "number": "5732669682", "area-code": "573"}, {"id": "8a1ecbfe4ea64a9fb88e65e631775f6d", "number": "2015740991", "area-code": "850"}, {"id": "8a1ecbfe4ea64a9fb88e65e6317754fd", "number": "4022813914", "area-code": "402"}, {"id": "8a1ecbfe4ea64a9fb88e65e631775dde", "number": "7183055132", "area-code": "718"}, {"id": "8a1ecbfe4ea64a9fb88e65e6317757c5", "number": "9543608935", "area-code": "850"}, {"id": "8a1ecbfe4ea64a9fb88e65e63177473c", "number": "8507768341", "area-code": "850"}, {"id": "8a1ecbfe4ea64a9fb88e65e6317740fb", "number": "9472045310", "area-code": "850"}, {"id": "8a1ecbfe4ea64a9fb88e65e631773b8a", "number": "4134592006", "area-code": "413"}, {"id": "8a1ecbfe4ea64a9fb88e65e631773b46", "number": "8502074808", "area-code": "850"}, {"id": "8a1ecbfe4ea64a9fb88e65e631772fcd", "number": "8507765964", "area-code": "850"}, {"id": "8a1ecbfe4ea64a9fb88e65e631772276", "number": "6266047696", "area-code": "612"}, {"id": "8a1ecbfe4ea64a9fb88e65e63177198f", "number": "9043441172", "area-code": "573"}, {"id": "8a1ecbfe4ea64a9fb88e65e63177111c", "number": "8508786712", "area-code": "850"}, {"id": "8a1ecbfe4ea64a9fb88e65e6317707c9", "number": "8778180060", "area-code": "479"}, {"id": "8a1ecbfe4ea64a9fb88e65e63177048b", "number": "8507761525", "area-code": "850"}, {"id": "8a1ecbfe4ea64a9fb88e65e63176f4cb", "number": "8507768163", "area-code": "850"}, {"id": "8a1ecbfe4ea64a9fb88e65e63176f083", "number": "7163049329", "area-code": "832"}, {"id": "8a1ecbfe4ea64a9fb88e65e63176e99c", "number": "8507762372", "area-code": "850"}, {"id": "8a1ecbfe4ea64a9fb88e65e63176da80", "number": "8504667097", "area-code": "850"}, {"id": "8a1ecbfe4ea64a9fb88e65e63176d077", "number": "8507764869", "area-code": "850"}, {"id": "8a1ecbfe4ea64a9fb88e65e63176c63f", "number": "8002152113", "area-code": "850"}, {"id": "8a1ecbfe4ea64a9fb88e65e63176ba3d", "number": "8507763224", "area-code": "850"}, {"id": "8a1ecbfe4ea64a9fb88e65e63176b10e", "number": "8152426730", "area-code": "815"}, {"id": "8a1ecbfe4ea64a9fb88e65e63176a3a7", "number": "5419091658", "area-code": "915"}, {"id": "8a1ecbfe4ea64a9fb88e65e631769630", "number": "6193912908", "area-code": "850"}, {"id": "8a1ecbfe4ea64a9fb88e65e631768925", "number": "5037090664", "area-code": "503"}, {"id": "8a1ecbfe4ea64a9fb88e65e631767c1e", "number": "5732669681", "area-code": "573"}, {"id": "8a1ecbfe4ea64a9fb88e65e631767890", "number": "3342262235", "area-code": "334"}, {"id": "8a1ecbfe4ea64a9fb88e65e6317672b5", "number": "7037432154", "area-code": "703"}, {"id": "8a1ecbfe4ea64a9fb88e65e631766e15", "number": "8507763991", "area-code": "850"}, {"id": "8a1ecbfe4ea64a9fb88e65e631765e18", "number": "8502049963", "area-code": "850"}, {"id": "8a1ecbfe4ea64a9fb88e65e631765973", "number": "9176348739", "area-code": "805"}, {"id": "8a1ecbfe4ea64a9fb88e65e6317658f7", "number": "8507765490", "area-code": "850"}, {"id": "8a1ecbfe4ea64a9fb88e65e631764bb6", "number": "3105893582", "area-code": "951"}, {"id": "8a1ecbfe4ea64a9fb88e65e63176451d", "number": "2066354071", "area-code": "334"}, {"id": "8a1ecbfe4ea64a9fb88e65e63176384a", "number": "4805046541", "area-code": "850"}, {"id": "8a1ecbfe4ea64a9fb88e65e63176373a", "number": "8775667226", "area-code": "336"}, {"id": "8a1ecbfe4ea64a9fb88e65e6317634ec", "number": "6504594041", "area-code": "702"}, {"id": "8a1ecbfe4ea64a9fb88e65e631762fba", "number": "8002784721", "area-code": "850"}, {"id": "8a1ecbfe4ea64a9fb88e65e63176270c", "number": "5732647590", "area-code": "573"}, {"id": "8a1ecbfe4ea64a9fb88e65e631761978", "number": "8507766646", "area-code": "850"}, {"id": "8a1ecbfe4ea64a9fb88e65e631760e50", "number": "8503934859", "area-code": "850"}, {"id": "8a1ecbfe4ea64a9fb88e65e63175ffc8", "number": "4752565185", "area-code": "203"}, {"id": "8a1ecbfe4ea64a9fb88e65e63175f2a0", "number": "8507762362", "area-code": "850"}, {"id": "8a1ecbfe4ea64a9fb88e65e63175e4b8", "number": "8507764446", "area-code": "850"}, {"id": "8a1ecbfe4ea64a9fb88e65e63175e19b", "number": "5732669682", "area-code": "573"}, {"id": "8a1ecbfe4ea64a9fb88e65e63175d7e6", "number": "4807738654", "area-code": "928"}, {"id": "8a1ecbfe4ea64a9fb88e65e63175ccde", "number": "7022917169", "area-code": "702"}, {"id": "8a1ecbfe4ea64a9fb88e65e63175bec3", "number": "5094975379", "area-code": "509"}, {"id": "8a1ecbfe4ea64a9fb88e65e63175bea3", "number": "7022917169", "area-code": "702"}, {"id": "8a1ecbfe4ea64a9fb88e65e63175b10f", "number": "4104061261", "area-code": "407"}, {"id": "8a1ecbfe4ea64a9fb88e65e63175ab34", "number": "2022214072", "area-code": "541"}, {"id": "8a1ecbfe4ea64a9fb88e65e63175a28b", "number": "4252088992", "area-code": "425"}, {"id": "8a1ecbfe4ea64a9fb88e65e631759c0c", "number": "5626968541", "area-code": "602"}, {"id": "8a1ecbfe4ea64a9fb88e65e63175995d", "number": "2056354071", "area-code": "334"}, {"id": "8a1ecbfe4ea64a9fb88e65e6317593fc", "number": "6104867961", "area-code": "610"}, {"id": "8a1ecbfe4ea64a9fb88e65e631759138", "number": "6463503945", "area-code": "330"}, {"id": "8a1ecbfe4ea64a9fb88e65e631758596", "number": "6266046213", "area-code": "734"}, {"id": "8a1ecbfe4ea64a9fb88e65e631757425", "number": "8336928257", "area-code": "610"}, {"id": "8a1ecbfe4ea64a9fb88e65e631756bc7", "number": "8336928257", "area-code": "610"}, {"id": "8a1ecbfe4ea64a9fb88e65e631755dd1", "number": "4199756012", "area-code": "419"}, {"id": "8a1ecbfe4ea64a9fb88e65e631755276", "number": "8444280356", "area-code": "253"}, {"id": "8a1ecbfe4ea64a9fb88e65e631754fdf", "number": "6146534634", "area-code": "419"}, {"id": "8a1ecbfe4ea64a9fb88e65e631754105", "number": "3103572061", "area-code": "310"}, {"id": "8a1ecbfe4ea64a9fb88e65e631753806", "number": "3155146144", "area-code": "315"}, {"id": "8a1ecbfe4ea64a9fb88e65e63175283b", "number": "4045043210", "area-code": "404"}, {"id": "8a1ecbfe4ea64a9fb88e65e6317520ad", "number": "5152985833", "area-code": "641"}, {"id": "8a1ecbfe4ea64a9fb88e65e63175148b", "number": "8038285175", "area-code": "803"}, {"id": "8a1ecbfe4ea64a9fb88e65e631751170", "number": "2489991160", "area-code": "248"}, {"id": "8a1ecbfe4ea64a9fb88e65e631750774", "number": "7628155001", "area-code": "404"}, {"id": "8a1ecbfe4ea64a9fb88e65e63174fbc3", "number": "8006434845", "area-code": "716"}, {"id": "8a1ecbfe4ea64a9fb88e65e63174fa04", "number": "4045043941", "area-code": "404"}, {"id": "8a1ecbfe4ea64a9fb88e65e63174ead4", "number": "8025001768", "area-code": "304"}, {"id": "8a1ecbfe4ea64a9fb88e65e63174dcff", "number": "9374004309", "area-code": "937"}, {"id": "8a1ecbfe4ea64a9fb88e65e63174d2e2", "number": "7864732736", "area-code": "786"}, {"id": "8a1ecbfe4ea64a9fb88e65e63174ca7f", "number": "8883820868", "area-code": "650"}, {"id": "8a1ecbfe4ea64a9fb88e65e63174be81", "number": "6504197866", "area-code": "650"}, {"id": "8a1ecbfe4ea64a9fb88e65e63174bb3b", "number": "5106605000", "area-code": "415"}, {"id": "8a1ecbfe4ea64a9fb88e65e63174baae", "number": "9735931957", "area-code": "415"}, {"id": "8a1ecbfe4ea64a9fb88e65e63174b5cf", "number": "3133736733", "area-code": "818"}, {"id": "8a1ecbfe4ea64a9fb88e65e63174aced", "number": "5415276911", "area-code": "541"}, {"id": "8a1ecbfe4ea64a9fb88e65e63174a5c4", "number": "6266046416", "area-code": "608"}, {"id": "8a1ecbfe4ea64a9fb88e65e63174998d", "number": "2122464471", "area-code": "516"}, {"id": "8a1ecbfe4ea64a9fb88e65e631748d40", "number": "2029184751", "area-code": "631"}, {"id": "8a1ecbfe4ea64a9fb88e65e631748c2a", "number": "8503537914", "area-code": "850"}, {"id": "8a1ecbfe4ea64a9fb88e65e631747d49", "number": "9548932943", "area-code": "850"}, {"id": "8a1ecbfe4ea64a9fb88e65e631747668", "number": "2029150988", "area-code": "717"}, {"id": "8a1ecbfe4ea64a9fb88e65e631746870", "number": "2673610344", "area-code": "850"}, {"id": "8a1ecbfe4ea64a9fb88e65e6317458f9", "number": "__________", "area-code": "304"}, {"id": "8a1ecbfe4ea64a9fb88e65e6317456a4", "number": "6622373059", "area-code": "281"}, {"id": "8a1ecbfe4ea64a9fb88e65e631744f49", "number": "4046519304", "area-code": "415"}, {"id": "8a1ecbfe4ea64a9fb88e65e6317447e2", "number": "2817828822", "area-code": "281"}, {"id": "8a1ecbfe4ea64a9fb88e65e6317445ef", "number": "2138079887", "area-code": "650"}, {"id": "8a1ecbfe4ea64a9fb88e65e6317436d6", "number": "4046514782", "area-code": "415"}, {"id": "8a1ecbfe4ea64a9fb88e65e631743406", "number": "2029184712", "area-code": "832"}, {"id": "8a1ecbfe4ea64a9fb88e65e631742469", "number": "4046352658", "area-code": "415"}, {"id": "8a1ecbfe4ea64a9fb88e65e631741d04", "number": "4122559704", "area-code": "570"}, {"id": "8a1ecbfe4ea64a9fb88e65e63174161d", "number": "2122447408", "area-code": "440"}, {"id": "8a1ecbfe4ea64a9fb88e65e6317400a6", "number": "8884923065", "area-code": "415"}, {"id": "8a1ecbfe4ea64a9fb88e65e63173fd1d", "number": "6187024337", "area-code": "419"}, {"id": "8a1ecbfe4ea64a9fb88e65e63173f4b9", "number": "8766696497", "area-code": "347"}, {"id": "8a1ecbfe4ea64a9fb88e65e63173ee28", "number": "7026549736", "area-code": "702"}, {"id": "8a1ecbfe4ea64a9fb88e65e63173e4ed", "number": "5185074477", "area-code": "718"}, {"id": "8a1ecbfe4ea64a9fb88e65e63173da96", "number": "7135540219", "area-code": "832"}, {"id": "8a1ecbfe4ea64a9fb88e65e63173d181", "number": "8327256610", "area-code": "832"}, {"id": "8a1ecbfe4ea64a9fb88e65e63173c248", "number": "2058902713", "area-code": "832"}, {"id": "8a1ecbfe4ea64a9fb88e65e63173c0c3", "number": "7142026370", "area-code": "714"}, {"id": "8a1ecbfe4ea64a9fb88e65e63173b119", "number": "6465767011", "area-code": "312"}, {"id": "8a1ecbfe4ea64a9fb88e65e63173adaf", "number": "6467267259", "area-code": "614"}, {"id": "8a1ecbfe4ea64a9fb88e65e631739e17", "number": "4077496840", "area-code": "714"}, {"id": "8a1ecbfe4ea64a9fb88e65e63173941b", "number": "2122418215", "area-code": "518"}, {"id": "8a1ecbfe4ea64a9fb88e65e631739035", "number": "6196324704", "area-code": "714"}, {"id": "8a1ecbfe4ea64a9fb88e65e631738faa", "number": "6502408752", "area-code": "714"}, {"id": "8a1ecbfe4ea64a9fb88e65e63173841c", "number": "3255505725", "area-code": "325"}, {"id": "8a1ecbfe4ea64a9fb88e65e6317374df", "number": "4049750728", "area-code": "714"}, {"id": "8a1ecbfe4ea64a9fb88e65e631737406", "number": "3304436163", "area-code": "330"}, {"id": "8a1ecbfe4ea64a9fb88e65e63173690c", "number": "3106343925", "area-code": "714"}, {"id": "8a1ecbfe4ea64a9fb88e65e631735b47", "number": "2092871474", "area-code": "209"}, {"id": "8a1ecbfe4ea64a9fb88e65e631734dc6", "number": "2092871447", "area-code": "209"}, {"id": "8a1ecbfe4ea64a9fb88e65e631731819", "number": "5512983342", "area-code": "845"}, {"id": "8a1ecbfe4ea64a9fb88e65e6317329a7", "number": "7275695317", "area-code": "713"}, {"id": "8a1ecbfe4ea64a9fb88e65e631734c5e", "number": "3304436670", "area-code": "330"}, {"id": "8a1ecbfe4ea64a9fb88e65e631733e3d", "number": "2122453377", "area-code": "516"}, {"id": "8a1ecbfe4ea64a9fb88e65e63173364a", "number": "2092871447", "area-code": "209"}, {"id": "8a1ecbfe4ea64a9fb88e65e63173272b", "number": "8582015387", "area-code": "858"}, {"id": "8a1ecbfe4ea64a9fb88e65e63173189e", "number": "6469752632", "area-code": "954"}, {"id": "8a1ecbfe4ea64a9fb88e65e6317315fa", "number": "4808287225", "area-code": "480"}, {"id": "8a1ecbfe4ea64a9fb88e65e631730919", "number": "8325972345", "area-code": "713"}, {"id": "8a1ecbfe4ea64a9fb88e65e631731001", "number": "4152528761", "area-code": "209"}, {"id": "8a1ecbfe4ea64a9fb88e65e631730328", "number": "8325972324", "area-code": "713"}, {"id": "8a1ecbfe4ea64a9fb88e65e63172fe03", "number": "5128595051", "area-code": "512"}, {"id": "8a1ecbfe4ea64a9fb88e65e63172e7b8", "number": "6073647339", "area-code": "607"}, {"id": "8a1ecbfe4ea64a9fb88e65e63172f699", "number": "3128055132", "area-code": "217"}, {"id": "8a1ecbfe4ea64a9fb88e65e63172ef77", "number": "2122442272", "area-code": "440"}, {"id": "8a1ecbfe4ea64a9fb88e65e63172ec81", "number": "6144704786", "area-code": "330"}, {"id": "8a1ecbfe4ea64a9fb88e65e63172e1c0", "number": "2122447212", "area-code": "440"}, {"id": "8a1ecbfe4ea64a9fb88e65e63172d920", "number": "6514129534", "area-code": "651"}, {"id": "8a1ecbfe4ea64a9fb88e65e63172ccdb", "number": "8329560762", "area-code": "201"}, {"id": "8a1ecbfe4ea64a9fb88e65e63172bea3", "number": "2122445983", "area-code": "440"}, {"id": "8a1ecbfe4ea64a9fb88e65e63172b9a0", "number": "6266042490", "area-code": "949"}, {"id": "8a1ecbfe4ea64a9fb88e65e63172afdf", "number": "2122446132", "area-code": "440"}, {"id": "8a1ecbfe4ea64a9fb88e65e63172ad67", "number": "2282310001", "area-code": "662"}, {"id": "8a1ecbfe4ea64a9fb88e65e63172aabb", "number": "2122446544", "area-code": "440"}, {"id": "8a1ecbfe4ea64a9fb88e65e63172a551", "number": "5713640318", "area-code": "703"}, {"id": "8a1ecbfe4ea64a9fb88e65e6317296e6", "number": "2122449882", "area-code": "440"}, {"id": "8a1ecbfe4ea64a9fb88e65e63172877c", "number": "8135024492", "area-code": "612"}, {"id": "8a1ecbfe4ea64a9fb88e65e631729305", "number": "2122448048", "area-code": "440"}, {"id": "8a1ecbfe4ea64a9fb88e65e631727abe", "number": "8589878413", "area-code": "612"}, {"id": "8a1ecbfe4ea64a9fb88e65e631726d30", "number": "9092963700", "area-code": "949"}, {"id": "8a1ecbfe4ea64a9fb88e65e63180750e", "number": "8703592587", "area-code": "479"}, {"id": "8a1ecbfe4ea64a9fb88e65e6318058a6", "number": "9802659389", "area-code": "980"}, {"id": "8a1ecbfe4ea64a9fb88e65e631804a2c", "number": "3018341799", "area-code": "301"}, {"id": "8a1ecbfe4ea64a9fb88e65e631804283", "number": "3014609693", "area-code": "301"}, {"id": "8a1ecbfe4ea64a9fb88e65e63180376f", "number": "4236583173", "area-code": "214"}, {"id": "8a1ecbfe4ea64a9fb88e65e631803717", "number": "2029150988", "area-code": "937"}, {"id": "8a1ecbfe4ea64a9fb88e65e631802f7b", "number": "4236583173", "area-code": "214"}, {"id": "8a1ecbfe4ea64a9fb88e65e6318021c4", "number": "5862042462", "area-code": "586"}, {"id": "8a1ecbfe4ea64a9fb88e65e631801030", "number": "4236583173", "area-code": "214"}, {"id": "8a1ecbfe4ea64a9fb88e65e631801290", "number": "8885021233", "area-code": "626"}, {"id": "8a1ecbfe4ea64a9fb88e65e6318004c5", "number": "5172451699", "area-code": "586"}, {"id": "8a1ecbfe4ea64a9fb88e65e6317ffc6c", "number": "6193235127", "area-code": "650"}, {"id": "8a1ecbfe4ea64a9fb88e65e6317fef47", "number": "3133156838", "area-code": "586"}, {"id": "8a1ecbfe4ea64a9fb88e65e6317fe591", "number": "5862383598", "area-code": "586"}, {"id": "8a1ecbfe4ea64a9fb88e65e6317fdf14", "number": "5862903787", "area-code": "586"}, {"id": "8a1ecbfe4ea64a9fb88e65e6317fd852", "number": "8558135293", "area-code": "586"}, {"id": "8a1ecbfe4ea64a9fb88e65e6317fd5c3", "number": "5392159770", "area-code": "704"}, {"id": "8a1ecbfe4ea64a9fb88e65e6317fd0c8", "number": "2029184705", "area-code": "704"}, {"id": "8a1ecbfe4ea64a9fb88e65e6317fce07", "number": "3865182835", "area-code": "215"}, {"id": "8a1ecbfe4ea64a9fb88e65e6317fc46d", "number": "8777708065", "area-code": "704"}, {"id": "8a1ecbfe4ea64a9fb88e65e6317fbd18", "number": "7406743660", "area-code": "513"}, {"id": "8a1ecbfe4ea64a9fb88e65e6317fa31b", "number": "4246342984", "area-code": "323"}, {"id": "8a1ecbfe4ea64a9fb88e65e6317fa1e6", "number": "7022917169", "area-code": "702"}, {"id": "8a1ecbfe4ea64a9fb88e65e6317f96e8", "number": "8882690850", "area-code": "317"}, {"id": "8a1ecbfe4ea64a9fb88e65e6317f9197", "number": "7022917169", "area-code": "702"}, {"id": "8a1ecbfe4ea64a9fb88e65e6317f8800", "number": "4063441800", "area-code": "406"}, {"id": "8a1ecbfe4ea64a9fb88e65e6317f81a8", "number": "9142625121", "area-code": "845"}, {"id": "8a1ecbfe4ea64a9fb88e65e6317f724c", "number": "8773131088", "area-code": "207"}, {"id": "8a1ecbfe4ea64a9fb88e65e6317f65b3", "number": "7022917169", "area-code": "702"}, {"id": "8a1ecbfe4ea64a9fb88e65e6317f4c67", "number": "7022917169", "area-code": "702"}, {"id": "8a1ecbfe4ea64a9fb88e65e6317f4206", "number": "8007329194", "area-code": "605"}, {"id": "8a1ecbfe4ea64a9fb88e65e6317f3a12", "number": "6059464633", "area-code": "605"}, {"id": "8a1ecbfe4ea64a9fb88e65e6317f3288", "number": "6052500422", "area-code": "605"}, {"id": "8a1ecbfe4ea64a9fb88e65e6317f2e17", "number": "2022214075", "area-code": "972"}, {"id": "8a1ecbfe4ea64a9fb88e65e6317f27c9", "number": "3018341463", "area-code": "301"}, {"id": "8a1ecbfe4ea64a9fb88e65e6317f23bf", "number": "6083716666", "area-code": "503"}, {"id": "8a1ecbfe4ea64a9fb88e65e6317f22d8", "number": "8503783131", "area-code": "203"}, {"id": "8a1ecbfe4ea64a9fb88e65e6317f200d", "number": "8002722566", "area-code": "808"}, {"id": "8a1ecbfe4ea64a9fb88e65e6317f1812", "number": "9163788376", "area-code": "617"}, {"id": "8a1ecbfe4ea64a9fb88e65e6317f13d1", "number": "7863166716", "area-code": "305"}, {"id": "8a1ecbfe4ea64a9fb88e65e6317f1267", "number": "3019711284", "area-code": "301"}, {"id": "8a1ecbfe4ea64a9fb88e65e6317f0cb8", "number": "8668903387", "area-code": "301"}, {"id": "8a1ecbfe4ea64a9fb88e65e6317f07f4", "number": "3018506596", "area-code": "301"}, {"id": "8a1ecbfe4ea64a9fb88e65e6317f07d3", "number": "3018343281", "area-code": "301"}, {"id": "8a1ecbfe4ea64a9fb88e65e6317efc59", "number": "9562308164", "area-code": "956"}, {"id": "8a1ecbfe4ea64a9fb88e65e6317262dc", "number": "9294746328", "area-code": "617"}, {"id": "8a1ecbfe4ea64a9fb88e65e63172623a", "number": "8442069035", "area-code": "812"}, {"id": "8a1ecbfe4ea64a9fb88e65e631725418", "number": "8442069035", "area-code": "812"}, {"id": "8a1ecbfe4ea64a9fb88e65e631724dba", "number": "3127638122", "area-code": "740"}, {"id": "8a1ecbfe4ea64a9fb88e65e631724a67", "number": "5512228510", "area-code": "551"}, {"id": "8a1ecbfe4ea64a9fb88e65e6317236bf", "number": "2029186088", "area-code": "802"}, {"id": "8a1ecbfe4ea64a9fb88e65e631722fde", "number": "2055516758", "area-code": "612"}, {"id": "8a1ecbfe4ea64a9fb88e65e631722bdc", "number": "4849836032", "area-code": "612"}, {"id": "8a1ecbfe4ea64a9fb88e65e631721307", "number": "4142040315", "area-code": "715"}, {"id": "8a1ecbfe4ea64a9fb88e65e63172090c", "number": "2138065088", "area-code": "440"}, {"id": "8a1ecbfe4ea64a9fb88e65e631720186", "number": "8722058290", "area-code": "612"}, {"id": "8a1ecbfe4ea64a9fb88e65e63171f794", "number": "8132917160", "area-code": "863"}, {"id": "8a1ecbfe4ea64a9fb88e65e63171f3cc", "number": "2084864587", "area-code": "208"}, {"id": "8a1ecbfe4ea64a9fb88e65e63171e51a", "number": "8339020105", "area-code": "612"}, {"id": "8a1ecbfe4ea64a9fb88e65e63171f0df", "number": "9724690101", "area-code": "972"}, {"id": "8a1ecbfe4ea64a9fb88e65e63171e16b", "number": "4243234628", "area-code": "402"}, {"id": "8a1ecbfe4ea64a9fb88e65e63171dd45", "number": "6572353542", "area-code": "951"}, {"id": "8a1ecbfe4ea64a9fb88e65e63171cfec", "number": "8568749001", "area-code": "732"}, {"id": "8a1ecbfe4ea64a9fb88e65e63171cb6b", "number": "2104464206", "area-code": "703"}, {"id": "8a1ecbfe4ea64a9fb88e65e63171b6f4", "number": "5156351622", "area-code": "641"}, {"id": "8a1ecbfe4ea64a9fb88e65e63171a7d5", "number": "8004633339", "area-code": "641"}, {"id": "8a1ecbfe4ea64a9fb88e65e63171a063", "number": "5126753016", "area-code": "512"}, {"id": "8a1ecbfe4ea64a9fb88e65e63171908f", "number": "6193235127", "area-code": "972"}, {"id": "8a1ecbfe4ea64a9fb88e65e631718e79", "number": "6414241826", "area-code": "641"}, {"id": "8a1ecbfe4ea64a9fb88e65e631718be9", "number": "5152985833", "area-code": "641"}, {"id": "8a1ecbfe4ea64a9fb88e65e6317181ed", "number": "6468250226", "area-code": "949"}, {"id": "8a1ecbfe4ea64a9fb88e65e63171777e", "number": "9494475864", "area-code": "919"}, {"id": "8a1ecbfe4ea64a9fb88e65e631716d62", "number": "3022028761", "area-code": "302"}, {"id": "8a1ecbfe4ea64a9fb88e65e6317161a3", "number": "9199180051", "area-code": "919"}, {"id": "8a1ecbfe4ea64a9fb88e65e631715111", "number": "8137675868", "area-code": "813"}, {"id": "8a1ecbfe4ea64a9fb88e65e631714d77", "number": "4058921738", "area-code": "541"}, {"id": "8a1ecbfe4ea64a9fb88e65e6317143a4", "number": "3173638307", "area-code": "425"}, {"id": "8a1ecbfe4ea64a9fb88e65e631713b65", "number": "3173638307", "area-code": "425"}, {"id": "8a1ecbfe4ea64a9fb88e65e6317136b3", "number": "8305987800", "area-code": "425"}, {"id": "8a1ecbfe4ea64a9fb88e65e631712ba2", "number": "8133815091", "area-code": "813"}, {"id": "8a1ecbfe4ea64a9fb88e65e631711c93", "number": "5159992525", "area-code": "336"}, {"id": "8a1ecbfe4ea64a9fb88e65e63171145c", "number": "5019127518", "area-code": "425"}, {"id": "8a1ecbfe4ea64a9fb88e65e63171041c", "number": "5136961930", "area-code": "717"}, {"id": "8a1ecbfe4ea64a9fb88e65e631710324", "number": "6503942374", "area-code": "510"}, {"id": "8a1ecbfe4ea64a9fb88e65e63170fe38", "number": "7274723088", "area-code": "727"}, {"id": "8a1ecbfe4ea64a9fb88e65e63170f10d", "number": "4705325925", "area-code": "470"}, {"id": "8a1ecbfe4ea64a9fb88e65e63170e19c", "number": "6465761631", "area-code": "571"}, {"id": "8a1ecbfe4ea64a9fb88e65e63170dcbd", "number": "9033304148", "area-code": "573"}, {"id": "8a1ecbfe4ea64a9fb88e65e63170dbbb", "number": "7274723627", "area-code": "727"}, {"id": "8a1ecbfe4ea64a9fb88e65e63170d2e0", "number": "7864942339", "area-code": "352"}, {"id": "8a1ecbfe4ea64a9fb88e65e63170c31d", "number": "2096498888", "area-code": "832"}, {"id": "8a1ecbfe4ea64a9fb88e65e63170c2f6", "number": "6672002056", "area-code": "410"}, {"id": "8a1ecbfe4ea64a9fb88e65e63170b4ce", "number": "9853132051", "area-code": "602"}, {"id": "8a1ecbfe4ea64a9fb88e65e63170b2b5", "number": "4046356839", "area-code": "916"}, {"id": "8a1ecbfe4ea64a9fb88e65e63170a62e", "number": "2029186089", "area-code": "708"}, {"id": "8a1ecbfe4ea64a9fb88e65e631709cad", "number": "3185150043", "area-code": "480"}, {"id": "8a1ecbfe4ea64a9fb88e65e6317073a4", "number": "4125971287", "area-code": "402"}, {"id": "8a1ecbfe4ea64a9fb88e65e631708ce8", "number": "2122401148", "area-code": "617"}, {"id": "8a1ecbfe4ea64a9fb88e65e6317082a3", "number": "5648415708", "area-code": "253"}, {"id": "8a1ecbfe4ea64a9fb88e65e63170685c", "number": "4024634465", "area-code": "402"}, {"id": "8a1ecbfe4ea64a9fb88e65e6317064a0", "number": "2094542335", "area-code": "209"}, {"id": "8a1ecbfe4ea64a9fb88e65e631705e7e", "number": "8882403265", "area-code": "216"}, {"id": "8a1ecbfe4ea64a9fb88e65e631705d30", "number": "9192468760", "area-code": "559"}, {"id": "8a1ecbfe4ea64a9fb88e65e631705437", "number": "8123704305", "area-code": "530"}, {"id": "8a1ecbfe4ea64a9fb88e65e631705152", "number": "4803513050", "area-code": "480"}, {"id": "8a1ecbfe4ea64a9fb88e65e6317043e1", "number": "7182982754", "area-code": "312"}, {"id": "8a1ecbfe4ea64a9fb88e65e63170420e", "number": "6469145072", "area-code": "925"}, {"id": "8a1ecbfe4ea64a9fb88e65e631703d43", "number": "7196310160", "area-code": "980"}, {"id": "8a1ecbfe4ea64a9fb88e65e631702df0", "number": "3238938064", "area-code": "502"}, {"id": "8a1ecbfe4ea64a9fb88e65e631701fcf", "number": "3462142190", "area-code": "773"}, {"id": "8a1ecbfe4ea64a9fb88e65e6317015fa", "number": "8049444606", "area-code": "276"}, {"id": "8a1ecbfe4ea64a9fb88e65e631700e36", "number": "8005243880", "area-code": "276"}, {"id": "8a1ecbfe4ea64a9fb88e65e63170084d", "number": "8324809784", "area-code": "832"}, {"id": "8a1ecbfe4ea64a9fb88e65e6316ffa4f", "number": "5672098583", "area-code": "567"}, {"id": "8a1ecbfe4ea64a9fb88e65e6316ffef9", "number": "8003626299", "area-code": "276"}, {"id": "8a1ecbfe4ea64a9fb88e65e6316feef7", "number": "7606443966", "area-code": "760"}, {"id": "8a1ecbfe4ea64a9fb88e65e6316fecda", "number": "5673010389", "area-code": "567"}, {"id": "8a1ecbfe4ea64a9fb88e65e6316feb0a", "number": "8182034767", "area-code": "661"}, {"id": "8a1ecbfe4ea64a9fb88e65e6316fe8da", "number": "6362748103", "area-code": "605"}, {"id": "8a1ecbfe4ea64a9fb88e65e6316fdf8e", "number": "5672908497", "area-code": "567"}, {"id": "8a1ecbfe4ea64a9fb88e65e6316fdb48", "number": "5202580730", "area-code": "954"}, {"id": "8a1ecbfe4ea64a9fb88e65e6316fc451", "number": "4199838491", "area-code": "567"}, {"id": "8a1ecbfe4ea64a9fb88e65e6316fccf3", "number": "6463193164", "area-code": "954"}, {"id": "8a1ecbfe4ea64a9fb88e65e6316fb896", "number": "5673018317", "area-code": "567"}, {"id": "8a1ecbfe4ea64a9fb88e65e6316fb95c", "number": "6468172901", "area-code": "954"}, {"id": "8a1ecbfe4ea64a9fb88e65e6316fb240", "number": "7203560072", "area-code": "720"}, {"id": "8a1ecbfe4ea64a9fb88e65e6316fafeb", "number": "5673016527", "area-code": "567"}, {"id": "8a1ecbfe4ea64a9fb88e65e6316fa9bb", "number": "9593351094", "area-code": "304"}, {"id": "8a1ecbfe4ea64a9fb88e65e6316fa411", "number": "2144416923", "area-code": "817"}, {"id": "8a1ecbfe4ea64a9fb88e65e6316f9fdf", "number": "3869994655", "area-code": "916"}, {"id": "8a1ecbfe4ea64a9fb88e65e6316f9c5e", "number": "8437968812", "area-code": "843"}, {"id": "8a1ecbfe4ea64a9fb88e65e6316f96fc", "number": "8884925750", "area-code": "832"}, {"id": "8a1ecbfe4ea64a9fb88e65e6316f8b8c", "number": "8439058734", "area-code": "843"}, {"id": "8a1ecbfe4ea64a9fb88e65e6316f83f0", "number": "9033001042", "area-code": "903"}, {"id": "8a1ecbfe4ea64a9fb88e65e6316f7724", "number": "8434285902", "area-code": "843"}, {"id": "8a1ecbfe4ea64a9fb88e65e6316f721d", "number": "3019906782", "area-code": "301"}, {"id": "8a1ecbfe4ea64a9fb88e65e6316f64c0", "number": "9545701421", "area-code": "843"}, {"id": "8a1ecbfe4ea64a9fb88e65e6316f6000", "number": "6469469292", "area-code": "785"}, {"id": "8a1ecbfe4ea64a9fb88e65e6316f5ac1", "number": "9543551012", "area-code": "843"}, {"id": "8a1ecbfe4ea64a9fb88e65e6316f595b", "number": "2085916418", "area-code": "208"}, {"id": "8a1ecbfe4ea64a9fb88e65e6316f497f", "number": "7146503308", "area-code": "714"}, {"id": "8a1ecbfe4ea64a9fb88e65e6316f45dd", "number": "4152313716", "area-code": "843"}, {"id": "8a1ecbfe4ea64a9fb88e65e6316f37cd", "number": "2122462405", "area-code": "646"}, {"id": "8a1ecbfe4ea64a9fb88e65e6316f3578", "number": "5163281679", "area-code": "402"}, {"id": "8a1ecbfe4ea64a9fb88e65e6316f33a6", "number": "2028601698", "area-code": "843"}, {"id": "8a1ecbfe4ea64a9fb88e65e6316f284e", "number": "9702930726", "area-code": "970"}, {"id": "8a1ecbfe4ea64a9fb88e65e6316f2094", "number": "3123845840", "area-code": "217"}, {"id": "8a1ecbfe4ea64a9fb88e65e6316f197c", "number": "3126422459", "area-code": "312"}, {"id": "8a1ecbfe4ea64a9fb88e65e6316f0847", "number": "9108682268", "area-code": "402"}, {"id": "8a1ecbfe4ea64a9fb88e65e6316eff50", "number": "4024637951", "area-code": "402"}, {"id": "8a1ecbfe4ea64a9fb88e65e6316ef90c", "number": "8636177546", "area-code": "352"}, {"id": "8a1ecbfe4ea64a9fb88e65e6316eeef9", "number": "9794768644", "area-code": "630"}, {"id": "8a1ecbfe4ea64a9fb88e65e6316eea80", "number": "6475584185", "area-code": "615"}, {"id": "8a1ecbfe4ea64a9fb88e65e6316edacf", "number": "2122443022", "area-code": "917"}, {"id": "8a1ecbfe4ea64a9fb88e65e6316ecd79", "number": "9314630383", "area-code": "323"}, {"id": "8a1ecbfe4ea64a9fb88e65e6316eccea", "number": "3345246492", "area-code": "334"}, {"id": "8a1ecbfe4ea64a9fb88e65e6316eb318", "number": "6084493566", "area-code": "608"}, {"id": "8a1ecbfe4ea64a9fb88e65e6316eb17e", "number": "7144734470", "area-code": "573"}, {"id": "8a1ecbfe4ea64a9fb88e65e6316eb22c", "number": "4704510017", "area-code": "404"}, {"id": "8a1ecbfe4ea64a9fb88e65e6316eacd1", "number": "2149355081", "area-code": "214"}, {"id": "8a1ecbfe4ea64a9fb88e65e6316e9d19", "number": "8177753719", "area-code": "817"}, {"id": "8a1ecbfe4ea64a9fb88e65e6316e9394", "number": "6461970766", "area-code": "425"}, {"id": "8a1ecbfe4ea64a9fb88e65e6316e8722", "number": "2175691379", "area-code": "708"}, {"id": "8a1ecbfe4ea64a9fb88e65e6316e7fb6", "number": "2022214044", "area-code": "973"}, {"id": "8a1ecbfe4ea64a9fb88e65e6316e6e6b", "number": "3522183162", "area-code": "352"}, {"id": "8a1ecbfe4ea64a9fb88e65e6316e717c", "number": "8764274662", "area-code": "330"}, {"id": "8a1ecbfe4ea64a9fb88e65e6316e60d2", "number": "6174772408", "area-code": "617"}, {"id": "8a1ecbfe4ea64a9fb88e65e6316e5470", "number": "8885382401", "area-code": "217"}, {"id": "8a1ecbfe4ea64a9fb88e65e6316e466c", "number": "2022214044", "area-code": "772"}, {"id": "8a1ecbfe4ea64a9fb88e65e6316e4515", "number": "7183055132", "area-code": "718"}, {"id": "8a1ecbfe4ea64a9fb88e65e6316e3ff4", "number": "8148044280", "area-code": "601"}, {"id": "8a1ecbfe4ea64a9fb88e65e6316e33af", "number": "3177349986", "area-code": "619"}, {"id": "8a1ecbfe4ea64a9fb88e65e6316e2c2f", "number": "9165278232", "area-code": "619"}, {"id": "8a1ecbfe4ea64a9fb88e65e6316e1e09", "number": "3057942845", "area-code": "305"}, {"id": "8a1ecbfe4ea64a9fb88e65e6316e185b", "number": "9526587817", "area-code": "952"}, {"id": "8a1ecbfe4ea64a9fb88e65e6316e0b3b", "number": "9702236338", "area-code": "970"}, {"id": "8a1ecbfe4ea64a9fb88e65e6316e06dd", "number": "9526587817", "area-code": "952"}, {"id": "8a1ecbfe4ea64a9fb88e65e6316e0051", "number": "2122400933", "area-code": "917"}, {"id": "8a1ecbfe4ea64a9fb88e65e6316df9ed", "number": "9526587817", "area-code": "952"}, {"id": "8a1ecbfe4ea64a9fb88e65e6316df4d1", "number": "2052530709", "area-code": "205"}, {"id": "8a1ecbfe4ea64a9fb88e65e6316de52f", "number": "2059681766", "area-code": "205"}, {"id": "8a1ecbfe4ea64a9fb88e65e6316dd9e3", "number": "6122302124", "area-code": "763"}, {"id": "8a1ecbfe4ea64a9fb88e65e6316dcf9d", "number": "9526587817", "area-code": "952"}, {"id": "8a1ecbfe4ea64a9fb88e65e6316dca55", "number": "6082726666", "area-code": "406"}, {"id": "8a1ecbfe4ea64a9fb88e65e6316dc1d8", "number": "5072234295", "area-code": "815"}, {"id": "8a1ecbfe4ea64a9fb88e65e6316db624", "number": "3155146142", "area-code": "212"}, {"id": "8a1ecbfe4ea64a9fb88e65e6316da8f1", "number": "8184514248", "area-code": "323"}, {"id": "8a1ecbfe4ea64a9fb88e65e6316da9ce", "number": "4062520595", "area-code": "406"}, {"id": "8a1ecbfe4ea64a9fb88e65e6316da94a", "number": "7028429270", "area-code": "702"}, {"id": "8a1ecbfe4ea64a9fb88e65e6316da684", "number": "7024106610", "area-code": "702"}, {"id": "8a1ecbfe4ea64a9fb88e65e6316d9aff", "number": "8882806491", "area-code": "718"}, {"id": "8a1ecbfe4ea64a9fb88e65e6316d9178", "number": "6469032025", "area-code": "949"}, {"id": "8a1ecbfe4ea64a9fb88e65e6316d885e", "number": "2177580496", "area-code": "217"}, {"id": "8a1ecbfe4ea64a9fb88e65e6316d8682", "number": "2055427766", "area-code": "205"}, {"id": "8a1ecbfe4ea64a9fb88e65e6316d7e17", "number": "2006548456", "area-code": "205"}, {"id": "8a1ecbfe4ea64a9fb88e65e6316d7dff", "number": "2006548456", "area-code": "205"}, {"id": "8a1ecbfe4ea64a9fb88e65e6316d75e8", "number": "2565179728", "area-code": "217"}, {"id": "8a1ecbfe4ea64a9fb88e65e6316d750d", "number": "3347498149", "area-code": "205"}, {"id": "8a1ecbfe4ea64a9fb88e65e6316d7018", "number": "7143128794", "area-code": "760"}, {"id": "8a1ecbfe4ea64a9fb88e65e6316d5af5", "number": "2006548456", "area-code": "205"}, {"id": "8a1ecbfe4ea64a9fb88e65e6316d58cc", "number": "2011410066", "area-code": "973"}, {"id": "8a1ecbfe4ea64a9fb88e65e6316d5532", "number": "3347113992", "area-code": "205"}, {"id": "8a1ecbfe4ea64a9fb88e65e6316d485d", "number": "8557077328", "area-code": "205"}, {"id": "8a1ecbfe4ea64a9fb88e65e6316d40b0", "number": "5189013134", "area-code": "718"}, {"id": "8a1ecbfe4ea64a9fb88e65e6316d33a2", "number": "8033180915", "area-code": "803"}, {"id": "8a1ecbfe4ea64a9fb88e65e6316d1cbb", "number": "6184614030", "area-code": "661"}, {"id": "8a1ecbfe4ea64a9fb88e65e6316d1820", "number": "8168322384", "area-code": "504"}, {"id": "8a1ecbfe4ea64a9fb88e65e6316d0ddd", "number": "2103532222", "area-code": "210"}, {"id": "8a1ecbfe4ea64a9fb88e65e6316d0808", "number": "3126427117", "area-code": "573"}, {"id": "8a1ecbfe4ea64a9fb88e65e6316cfa1b", "number": "8433936945", "area-code": "843"}, {"id": "8a1ecbfe4ea64a9fb88e65e6316cf849", "number": "5039894585", "area-code": "920"}, {"id": "8a1ecbfe4ea64a9fb88e65e6316cf22b", "number": "2022214069", "area-code": "718"}, {"id": "8a1ecbfe4ea64a9fb88e65e6316cee5a", "number": "4232058852", "area-code": "901"}, {"id": "8a1ecbfe4ea64a9fb88e65e6316ce76e", "number": "3307757702", "area-code": "330"}, {"id": "8a1ecbfe4ea64a9fb88e65e6316cdbf0", "number": "3304260913", "area-code": "330"}, {"id": "8a1ecbfe4ea64a9fb88e65e6316cd33a", "number": "5129944287", "area-code": "330"}, {"id": "8a1ecbfe4ea64a9fb88e65e6316cd28d", "number": "2283000118", "area-code": "330"}, {"id": "8a1ecbfe4ea64a9fb88e65e6316cc6f2", "number": "5392173261", "area-code": "330"}, {"id": "8a1ecbfe4ea64a9fb88e65e6316cc129", "number": "8552114583", "area-code": "210"}, {"id": "8a1ecbfe4ea64a9fb88e65e6316cbd73", "number": "6825548354", "area-code": "682"}, {"id": "8a1ecbfe4ea64a9fb88e65e6316cb071", "number": "6282100135", "area-code": "330"}, {"id": "8a1ecbfe4ea64a9fb88e65e6316cace0", "number": "8652172617", "area-code": "330"}, {"id": "8a1ecbfe4ea64a9fb88e65e6316c9e08", "number": "6174432703", "area-code": "617"}, {"id": "8a1ecbfe4ea64a9fb88e65e6316c92f4", "number": "3132173371", "area-code": "330"}, {"id": "8a1ecbfe4ea64a9fb88e65e6316c845c", "number": "5312069934", "area-code": "330"}, {"id": "8a1ecbfe4ea64a9fb88e65e6316c7c97", "number": "5733888215", "area-code": "210"}, {"id": "8a1ecbfe4ea64a9fb88e65e6316c7855", "number": "6692000286", "area-code": "718"}, {"id": "8a1ecbfe4ea64a9fb88e65e6316c777b", "number": "7722387438", "area-code": "772"}, {"id": "8a1ecbfe4ea64a9fb88e65e6316c737d", "number": "8882339545", "area-code": "303"}, {"id": "8a1ecbfe4ea64a9fb88e65e6316c6774", "number": "7729254661", "area-code": "772"}, {"id": "8a1ecbfe4ea64a9fb88e65e6316c60f4", "number": "9713502700", "area-code": "541"}, {"id": "8a1ecbfe4ea64a9fb88e65e6316c56cd", "number": "9548394635", "area-code": "772"}, {"id": "8a1ecbfe4ea64a9fb88e65e6316c554e", "number": "8666102726", "area-code": "210"}, {"id": "8a1ecbfe4ea64a9fb88e65e6316c4af2", "number": "5092041703", "area-code": "210"}, {"id": "8a1ecbfe4ea64a9fb88e65e6316c413e", "number": "2029184720", "area-code": "336"}, {"id": "8a1ecbfe4ea64a9fb88e65e6316c4499", "number": "2122490305", "area-code": "732"}, {"id": "8a1ecbfe4ea64a9fb88e65e6316c3986", "number": "8552114503", "area-code": "210"}, {"id": "8a1ecbfe4ea64a9fb88e65e6316c2cde", "number": "7046868800", "area-code": "704"}, {"id": "8a1ecbfe4ea64a9fb88e65e6316c1e26", "number": "3034697921", "area-code": "303"}, {"id": "8a1ecbfe4ea64a9fb88e65e6316c11e3", "number": "5038057483", "area-code": "805"}, {"id": "8a1ecbfe4ea64a9fb88e65e6316c02ff", "number": "6464780496", "area-code": "305"}, {"id": "8a1ecbfe4ea64a9fb88e65e6316bfc0e", "number": "2103494081", "area-code": "210"}, {"id": "8a1ecbfe4ea64a9fb88e65e6316bf5a9", "number": "2107746413", "area-code": "210"}, {"id": "8a1ecbfe4ea64a9fb88e65e6316bee6c", "number": "5092041703", "area-code": "904"}, {"id": "8a1ecbfe4ea64a9fb88e65e6316be88b", "number": "3133125953", "area-code": "210"}, {"id": "8a1ecbfe4ea64a9fb88e65e6316bda86", "number": "2028457208", "area-code": "603"}, {"id": "8a1ecbfe4ea64a9fb88e65e6316bcada", "number": "3034691747", "area-code": "303"}, {"id": "8a1ecbfe4ea64a9fb88e65e6316bbb04", "number": "6822659805", "area-code": "210"}, {"id": "8a1ecbfe4ea64a9fb88e65e6316bb1cf", "number": "8666102726", "area-code": "210"}, {"id": "8a1ecbfe4ea64a9fb88e65e6316bae57", "number": "5092041096", "area-code": "904"}, {"id": "8a1ecbfe4ea64a9fb88e65e6316ba8e2", "number": "8552114583", "area-code": "210"}, {"id": "8a1ecbfe4ea64a9fb88e65e6316b9f98", "number": "5736398808", "area-code": "573"}, {"id": "8a1ecbfe4ea64a9fb88e65e6316b96fa", "number": "9042552489", "area-code": "904"}, {"id": "8a1ecbfe4ea64a9fb88e65e6316b7f99", "number": "9375898712", "area-code": "937"}, {"id": "8a1ecbfe4ea64a9fb88e65e6316b762a", "number": "2255722737", "area-code": "225"}, {"id": "8a1ecbfe4ea64a9fb88e65e6316b735f", "number": "9042973670", "area-code": "904"}, {"id": "8a1ecbfe4ea64a9fb88e65e6316b6c46", "number": "9375694964", "area-code": "937"}, {"id": "8a1ecbfe4ea64a9fb88e65e6316b6540", "number": "3148929524", "area-code": "314"}, {"id": "8a1ecbfe4ea64a9fb88e65e6316b5b7c", "number": "7273922505", "area-code": "727"}, {"id": "8a1ecbfe4ea64a9fb88e65e6316b515c", "number": "6235261197", "area-code": "602"}, {"id": "8a1ecbfe4ea64a9fb88e65e6316b49e2", "number": "3148469991", "area-code": "314"}, {"id": "8a1ecbfe4ea64a9fb88e65e6316b4980", "number": "9086779073", "area-code": "908"}, {"id": "8a1ecbfe4ea64a9fb88e65e6316b3acb", "number": "9083473758", "area-code": "908"}, {"id": "8a1ecbfe4ea64a9fb88e65e6316b2c69", "number": "9375898712", "area-code": "937"}, {"id": "8a1ecbfe4ea64a9fb88e65e6316b2472", "number": "2255728313", "area-code": "225"}, {"id": "8a1ecbfe4ea64a9fb88e65e6316b1747", "number": "9082184681", "area-code": "908"}, {"id": "8a1ecbfe4ea64a9fb88e65e6316b11ad", "number": "9083776601", "area-code": "908"}, {"id": "8a1ecbfe4ea64a9fb88e65e6316b0ff6", "number": "2029184751", "area-code": "301"}, {"id": "8a1ecbfe4ea64a9fb88e65e6316b0828", "number": "3148922536", "area-code": "314"}, {"id": "8a1ecbfe4ea64a9fb88e65e6316b0205", "number": "2022214069", "area-code": "479"}, {"id": "8a1ecbfe4ea64a9fb88e65e6316af8a3", "number": "9083776601", "area-code": "908"}, {"id": "8a1ecbfe4ea64a9fb88e65e6316aedfb", "number": "2703681369", "area-code": "270"}, {"id": "8a1ecbfe4ea64a9fb88e65e6316adec4", "number": "3148141128", "area-code": "314"}, {"id": "8a1ecbfe4ea64a9fb88e65e6316add66", "number": "2254388854", "area-code": "225"}, {"id": "8a1ecbfe4ea64a9fb88e65e6316add0b", "number": "3148921570", "area-code": "314"}, {"id": "8a1ecbfe4ea64a9fb88e65e6316ad317", "number": "7322268779", "area-code": "516"}, {"id": "8a1ecbfe4ea64a9fb88e65e6316abe8a", "number": "5163312562", "area-code": "270"}, {"id": "8a1ecbfe4ea64a9fb88e65e6316aae95", "number": "6464370666", "area-code": "814"}, {"id": "8a1ecbfe4ea64a9fb88e65e6316aa65d", "number": "3146523043", "area-code": "314"}, {"id": "8a1ecbfe4ea64a9fb88e65e6316a99b1", "number": "2029184719", "area-code": "423"}, {"id": "8a1ecbfe4ea64a9fb88e65e6316a98f5", "number": "8003385960", "area-code": "270"}, {"id": "8a1ecbfe4ea64a9fb88e65e6316a897f", "number": "2257820293", "area-code": "225"}, {"id": "8a1ecbfe4ea64a9fb88e65e6316a85ae", "number": "2297406612", "area-code": "203"}, {"id": "8a1ecbfe4ea64a9fb88e65e6316a7089", "number": "2029186088", "area-code": "440"}, {"id": "8a1ecbfe4ea64a9fb88e65e6316a5715", "number": "4702605219", "area-code": "850"}, {"id": "8a1ecbfe4ea64a9fb88e65e6316a4dbb", "number": "2394828410", "area-code": "303"}, {"id": "8a1ecbfe4ea64a9fb88e65e6316a3dbd", "number": "7024252912", "area-code": "320"}, {"id": "8a1ecbfe4ea64a9fb88e65e6316a3c28", "number": "5072039624", "area-code": "320"}, {"id": "8a1ecbfe4ea64a9fb88e65e6316a31b5", "number": "6469210450", "area-code": "786"}, {"id": "8a1ecbfe4ea64a9fb88e65e6316a2d53", "number": "5072744287", "area-code": "320"}, {"id": "8a1ecbfe4ea64a9fb88e65e6316a285f", "number": "6467488649", "area-code": "540"}, {"id": "8a1ecbfe4ea64a9fb88e65e6316a1c65", "number": "7752423421", "area-code": "320"}, {"id": "8a1ecbfe4ea64a9fb88e65e6316a0fa4", "number": "2185000092", "area-code": "320"}, {"id": "8a1ecbfe4ea64a9fb88e65e6316a0425", "number": "2922214044", "area-code": "847"}, {"id": "8a1ecbfe4ea64a9fb88e65e63169f9c4", "number": "6174432703", "area-code": "617"}, {"id": "8a1ecbfe4ea64a9fb88e65e63169f334", "number": "8155494826", "area-code": "815"}, {"id": "8a1ecbfe4ea64a9fb88e65e63169ee37", "number": "8139181856", "area-code": "813"}, {"id": "8a1ecbfe4ea64a9fb88e65e63169ee27", "number": "9892570759", "area-code": "989"}, {"id": "8a1ecbfe4ea64a9fb88e65e63169e5f4", "number": "7735897540", "area-code": "773"}, {"id": "8a1ecbfe4ea64a9fb88e65e63169d8a0", "number": "3147106574", "area-code": "989"}, {"id": "8a1ecbfe4ea64a9fb88e65e63169d5b5", "number": "9896735214", "area-code": "989"}, {"id": "8a1ecbfe4ea64a9fb88e65e63169cbfc", "number": "5173731777", "area-code": "989"}, {"id": "8a1ecbfe4ea64a9fb88e65e63169c496", "number": "3053920995", "area-code": "305"}, {"id": "8a1ecbfe4ea64a9fb88e65e63169bf96", "number": "2029184727", "area-code": "239"}, {"id": "8a1ecbfe4ea64a9fb88e65e63169b6c7", "number": "7344899166", "area-code": "989"}, {"id": "8a1ecbfe4ea64a9fb88e65e63169b68a", "number": "9895010505", "area-code": "989"}, {"id": "8a1ecbfe4ea64a9fb88e65e63169a226", "number": "3147106574", "area-code": "989"}, {"id": "8a1ecbfe4ea64a9fb88e65e6316998d9", "number": "6163697251", "area-code": "616"}, {"id": "8a1ecbfe4ea64a9fb88e65e631698e42", "number": "7169071151", "area-code": "716"}, {"id": "8a1ecbfe4ea64a9fb88e65e631698d3d", "number": "6166818306", "area-code": "616"}, {"id": "8a1ecbfe4ea64a9fb88e65e631698d06", "number": "2542230839", "area-code": "630"}, {"id": "8a1ecbfe4ea64a9fb88e65e6316984ba", "number": "6169205329", "area-code": "616"}, {"id": "8a1ecbfe4ea64a9fb88e65e631697be8", "number": "4805811981", "area-code": "602"}, {"id": "8a1ecbfe4ea64a9fb88e65e631696c97", "number": "4022423324", "area-code": "402"}, {"id": "8a1ecbfe4ea64a9fb88e65e631695f9e", "number": "2815597689", "area-code": "713"}, {"id": "8a1ecbfe4ea64a9fb88e65e631695a86", "number": "4126122543", "area-code": "412"}, {"id": "8a1ecbfe4ea64a9fb88e65e6316951bb", "number": "4127326922", "area-code": "412"}, {"id": "8a1ecbfe4ea64a9fb88e65e6316949f1", "number": "2022214055", "area-code": "412"}, {"id": "8a1ecbfe4ea64a9fb88e65e631693a25", "number": "9513160823", "area-code": "616"}, {"id": "8a1ecbfe4ea64a9fb88e65e631692e4d", "number": "3017098460", "area-code": "301"}, {"id": "8a1ecbfe4ea64a9fb88e65e63169284d", "number": "7173911557", "area-code": "412"}, {"id": "8a1ecbfe4ea64a9fb88e65e631691a4a", "number": "8149330382", "area-code": "412"}, {"id": "8a1ecbfe4ea64a9fb88e65e631691375", "number": "7707122366", "area-code": "770"}, {"id": "8a1ecbfe4ea64a9fb88e65e6316912aa", "number": "7063813228", "area-code": "770"}, {"id": "8a1ecbfe4ea64a9fb88e65e631690c4c", "number": "2022214069", "area-code": "412"}, {"id": "8a1ecbfe4ea64a9fb88e65e6316900e3", "number": "4087545058", "area-code": "770"}, {"id": "8a1ecbfe4ea64a9fb88e65e63168f8bd", "number": "6174623060", "area-code": "770"}, {"id": "8a1ecbfe4ea64a9fb88e65e63168f2de", "number": "2188381096", "area-code": "770"}, {"id": "8a1ecbfe4ea64a9fb88e65e63168e7e7", "number": "3335108000", "area-code": "812"}, {"id": "8a1ecbfe4ea64a9fb88e65e63168e1fe", "number": "7815920389", "area-code": "781"}, {"id": "8a1ecbfe4ea64a9fb88e65e63168d4f0", "number": "9133203697", "area-code": "770"}, {"id": "8a1ecbfe4ea64a9fb88e65e63168c9c4", "number": "7709288082", "area-code": "770"}, {"id": "8a1ecbfe4ea64a9fb88e65e63168bfe9", "number": "8186066549", "area-code": "213"}, {"id": "8a1ecbfe4ea64a9fb88e65e63168b269", "number": "3603904595", "area-code": "360"}, {"id": "8a1ecbfe4ea64a9fb88e65e631689e1a", "number": "3058494301", "area-code": "213"}, {"id": "8a1ecbfe4ea64a9fb88e65e631688807", "number": "6026418867", "area-code": "612"}, {"id": "8a1ecbfe4ea64a9fb88e65e63168798b", "number": "828area missing", "area-code": "828"}, {"id": "8a1ecbfe4ea64a9fb88e65e631686d53", "number": "8442069035", "area-code": "919"}, {"id": "8a1ecbfe4ea64a9fb88e65e63168653c", "number": "8667177924", "area-code": "775"}, {"id": "8a1ecbfe4ea64a9fb88e65e6316862ec", "number": "8442069035", "area-code": "919"}, {"id": "8a1ecbfe4ea64a9fb88e65e631685454", "number": "5128669043", "area-code": "210"}, {"id": "8a1ecbfe4ea64a9fb88e65e631684d17", "number": "2029184722", "area-code": "307"}, {"id": "8a1ecbfe4ea64a9fb88e65e63168472b", "number": "6216410394", "area-code": "210"}, {"id": "8a1ecbfe4ea64a9fb88e65e631684518", "number": "8594485534", "area-code": "502"}, {"id": "8a1ecbfe4ea64a9fb88e65e6316828cc", "number": "9107882004", "area-code": "336"}, {"id": "8a1ecbfe4ea64a9fb88e65e6316821ce", "number": "6612366353", "area-code": "661"}, {"id": "8a1ecbfe4ea64a9fb88e65e6316815e9", "number": "6099520066", "area-code": "717"}, {"id": "8a1ecbfe4ea64a9fb88e65e631681361", "number": "6313649388", "area-code": "631"}, {"id": "8a1ecbfe4ea64a9fb88e65e6316805b2", "number": "2392159558", "area-code": "239"}, {"id": "8a1ecbfe4ea64a9fb88e65e63167f60a", "number": "8284893421", "area-code": "828"}, {"id": "8a1ecbfe4ea64a9fb88e65e63167ed77", "number": "6313749531", "area-code": "631"}, {"id": "8a1ecbfe4ea64a9fb88e65e63167e6e4", "number": "4808607001", "area-code": "520"}, {"id": "8a1ecbfe4ea64a9fb88e65e63167e227", "number": "8282480796", "area-code": "828"}, {"id": "8a1ecbfe4ea64a9fb88e65e63167e209", "number": "6313748594", "area-code": "631"}, {"id": "8a1ecbfe4ea64a9fb88e65e63167dd2c", "number": "9569096761", "area-code": "423"}, {"id": "8a1ecbfe4ea64a9fb88e65e63167d66d", "number": "6313749384", "area-code": "631"}, {"id": "8a1ecbfe4ea64a9fb88e65e63167d076", "number": "9284573556", "area-code": "520"}, {"id": "8a1ecbfe4ea64a9fb88e65e63167cce0", "number": "3012843532", "area-code": "301"}, {"id": "8a1ecbfe4ea64a9fb88e65e63167c17c", "number": "3022025661", "area-code": "302"}, {"id": "8a1ecbfe4ea64a9fb88e65e63167b309", "number": "6313749626", "area-code": "631"}, {"id": "8a1ecbfe4ea64a9fb88e65e63167a64e", "number": "2404749707", "area-code": "301"}, {"id": "8a1ecbfe4ea64a9fb88e65e63167996b", "number": "8103253383", "area-code": "810"}, {"id": "8a1ecbfe4ea64a9fb88e65e631678b79", "number": "6313749769", "area-code": "631"}, {"id": "8a1ecbfe4ea64a9fb88e65e63167842c", "number": "3015748729", "area-code": "301"}, {"id": "8a1ecbfe4ea64a9fb88e65e6316782cc", "number": "3235101282", "area-code": "301"}, {"id": "8a1ecbfe4ea64a9fb88e65e6316780b6", "number": "6313744941", "area-code": "631"}, {"id": "8a1ecbfe4ea64a9fb88e65e6316772a6", "number": "6313741106", "area-code": "631"}, {"id": "8a1ecbfe4ea64a9fb88e65e631677011", "number": "2156752228", "area-code": "215"}, {"id": "8a1ecbfe4ea64a9fb88e65e631676a22", "number": "3012347874", "area-code": "301"}, {"id": "8a1ecbfe4ea64a9fb88e65e63167616e", "number": "6313745779", "area-code": "631"}, {"id": "8a1ecbfe4ea64a9fb88e65e631675355", "number": "7204892166", "area-code": "301"}, {"id": "8a1ecbfe4ea64a9fb88e65e631675014", "number": "8001717110", "area-code": "215"}, {"id": "8a1ecbfe4ea64a9fb88e65e6316747cf", "number": "6313742418", "area-code": "631"}, {"id": "8a1ecbfe4ea64a9fb88e65e631674713", "number": "2402881858", "area-code": "301"}, {"id": "8a1ecbfe4ea64a9fb88e65e6316740f6", "number": "6313746867", "area-code": "631"}, {"id": "8a1ecbfe4ea64a9fb88e65e631673388", "number": "6313741962", "area-code": "631"}, {"id": "8a1ecbfe4ea64a9fb88e65e631672d23", "number": "3018222129", "area-code": "301"}, {"id": "8a1ecbfe4ea64a9fb88e65e631672020", "number": "7572313142", "area-code": "703"}, {"id": "8a1ecbfe4ea64a9fb88e65e6316719e7", "number": "6313749918", "area-code": "631"}, {"id": "8a1ecbfe4ea64a9fb88e65e631670c0e", "number": "8282480796", "area-code": "919"}, {"id": "8a1ecbfe4ea64a9fb88e65e631670594", "number": "8042209092", "area-code": "703"}, {"id": "8a1ecbfe4ea64a9fb88e65e6316704b6", "number": "3018308108", "area-code": "301"}, {"id": "8a1ecbfe4ea64a9fb88e65e631670362", "number": "6313749918", "area-code": "631"}, {"id": "8a1ecbfe4ea64a9fb88e65e63166fd95", "number": "6306533917", "area-code": "630"}, {"id": "8a1ecbfe4ea64a9fb88e65e63166fa00", "number": "6622418038", "area-code": "662"}, {"id": "8a1ecbfe4ea64a9fb88e65e63166f33d", "number": "8282480796", "area-code": "252"}, {"id": "8a1ecbfe4ea64a9fb88e65e63166f234", "number": "6313743206", "area-code": "631"}, {"id": "8a1ecbfe4ea64a9fb88e65e63166e444", "number": "9704588075", "area-code": "301"}, {"id": "8a1ecbfe4ea64a9fb88e65e63166ddd9", "number": "9085838096", "area-code": "616"}, {"id": "8a1ecbfe4ea64a9fb88e65e63166dca6", "number": "6313748745", "area-code": "631"}, {"id": "8a1ecbfe4ea64a9fb88e65e63166cf5b", "number": "8183972373", "area-code": "616"}, {"id": "8a1ecbfe4ea64a9fb88e65e63166cd0c", "number": "2026299711", "area-code": "301"}, {"id": "8a1ecbfe4ea64a9fb88e65e63166c85e", "number": "6313748063", "area-code": "631"}, {"id": "8a1ecbfe4ea64a9fb88e65e63166c7ff", "number": "6313743711", "area-code": "631"}, {"id": "8a1ecbfe4ea64a9fb88e65e63166b9ad", "number": "2096352454", "area-code": "301"}, {"id": "8a1ecbfe4ea64a9fb88e65e63166b341", "number": "6313748550", "area-code": "631"}, {"id": "8a1ecbfe4ea64a9fb88e65e63166a6d4", "number": "6672607817", "area-code": "301"}, {"id": "8a1ecbfe4ea64a9fb88e65e63166a37e", "number": "5153915415", "area-code": "301"}, {"id": "8a1ecbfe4ea64a9fb88e65e631669ff1", "number": "6313746591", "area-code": "631"}, {"id": "8a1ecbfe4ea64a9fb88e65e6316694b0", "number": "6313741242", "area-code": "631"}, {"id": "8a1ecbfe4ea64a9fb88e65e6316686c1", "number": "2023819417", "area-code": "847"}, {"id": "8a1ecbfe4ea64a9fb88e65e631667f79", "number": "9132709106", "area-code": "570"}, {"id": "8a1ecbfe4ea64a9fb88e65e63166786c", "number": "6313749769", "area-code": "631"}, {"id": "8a1ecbfe4ea64a9fb88e65e6316672c4", "number": "2029184716", "area-code": "352"}, {"id": "8a1ecbfe4ea64a9fb88e65e631666d53", "number": "6302937807", "area-code": "708"}, {"id": "8a1ecbfe4ea64a9fb88e65e6316670bf", "number": "3013550276", "area-code": "301"}, {"id": "8a1ecbfe4ea64a9fb88e65e631665e39", "number": "6313744368", "area-code": "631"}, {"id": "8a1ecbfe4ea64a9fb88e65e631665cad", "number": "3012653848", "area-code": "301"}, {"id": "8a1ecbfe4ea64a9fb88e65e6316657dd", "number": "6313745409", "area-code": "631"}, {"id": "8a1ecbfe4ea64a9fb88e65e63166490b", "number": "2069220193", "area-code": "216"}, {"id": "8a1ecbfe4ea64a9fb88e65e631663adf", "number": "6313742417", "area-code": "631"}, {"id": "8a1ecbfe4ea64a9fb88e65e631662c52", "number": "8888328671", "area-code": "703"}, {"id": "8a1ecbfe4ea64a9fb88e65e631662164", "number": "7328784245", "area-code": "732"}, {"id": "8a1ecbfe4ea64a9fb88e65e6316619b8", "number": "6313744421", "area-code": "631"}, {"id": "8a1ecbfe4ea64a9fb88e65e6316615fc", "number": "6313746170", "area-code": "631"}, {"id": "8a1ecbfe4ea64a9fb88e65e63166084b", "number": "6313747370", "area-code": "631"}, {"id": "8a1ecbfe4ea64a9fb88e65e63165f957", "number": "3183081740", "area-code": "318"}, {"id": "8a1ecbfe4ea64a9fb88e65e63165f6c8", "number": "6313745856", "area-code": "631"}, {"id": "8a1ecbfe4ea64a9fb88e65e63165ed89", "number": "6313744549", "area-code": "631"}, {"id": "8a1ecbfe4ea64a9fb88e65e63165e1e1", "number": "6313741726", "area-code": "631"}, {"id": "8a1ecbfe4ea64a9fb88e65e63165db46", "number": "9049541207", "area-code": "860"}, {"id": "8a1ecbfe4ea64a9fb88e65e63165d782", "number": "6313743148", "area-code": "631"}, {"id": "8a1ecbfe4ea64a9fb88e65e63165ce56", "number": "2187193313", "area-code": "914"}, {"id": "8a1ecbfe4ea64a9fb88e65e63165c66e", "number": "4067081383", "area-code": "972"}, {"id": "8a1ecbfe4ea64a9fb88e65e63165c423", "number": "8502785764", "area-code": "850"}, {"id": "8a1ecbfe4ea64a9fb88e65e63165c2b2", "number": "4102939141", "area-code": "410"}, {"id": "8a1ecbfe4ea64a9fb88e65e63165c04a", "number": "9049541207", "area-code": "860"}, {"id": "8a1ecbfe4ea64a9fb88e65e63165be29", "number": "8562062125", "area-code": "856"}, {"id": "8a1ecbfe4ea64a9fb88e65e63165ba70", "number": "4343310975", "area-code": "434"}, {"id": "8a1ecbfe4ea64a9fb88e65e63165b1f3", "number": "7173933060", "area-code": "570"}, {"id": "8a1ecbfe4ea64a9fb88e65e63165ab0b", "number": "8623053674", "area-code": "973"}, {"id": "8a1ecbfe4ea64a9fb88e65e631659d48", "number": "3302805907", "area-code": "484"}, {"id": "8a1ecbfe4ea64a9fb88e65e631659267", "number": "4694763287", "area-code": "484"}, {"id": "8a1ecbfe4ea64a9fb88e65e6316582d3", "number": "6507279011", "area-code": "484"}, {"id": "8a1ecbfe4ea64a9fb88e65e63165732b", "number": "4694763319", "area-code": "817"}, {"id": "8a1ecbfe4ea64a9fb88e65e631656ad8", "number": "2392212800", "area-code": "813"}, {"id": "8a1ecbfe4ea64a9fb88e65e6316563e9", "number": "7702831559", "area-code": "484"}, {"id": "8a1ecbfe4ea64a9fb88e65e631655f64", "number": "9374019495", "area-code": "817"}, {"id": "8a1ecbfe4ea64a9fb88e65e631655813", "number": "9373967363", "area-code": "484"}, {"id": "8a1ecbfe4ea64a9fb88e65e631654d5e", "number": "9013733670", "area-code": "901"}, {"id": "8a1ecbfe4ea64a9fb88e65e631654401", "number": "9013731201", "area-code": "901"}, {"id": "8a1ecbfe4ea64a9fb88e65e6316540cc", "number": "8188069753", "area-code": "484"}, {"id": "8a1ecbfe4ea64a9fb88e65e631653343", "number": "8003626299", "area-code": "901"}, {"id": "8a1ecbfe4ea64a9fb88e65e631652a4d", "number": "4694763285", "area-code": "484"}, {"id": "8a1ecbfe4ea64a9fb88e65e63165283e", "number": "9016023172", "area-code": "901"}, {"id": "8a1ecbfe4ea64a9fb88e65e631652398", "number": "9132513774", "area-code": "484"}, {"id": "8a1ecbfe4ea64a9fb88e65e631651de0", "number": "9132513776", "area-code": "484"}, {"id": "8a1ecbfe4ea64a9fb88e65e63165124c", "number": "3302805912", "area-code": "484"}, {"id": "8a1ecbfe4ea64a9fb88e65e631650dd0", "number": "5027948032", "area-code": "860"}, {"id": "8a1ecbfe4ea64a9fb88e65e6316502e1", "number": "7702831557", "area-code": "484"}, {"id": "8a1ecbfe4ea64a9fb88e65e63164f606", "number": "5027948037", "area-code": "860"}, {"id": "8a1ecbfe4ea64a9fb88e65e63164ecdc", "number": "5027948031", "area-code": "860"}, {"id": "8a1ecbfe4ea64a9fb88e65e63164e9d8", "number": "5027948032", "area-code": "860"}, {"id": "8a1ecbfe4ea64a9fb88e65e63164dba4", "number": "2024953655", "area-code": "304"}, {"id": "8a1ecbfe4ea64a9fb88e65e63164d00a", "number": "5027948037", "area-code": "860"}, {"id": "8a1ecbfe4ea64a9fb88e65e63164c147", "number": "5027948032", "area-code": "860"}, {"id": "8a1ecbfe4ea64a9fb88e65e63164b5b5", "number": "8556228832", "area-code": "201"}, {"id": "8a1ecbfe4ea64a9fb88e65e63164b179", "number": "5027948032", "area-code": "860"}, {"id": "8a1ecbfe4ea64a9fb88e65e63164ae11", "number": "5027948037", "area-code": "860"}, {"id": "8a1ecbfe4ea64a9fb88e65e631649f8e", "number": "2156574712", "area-code": "215"}, {"id": "8a1ecbfe4ea64a9fb88e65e631649af8", "number": "2403471664", "area-code": "304"}, {"id": "8a1ecbfe4ea64a9fb88e65e63164954b", "number": "7609632595", "area-code": "402"}, {"id": "8a1ecbfe4ea64a9fb88e65e631649188", "number": "9513179235", "area-code": "402"}, {"id": "8a1ecbfe4ea64a9fb88e65e631648ba9", "number": "2075202377", "area-code": "847"}, {"id": "8a1ecbfe4ea64a9fb88e65e6316489f2", "number": "3472428099", "area-code": "347"}, {"id": "8a1ecbfe4ea64a9fb88e65e631647d91", "number": "2012009997", "area-code": "847"}, {"id": "8a1ecbfe4ea64a9fb88e65e631646dd9", "number": "8444385490", "area-code": "847"}, {"id": "8a1ecbfe4ea64a9fb88e65e631646879", "number": "8002000825", "area-code": "847"}, {"id": "8a1ecbfe4ea64a9fb88e65e6316466df", "number": "3037224547", "area-code": "303"}, {"id": "8a1ecbfe4ea64a9fb88e65e6316461da", "number": "7207381653", "area-code": "303"}, {"id": "8a1ecbfe4ea64a9fb88e65e631644536", "number": "8472422164", "area-code": "847"}, {"id": "8a1ecbfe4ea64a9fb88e65e631645406", "number": "7192155933", "area-code": "303"}, {"id": "8a1ecbfe4ea64a9fb88e65e63164448f", "number": "3033530487", "area-code": "303"}, {"id": "8a1ecbfe4ea64a9fb88e65e631643f4b", "number": "4436197164", "area-code": "732"}, {"id": "8a1ecbfe4ea64a9fb88e65e631643b70", "number": "7207127215", "area-code": "720"}, {"id": "8a1ecbfe4ea64a9fb88e65e6316436b3", "number": "4348294566", "area-code": "540"}, {"id": "8a1ecbfe4ea64a9fb88e65e631642dbf", "number": "9546420145", "area-code": "954"}, {"id": "8a1ecbfe4ea64a9fb88e65e6316429d2", "number": "7156003558", "area-code": "715"}, {"id": "8a1ecbfe4ea64a9fb88e65e63164242e", "number": "2127148958", "area-code": "201"}, {"id": "8a1ecbfe4ea64a9fb88e65e631641f5c", "number": "2127148958", "area-code": "201"}, {"id": "8a1ecbfe4ea64a9fb88e65e63164137f", "number": "2127148958", "area-code": "201"}, {"id": "8a1ecbfe4ea64a9fb88e65e631640ad4", "number": "2127148958", "area-code": "201"}, {"id": "8a1ecbfe4ea64a9fb88e65e6316400cd", "number": "2127148958", "area-code": "201"}, {"id": "8a1ecbfe4ea64a9fb88e65e63163ffe8", "number": "2127148958", "area-code": "201"}, {"id": "8a1ecbfe4ea64a9fb88e65e63163ff80", "number": "8003333474", "area-code": "724"}, {"id": "8a1ecbfe4ea64a9fb88e65e63163f959", "number": "7242132586", "area-code": "724"}, {"id": "8a1ecbfe4ea64a9fb88e65e63163ee63", "number": "6047514409", "area-code": "919"}, {"id": "8a1ecbfe4ea64a9fb88e65e63163df8e", "number": "2567947559", "area-code": "256"}, {"id": "8a1ecbfe4ea64a9fb88e65e63163d1de", "number": "3323304170", "area-code": "732"}, {"id": "8a1ecbfe4ea64a9fb88e65e63163c8c1", "number": "9735137708", "area-code": "610"}, {"id": "8a1ecbfe4ea64a9fb88e65e63163c7f6", "number": "6466727430", "area-code": "610"}, {"id": "8a1ecbfe4ea64a9fb88e65e63163b829", "number": "6104250157", "area-code": "610"}, {"id": "8a1ecbfe4ea64a9fb88e65e63163b798", "number": "5126147954", "area-code": "424"}, {"id": "8a1ecbfe4ea64a9fb88e65e63163a943", "number": "8888406622", "area-code": "781"}, {"id": "8a1ecbfe4ea64a9fb88e65e631639f27", "number": "8775030574", "area-code": "785"}, {"id": "8a1ecbfe4ea64a9fb88e65e631639c7b", "number": "6202052252", "area-code": "785"}, {"id": "8a1ecbfe4ea64a9fb88e65e631638e1b", "number": "7853678349", "area-code": "785"}, {"id": "8a1ecbfe4ea64a9fb88e65e631638020", "number": "6206153389", "area-code": "785"}, {"id": "8a1ecbfe4ea64a9fb88e65e631637e42", "number": "7852099003", "area-code": "785"}, {"id": "8a1ecbfe4ea64a9fb88e65e631637072", "number": "2312442752", "area-code": "785"}, {"id": "8a1ecbfe4ea64a9fb88e65e6316366f2", "number": "8166922212", "area-code": "785"}, {"id": "8a1ecbfe4ea64a9fb88e65e631635be3", "number": "3163335689", "area-code": "785"}, {"id": "8a1ecbfe4ea64a9fb88e65e63163509f", "number": "5015051644", "area-code": "501"}, {"id": "8a1ecbfe4ea64a9fb88e65e6316341a8", "number": "6154179451", "area-code": "615"}, {"id": "8a1ecbfe4ea64a9fb88e65e631633ba0", "number": "6192181707", "area-code": "619"}, {"id": "8a1ecbfe4ea64a9fb88e65e63163308a", "number": "9321209170", "area-code": "952"}]