{"data": [{"id": "18bca496da38ca8c6e9d93d95c3f2444", "number": "3016644737", "area-code": "301"}, {"id": "18bca496da38ca8c6e9d93d95c3f1af7", "number": "8316094970", "area-code": "209"}, {"id": "18bca496da38ca8c6e9d93d95c3f121a", "number": "6084301062", "area-code": "608"}, {"id": "18bca496da38ca8c6e9d93d95c3f0f1e", "number": "6029604849", "area-code": "602"}, {"id": "18bca496da38ca8c6e9d93d95c3f0381", "number": "", "area-code": "415"}, {"id": "18bca496da38ca8c6e9d93d95c3eff83", "number": "6085377746", "area-code": "608"}, {"id": "18bca496da38ca8c6e9d93d95c3ef1db", "number": "9713464600", "area-code": "503"}, {"id": "18bca496da38ca8c6e9d93d95c3ee937", "number": "3174144808", "area-code": "608"}, {"id": "18bca496da38ca8c6e9d93d95c3ee2c6", "number": "3052314348", "area-code": "510"}, {"id": "18bca496da38ca8c6e9d93d95c3ed4c2", "number": "5417276961", "area-code": "503"}, {"id": "18bca496da38ca8c6e9d93d95c3ed3dd", "number": "8885240691", "area-code": "608"}, {"id": "18bca496da38ca8c6e9d93d95c3ed228", "number": "5106546601", "area-code": "510"}, {"id": "18bca496da38ca8c6e9d93d95c3ece09", "number": "6282615397", "area-code": "831"}, {"id": "18bca496da38ca8c6e9d93d95c3ec527", "number": "5103700146", "area-code": "510"}, {"id": "18bca496da38ca8c6e9d93d95c3ebf5c", "number": "6083719335", "area-code": "608"}, {"id": "18bca496da38ca8c6e9d93d95c3ebe3a", "number": "", "area-code": "415"}, {"id": "18bca496da38ca8c6e9d93d95c3eb1ce", "number": "5106022802", "area-code": "510"}, {"id": "18bca496da38ca8c6e9d93d95c3ea781", "number": "7472273793", "area-code": "650"}, {"id": "18bca496da38ca8c6e9d93d95c3e9a5a", "number": "9128756125", "area-code": "608"}, {"id": "18bca496da38ca8c6e9d93d95c3e9666", "number": "9492848076", "area-code": "561"}, {"id": "18bca496da38ca8c6e9d93d95c3e920a", "number": "5594744105", "area-code": "650"}, {"id": "18bca496da38ca8c6e9d93d95c3e84ec", "number": "5106471263", "area-code": "510"}, {"id": "18bca496da38ca8c6e9d93d95c3e7ab6", "number": "4147103060", "area-code": "608"}, {"id": "18bca496da38ca8c6e9d93d95c3e6f8b", "number": "9165940489", "area-code": "650"}, {"id": "18bca496da38ca8c6e9d93d95c3e658d", "number": "5158843419", "area-code": "510"}, {"id": "18bca496da38ca8c6e9d93d95c3e5e59", "number": "5739596903", "area-code": "608"}, {"id": "18bca496da38ca8c6e9d93d95c3e50a9", "number": "9044135377", "area-code": "352"}, {"id": "18bca496da38ca8c6e9d93d95c3e4beb", "number": "5105642240", "area-code": "510"}, {"id": "18bca496da38ca8c6e9d93d95c3e3ea7", "number": "5106877753", "area-code": "510"}, {"id": "18bca496da38ca8c6e9d93d95c3e3e3f", "number": "3525801622", "area-code": "352"}, {"id": "18bca496da38ca8c6e9d93d95c3e31df", "number": "5730364375", "area-code": "608"}, {"id": "18bca496da38ca8c6e9d93d95c3e2264", "number": "6282095687", "area-code": "415"}, {"id": "18bca496da38ca8c6e9d93d95c3e1d86", "number": "8030095684", "area-code": "609"}, {"id": "18bca496da38ca8c6e9d93d95c3e1a8c", "number": "8558592056", "area-code": "510"}, {"id": "18bca496da38ca8c6e9d93d95c3e191f", "number": "6363845364", "area-code": "925"}, {"id": "18bca496da38ca8c6e9d93d95c3e12ad", "number": "8106234222", "area-code": "248"}, {"id": "18bca496da38ca8c6e9d93d95c3e0b58", "number": "5104549077", "area-code": "510"}, {"id": "18bca496da38ca8c6e9d93d95c3dff61", "number": "8038272408", "area-code": "609"}, {"id": "18bca496da38ca8c6e9d93d95c3dfa01", "number": "6818230029", "area-code": "608"}, {"id": "18bca496da38ca8c6e9d93d95c3dea53", "number": "5137252148", "area-code": "513"}, {"id": "18bca496da38ca8c6e9d93d95c3de2df", "number": "6013261840", "area-code": "601"}, {"id": "18bca496da38ca8c6e9d93d95c3de162", "number": "9083435517", "area-code": "510"}, {"id": "18bca496da38ca8c6e9d93d95c3dd677", "number": "4164631442", "area-code": "609"}, {"id": "18bca496da38ca8c6e9d93d95c3dd1d2", "number": "2085076639", "area-code": "208"}, {"id": "18bca496da38ca8c6e9d93d95c3dcd0e", "number": "9705725069", "area-code": "608"}, {"id": "18bca496da38ca8c6e9d93d95c3dc74a", "number": "3215255079", "area-code": "716"}, {"id": "18bca496da38ca8c6e9d93d95c3dc310", "number": "3018516358", "area-code": "916"}, {"id": "18bca496da38ca8c6e9d93d95c3db8b1", "number": "6013261840", "area-code": "601"}, {"id": "18bca496da38ca8c6e9d93d95c3db47f", "number": "2486348325", "area-code": "248"}, {"id": "18bca496da38ca8c6e9d93d95c3da6bd", "number": "8036491879", "area-code": "609"}]}