{"data": [{"id": "dcf2176bcc2acb7cb9a5afaa6d6daa73", "number": "4197248900", "area-code": "567"}, {"id": "dcf2176bcc2acb7cb9a5afaa6d6da0d5", "number": "2818315429", "area-code": "517"}, {"id": "dcf2176bcc2acb7cb9a5afaa6d6d9dab", "number": "3108783213", "area-code": "817"}, {"id": "dcf2176bcc2acb7cb9a5afaa6d6d8f27", "number": "press1", "area-code": "424"}, {"id": "dcf2176bcc2acb7cb9a5afaa6d6d8161", "number": "", "area-code": "817"}, {"id": "dcf2176bcc2acb7cb9a5afaa6d6d7716", "number": "6123532973", "area-code": "608"}, {"id": "dcf2176bcc2acb7cb9a5afaa6d6d73b2", "number": "5203857015", "area-code": "443"}, {"id": "dcf2176bcc2acb7cb9a5afaa6d6d6804", "number": "3369581197", "area-code": "336"}, {"id": "dcf2176bcc2acb7cb9a5afaa6d6d6125", "number": "8556784783", "area-code": "310"}, {"id": "dcf2176bcc2acb7cb9a5afaa6d6d59d8", "number": "2255003012", "area-code": "704"}, {"id": "dcf2176bcc2acb7cb9a5afaa6d6d526c", "number": "8556786051", "area-code": "310"}, {"id": "dcf2176bcc2acb7cb9a5afaa6d6d498b", "number": "7128469383", "area-code": "336"}, {"id": "dcf2176bcc2acb7cb9a5afaa6d6d4050", "number": "8556785676", "area-code": "310"}, {"id": "dcf2176bcc2acb7cb9a5afaa6d6d3a40", "number": "4057797119", "area-code": "719"}, {"id": "dcf2176bcc2acb7cb9a5afaa6d6d3731", "number": "", "area-code": "719"}, {"id": "dcf2176bcc2acb7cb9a5afaa6d6d3692", "number": "3134459258", "area-code": "313"}, {"id": "dcf2176bcc2acb7cb9a5afaa6d6d2cf1", "number": "8883314148", "area-code": "717"}, {"id": "dcf2176bcc2acb7cb9a5afaa6d6d2b8d", "number": "8324130387", "area-code": "832"}, {"id": "dcf2176bcc2acb7cb9a5afaa6d6d1ba0", "number": "", "area-code": "800"}, {"id": "dcf2176bcc2acb7cb9a5afaa6d6d114f", "number": "8443940579", "area-code": "480"}, {"id": "dcf2176bcc2acb7cb9a5afaa6d6d0c49", "number": "534512453344", "area-code": "973"}, {"id": "dcf2176bcc2acb7cb9a5afaa6d6d0bcf", "number": "8177531058", "area-code": "832"}, {"id": "dcf2176bcc2acb7cb9a5afaa6d6d04b9", "number": "9543883156", "area-code": "832"}, {"id": "dcf2176bcc2acb7cb9a5afaa6d6cfd39", "number": "9546942178", "area-code": "832"}, {"id": "dcf2176bcc2acb7cb9a5afaa6d6cf0ad", "number": "2134540336", "area-code": "262"}, {"id": "dcf2176bcc2acb7cb9a5afaa6d6ce14c", "number": "8177531057", "area-code": "832"}, {"id": "dcf2176bcc2acb7cb9a5afaa6d6cdf7d", "number": "", "area-code": "888"}, {"id": "dcf2176bcc2acb7cb9a5afaa6d6cdc04", "number": "2815078875", "area-code": "832"}, {"id": "dcf2176bcc2acb7cb9a5afaa6d6cd72b", "number": "8324021469", "area-code": "832"}, {"id": "dcf2176bcc2acb7cb9a5afaa6d6cd3e7", "number": "8185508248", "area-code": "818"}, {"id": "dcf2176bcc2acb7cb9a5afaa6d6cc6da", "number": "8187365120", "area-code": "818"}, {"id": "dcf2176bcc2acb7cb9a5afaa6d6cbddd", "number": "8323072768", "area-code": "832"}, {"id": "dcf2176bcc2acb7cb9a5afaa6d6cb5b6", "number": "8185627972", "area-code": "818"}, {"id": "dcf2176bcc2acb7cb9a5afaa6d6cb125", "number": "3145836989", "area-code": "314"}, {"id": "dcf2176bcc2acb7cb9a5afaa6d6ca797", "number": "8185633690", "area-code": "818"}, {"id": "dcf2176bcc2acb7cb9a5afaa6d6c9d01", "number": "8323654463", "area-code": "832"}, {"id": "dcf2176bcc2acb7cb9a5afaa6d6c9c2d", "number": "8324336777", "area-code": "832"}, {"id": "dcf2176bcc2acb7cb9a5afaa6d6c944e", "number": "9142496083", "area-code": "913"}, {"id": "dcf2176bcc2acb7cb9a5afaa6d6c9100", "number": "9546942123", "area-code": "832"}, {"id": "dcf2176bcc2acb7cb9a5afaa6d6c8ae7", "number": "", "area-code": "559"}, {"id": "dcf2176bcc2acb7cb9a5afaa6d6c8690", "number": "8324903853", "area-code": "832"}, {"id": "dcf2176bcc2acb7cb9a5afaa6d6c803b", "number": "", "area-code": "956"}, {"id": "dcf2176bcc2acb7cb9a5afaa6d6c7a44", "number": "7199378613", "area-code": "970"}, {"id": "dcf2176bcc2acb7cb9a5afaa6d6c7898", "number": "4086248930", "area-code": "800"}, {"id": "dcf2176bcc2acb7cb9a5afaa6d6c5b64", "number": "7144081741", "area-code": "831"}, {"id": "dcf2176bcc2acb7cb9a5afaa6d6c69ed", "number": "6501290036", "area-code": "831"}, {"id": "dcf2176bcc2acb7cb9a5afaa6d6c666c", "number": "7542197083", "area-code": "832"}, {"id": "dcf2176bcc2acb7cb9a5afaa6d6c4bd8", "number": "9014374880", "area-code": "831"}, {"id": "dcf2176bcc2acb7cb9a5afaa6d6c2f7b", "number": "7144081741", "area-code": "831"}, {"id": "dcf2176bcc2acb7cb9a5afaa6d6c42e1", "number": "8315249211", "area-code": "831"}]}