{"data": [{"id": "dcf2176bcc2acb7cb9a5afaa6d1590d4", "number": "9404456819", "area-code": "940"}, {"id": "dcf2176bcc2acb7cb9a5afaa6d005da0", "number": "2022171014", "area-code": "717"}, {"id": "dcf2176bcc2acb7cb9a5afaa6d159e51", "number": "7732495891", "area-code": "773"}, {"id": "dcf2176bcc2acb7cb9a5afaa6d159cc9", "number": "2128544969", "area-code": "212"}, {"id": "dcf2176bcc2acb7cb9a5afaa6d00557b", "number": "", "area-code": "440"}, {"id": "dcf2176bcc2acb7cb9a5afaa6d159fa8", "number": "+14432275334", "area-code": "443"}, {"id": "dcf2176bcc2acb7cb9a5afaa6d158154", "number": "+15404560322", "area-code": "540"}, {"id": "dcf2176bcc2acb7cb9a5afaa6d0045a5", "number": "7174962958", "area-code": "717"}, {"id": "dcf2176bcc2acb7cb9a5afaa6d0040f3", "number": "4402288363", "area-code": "440"}, {"id": "dcf2176bcc2acb7cb9a5afaa6d15a274", "number": "8176921495", "area-code": "817"}, {"id": "dcf2176bcc2acb7cb9a5afaa6d152d97", "number": "8174319471", "area-code": "817"}, {"id": "dcf2176bcc2acb7cb9a5afaa6d156ec8", "number": "8174319471", "area-code": "817"}, {"id": "dcf2176bcc2acb7cb9a5afaa6d154dce", "number": "8173675237", "area-code": "817"}, {"id": "dcf2176bcc2acb7cb9a5afaa6d153278", "number": "8173675237", "area-code": "817"}, {"id": "dcf2176bcc2acb7cb9a5afaa6d003b07", "number": "8316377675", "area-code": "831"}, {"id": "dcf2176bcc2acb7cb9a5afaa6d156246", "number": "7138003369", "area-code": "817"}, {"id": "dcf2176bcc2acb7cb9a5afaa6d15420e", "number": "+18435688615", "area-code": "843"}, {"id": "dcf2176bcc2acb7cb9a5afaa6d157742", "number": "4306976456", "area-code": "817"}, {"id": "dcf2176bcc2acb7cb9a5afaa6d153876", "number": "4306976456", "area-code": "817"}, {"id": "dcf2176bcc2acb7cb9a5afaa6d003a33", "number": "8316376316", "area-code": "831"}, {"id": "dcf2176bcc2acb7cb9a5afaa6d1539a0", "number": "7704009123", "area-code": "770"}, {"id": "dcf2176bcc2acb7cb9a5afaa6d155c53", "number": "7374043914", "area-code": "512"}, {"id": "dcf2176bcc2acb7cb9a5afaa6d0034e8", "number": "8003661213", "area-code": "570"}, {"id": "dcf2176bcc2acb7cb9a5afaa6d003116", "number": "8316373763", "area-code": "831"}, {"id": "dcf2176bcc2acb7cb9a5afaa6d1516c9", "number": "+16462052629", "area-code": "917"}, {"id": "dcf2176bcc2acb7cb9a5afaa6d15240c", "number": "+15858001582", "area-code": "917"}, {"id": "dcf2176bcc2acb7cb9a5afaa6d002eb5", "number": "9206185458", "area-code": "920"}, {"id": "dcf2176bcc2acb7cb9a5afaa6d1722f1", "number": "8316378703", "area-code": "831"}, {"id": "dcf2176bcc2acb7cb9a5afaa6d1511a4", "number": "+12409013587", "area-code": "917"}, {"id": "dcf2176bcc2acb7cb9a5afaa6d0026f5", "number": "3237957638", "area-code": "323"}, {"id": "dcf2176bcc2acb7cb9a5afaa6d1524b0", "number": "6786612201", "area-code": "512"}, {"id": "dcf2176bcc2acb7cb9a5afaa6d151654", "number": "+18155528399", "area-code": "917"}, {"id": "dcf2176bcc2acb7cb9a5afaa6d0017ec", "number": "3123804080", "area-code": "773"}, {"id": "dcf2176bcc2acb7cb9a5afaa6d00160f", "number": "7345894962", "area-code": "800"}, {"id": "dcf2176bcc2acb7cb9a5afaa6d000ecc", "number": "9179239155", "area-code": "920"}, {"id": "dcf2176bcc2acb7cb9a5afaa6d000a7f", "number": "3123481562", "area-code": "773"}, {"id": "dc40ff639d834278a48ef22f2cffed76", "number": "", "area-code": "323"}, {"id": "dc40ff639d834278a48ef22f2cfff5d8", "number": "4079490310", "area-code": "920"}, {"id": "dc40ff639d834278a48ef22f2cffdded", "number": "4794346188", "area-code": "479"}, {"id": "dc40ff639d834278a48ef22f2cffdaeb", "number": "2727131941", "area-code": "920"}, {"id": "dc40ff639d834278a48ef22f2cffd3d8", "number": "7202627665", "area-code": "303"}, {"id": "dcf2176bcc2acb7cb9a5afaa6d171550", "number": "8316371378", "area-code": "831"}, {"id": "dc40ff639d834278a48ef22f2cffc974", "number": "9794924639", "area-code": "920"}, {"id": "dc40ff639d834278a48ef22f2cffbf98", "number": "4806134287", "area-code": "920"}, {"id": "dc40ff639d834278a48ef22f2cffb947", "number": "7473336501", "area-code": "323"}, {"id": "dc40ff639d834278a48ef22f2cffaba9", "number": "9202123286", "area-code": "920"}, {"id": "dc40ff639d834278a48ef22f2cffa387", "number": "9171692634", "area-code": "920"}, {"id": "dc40ff639d834278a48ef22f2cff9acf", "number": "7144081741", "area-code": "831"}, {"id": "dcf2176bcc2acb7cb9a5afaa6d150a90", "number": "+16026558930", "area-code": "602"}, {"id": "dc40ff639d834278a48ef22f2cff8bee", "number": "7144081741", "area-code": "831"}]}