{"data": [{"id": "8f94c31de100ed7f9ce5eb57cadf530d", "number": "5207773401", "area-code": "720"}, {"id": "f19e3d11bf8fb965e313a1bfa71496ed", "number": "+18444200202", "area-code": "786"}, {"id": "8f94c31de100ed7f9ce5eb57cadf46b5", "number": "4044754873", "area-code": "404"}, {"id": "f19e3d11bf8fb965e313a1bfa71491eb", "number": "7322509764", "area-code": "732"}, {"id": "f19e3d11bf8fb965e313a1bfa71470c9", "number": "2018606574", "area-code": "201"}, {"id": "f19e3d11bf8fb965e313a1bfa7146f4d", "number": "2018606574", "area-code": "201"}, {"id": "8f94c31de100ed7f9ce5eb57cadf39b0", "number": "8059799216", "area-code": "702"}, {"id": "f19e3d11bf8fb965e313a1bfa7147837", "number": "+12675708321", "area-code": "347"}, {"id": "8f94c31de100ed7f9ce5eb57cadf2e3e", "number": "7026058040", "area-code": "702"}, {"id": "f19e3d11bf8fb965e313a1bfa714efdd", "number": "6152743435", "area-code": "615"}, {"id": "8f94c31de100ed7f9ce5eb57cadf2411", "number": "8886546481", "area-code": "803"}, {"id": "f19e3d11bf8fb965e313a1bfa714aae7", "number": "+14806742457", "area-code": "636"}, {"id": "8f94c31de100ed7f9ce5eb57cadf218c", "number": "6782553160", "area-code": "404"}, {"id": "8f94c31de100ed7f9ce5eb57cadf1e55", "number": "6158625868", "area-code": "615"}, {"id": "f19e3d11bf8fb965e313a1bfa714e0b7", "number": "+17874986113", "area-code": "787"}, {"id": "f19e3d11bf8fb965e313a1bfa714a68a", "number": "2565807240", "area-code": "334"}, {"id": "8f94c31de100ed7f9ce5eb57cadf189d", "number": "5039371991", "area-code": "702"}, {"id": "8f94c31de100ed7f9ce5eb57cadf11c3", "number": "", "area-code": "916"}, {"id": "f19e3d11bf8fb965e313a1bfa714d132", "number": "3617652681", "area-code": "361"}, {"id": "8f94c31de100ed7f9ce5eb57cadf0548", "number": "6616091506", "area-code": "661"}, {"id": "f19e3d11bf8fb965e313a1bfa714b8fb", "number": "3307807567", "area-code": "330"}, {"id": "8f94c31de100ed7f9ce5eb57cadefa88", "number": "4049744073", "area-code": "404"}, {"id": "8f94c31de100ed7f9ce5eb57cadef4ad", "number": "7145385208", "area-code": "714"}, {"id": "f19e3d11bf8fb965e313a1bfa714c28a", "number": "+17255021984", "area-code": "702"}, {"id": "f19e3d11bf8fb965e313a1bfa71481f5", "number": "+17045502201", "area-code": "404"}, {"id": "8f94c31de100ed7f9ce5eb57cadee580", "number": "8184142200", "area-code": "818"}, {"id": "8f94c31de100ed7f9ce5eb57cadee032", "number": "2172039455", "area-code": "404"}, {"id": "8f94c31de100ed7f9ce5eb57cadedb52", "number": "8184149710", "area-code": "818"}, {"id": "f19e3d11bf8fb965e313a1bfa7142a14", "number": "4432642722", "area-code": "443"}, {"id": "f19e3d11bf8fb965e313a1bfa71444fd", "number": "7017763924", "area-code": "701"}, {"id": "f19e3d11bf8fb965e313a1bfa7146776", "number": "7017337100", "area-code": "701"}, {"id": "f19e3d11bf8fb965e313a1bfa713cc68", "number": "+13109193206", "area-code": "972"}, {"id": "f19e3d11bf8fb965e313a1bfa713b668", "number": "7017337100", "area-code": "701"}, {"id": "f19e3d11bf8fb965e313a1bfa7143d69", "number": "+19014952374", "area-code": "901"}, {"id": "f19e3d11bf8fb965e313a1bfa7140527", "number": "7017337100", "area-code": "701"}, {"id": "8f94c31de100ed7f9ce5eb57caded174", "number": "", "area-code": "615"}, {"id": "f19e3d11bf8fb965e313a1bfa7141c2d", "number": "+19179979139", "area-code": "646"}, {"id": "8f94c31de100ed7f9ce5eb57cadec20c", "number": "8184337288", "area-code": "818"}, {"id": "f19e3d11bf8fb965e313a1bfa713d559", "number": "7017337100", "area-code": "701"}, {"id": "f19e3d11bf8fb965e313a1bfa713c604", "number": "7017337100", "area-code": "701"}, {"id": "f19e3d11bf8fb965e313a1bfa7144e05", "number": "8132532658", "area-code": "813"}, {"id": "f19e3d11bf8fb965e313a1bfa713f216", "number": "+18064786142", "area-code": "210"}, {"id": "f19e3d11bf8fb965e313a1bfa713e41b", "number": "+12706536930", "area-code": "832"}, {"id": "f19e3d11bf8fb965e313a1bfa7143012", "number": "3057714829", "area-code": "954"}, {"id": "8f94c31de100ed7f9ce5eb57cadebde4", "number": "5093493014", "area-code": "404"}, {"id": "8f94c31de100ed7f9ce5eb57cadeb66f", "number": "6469931217", "area-code": "845"}, {"id": "8f94c31de100ed7f9ce5eb57cadea751", "number": "8188743373", "area-code": "818"}, {"id": "f19e3d11bf8fb965e313a1bfa7145758", "number": "2056026205", "area-code": "205"}, {"id": "8f94c31de100ed7f9ce5eb57cadea726", "number": "3104993116", "area-code": "310"}, {"id": "8f94c31de100ed7f9ce5eb57cadea63e", "number": "4044075194", "area-code": "770"}]}