{"data": [{"id": "f19e3d11bf8fb965e313a1bfa7fb561d", "number": "4693517839", "area-code": "713"}, {"id": "f19e3d11bf8fb965e313a1bfa7da4a0f", "number": "3152328257", "area-code": "478"}, {"id": "f19e3d11bf8fb965e313a1bfa7fb4ca2", "number": "4696176603", "area-code": "713"}, {"id": "f19e3d11bf8fb965e313a1bfa7da39d7", "number": "2142952844", "area-code": "847"}, {"id": "f19e3d11bf8fb965e313a1bfa7da49f2", "number": "4244053880", "area-code": "213"}, {"id": "f19e3d11bf8fb965e313a1bfa7da4028", "number": "5625340028", "area-code": "408"}, {"id": "f19e3d11bf8fb965e313a1bfa7da2a81", "number": "8184950226", "area-code": "718"}, {"id": "f19e3d11bf8fb965e313a1bfa7da1b3f", "number": "8474851000", "area-code": "847"}, {"id": "f19e3d11bf8fb965e313a1bfa7da118a", "number": "8886686929", "area-code": "734"}, {"id": "f19e3d11bf8fb965e313a1bfa7da0ddb", "number": "3095337928", "area-code": "847"}, {"id": "f19e3d11bf8fb965e313a1bfa7fb4335", "number": "4693937553", "area-code": "972"}, {"id": "f19e3d11bf8fb965e313a1bfa7d9f7cc", "number": "2142952844", "area-code": "847"}, {"id": "f19e3d11bf8fb965e313a1bfa7da019a", "number": "7024235205", "area-code": "434"}, {"id": "f19e3d11bf8fb965e313a1bfa7d9ef49", "number": "3179221256", "area-code": "847"}, {"id": "f19e3d11bf8fb965e313a1bfa7fb28d7", "number": "+19706171184", "area-code": "818"}, {"id": "f19e3d11bf8fb965e313a1bfa7fb1dde", "number": "+14585001263", "area-code": "818"}, {"id": "f19e3d11bf8fb965e313a1bfa7d9e75c", "number": "7187708775", "area-code": "718"}, {"id": "f19e3d11bf8fb965e313a1bfa7d9d5b5", "number": "8474720734", "area-code": "847"}, {"id": "f19e3d11bf8fb965e313a1bfa7d9d980", "number": "6123553459", "area-code": "612"}, {"id": "f19e3d11bf8fb965e313a1bfa7d9d0bb", "number": "8452883827", "area-code": "845"}, {"id": "f19e3d11bf8fb965e313a1bfa7fb1162", "number": "+14076053955", "area-code": "407"}, {"id": "f19e3d11bf8fb965e313a1bfa7fb36a9", "number": "+14805089203", "area-code": "480"}, {"id": "f19e3d11bf8fb965e313a1bfa7d9cc24", "number": "", "area-code": "845"}, {"id": "f19e3d11bf8fb965e313a1bfa7fb028a", "number": "8142722819", "area-code": "219"}, {"id": "f19e3d11bf8fb965e313a1bfa7d9c8d2", "number": "8586239920", "area-code": "858"}, {"id": "f19e3d11bf8fb965e313a1bfa7d9c0cb", "number": "8722527901", "area-code": "847"}, {"id": "f19e3d11bf8fb965e313a1bfa7fb0fb1", "number": "+18182454400", "area-code": "818"}, {"id": "f19e3d11bf8fb965e313a1bfa7d9b67b", "number": "2028101862", "area-code": "847"}, {"id": "f19e3d11bf8fb965e313a1bfa7d9a6ec", "number": "6122483628", "area-code": "612"}, {"id": "f19e3d11bf8fb965e313a1bfa7d99ad0", "number": "6097553917", "area-code": "609"}, {"id": "f19e3d11bf8fb965e313a1bfa7d99428", "number": "7739020725", "area-code": "847"}, {"id": "f19e3d11bf8fb965e313a1bfa7d99856", "number": "9563060239", "area-code": "619"}, {"id": "f19e3d11bf8fb965e313a1bfa7faf9da", "number": "+12189933430", "area-code": "218"}, {"id": "f19e3d11bf8fb965e313a1bfa7d98b1b", "number": "5186343581", "area-code": "619"}, {"id": "f19e3d11bf8fb965e313a1bfa7faf110", "number": "9842134089", "area-code": "984"}, {"id": "f19e3d11bf8fb965e313a1bfa7d97ee1", "number": "", "area-code": "614"}, {"id": "f19e3d11bf8fb965e313a1bfa7fadb63", "number": "+18285893685", "area-code": "847"}, {"id": "f19e3d11bf8fb965e313a1bfa7fae8bf", "number": "+18764395211", "area-code": "313"}, {"id": "f19e3d11bf8fb965e313a1bfa7fad1ac", "number": "+17347277400", "area-code": "734"}, {"id": "f19e3d11bf8fb965e313a1bfa7fabf11", "number": "+17345440726", "area-code": "734"}, {"id": "f19e3d11bf8fb965e313a1bfa7facd95", "number": "+17345470744", "area-code": "734"}, {"id": "f19e3d11bf8fb965e313a1bfa7faccfa", "number": "3212449828", "area-code": "321"}, {"id": "f19e3d11bf8fb965e313a1bfa7d97bbf", "number": "7705327588", "area-code": "770"}, {"id": "f19e3d11bf8fb965e313a1bfa7fabec6", "number": "8607408076", "area-code": "860"}, {"id": "f19e3d11bf8fb965e313a1bfa7fab0c9", "number": "3212642782", "area-code": "321"}, {"id": "f19e3d11bf8fb965e313a1bfa7d96bd7", "number": "9019229539", "area-code": "901"}, {"id": "f19e3d11bf8fb965e313a1bfa7d96606", "number": "4342349530", "area-code": "434"}, {"id": "f19e3d11bf8fb965e313a1bfa7d962e5", "number": "5409238000", "area-code": "720"}, {"id": "f19e3d11bf8fb965e313a1bfa7faa1a5", "number": "+18772584825", "area-code": "808"}, {"id": "f19e3d11bf8fb965e313a1bfa7d95d10", "number": "2029686593", "area-code": "585"}]}