{"data": [{"id": "edb22cbf7fb8fdcc736f46a8d2c299d4", "number": "+14438322013", "area-code": "443"}, {"id": "edb22cbf7fb8fdcc736f46a8d2c26c2d", "number": "+12108772448", "area-code": "210"}, {"id": "edb22cbf7fb8fdcc736f46a8d2c23ecd", "number": "+19498890091", "area-code": "313"}, {"id": "edb22cbf7fb8fdcc736f46a8d2c1f7cc", "number": "3308004121", "area-code": "206"}, {"id": "edb22cbf7fb8fdcc736f46a8d2c2054f", "number": "+16194521441", "area-code": "619"}, {"id": "edb22cbf7fb8fdcc736f46a8d2921e21", "number": "", "area-code": "206"}, {"id": "edb22cbf7fb8fdcc736f46a8d2c22cce", "number": "8475970537", "area-code": "847"}, {"id": "edb22cbf7fb8fdcc736f46a8d2c27700", "number": "2094464899", "area-code": "925"}, {"id": "edb22cbf7fb8fdcc736f46a8d2c218d7", "number": "+17622245240", "area-code": "404"}, {"id": "edb22cbf7fb8fdcc736f46a8d2c22a8e", "number": "+12063473947", "area-code": "206"}, {"id": "edb22cbf7fb8fdcc736f46a8d2c293ad", "number": "2159548050", "area-code": "215"}, {"id": "edb22cbf7fb8fdcc736f46a8d2921c77", "number": "", "area-code": "206"}, {"id": "edb22cbf7fb8fdcc736f46a8d2c28428", "number": "+13528051188", "area-code": "352"}, {"id": "edb22cbf7fb8fdcc736f46a8d2c26a58", "number": "+12063122400", "area-code": "206"}, {"id": "edb22cbf7fb8fdcc736f46a8d2c25a93", "number": "+15126715413", "area-code": "682"}, {"id": "edb22cbf7fb8fdcc736f46a8d2c27997", "number": "+19703440226", "area-code": "313"}, {"id": "edb22cbf7fb8fdcc736f46a8d2c2a32c", "number": "+19728296147", "area-code": "972"}, {"id": "edb22cbf7fb8fdcc736f46a8d2c244b7", "number": "+19498890091", "area-code": "313"}, {"id": "edb22cbf7fb8fdcc736f46a8d2c24b1f", "number": "4698110089", "area-code": "469"}, {"id": "edb22cbf7fb8fdcc736f46a8d2c23773", "number": "+13612019864", "area-code": "972"}, {"id": "edb22cbf7fb8fdcc736f46a8d29217e3", "number": "5622182612", "area-code": "949"}, {"id": "edb22cbf7fb8fdcc736f46a8d2c21191", "number": "4693100936", "area-code": "469"}, {"id": "edb22cbf7fb8fdcc736f46a8d2c1ee00", "number": "+19726669273", "area-code": "972"}, {"id": "edb22cbf7fb8fdcc736f46a8d292084d", "number": "9492844465", "area-code": "949"}, {"id": "edb22cbf7fb8fdcc736f46a8d2c2271f", "number": "+19724763241", "area-code": "972"}, {"id": "edb22cbf7fb8fdcc736f46a8d2c1e78d", "number": "+16319401873", "area-code": "985"}, {"id": "edb22cbf7fb8fdcc736f46a8d2c2a86e", "number": "+19722036373", "area-code": "972"}, {"id": "edb22cbf7fb8fdcc736f46a8d2c1dd08", "number": "+19096261852", "area-code": "909"}, {"id": "edb22cbf7fb8fdcc736f46a8d2c26d57", "number": "8156356439", "area-code": "815"}, {"id": "edb22cbf7fb8fdcc736f46a8d2c24e3d", "number": "8158690173", "area-code": "815"}, {"id": "edb22cbf7fb8fdcc736f46a8d2c1a938", "number": "6313068372", "area-code": "631"}, {"id": "edb22cbf7fb8fdcc736f46a8d2920684", "number": "5107882909", "area-code": "510"}, {"id": "edb22cbf7fb8fdcc736f46a8d291ffb6", "number": "7196312703", "area-code": "303"}, {"id": "edb22cbf7fb8fdcc736f46a8d2c18749", "number": "3049032064", "area-code": "304"}, {"id": "edb22cbf7fb8fdcc736f46a8d2c16f22", "number": "+19549323861", "area-code": "786"}, {"id": "edb22cbf7fb8fdcc736f46a8d291fada", "number": "2677263737", "area-code": "267"}, {"id": "edb22cbf7fb8fdcc736f46a8d2c19d36", "number": "3058880944", "area-code": "305"}, {"id": "edb22cbf7fb8fdcc736f46a8d2c1786e", "number": "3058880944", "area-code": "305"}, {"id": "edb22cbf7fb8fdcc736f46a8d2c1632b", "number": "3058880944", "area-code": "305"}, {"id": "edb22cbf7fb8fdcc736f46a8d2c18eae", "number": "+15702071892", "area-code": "803"}, {"id": "edb22cbf7fb8fdcc736f46a8d2c14e60", "number": "4087771929", "area-code": "562"}, {"id": "edb22cbf7fb8fdcc736f46a8d291f871", "number": "", "area-code": "206"}, {"id": "edb22cbf7fb8fdcc736f46a8d2c15e3c", "number": "3105048149", "area-code": "310"}, {"id": "edb22cbf7fb8fdcc736f46a8d2c1d442", "number": "3616887565", "area-code": "361"}, {"id": "edb22cbf7fb8fdcc736f46a8d291ef71", "number": "", "area-code": "206"}, {"id": "edb22cbf7fb8fdcc736f46a8d2c15467", "number": "3616884542", "area-code": "361"}, {"id": "edb22cbf7fb8fdcc736f46a8d2c1b956", "number": "+15137805126", "area-code": "513"}, {"id": "edb22cbf7fb8fdcc736f46a8d2c1c4a5", "number": "3616885600", "area-code": "361"}, {"id": "edb22cbf7fb8fdcc736f46a8d2c1caa7", "number": "+15127477162", "area-code": "512"}, {"id": "edb22cbf7fb8fdcc736f46a8d291e164", "number": "", "area-code": "865"}]}