{"data": [{"id": "189d90f80f83a86e6886e4cceafcc210", "number": "9377370219", "area-code": "937"}, {"id": "189d90f80f83a86e6886e4cceafcb590", "number": "5123717143", "area-code": "818"}, {"id": "189d90f80f83a86e6886e4cceafcb2a3", "number": "7632737024", "area-code": "507"}, {"id": "189d90f80f83a86e6886e4cceafcaffc", "number": "4244321011", "area-code": "818"}, {"id": "189d90f80f83a86e6886e4cceafca4ae", "number": "7609748773", "area-code": "626"}, {"id": "189d90f80f83a86e6886e4cceafca177", "number": "8884225654", "area-code": "530"}, {"id": "189d90f80f83a86e6886e4cceafc9e13", "number": "7542534761", "area-code": "586"}, {"id": "189d90f80f83a86e6886e4cceafc9a56", "number": "6314029360", "area-code": "509"}, {"id": "189d90f80f83a86e6886e4cceafc9080", "number": "2055650040", "area-code": "586"}, {"id": "189d90f80f83a86e6886e4cceafc8f4b", "number": "6158626326", "area-code": "615"}, {"id": "189d90f80f83a86e6886e4cceafc81b3", "number": "6192139433", "area-code": "619"}, {"id": "189d90f80f83a86e6886e4cceafc7f01", "number": "3124422593", "area-code": "847"}, {"id": "189d90f80f83a86e6886e4cceafc756e", "number": "5204674833", "area-code": "602"}, {"id": "189d90f80f83a86e6886e4cceafc7159", "number": "8053077507", "area-code": "707"}, {"id": "189d90f80f83a86e6886e4cceafc6f14", "number": "7252231082", "area-code": "213"}, {"id": "189d90f80f83a86e6886e4cceafc6a55", "number": "2072034907", "area-code": "315"}, {"id": "189d90f80f83a86e6886e4cceafc5a7e", "number": "2678465053", "area-code": "650"}, {"id": "189d90f80f83a86e6886e4cceafc510b", "number": "6203105401", "area-code": "620"}, {"id": "189d90f80f83a86e6886e4cceafc4c11", "number": "6203104328", "area-code": "620"}, {"id": "189d90f80f83a86e6886e4cceafc4a80", "number": "8102874369", "area-code": "810"}, {"id": "189d90f80f83a86e6886e4cceafc3f4f", "number": "", "area-code": "513"}, {"id": "189d90f80f83a86e6886e4cceafc2fe4", "number": "3606027978", "area-code": "360"}, {"id": "189d90f80f83a86e6886e4cceafc28b0", "number": "6502586760", "area-code": "650"}, {"id": "189d90f80f83a86e6886e4cceafc2033", "number": "8158870279", "area-code": "302"}, {"id": "189d90f80f83a86e6886e4cceafc1469", "number": "6054678636", "area-code": "706"}, {"id": "189d90f80f83a86e6886e4cceafc10cc", "number": "9496748577", "area-code": "303"}, {"id": "189d90f80f83a86e6886e4cceafc0f1a", "number": "", "area-code": "650"}, {"id": "189d90f80f83a86e6886e4cceafc0975", "number": "8883357976", "area-code": "303"}, {"id": "189d90f80f83a86e6886e4cceafc07c6", "number": "4254790324", "area-code": "425"}, {"id": "189d90f80f83a86e6886e4cceafbfd5c", "number": "7204146524", "area-code": "303"}, {"id": "189d90f80f83a86e6886e4cceafbfb98", "number": "", "area-code": "806"}, {"id": "189d90f80f83a86e6886e4cceafbf9a6", "number": "6085734596", "area-code": "414"}, {"id": "189d90f80f83a86e6886e4cceafbec7d", "number": "3302226808", "area-code": "330"}, {"id": "189d90f80f83a86e6886e4cceafbe514", "number": "8764013154", "area-code": "859"}, {"id": "189d90f80f83a86e6886e4cceafbde76", "number": "9199699877", "area-code": "919"}, {"id": "189d90f80f83a86e6886e4cceafbd50f", "number": "6282037403", "area-code": "415"}, {"id": "189d90f80f83a86e6886e4cceafbc97a", "number": "3312401516", "area-code": "415"}, {"id": "189d90f80f83a86e6886e4cceafbc7e0", "number": "8333955998", "area-code": "509"}, {"id": "189d90f80f83a86e6886e4cceafbc1a6", "number": "4154844456", "area-code": "415"}, {"id": "189d90f80f83a86e6886e4cceafbba07", "number": "9197164588", "area-code": "919"}, {"id": "189d90f80f83a86e6886e4cceafbb576", "number": "6468843830", "area-code": "415"}, {"id": "189d90f80f83a86e6886e4cceafba5cb", "number": "5412870191", "area-code": "217"}, {"id": "189d90f80f83a86e6886e4cceafba345", "number": "5593373809", "area-code": "907"}, {"id": "189d90f80f83a86e6886e4cceafb953e", "number": "8054715369", "area-code": "217"}, {"id": "189d90f80f83a86e6886e4cceafb881a", "number": "3607450010", "area-code": "360"}, {"id": "189d90f80f83a86e6886e4cceafb82ce", "number": "", "area-code": "504"}, {"id": "189d90f80f83a86e6886e4cceafb80fc", "number": "2185531524", "area-code": "217"}, {"id": "189d90f80f83a86e6886e4cceafb717b", "number": "4087416586", "area-code": "408"}, {"id": "189d90f80f83a86e6886e4cceafb6617", "number": "", "area-code": "360"}, {"id": "189d90f80f83a86e6886e4cceafb5df4", "number": "4582519432", "area-code": "217"}], "meta": {"record-total": 7552}}