{"data": [{"id": "a1875edf91fa378e3c5a45e4b3fd4a38", "number": "4803768803", "area-code": "480"}, {"id": "a1875edf91fa378e3c5a45e4b3fd3e8e", "number": "6142210700", "area-code": "614"}, {"id": "a1875edf91fa378e3c5a45e4b3fd368d", "number": "8044946745", "area-code": "804"}, {"id": "a1875edf91fa378e3c5a45e4b3fd288c", "number": "2026449034", "area-code": "804"}, {"id": "a1875edf91fa378e3c5a45e4b3fd288a", "number": "6072088691", "area-code": "804"}, {"id": "a1875edf91fa378e3c5a45e4b3fd1eb6", "number": "6072088691", "area-code": "804"}, {"id": "a1875edf91fa378e3c5a45e4b3fd0f44", "number": "3018320136", "area-code": "804"}, {"id": "a1875edf91fa378e3c5a45e4b3fd09a4", "number": "2094340411", "area-code": "209"}, {"id": "a1875edf91fa378e3c5a45e4b3fcffad", "number": "4234451274", "area-code": "804"}, {"id": "a1875edf91fa378e3c5a45e4b3fcfdcf", "number": "9253835967", "area-code": "925"}, {"id": "a1875edf91fa378e3c5a45e4b3fcf38b", "number": "804433411", "area-code": "804"}, {"id": "a1875edf91fa378e3c5a45e4b3fcec48", "number": "3602004010", "area-code": "360"}, {"id": "a1875edf91fa378e3c5a45e4b3fce099", "number": "2534702338", "area-code": "360"}, {"id": "a1875edf91fa378e3c5a45e4b3fcd8d8", "number": "2083195403", "area-code": "804"}, {"id": "a1875edf91fa378e3c5a45e4b3fccb34", "number": "3607333125", "area-code": "360"}, {"id": "a1875edf91fa378e3c5a45e4b3fcc220", "number": "", "area-code": "619"}, {"id": "a1875edf91fa378e3c5a45e4b3fcc0ae", "number": "3607331992", "area-code": "360"}, {"id": "a1875edf91fa378e3c5a45e4b3fcb190", "number": "8005553333", "area-code": "804"}, {"id": "a1875edf91fa378e3c5a45e4b3fcac37", "number": "7752620475", "area-code": "702"}, {"id": "a1875edf91fa378e3c5a45e4b3fca5ff", "number": "8044333400", "area-code": "804"}, {"id": "a1875edf91fa378e3c5a45e4b3fca19e", "number": "", "area-code": "347"}, {"id": "a1875edf91fa378e3c5a45e4b3fc925e", "number": "8763472751", "area-code": "509"}, {"id": "a1875edf91fa378e3c5a45e4b3fc870a", "number": "8057238308", "area-code": "210"}, {"id": "a1875edf91fa378e3c5a45e4b3fc7ede", "number": "8137868655", "area-code": "813"}, {"id": "a1875edf91fa378e3c5a45e4b3fc7aff", "number": "2029323782", "area-code": "910"}, {"id": "a1875edf91fa378e3c5a45e4b3fc7aa9", "number": "8137868655", "area-code": "813"}, {"id": "a1875edf91fa378e3c5a45e4b3fc780b", "number": "8137868655", "area-code": "813"}, {"id": "a1875edf91fa378e3c5a45e4b3fc75a6", "number": "3232266429", "area-code": "415"}, {"id": "a1875edf91fa378e3c5a45e4b3fc671c", "number": "8642886138", "area-code": "864"}, {"id": "a1875edf91fa378e3c5a45e4b3fc66de", "number": "2292104229", "area-code": "229"}, {"id": "a1875edf91fa378e3c5a45e4b3fc5ff0", "number": "6025607059", "area-code": "602"}, {"id": "a1875edf91fa378e3c5a45e4b3fc579c", "number": "2625332095", "area-code": "916"}, {"id": "a1875edf91fa378e3c5a45e4b3fc4c3f", "number": "4243965886", "area-code": "805"}, {"id": "a1875edf91fa378e3c5a45e4b3fc4a2e", "number": "3039481243", "area-code": "303"}, {"id": "a1875edf91fa378e3c5a45e4b3fc3a63", "number": "6267114728", "area-code": "805"}, {"id": "a1875edf91fa378e3c5a45e4b3fc2b2e", "number": "4072946938", "area-code": "407"}, {"id": "a1875edf91fa378e3c5a45e4b3fc268c", "number": "9365539624", "area-code": "936"}, {"id": "a1875edf91fa378e3c5a45e4b3fc1eb0", "number": "4072946295", "area-code": "407"}, {"id": "a1875edf91fa378e3c5a45e4b3fc1287", "number": "5418271019", "area-code": "541"}, {"id": "a1875edf91fa378e3c5a45e4b3fc099e", "number": "4072945322", "area-code": "407"}, {"id": "a1875edf91fa378e3c5a45e4b3fbfeca", "number": "7792422725", "area-code": "708"}, {"id": "a1875edf91fa378e3c5a45e4b3fbf16c", "number": "7084473296", "area-code": "708"}, {"id": "a1875edf91fa378e3c5a45e4b3fbec18", "number": "4645574540", "area-code": "757"}, {"id": "a1875edf91fa378e3c5a45e4b3fbe356", "number": "3039891722", "area-code": "303"}, {"id": "a1875edf91fa378e3c5a45e4b3fbd6b3", "number": "4645571720", "area-code": "757"}, {"id": "a1875edf91fa378e3c5a45e4b3fbcd76", "number": "3473251830", "area-code": "973"}, {"id": "a1875edf91fa378e3c5a45e4b3fbc529", "number": "4645573107", "area-code": "623"}, {"id": "a1875edf91fa378e3c5a45e4b3fbba7c", "number": "4072946431", "area-code": "407"}, {"id": "a1875edf91fa378e3c5a45e4b3fbb74c", "number": "4645573598", "area-code": "623"}, {"id": "a1875edf91fa378e3c5a45e4b3fbaf15", "number": "4645577191", "area-code": "623"}], "meta": {"record-total": 2641}}