{"data": [{"id": "5b9c32d957bdce8a27fe1b29df9ebdfe", "number": "2056248313", "area-code": "817"}, {"id": "5b9c32d957bdce8a27fe1b29df9ebcd2", "number": "9735193781", "area-code": "973"}, {"id": "5b9c32d957bdce8a27fe1b29df9eb3b9", "number": "2037310713", "area-code": "973"}, {"id": "5b9c32d957bdce8a27fe1b29df9ea715", "number": "2242534255", "area-code": "208"}, {"id": "5b9c32d957bdce8a27fe1b29df9e9bbb", "number": "9739031411", "area-code": "973"}, {"id": "5b9c32d957bdce8a27fe1b29df9e9384", "number": "8886985245", "area-code": "814"}, {"id": "5b9c32d957bdce8a27fe1b29df9e8c70", "number": "5409084067", "area-code": "540"}, {"id": "5b9c32d957bdce8a27fe1b29df9e8410", "number": "5072997101", "area-code": "507"}, {"id": "5b9c32d957bdce8a27fe1b29df9e7e28", "number": "2398347309", "area-code": "239"}, {"id": "5b9c32d957bdce8a27fe1b29df9e6eee", "number": "7154399801", "area-code": "715"}, {"id": "5b9c32d957bdce8a27fe1b29df9e677f", "number": "5123172020", "area-code": "940"}, {"id": "5b9c32d957bdce8a27fe1b29df9e6763", "number": "8592030619", "area-code": "801"}, {"id": "5b9c32d957bdce8a27fe1b29df9e5a9e", "number": "361164711", "area-code": "361"}, {"id": "5b9c32d957bdce8a27fe1b29df9e56f0", "number": "7037091492", "area-code": "703"}, {"id": "5b9c32d957bdce8a27fe1b29df9e54d5", "number": "2027371573", "area-code": "202"}, {"id": "5b9c32d957bdce8a27fe1b29df9e4697", "number": "3019709611", "area-code": "940"}, {"id": "5b9c32d957bdce8a27fe1b29df9e3b8f", "number": "7037091492", "area-code": "703"}, {"id": "5b9c32d957bdce8a27fe1b29df9e35e2", "number": "5129450772", "area-code": "931"}, {"id": "5b9c32d957bdce8a27fe1b29df9e2aa9", "number": "6168272205", "area-code": "703"}, {"id": "5b9c32d957bdce8a27fe1b29df9e1ef9", "number": "2763232338", "area-code": "703"}, {"id": "5b9c32d957bdce8a27fe1b29df9e1c16", "number": "5095924784", "area-code": "310"}, {"id": "5b9c32d957bdce8a27fe1b29df9e148f", "number": "7185048043", "area-code": "718"}, {"id": "5b9c32d957bdce8a27fe1b29df9e06de", "number": "2763524319", "area-code": "703"}, {"id": "5b9c32d957bdce8a27fe1b29df9dfa2e", "number": "2068257603", "area-code": "361"}, {"id": "5b9c32d957bdce8a27fe1b29df9df438", "number": "8663664357", "area-code": "703"}, {"id": "5b9c32d957bdce8a27fe1b29df9de79a", "number": "8764763303", "area-code": "615"}, {"id": "5b9c32d957bdce8a27fe1b29df9ddab4", "number": "2763231073", "area-code": "703"}, {"id": "5b9c32d957bdce8a27fe1b29df9dd65a", "number": "9192417356", "area-code": "919"}, {"id": "5b9c32d957bdce8a27fe1b29df9dca1c", "number": "7039460238", "area-code": "703"}, {"id": "5b9c32d957bdce8a27fe1b29df9dbe25", "number": "2123295029", "area-code": "718"}, {"id": "5b9c32d957bdce8a27fe1b29df9db229", "number": "6184873862", "area-code": "585"}, {"id": "5b9c32d957bdce8a27fe1b29df9da35e", "number": "2763524036", "area-code": "703"}, {"id": "5b9c32d957bdce8a27fe1b29df9d9bc7", "number": "4342046151", "area-code": "703"}, {"id": "5b9c32d957bdce8a27fe1b29df9d95cf", "number": "6193421570", "area-code": "323"}, {"id": "5b9c32d957bdce8a27fe1b29df9d8e36", "number": "1410200511", "area-code": "386"}, {"id": "5b9c32d957bdce8a27fe1b29df9d8582", "number": "4063845488", "area-code": "619"}, {"id": "5b9c32d957bdce8a27fe1b29df9d7bb8", "number": "7152263562", "area-code": "703"}, {"id": "5b9c32d957bdce8a27fe1b29df9d76db", "number": "8038737034", "area-code": "361"}, {"id": "5b9c32d957bdce8a27fe1b29df9d75a6", "number": "8885047200", "area-code": "703"}, {"id": "5b9c32d957bdce8a27fe1b29df9d708f", "number": "4324386979", "area-code": "302"}, {"id": "5b9c32d957bdce8a27fe1b29df9d6e7a", "number": "4156898230", "area-code": "703"}, {"id": "5b9c32d957bdce8a27fe1b29df9d6b0b", "number": "2406171465", "area-code": "703"}, {"id": "5b9c32d957bdce8a27fe1b29df9d6a24", "number": "2159631193", "area-code": "657"}, {"id": "5b9c32d957bdce8a27fe1b29df9d5bec", "number": "6502742467", "area-code": "510"}, {"id": "5b9c32d957bdce8a27fe1b29df9d5ba0", "number": "9186938547", "area-code": "918"}, {"id": "5b9c32d957bdce8a27fe1b29df9d58b2", "number": "8182973880", "area-code": "818"}, {"id": "5b9c32d957bdce8a27fe1b29df9d585e", "number": "", "area-code": "716"}, {"id": "5b9c32d957bdce8a27fe1b29df9d4ad1", "number": "3362285060", "area-code": "650"}, {"id": "5b9c32d957bdce8a27fe1b29df9d3f13", "number": "2027960595", "area-code": "310"}, {"id": "5b9c32d957bdce8a27fe1b29df9d3ea1", "number": "3105241189", "area-code": "310"}], "meta": {"record-total": 8029}}