{"data": [{"id": "40b5e8898b6d6fdd8d76eddc19a1c7d8", "number": "7759844710", "area-code": "775"}, {"id": "40b5e8898b6d6fdd8d76eddc19a1bb49", "number": "6026012376", "area-code": "602"}, {"id": "40b5e8898b6d6fdd8d76eddc19a1b007", "number": "2814925600", "area-code": "281"}, {"id": "40b5e8898b6d6fdd8d76eddc19a1a7ce", "number": "8666320424", "area-code": "913"}, {"id": "40b5e8898b6d6fdd8d76eddc19a19c75", "number": "4122170619", "area-code": "412"}, {"id": "40b5e8898b6d6fdd8d76eddc19a19c3f", "number": "8662039560", "area-code": "913"}, {"id": "40b5e8898b6d6fdd8d76eddc19a19625", "number": "8777281971", "area-code": "281"}, {"id": "40b5e8898b6d6fdd8d76eddc19a18ed3", "number": "2027889507", "area-code": "254"}, {"id": "40b5e8898b6d6fdd8d76eddc19a18050", "number": "7739363518", "area-code": "773"}, {"id": "40b5e8898b6d6fdd8d76eddc19a172fd", "number": "6232393627", "area-code": "623"}, {"id": "40b5e8898b6d6fdd8d76eddc19a16ee4", "number": "9097575769", "area-code": "713"}, {"id": "40b5e8898b6d6fdd8d76eddc19a16ca6", "number": "9294985674", "area-code": "347"}, {"id": "40b5e8898b6d6fdd8d76eddc19a161de", "number": "5128353632", "area-code": "512"}, {"id": "40b5e8898b6d6fdd8d76eddc19a15729", "number": "7027441360", "area-code": "801"}, {"id": "40b5e8898b6d6fdd8d76eddc19a14c6c", "number": "3073128186", "area-code": "915"}, {"id": "40b5e8898b6d6fdd8d76eddc19a13f3f", "number": "5125422212", "area-code": "214"}, {"id": "40b5e8898b6d6fdd8d76eddc19a132a2", "number": "8006222580", "area-code": "281"}, {"id": "40b5e8898b6d6fdd8d76eddc19a12354", "number": "2813704838", "area-code": "281"}, {"id": "40b5e8898b6d6fdd8d76eddc19a12061", "number": "9293234965", "area-code": "347"}, {"id": "40b5e8898b6d6fdd8d76eddc19a11a3f", "number": "2813701867", "area-code": "281"}, {"id": "40b5e8898b6d6fdd8d76eddc19a10b3e", "number": "5852196980", "area-code": "585"}, {"id": "40b5e8898b6d6fdd8d76eddc19a0fb8f", "number": "2813709435", "area-code": "281"}, {"id": "40b5e8898b6d6fdd8d76eddc19a0ed1c", "number": "5852880293", "area-code": "585"}, {"id": "40b5e8898b6d6fdd8d76eddc19a0e46d", "number": "4055480947", "area-code": "408"}, {"id": "40b5e8898b6d6fdd8d76eddc19a0e36a", "number": "2813701165", "area-code": "281"}, {"id": "40b5e8898b6d6fdd8d76eddc19a0e165", "number": "5856090001", "area-code": "585"}, {"id": "40b5e8898b6d6fdd8d76eddc19a0dd0f", "number": "5402100326", "area-code": "404"}, {"id": "40b5e8898b6d6fdd8d76eddc19a0d3b9", "number": "2813910182", "area-code": "281"}, {"id": "40b5e8898b6d6fdd8d76eddc19a0d184", "number": "9073121770", "area-code": "907"}, {"id": "40b5e8898b6d6fdd8d76eddc19a0c5ff", "number": "7732320683", "area-code": "773"}, {"id": "40b5e8898b6d6fdd8d76eddc19a0c297", "number": "5595540966", "area-code": "559"}, {"id": "40b5e8898b6d6fdd8d76eddc19a0c250", "number": "4753236558", "area-code": "603"}, {"id": "40b5e8898b6d6fdd8d76eddc19a0be40", "number": "8886520383", "area-code": "281"}, {"id": "40b5e8898b6d6fdd8d76eddc19a0b63c", "number": "8006222580", "area-code": "281"}, {"id": "40b5e8898b6d6fdd8d76eddc19a0a7ea", "number": "5039875883", "area-code": "503"}, {"id": "40b5e8898b6d6fdd8d76eddc19a09f15", "number": "4047885526", "area-code": "404"}, {"id": "40b5e8898b6d6fdd8d76eddc19a09197", "number": "8777281971", "area-code": "281"}, {"id": "40b5e8898b6d6fdd8d76eddc19a0872f", "number": "7732949198", "area-code": "773"}, {"id": "40b5e8898b6d6fdd8d76eddc19a07c21", "number": "8182804644", "area-code": "818"}, {"id": "40b5e8898b6d6fdd8d76eddc19a074b3", "number": "2812516389", "area-code": "281"}, {"id": "40b5e8898b6d6fdd8d76eddc19a06a7e", "number": "2092319876", "area-code": "818"}, {"id": "40b5e8898b6d6fdd8d76eddc19a06200", "number": "2812249975", "area-code": "281"}, {"id": "40b5e8898b6d6fdd8d76eddc19a05c68", "number": "4806135882", "area-code": "520"}, {"id": "40b5e8898b6d6fdd8d76eddc19a05ba4", "number": "2092319801", "area-code": "818"}, {"id": "40b5e8898b6d6fdd8d76eddc19a05060", "number": "5413048196", "area-code": "503"}, {"id": "40b5e8898b6d6fdd8d76eddc19a0433f", "number": "8324161232", "area-code": "281"}, {"id": "40b5e8898b6d6fdd8d76eddc19a04029", "number": "7732329596", "area-code": "773"}, {"id": "40b5e8898b6d6fdd8d76eddc19a03bb4", "number": "8185847361", "area-code": "818"}, {"id": "40b5e8898b6d6fdd8d76eddc19a03a2b", "number": "2816488628", "area-code": "281"}, {"id": "40b5e8898b6d6fdd8d76eddc19a032a4", "number": "5204225729", "area-code": "520"}], "meta": {"record-total": 11893}}