{"data": [{"id": "e2daeea29531ecad01fbc8503119cfb8", "number": "8883148954", "area-code": "702"}, {"id": "e2daeea29531ecad01fbc8503119c4e3", "number": "5165176923", "area-code": "516"}, {"id": "e2daeea29531ecad01fbc8503119b5d7", "number": "8606446131", "area-code": "860"}, {"id": "e2daeea29531ecad01fbc8503119a692", "number": "3037574792", "area-code": "303"}, {"id": "e2daeea29531ecad01fbc8503119a21e", "number": "8888799492", "area-code": "702"}, {"id": "e2daeea29531ecad01fbc85031199ab5", "number": "5162607727", "area-code": "516"}, {"id": "e2daeea29531ecad01fbc8503119936f", "number": "7342120", "area-code": "303"}, {"id": "e2daeea29531ecad01fbc8503119927c", "number": "7342120", "area-code": "303"}, {"id": "e2daeea29531ecad01fbc85031198cef", "number": "2596262", "area-code": "303"}, {"id": "e2daeea29531ecad01fbc8503119893c", "number": "5162607727", "area-code": "516"}, {"id": "e2daeea29531ecad01fbc85031198503", "number": "2596262", "area-code": "303"}, {"id": "e2daeea29531ecad01fbc85031197e6c", "number": "2523288434", "area-code": "860"}, {"id": "e2daeea29531ecad01fbc8503119715b", "number": "7342120", "area-code": "303"}, {"id": "e2daeea29531ecad01fbc85031196d8f", "number": "3037311563", "area-code": "303"}, {"id": "e2daeea29531ecad01fbc850311969a0", "number": "2538542730", "area-code": "253"}, {"id": "e2daeea29531ecad01fbc8503119687c", "number": "7075334241", "area-code": "707"}, {"id": "e2daeea29531ecad01fbc85031195b78", "number": "3613179355", "area-code": "860"}, {"id": "e2daeea29531ecad01fbc850311952c7", "number": "3018277260", "area-code": "303"}, {"id": "e2daeea29531ecad01fbc85031194d5b", "number": "7075336251", "area-code": "707"}, {"id": "e2daeea29531ecad01fbc85031193df1", "number": "7194556030", "area-code": "303"}, {"id": "e2daeea29531ecad01fbc85031193ca7", "number": "", "area-code": "270"}, {"id": "e2daeea29531ecad01fbc85031192cfe", "number": "7075339517", "area-code": "707"}, {"id": "e2daeea29531ecad01fbc85031192960", "number": "2032785128", "area-code": "860"}, {"id": "e2daeea29531ecad01fbc850311919ee", "number": "7075339330", "area-code": "707"}, {"id": "e2daeea29531ecad01fbc8503119106b", "number": "5162737996", "area-code": "516"}, {"id": "e2daeea29531ecad01fbc85031190510", "number": "2813445428", "area-code": "281"}, {"id": "e2daeea29531ecad01fbc8503119039c", "number": "7342120", "area-code": "303"}, {"id": "e2daeea29531ecad01fbc8503118f3cc", "number": "8606729833", "area-code": "860"}, {"id": "e2daeea29531ecad01fbc8503118e477", "number": "7075339232", "area-code": "707"}, {"id": "e2daeea29531ecad01fbc8503118d4d1", "number": "7342120", "area-code": "303"}, {"id": "e2daeea29531ecad01fbc8503118d198", "number": "9093628381", "area-code": "303"}, {"id": "e2daeea29531ecad01fbc8503118ca51", "number": "8608782337", "area-code": "860"}, {"id": "e2daeea29531ecad01fbc8503118bc0a", "number": "2109401778", "area-code": "303"}, {"id": "e2daeea29531ecad01fbc8503118acfc", "number": "7179126703", "area-code": "724"}, {"id": "e2daeea29531ecad01fbc8503118a5d0", "number": "5162737996", "area-code": "516"}, {"id": "e2daeea29531ecad01fbc85031189ed2", "number": "7342120", "area-code": "303"}, {"id": "e2daeea29531ecad01fbc850311890b9", "number": "8606987780", "area-code": "860"}, {"id": "e2daeea29531ecad01fbc85031188ff6", "number": "7075336189", "area-code": "707"}, {"id": "e2daeea29531ecad01fbc85031188740", "number": "7342120", "area-code": "303"}, {"id": "e2daeea29531ecad01fbc85031187c7d", "number": "9179799563", "area-code": "303"}, {"id": "e2daeea29531ecad01fbc850311874b1", "number": "5594237307", "area-code": "860"}, {"id": "e2daeea29531ecad01fbc85031186636", "number": "7342120", "area-code": "303"}, {"id": "e2daeea29531ecad01fbc850311863b2", "number": "4697446840", "area-code": "201"}, {"id": "e2daeea29531ecad01fbc85031185b22", "number": "3605872349", "area-code": "360"}, {"id": "e2daeea29531ecad01fbc85031185e1b", "number": "3035697604", "area-code": "303"}, {"id": "e2daeea29531ecad01fbc850311854c0", "number": "5867855924", "area-code": "586"}, {"id": "e2daeea29531ecad01fbc85031184863", "number": "7753756191", "area-code": "415"}, {"id": "e2daeea29531ecad01fbc850311842c0", "number": "3032191856", "area-code": "303"}, {"id": "e2daeea29531ecad01fbc85031183597", "number": "9513361474", "area-code": "951"}, {"id": "e2daeea29531ecad01fbc8503118276d", "number": "2092364412", "area-code": "949"}], "meta": {"record-total": 15936}}