{"data": [{"id": "5bdcf69af4172da8ad173ee63ae087db", "number": "8056377243", "area-code": "818"}, {"id": "5bdcf69af4172da8ad173ee63ae083a0", "number": "", "area-code": "410"}, {"id": "5bdcf69af4172da8ad173ee63ae07edf", "number": "3126425716", "area-code": "970"}, {"id": "5bdcf69af4172da8ad173ee63ae06f6d", "number": "9708795694", "area-code": "970"}, {"id": "5bdcf69af4172da8ad173ee63ae060e0", "number": "2396760389", "area-code": "936"}, {"id": "5bdcf69af4172da8ad173ee63ae05f2e", "number": "", "area-code": "414"}, {"id": "5bdcf69af4172da8ad173ee63ae05d23", "number": "2312518437", "area-code": "231"}, {"id": "5bdcf69af4172da8ad173ee63ae04d43", "number": "8559473483", "area-code": "817"}, {"id": "5bdcf69af4172da8ad173ee63ae04011", "number": "2029968858", "area-code": "303"}, {"id": "5bdcf69af4172da8ad173ee63ae03b8d", "number": "8889858402", "area-code": "505"}, {"id": "5bdcf69af4172da8ad173ee63ae02e07", "number": "5053181497", "area-code": "505"}, {"id": "5bdcf69af4172da8ad173ee63ae02225", "number": "2125872139", "area-code": "505"}, {"id": "5bdcf69af4172da8ad173ee63ae0125e", "number": "2125872139", "area-code": "505"}, {"id": "5bdcf69af4172da8ad173ee63ae00cd5", "number": "2129263870", "area-code": "505"}, {"id": "5bdcf69af4172da8ad173ee63ae00c14", "number": "5059083685", "area-code": "505"}, {"id": "5bdcf69af4172da8ad173ee63ae002e6", "number": "2123258736", "area-code": "505"}, {"id": "5bdcf69af4172da8ad173ee63adffccc", "number": "", "area-code": "801"}, {"id": "5bdcf69af4172da8ad173ee63adff870", "number": "2126286463", "area-code": "505"}, {"id": "5bdcf69af4172da8ad173ee63adfea28", "number": "5056660888", "area-code": "505"}, {"id": "5bdcf69af4172da8ad173ee63adfdbfe", "number": "8056377243", "area-code": "760"}, {"id": "5bdcf69af4172da8ad173ee63adfd8c1", "number": "5053181497", "area-code": "505"}, {"id": "5bdcf69af4172da8ad173ee63adfd3b6", "number": "5059083685", "area-code": "505"}, {"id": "5bdcf69af4172da8ad173ee63adfca75", "number": "4026774664", "area-code": "402"}, {"id": "5bdcf69af4172da8ad173ee63adfc5ec", "number": "8152499255", "area-code": "815"}, {"id": "5bdcf69af4172da8ad173ee63adfc5eb", "number": "3376392375", "area-code": "877"}, {"id": "5bdcf69af4172da8ad173ee63adfc382", "number": "5136257157", "area-code": "877"}, {"id": "5bdcf69af4172da8ad173ee63adfbe50", "number": "9372833374", "area-code": "877"}, {"id": "5bdcf69af4172da8ad173ee63adfaec1", "number": "6039106148", "area-code": "877"}, {"id": "5bdcf69af4172da8ad173ee63adfaaff", "number": "2162616948", "area-code": "877"}, {"id": "5bdcf69af4172da8ad173ee63adfa4b5", "number": "2016302020", "area-code": "877"}, {"id": "5bdcf69af4172da8ad173ee63adf9b8a", "number": "3157710131", "area-code": "315"}, {"id": "5bdcf69af4172da8ad173ee63adf924c", "number": "8763311559", "area-code": "309"}, {"id": "5bdcf69af4172da8ad173ee63adf8855", "number": "8002953339", "area-code": "800"}, {"id": "5bdcf69af4172da8ad173ee63adf81c9", "number": "4352462051", "area-code": "801"}, {"id": "5bdcf69af4172da8ad173ee63adf7b3f", "number": "2027926356", "area-code": "928"}, {"id": "5bdcf69af4172da8ad173ee63adf772a", "number": "2532243781", "area-code": "928"}, {"id": "5bdcf69af4172da8ad173ee63adf6de0", "number": "4803390587", "area-code": "702"}, {"id": "5bdcf69af4172da8ad173ee63adf6535", "number": "9203937303", "area-code": "209"}, {"id": "5bdcf69af4172da8ad173ee63adf5f02", "number": "4053538132", "area-code": "817"}, {"id": "5bdcf69af4172da8ad173ee63adf5d1d", "number": "8776606789", "area-code": "510"}, {"id": "5bdcf69af4172da8ad173ee63adf5071", "number": "7346889026", "area-code": "323"}, {"id": "5bdcf69af4172da8ad173ee63adf48ee", "number": "8009227484", "area-code": "510"}, {"id": "5bdcf69af4172da8ad173ee63adf4854", "number": "4792694801", "area-code": "303"}, {"id": "5bdcf69af4172da8ad173ee63adf4429", "number": "9012713065", "area-code": "901"}, {"id": "5bdcf69af4172da8ad173ee63adf3a71", "number": "4042012836", "area-code": "619"}, {"id": "5bdcf69af4172da8ad173ee63adf2f9f", "number": "2402133507", "area-code": "928"}, {"id": "5bdcf69af4172da8ad173ee63adf22a4", "number": "9167204966", "area-code": "818"}, {"id": "5bdcf69af4172da8ad173ee63adf1634", "number": "8008693557", "area-code": "910"}, {"id": "5bdcf69af4172da8ad173ee63adf0f1b", "number": "4109555000", "area-code": "301"}, {"id": "5bdcf69af4172da8ad173ee63adf06b3", "number": "8667620102", "area-code": "212"}], "meta": {"record-total": 1148}}