{"data": [{"id": "5bdcf69af4172da8ad173ee63a6afb5b", "number": "8174457267", "area-code": "817"}, {"id": "5bdcf69af4172da8ad173ee63a6aee1d", "number": "4358683145", "area-code": "773"}, {"id": "5bdcf69af4172da8ad173ee63a6aded2", "number": "8667620102", "area-code": "480"}, {"id": "5bdcf69af4172da8ad173ee63a716c42", "number": "+13124801426", "area-code": "650"}, {"id": "5bdcf69af4172da8ad173ee63a6adc64", "number": "5126406776", "area-code": "210"}, {"id": "5bdcf69af4172da8ad173ee63a716355", "number": "9494401872", "area-code": "949"}, {"id": "5bdcf69af4172da8ad173ee63a6ad253", "number": "5614052977", "area-code": "480"}, {"id": "5bdcf69af4172da8ad173ee63a6ac924", "number": "6175007413", "area-code": "617"}, {"id": "5bdcf69af4172da8ad173ee63a717403", "number": "7146578111", "area-code": "949"}, {"id": "5bdcf69af4172da8ad173ee63a714ad5", "number": "9495909348", "area-code": "949"}, {"id": "5bdcf69af4172da8ad173ee63a712f3e", "number": "9495909348", "area-code": "949"}, {"id": "5bdcf69af4172da8ad173ee63a6ac21a", "number": "5512532578", "area-code": "210"}, {"id": "5bdcf69af4172da8ad173ee63a7157c0", "number": "9495909296", "area-code": "949"}, {"id": "5bdcf69af4172da8ad173ee63a6ab731", "number": "5106605000", "area-code": "925"}, {"id": "5bdcf69af4172da8ad173ee63a713acb", "number": "7146578111", "area-code": "949"}, {"id": "5bdcf69af4172da8ad173ee63a7141b0", "number": "9495909296", "area-code": "949"}, {"id": "5bdcf69af4172da8ad173ee63a6aa92a", "number": "715804330", "area-code": "925"}, {"id": "5bdcf69af4172da8ad173ee63a6aa6e4", "number": "6174204526", "area-code": "617"}, {"id": "5bdcf69af4172da8ad173ee63a6aa21a", "number": "8668668395", "area-code": "617"}, {"id": "5bdcf69af4172da8ad173ee63a6a9e4c", "number": "8447050292", "area-code": "252"}, {"id": "5bdcf69af4172da8ad173ee63a6a9c7d", "number": "8004066434", "area-code": "617"}, {"id": "5bdcf69af4172da8ad173ee63a7146cd", "number": "+15862042999", "area-code": "586"}, {"id": "5bdcf69af4172da8ad173ee63a6a95fb", "number": "5126406776", "area-code": "210"}, {"id": "5bdcf69af4172da8ad173ee63a6a900a", "number": "9052280069", "area-code": "210"}, {"id": "5bdcf69af4172da8ad173ee63a6a816a", "number": "8009890900", "area-code": "617"}, {"id": "5bdcf69af4172da8ad173ee63a6a7b6d", "number": "5123529765", "area-code": "210"}, {"id": "5bdcf69af4172da8ad173ee63a6a7553", "number": "8005739690", "area-code": "617"}, {"id": "5bdcf69af4172da8ad173ee63a6a69a9", "number": "6156258382", "area-code": "615"}, {"id": "5bdcf69af4172da8ad173ee63a6a5d01", "number": "8662294345", "area-code": "617"}, {"id": "5bdcf69af4172da8ad173ee63a6a5b02", "number": "3024463182", "area-code": "302"}, {"id": "5bdcf69af4172da8ad173ee63a6a5891", "number": "3852437513", "area-code": "281"}, {"id": "5bdcf69af4172da8ad173ee63a6a4e21", "number": "8664808722", "area-code": "617"}, {"id": "5bdcf69af4172da8ad173ee63a6a410a", "number": "2159967797", "area-code": "302"}, {"id": "5bdcf69af4172da8ad173ee63a6a36b7", "number": "8006498591", "area-code": "617"}, {"id": "5bdcf69af4172da8ad173ee63a6a2712", "number": "8582998330", "area-code": "714"}, {"id": "5bdcf69af4172da8ad173ee63a6a22ee", "number": "7742471325", "area-code": "617"}, {"id": "5bdcf69af4172da8ad173ee63a6a1d2e", "number": "3462165048", "area-code": "386"}, {"id": "5bdcf69af4172da8ad173ee63a6a173f", "number": "7864774768", "area-code": "386"}, {"id": "5bdcf69af4172da8ad173ee63a6a07f6", "number": "4242834721", "area-code": "386"}, {"id": "5bdcf69af4172da8ad173ee63a69fe4c", "number": "3862003984", "area-code": "386"}, {"id": "5bdcf69af4172da8ad173ee63a69f245", "number": "3866081230", "area-code": "386"}, {"id": "5bdcf69af4172da8ad173ee63a69e357", "number": "5413905939", "area-code": "940"}, {"id": "5bdcf69af4172da8ad173ee63a69daaa", "number": "3865320447", "area-code": "386"}, {"id": "5bdcf69af4172da8ad173ee63a71258c", "number": "7603616508", "area-code": "702"}, {"id": "5bdcf69af4172da8ad173ee63a69cffa", "number": "3862420561", "area-code": "386"}, {"id": "5bdcf69af4172da8ad173ee63a69cf49", "number": "5093374404", "area-code": "509"}, {"id": "5bdcf69af4172da8ad173ee63a69ccf9", "number": "3867771501", "area-code": "386"}, {"id": "5bdcf69af4172da8ad173ee63a69bdad", "number": "3869517410", "area-code": "386"}, {"id": "5bdcf69af4172da8ad173ee63a69b30f", "number": "3866060901", "area-code": "386"}, {"id": "5bdcf69af4172da8ad173ee63a69aefb", "number": "8508053373", "area-code": "386"}], "meta": {"record-total": 7404}}