{"data": [{"id": "8bc7dcbab143769eb4da5fe9ae76da51", "number": "8082785027", "area-code": "808"}, {"id": "8bc7dcbab143769eb4da5fe9ae76d2ae", "number": "2027704437", "area-code": "972"}, {"id": "8bc7dcbab143769eb4da5fe9ae76c37f", "number": "8082049860", "area-code": "808"}, {"id": "8bc7dcbab143769eb4da5fe9ae84078c", "number": "6261743223", "area-code": "206"}, {"id": "8bc7dcbab143769eb4da5fe9ae76b662", "number": "8089004087", "area-code": "808"}, {"id": "8bc7dcbab143769eb4da5fe9ae840aee", "number": "8176735858", "area-code": "859"}, {"id": "8bc7dcbab143769eb4da5fe9ae76a8c7", "number": "7185928345", "area-code": "440"}, {"id": "8bc7dcbab143769eb4da5fe9ae76996d", "number": "7135018154", "area-code": "832"}, {"id": "8bc7dcbab143769eb4da5fe9ae768d88", "number": "3232488575", "area-code": "310"}, {"id": "8bc7dcbab143769eb4da5fe9ae83fdd6", "number": "+12674253448", "area-code": "267"}, {"id": "8bc7dcbab143769eb4da5fe9ae767e86", "number": "", "area-code": "845"}, {"id": "8bc7dcbab143769eb4da5fe9ae83d36d", "number": "+12673724272", "area-code": "267"}, {"id": "8bc7dcbab143769eb4da5fe9ae83e053", "number": "4159644140", "area-code": "310"}, {"id": "8bc7dcbab143769eb4da5fe9ae83c4e2", "number": "+12674197217", "area-code": "267"}, {"id": "8bc7dcbab143769eb4da5fe9ae83ece4", "number": "6266317590", "area-code": "310"}, {"id": "8bc7dcbab143769eb4da5fe9ae83c8e2", "number": "3105493521", "area-code": "310"}, {"id": "8bc7dcbab143769eb4da5fe9ae76764a", "number": "8189390768", "area-code": "310"}, {"id": "8bc7dcbab143769eb4da5fe9ae83efd6", "number": "2133402177", "area-code": "310"}, {"id": "8bc7dcbab143769eb4da5fe9ae7662ac", "number": "", "area-code": "845"}, {"id": "8bc7dcbab143769eb4da5fe9ae767112", "number": "3108818426", "area-code": "310"}, {"id": "8bc7dcbab143769eb4da5fe9ae765fb6", "number": "3103400183", "area-code": "310"}, {"id": "8bc7dcbab143769eb4da5fe9ae7652a9", "number": "3232859195", "area-code": "310"}, {"id": "8bc7dcbab143769eb4da5fe9ae765218", "number": "7135018154", "area-code": "832"}, {"id": "8bc7dcbab143769eb4da5fe9ae83c489", "number": "2817094421", "area-code": "210"}, {"id": "8bc7dcbab143769eb4da5fe9ae764926", "number": "4058442987", "area-code": "405"}, {"id": "8bc7dcbab143769eb4da5fe9ae763abb", "number": "8052984561", "area-code": "310"}, {"id": "8bc7dcbab143769eb4da5fe9ae762b60", "number": "3462069191", "area-code": "303"}, {"id": "8bc7dcbab143769eb4da5fe9ae76264a", "number": "4058447269", "area-code": "405"}, {"id": "8bc7dcbab143769eb4da5fe9ae7621b8", "number": "3233666350", "area-code": "310"}, {"id": "8bc7dcbab143769eb4da5fe9ae761c90", "number": "4058447889", "area-code": "405"}, {"id": "8bc7dcbab143769eb4da5fe9ae7617ab", "number": "9168669781", "area-code": "310"}, {"id": "8bc7dcbab143769eb4da5fe9ae760bd3", "number": "", "area-code": "845"}, {"id": "8bc7dcbab143769eb4da5fe9ae76065f", "number": "4053478902", "area-code": "405"}, {"id": "8bc7dcbab143769eb4da5fe9ae75fcd7", "number": "9143879643", "area-code": "310"}, {"id": "8bc7dcbab143769eb4da5fe9ae75f7d3", "number": "2105552222", "area-code": "440"}, {"id": "8bc7dcbab143769eb4da5fe9ae75db10", "number": "", "area-code": "845"}, {"id": "8bc7dcbab143769eb4da5fe9ae75f537", "number": "3036471314", "area-code": "702"}, {"id": "8bc7dcbab143769eb4da5fe9ae75ed0f", "number": "4058448070", "area-code": "405"}, {"id": "8bc7dcbab143769eb4da5fe9ae75e25c", "number": "3106841410", "area-code": "310"}, {"id": "8bc7dcbab143769eb4da5fe9ae75de83", "number": "4702681052", "area-code": "562"}, {"id": "8bc7dcbab143769eb4da5fe9ae75d600", "number": "2105552222", "area-code": "440"}, {"id": "8bc7dcbab143769eb4da5fe9ae75d2e5", "number": "4088778055", "area-code": "408"}, {"id": "8bc7dcbab143769eb4da5fe9ae75d2b1", "number": "4058446859", "area-code": "405"}, {"id": "8bc7dcbab143769eb4da5fe9ae75c3db", "number": "8126386496", "area-code": "317"}, {"id": "8bc7dcbab143769eb4da5fe9ae83c3b0", "number": "+14035669668", "area-code": "786"}, {"id": "8bc7dcbab143769eb4da5fe9ae75b4ee", "number": "8009167864", "area-code": "310"}, {"id": "8bc7dcbab143769eb4da5fe9ae75b480", "number": "4058448704", "area-code": "405"}, {"id": "8bc7dcbab143769eb4da5fe9ae75ae32", "number": "3102948937", "area-code": "310"}, {"id": "8bc7dcbab143769eb4da5fe9ae75a7a1", "number": "4632293663", "area-code": "317"}, {"id": "8bc7dcbab143769eb4da5fe9ae759f69", "number": "4408823423", "area-code": "440"}], "meta": {"record-total": 6619}}