{"data": [{"id": "eaddcbda26837e724807ca9e241efc28", "number": "8089878147", "area-code": "812"}, {"id": "eaddcbda26837e724807ca9e241f01cc", "number": "8089878147", "area-code": "812"}, {"id": "eaddcbda26837e724807ca9e2400de8f", "number": "8476369755", "area-code": "847"}, {"id": "eaddcbda26837e724807ca9e2400d0f4", "number": "5127106513", "area-code": "832"}, {"id": "eaddcbda26837e724807ca9e241eddef", "number": "8567839777", "area-code": "812"}, {"id": "eaddcbda26837e724807ca9e241eca80", "number": "8567839777", "area-code": "812"}, {"id": "eaddcbda26837e724807ca9e241ec69e", "number": "+18774343794", "area-code": "281"}, {"id": "eaddcbda26837e724807ca9e2400c569", "number": "9178452652", "area-code": "708"}, {"id": "eaddcbda26837e724807ca9e2400bd34", "number": "", "area-code": "844"}, {"id": "eaddcbda26837e724807ca9e2400ba2c", "number": "8174339635", "area-code": "301"}, {"id": "eaddcbda26837e724807ca9e241eda36", "number": "+13304434322", "area-code": "330"}, {"id": "eaddcbda26837e724807ca9e241ece2b", "number": "2722038518", "area-code": "610"}, {"id": "eaddcbda26837e724807ca9e2400b9af", "number": "9785902412", "area-code": "978"}, {"id": "eaddcbda26837e724807ca9e2400ac37", "number": "7172948746", "area-code": "717"}, {"id": "eaddcbda26837e724807ca9e2400a5cb", "number": "8476350788", "area-code": "708"}, {"id": "eaddcbda26837e724807ca9e241eeea9", "number": "9548695909", "area-code": "954"}, {"id": "eaddcbda26837e724807ca9e24009b72", "number": "3232992718", "area-code": "708"}, {"id": "eaddcbda26837e724807ca9e24009650", "number": "5109440426", "area-code": "510"}, {"id": "eaddcbda26837e724807ca9e240099f9", "number": "6572617049", "area-code": "559"}, {"id": "eaddcbda26837e724807ca9e241ed928", "number": "9514338184", "area-code": "213"}, {"id": "eaddcbda26837e724807ca9e241ed19f", "number": "2135166942", "area-code": "213"}, {"id": "eaddcbda26837e724807ca9e241ee24e", "number": "9723872705", "area-code": "210"}, {"id": "eaddcbda26837e724807ca9e24008df7", "number": "7344535753", "area-code": "708"}, {"id": "eaddcbda26837e724807ca9e2400859e", "number": "6337797362", "area-code": "301"}, {"id": "eaddcbda26837e724807ca9e241ed4d2", "number": "2673934337", "area-code": "267"}, {"id": "eaddcbda26837e724807ca9e241ef376", "number": "+17472029832", "area-code": "818"}, {"id": "eaddcbda26837e724807ca9e241e6a26", "number": "+17063677235", "area-code": "404"}, {"id": "eaddcbda26837e724807ca9e24007907", "number": "7089936739", "area-code": "708"}, {"id": "eaddcbda26837e724807ca9e24006e35", "number": "", "area-code": "787"}, {"id": "eaddcbda26837e724807ca9e241e6903", "number": "+12142536916", "area-code": "214"}, {"id": "eaddcbda26837e724807ca9e240064e4", "number": "6337797362", "area-code": "301"}, {"id": "eaddcbda26837e724807ca9e240060cd", "number": "3364909854", "area-code": "336"}, {"id": "eaddcbda26837e724807ca9e24005e4b", "number": "8722412535", "area-code": "708"}, {"id": "eaddcbda26837e724807ca9e24002442", "number": "5104193592", "area-code": "510"}, {"id": "eaddcbda26837e724807ca9e241e9ba3", "number": "+12142536916", "area-code": "214"}, {"id": "eaddcbda26837e724807ca9e241eb767", "number": "9092042395", "area-code": "909"}, {"id": "eaddcbda26837e724807ca9e24004eac", "number": "2027703937", "area-code": "336"}, {"id": "eaddcbda26837e724807ca9e24004e52", "number": "2105687286", "area-code": "435"}, {"id": "eaddcbda26837e724807ca9e24004bac", "number": "2518688456", "area-code": "336"}, {"id": "eaddcbda26837e724807ca9e24003dc5", "number": "9734582906", "area-code": "973"}, {"id": "eaddcbda26837e724807ca9e240034af", "number": "3014042959", "area-code": "301"}, {"id": "eaddcbda26837e724807ca9e240031e5", "number": "7044803495", "area-code": "336"}, {"id": "eaddcbda26837e724807ca9e24001959", "number": "8548288321", "area-code": "559"}, {"id": "eaddcbda26837e724807ca9e241e7d72", "number": "+12812083829", "area-code": "214"}, {"id": "eaddcbda26837e724807ca9e241ea18a", "number": "9549272443", "area-code": "407"}, {"id": "eaddcbda26837e724807ca9e240014a7", "number": "3369167477", "area-code": "336"}, {"id": "eaddcbda26837e724807ca9e241e5cbb", "number": "4078011365", "area-code": "787"}, {"id": "eaddcbda26837e724807ca9e241e7894", "number": "+12812083829", "area-code": "214"}, {"id": "eaddcbda26837e724807ca9e241eb6d8", "number": "9492610519", "area-code": "323"}, {"id": "eaddcbda26837e724807ca9e241eb52a", "number": "3236693080", "area-code": "925"}], "meta": {"record-total": 17289}}