{"data": [{"id": "ce0bed593d13f29a31a909cc93d66d1d", "number": "2627103266", "area-code": "608"}, {"id": "a1defa4c0b92b842a0a9577c8fed9c09", "number": "2627103266", "area-code": "608"}, {"id": "ce0bed593d13f29a31a909cc93d6537e", "number": "9792802035", "area-code": "979"}, {"id": "a1defa4c0b92b842a0a9577c8fed8b31", "number": "9792802035", "area-code": "979"}, {"id": "ce0bed593d13f29a31a909cc93d65ff2", "number": "5103392270", "area-code": "510"}, {"id": "a1defa4c0b92b842a0a9577c8fed8e47", "number": "5103392270", "area-code": "510"}, {"id": "ce0bed593d13f29a31a909cc93d645a9", "number": "3303043526", "area-code": "330"}, {"id": "a1defa4c0b92b842a0a9577c8fed7c8a", "number": "3303043526", "area-code": "330"}, {"id": "ce0bed593d13f29a31a909cc93d63f6a", "number": "8665430340", "area-code": "931"}, {"id": "a1defa4c0b92b842a0a9577c8fed713b", "number": "8665430340", "area-code": "931"}, {"id": "ce0bed593d13f29a31a909cc93d6357a", "number": "", "area-code": "360"}, {"id": "a1defa4c0b92b842a0a9577c8fed7061", "number": "", "area-code": "360"}, {"id": "ce0bed593d13f29a31a909cc93d62f9b", "number": "8665694631", "area-code": "417"}, {"id": "a1defa4c0b92b842a0a9577c8fed6f0c", "number": "8665694631", "area-code": "417"}, {"id": "ce0bed593d13f29a31a909cc93d6293b", "number": "4142405414", "area-code": "231"}, {"id": "a1defa4c0b92b842a0a9577c8fed609a", "number": "4142405414", "area-code": "231"}, {"id": "ce0bed593d13f29a31a909cc93d6192b", "number": "9798172998", "area-code": "979"}, {"id": "a1defa4c0b92b842a0a9577c8fed35f7", "number": "9798172998", "area-code": "979"}, {"id": "ce0bed593d13f29a31a909cc93d62609", "number": "6107768423", "area-code": "267"}, {"id": "a1defa4c0b92b842a0a9577c8fed5512", "number": "6107768423", "area-code": "267"}, {"id": "ce0bed593d13f29a31a909cc93d61bff", "number": "", "area-code": "888"}, {"id": "a1defa4c0b92b842a0a9577c8fed49cb", "number": "", "area-code": "888"}, {"id": "ce0bed593d13f29a31a909cc93d61a04", "number": "4802796310", "area-code": "480"}, {"id": "a1defa4c0b92b842a0a9577c8fed4391", "number": "4802796310", "area-code": "480"}, {"id": "ce0bed593d13f29a31a909cc93d60cd6", "number": "5855405230", "area-code": "360"}, {"id": "a1defa4c0b92b842a0a9577c8fed3010", "number": "5855405230", "area-code": "360"}, {"id": "ce0bed593d13f29a31a909cc93d60a63", "number": "2135135028", "area-code": "971"}, {"id": "a1defa4c0b92b842a0a9577c8fed2bea", "number": "2135135028", "area-code": "971"}, {"id": "ce0bed593d13f29a31a909cc93d60923", "number": "", "area-code": "302"}, {"id": "a1defa4c0b92b842a0a9577c8fed1d1c", "number": "", "area-code": "302"}, {"id": "ce0bed593d13f29a31a909cc93d5fb75", "number": "7077154224", "area-code": "707"}, {"id": "a1defa4c0b92b842a0a9577c8fed1402", "number": "7077154224", "area-code": "707"}, {"id": "ce0bed593d13f29a31a909cc93d5eff2", "number": "1119488255949", "area-code": "619"}, {"id": "a1defa4c0b92b842a0a9577c8fed0793", "number": "1119488255949", "area-code": "619"}, {"id": "ce0bed593d13f29a31a909cc93d5e8e3", "number": "4808998350", "area-code": "623"}, {"id": "a1defa4c0b92b842a0a9577c8fecfbc5", "number": "4808998350", "area-code": "623"}, {"id": "ce0bed593d13f29a31a909cc93d5d6d2", "number": "9798664022", "area-code": "979"}, {"id": "a1defa4c0b92b842a0a9577c8fecdd7d", "number": "9798664022", "area-code": "979"}, {"id": "ce0bed593d13f29a31a909cc93d5e1bf", "number": "8886520383", "area-code": "623"}, {"id": "a1defa4c0b92b842a0a9577c8fecf3e1", "number": "8886520383", "area-code": "623"}, {"id": "ce0bed593d13f29a31a909cc93d5dede", "number": "6264463395", "area-code": "626"}, {"id": "a1defa4c0b92b842a0a9577c8fececba", "number": "6264463395", "area-code": "626"}, {"id": "ce0bed593d13f29a31a909cc93d5ccff", "number": "6304926377", "area-code": "630"}, {"id": "a1defa4c0b92b842a0a9577c8fecd9ca", "number": "6304926377", "area-code": "630"}, {"id": "ce0bed593d13f29a31a909cc93d5bf98", "number": "6193468451", "area-code": "619"}, {"id": "a1defa4c0b92b842a0a9577c8fecd88e", "number": "6193468451", "area-code": "619"}, {"id": "ce0bed593d13f29a31a909cc93d5b8e6", "number": "8334981281", "area-code": "833"}, {"id": "a1defa4c0b92b842a0a9577c8fecd6bc", "number": "8334981281", "area-code": "833"}, {"id": "ce0bed593d13f29a31a909cc93d5b2c1", "number": "3237444861", "area-code": "626"}, {"id": "a1defa4c0b92b842a0a9577c8fecd293", "number": "3237444861", "area-code": "626"}], "meta": {"record-total": 31568}}