{"data": [{"id": "60886d71b0e8eb74efbaca64a4d5393a", "number": "7472185325", "area-code": "843"}, {"id": "60886d71b0e8eb74efbaca64a4d52acc", "number": "8154763823", "area-code": "773"}, {"id": "60886d71b0e8eb74efbaca64a4d51f71", "number": "9201868059", "area-code": "920"}, {"id": "60886d71b0e8eb74efbaca64a4d51615", "number": "7173259489", "area-code": "717"}, {"id": "60886d71b0e8eb74efbaca64a4d50913", "number": "4143124025", "area-code": "920"}, {"id": "60886d71b0e8eb74efbaca64a4d50605", "number": "2085712603", "area-code": "208"}, {"id": "60886d71b0e8eb74efbaca64a4d50350", "number": "8334901021", "area-code": "903"}, {"id": "60886d71b0e8eb74efbaca64a4d4fb2e", "number": "8889858539", "area-code": "920"}, {"id": "60886d71b0e8eb74efbaca64a4d4f53f", "number": "4058889440", "area-code": "405"}, {"id": "60886d71b0e8eb74efbaca64a4d4e742", "number": "4079159890", "area-code": "405"}, {"id": "60886d71b0e8eb74efbaca64a4d4de92", "number": "9206915111", "area-code": "920"}, {"id": "60886d71b0e8eb74efbaca64a4d4d111", "number": "2162655956", "area-code": "216"}, {"id": "60886d71b0e8eb74efbaca64a4d4c70d", "number": "4079159890", "area-code": "405"}, {"id": "60886d71b0e8eb74efbaca64a4d4c050", "number": "6145052134", "area-code": "216"}, {"id": "60886d71b0e8eb74efbaca64a4d4b6c6", "number": "4079159890", "area-code": "405"}, {"id": "60886d71b0e8eb74efbaca64a4d4b15f", "number": "7404192891", "area-code": "216"}, {"id": "60886d71b0e8eb74efbaca64a4d4a2e3", "number": "4079159890", "area-code": "405"}, {"id": "60886d71b0e8eb74efbaca64a4d49866", "number": "9206862398", "area-code": "920"}, {"id": "60886d71b0e8eb74efbaca64a4d49091", "number": "9159752202", "area-code": "915"}, {"id": "60886d71b0e8eb74efbaca64a4d48c8a", "number": "2484584585", "area-code": "216"}, {"id": "60886d71b0e8eb74efbaca64a4d48813", "number": "2397744144", "area-code": "352"}, {"id": "60886d71b0e8eb74efbaca64a4d47be6", "number": "3608759795", "area-code": "360"}, {"id": "60886d71b0e8eb74efbaca64a4d47ab2", "number": "7086834541", "area-code": "724"}, {"id": "60886d71b0e8eb74efbaca64a4d46b91", "number": "2029227577", "area-code": "860"}, {"id": "60886d71b0e8eb74efbaca64a4d46696", "number": "9201862256", "area-code": "920"}, {"id": "60886d71b0e8eb74efbaca64a4d46266", "number": "4434724389", "area-code": "301"}, {"id": "60886d71b0e8eb74efbaca64a4d45c96", "number": "3526111092", "area-code": "954"}, {"id": "60886d71b0e8eb74efbaca64a4d451ad", "number": "9135354776", "area-code": "913"}, {"id": "60886d71b0e8eb74efbaca64a4d44ad0", "number": "8006222580", "area-code": "913"}, {"id": "60886d71b0e8eb74efbaca64a4d43ef7", "number": "8665489937", "area-code": "920"}, {"id": "60886d71b0e8eb74efbaca64a4d43767", "number": "6267741202", "area-code": "913"}, {"id": "60886d71b0e8eb74efbaca64a4d43007", "number": "4434724389", "area-code": "301"}, {"id": "60886d71b0e8eb74efbaca64a4d42372", "number": "7408355553", "area-code": "913"}, {"id": "60886d71b0e8eb74efbaca64a4d41953", "number": "8004681935", "area-code": "360"}, {"id": "60886d71b0e8eb74efbaca64a4d409c6", "number": "7692355313", "area-code": "850"}, {"id": "60886d71b0e8eb74efbaca64a4d40887", "number": "8883623111", "area-code": "920"}, {"id": "60886d71b0e8eb74efbaca64a4d3fe84", "number": "4026993130", "area-code": "913"}, {"id": "60886d71b0e8eb74efbaca64a4d3f1a5", "number": "4434724389", "area-code": "301"}, {"id": "60886d71b0e8eb74efbaca64a4d3eac8", "number": "8007622265", "area-code": "973"}, {"id": "60886d71b0e8eb74efbaca64a4d3dd1c", "number": "4029620844", "area-code": "913"}, {"id": "60886d71b0e8eb74efbaca64a4d3d726", "number": "8636957446", "area-code": "904"}, {"id": "60886d71b0e8eb74efbaca64a4d3c9ee", "number": "2484584808", "area-code": "248"}, {"id": "60886d71b0e8eb74efbaca64a4d3ba14", "number": "9137561493", "area-code": "913"}, {"id": "60886d71b0e8eb74efbaca64a4d3b65b", "number": "9738399951", "area-code": "973"}, {"id": "60886d71b0e8eb74efbaca64a4d3afc4", "number": "8572301402", "area-code": "408"}, {"id": "60886d71b0e8eb74efbaca64a4d3ad31", "number": "2027888322", "area-code": "516"}, {"id": "60886d71b0e8eb74efbaca64a4d39e9e", "number": "2028035899", "area-code": "920"}, {"id": "60886d71b0e8eb74efbaca64a4d39b0b", "number": "6182879118", "area-code": "913"}, {"id": "60886d71b0e8eb74efbaca64a4d399cc", "number": "3346962623", "area-code": "973"}, {"id": "60886d71b0e8eb74efbaca64a4d398af", "number": "7089085471", "area-code": "925"}], "meta": {"record-total": 11046}}