{"data": [{"id": "8bc7dcbab143769eb4da5fe9aed9a3fb", "number": "4082151301", "area-code": "408"}, {"id": "8bc7dcbab143769eb4da5fe9aed997d4", "number": "5182914708", "area-code": "360"}, {"id": "8bc7dcbab143769eb4da5fe9aed992d2", "number": "3235093749", "area-code": "562"}, {"id": "8bc7dcbab143769eb4da5fe9aed98c28", "number": "2542943588", "area-code": "972"}, {"id": "8bc7dcbab143769eb4da5fe9aed98795", "number": "5102314313", "area-code": "510"}, {"id": "8bc7dcbab143769eb4da5fe9aed983a7", "number": "9725463657", "area-code": "972"}, {"id": "8bc7dcbab143769eb4da5fe9aed97e16", "number": "410200507_", "area-code": "407"}, {"id": "8bc7dcbab143769eb4da5fe9aed97b7b", "number": "9724394895", "area-code": "972"}, {"id": "8bc7dcbab143769eb4da5fe9aed97968", "number": "8002429113", "area-code": "972"}, {"id": "8bc7dcbab143769eb4da5fe9aed96f51", "number": "6613847342", "area-code": "661"}, {"id": "8bc7dcbab143769eb4da5fe9aed96a5e", "number": "6614596954", "area-code": "661"}, {"id": "8bc7dcbab143769eb4da5fe9aed9599e", "number": "5416980311", "area-code": "702"}, {"id": "8bc7dcbab143769eb4da5fe9aed95abb", "number": "", "area-code": "661"}, {"id": "8bc7dcbab143769eb4da5fe9aed95155", "number": "6614078286", "area-code": "661"}, {"id": "8bc7dcbab143769eb4da5fe9aed94e40", "number": "3322205636", "area-code": "702"}, {"id": "8bc7dcbab143769eb4da5fe9aed943e0", "number": "7703735809", "area-code": "661"}, {"id": "8bc7dcbab143769eb4da5fe9aed93946", "number": "4015880058", "area-code": "972"}, {"id": "8bc7dcbab143769eb4da5fe9aed92fd3", "number": "2163278041", "area-code": "702"}, {"id": "8bc7dcbab143769eb4da5fe9aed9291c", "number": "", "area-code": "661"}, {"id": "8bc7dcbab143769eb4da5fe9aed91474", "number": "4582179316", "area-code": "702"}, {"id": "8bc7dcbab143769eb4da5fe9aed91c9a", "number": "5742497083", "area-code": "661"}, {"id": "8bc7dcbab143769eb4da5fe9aed9105e", "number": "2163277018", "area-code": "702"}, {"id": "8bc7dcbab143769eb4da5fe9aed90650", "number": "4422423211", "area-code": "661"}, {"id": "8bc7dcbab143769eb4da5fe9aed8ee02", "number": "5305671738", "area-code": "702"}, {"id": "8bc7dcbab143769eb4da5fe9aed8fa0a", "number": "4242391788", "area-code": "661"}, {"id": "8bc7dcbab143769eb4da5fe9aed8e018", "number": "9175618721", "area-code": "702"}, {"id": "8bc7dcbab143769eb4da5fe9aed8d507", "number": "2534145699", "area-code": "360"}, {"id": "8bc7dcbab143769eb4da5fe9aed8d3b6", "number": "4145786159", "area-code": "414"}, {"id": "8bc7dcbab143769eb4da5fe9aed8c5e9", "number": "2545626922", "area-code": "214"}, {"id": "8bc7dcbab143769eb4da5fe9aed8c2de", "number": "2162430031", "area-code": "330"}, {"id": "8bc7dcbab143769eb4da5fe9aed8c0c6", "number": "3105041516", "area-code": "310"}, {"id": "8bc7dcbab143769eb4da5fe9aed8b23b", "number": "5109821662", "area-code": "510"}, {"id": "8bc7dcbab143769eb4da5fe9aed8b0ec", "number": "8138906563", "area-code": "813"}, {"id": "8bc7dcbab143769eb4da5fe9aed8a96f", "number": "8164397945", "area-code": "206"}, {"id": "8bc7dcbab143769eb4da5fe9aed8a0d0", "number": "5210033", "area-code": "559"}, {"id": "8bc7dcbab143769eb4da5fe9aed89f78", "number": "9562050324", "area-code": "206"}, {"id": "8bc7dcbab143769eb4da5fe9aed89644", "number": "6949076", "area-code": "559"}, {"id": "8bc7dcbab143769eb4da5fe9aed889ce", "number": "9562050324", "area-code": "206"}, {"id": "8bc7dcbab143769eb4da5fe9aed87e0b", "number": "2547156905", "area-code": "214"}, {"id": "8bc7dcbab143769eb4da5fe9aed87120", "number": "4073824529", "area-code": "206"}, {"id": "8bc7dcbab143769eb4da5fe9aed866ad", "number": "6182305072", "area-code": "678"}, {"id": "8bc7dcbab143769eb4da5fe9aed86639", "number": "6282512861", "area-code": "630"}, {"id": "8bc7dcbab143769eb4da5fe9aed86407", "number": "6163786074", "area-code": "206"}, {"id": "8bc7dcbab143769eb4da5fe9aed85934", "number": "6949069", "area-code": "559"}, {"id": "8bc7dcbab143769eb4da5fe9aed84d32", "number": "2915494592", "area-code": "201"}, {"id": "8bc7dcbab143769eb4da5fe9aed8437a", "number": "6516159278", "area-code": "507"}, {"id": "8bc7dcbab143769eb4da5fe9aed83b4e", "number": "4063034890", "area-code": "406"}, {"id": "8bc7dcbab143769eb4da5fe9aed83657", "number": "3342469706", "area-code": "201"}, {"id": "8bc7dcbab143769eb4da5fe9aed83597", "number": "2063077453", "area-code": "206"}, {"id": "8bc7dcbab143769eb4da5fe9aed82761", "number": "2017491837", "area-code": "201"}], "meta": {"record-total": 2724}}