{"data": [{"id": "e528a677a48fc7cd5aacd2b0e4e08381", "number": "8036769819", "area-code": "570"}, {"id": "e528a677a48fc7cd5aacd2b0e4e08a7f", "number": "4195316830", "area-code": "419"}, {"id": "e528a677a48fc7cd5aacd2b0e4e08183", "number": "8037096063", "area-code": "570"}, {"id": "e528a677a48fc7cd5aacd2b0e4e07f79", "number": "5081962058", "area-code": "318"}, {"id": "e528a677a48fc7cd5aacd2b0e4e07866", "number": "3232290373", "area-code": "570"}, {"id": "e528a677a48fc7cd5aacd2b0e4e06966", "number": "9373392507", "area-code": "937"}, {"id": "e528a677a48fc7cd5aacd2b0e4e05ca7", "number": "3375805649", "area-code": "570"}, {"id": "e528a677a48fc7cd5aacd2b0e4e06214", "number": "2819627278", "area-code": "281"}, {"id": "e528a677a48fc7cd5aacd2b0e4ed7dfb", "number": "+16052109077", "area-code": "310"}, {"id": "e528a677a48fc7cd5aacd2b0e4e04058", "number": "8033178963", "area-code": "570"}, {"id": "e528a677a48fc7cd5aacd2b0e4e04f89", "number": "2097091770", "area-code": "209"}, {"id": "e528a677a48fc7cd5aacd2b0e4e03e35", "number": "2092394199", "area-code": "209"}, {"id": "e528a677a48fc7cd5aacd2b0e4e0307e", "number": "8038790935", "area-code": "570"}, {"id": "e528a677a48fc7cd5aacd2b0e4ed72dd", "number": "+17579067221", "area-code": "804"}, {"id": "e528a677a48fc7cd5aacd2b0e4e03dfc", "number": "2314292464", "area-code": "231"}, {"id": "e528a677a48fc7cd5aacd2b0e4e0230a", "number": "2095801104", "area-code": "209"}, {"id": "e528a677a48fc7cd5aacd2b0e4e01d2d", "number": "5618568000", "area-code": "561"}, {"id": "e528a677a48fc7cd5aacd2b0e4e01807", "number": "", "area-code": "314"}, {"id": "e528a677a48fc7cd5aacd2b0e4ed6548", "number": "+13103726644", "area-code": "310"}, {"id": "e528a677a48fc7cd5aacd2b0e4e0148e", "number": "", "area-code": "318"}, {"id": "e528a677a48fc7cd5aacd2b0e4e0075e", "number": "", "area-code": "217"}, {"id": "e528a677a48fc7cd5aacd2b0e4ed55b2", "number": "+12083392271", "area-code": "719"}, {"id": "e528a677a48fc7cd5aacd2b0e4ed5b44", "number": "+15135067460", "area-code": "513"}, {"id": "e528a677a48fc7cd5aacd2b0e4ed4e24", "number": "+15629216719", "area-code": "562"}, {"id": "e528a677a48fc7cd5aacd2b0e4dffab5", "number": "5673230769", "area-code": "937"}, {"id": "e528a677a48fc7cd5aacd2b0e4ed60de", "number": "+18662179170", "area-code": "470"}, {"id": "e528a677a48fc7cd5aacd2b0e4ed496e", "number": "5167503661", "area-code": "516"}, {"id": "e528a677a48fc7cd5aacd2b0e4dff7f6", "number": "9096309636", "area-code": "909"}, {"id": "e528a677a48fc7cd5aacd2b0e4ed41d1", "number": "3103722194", "area-code": "310"}, {"id": "e528a677a48fc7cd5aacd2b0e4ed4113", "number": "3103722194", "area-code": "310"}, {"id": "e528a677a48fc7cd5aacd2b0e4dfe8fe", "number": "", "area-code": "641"}, {"id": "e528a677a48fc7cd5aacd2b0e4dfdf8d", "number": "9099961268", "area-code": "909"}, {"id": "e528a677a48fc7cd5aacd2b0e4dfde1a", "number": "9099997171", "area-code": "909"}, {"id": "e528a677a48fc7cd5aacd2b0e4dfd5f7", "number": "6074430922", "area-code": "607"}, {"id": "e528a677a48fc7cd5aacd2b0e4ed1348", "number": "+13174376003", "area-code": "317"}, {"id": "e528a677a48fc7cd5aacd2b0e4ed1d0c", "number": "+18038777701", "area-code": "843"}, {"id": "e528a677a48fc7cd5aacd2b0e4ed120e", "number": "+18038777701", "area-code": "843"}, {"id": "e528a677a48fc7cd5aacd2b0e4ed3125", "number": "4101597343", "area-code": "410"}, {"id": "e528a677a48fc7cd5aacd2b0e4ed1993", "number": "+18438903639", "area-code": "843"}, {"id": "e528a677a48fc7cd5aacd2b0e4ed266d", "number": "+19172111261", "area-code": "929"}, {"id": "e528a677a48fc7cd5aacd2b0e4ed407c", "number": "+18136610840", "area-code": "813"}, {"id": "e528a677a48fc7cd5aacd2b0e4dfc718", "number": "2092053653", "area-code": "978"}, {"id": "e528a677a48fc7cd5aacd2b0e4ed04f9", "number": "+18006900741", "area-code": "813"}, {"id": "e528a677a48fc7cd5aacd2b0e4ed0053", "number": "+18006900741", "area-code": "813"}, {"id": "e528a677a48fc7cd5aacd2b0e4dfc348", "number": "", "area-code": "845"}, {"id": "e528a677a48fc7cd5aacd2b0e4dfb7e5", "number": "3609729527", "area-code": "360"}, {"id": "e528a677a48fc7cd5aacd2b0e4ecf823", "number": "+18134446803", "area-code": "813"}, {"id": "e528a677a48fc7cd5aacd2b0e4ecf0be", "number": "3134207579", "area-code": "956"}, {"id": "e528a677a48fc7cd5aacd2b0e4dfade4", "number": "", "area-code": "845"}, {"id": "e528a677a48fc7cd5aacd2b0e4dfa186", "number": "3232882592", "area-code": "510"}], "meta": {"record-total": 6153}}