{"data": [{"id": "2e3cd391f682db8fa70a77bb3b8d6b0b", "number": "3715877", "area-code": "619"}, {"id": "2e3cd391f682db8fa70a77bb3b8d655d", "number": "5094130469", "area-code": "425"}, {"id": "2e3cd391f682db8fa70a77bb3b8d5583", "number": "5632025905", "area-code": "563"}, {"id": "2e3cd391f682db8fa70a77bb3b8d4d81", "number": "2027530857", "area-code": "303"}, {"id": "2e3cd391f682db8fa70a77bb3b8d3f2d", "number": "6043324312", "area-code": "302"}, {"id": "2e3cd391f682db8fa70a77bb3b8d3766", "number": "8775667226", "area-code": "336"}, {"id": "2e3cd391f682db8fa70a77bb3b8d2dad", "number": "7122706964", "area-code": "319"}, {"id": "2e3cd391f682db8fa70a77bb3b8d25bf", "number": "6103792091", "area-code": "610"}, {"id": "2e3cd391f682db8fa70a77bb3b8d1bfc", "number": "8479605622", "area-code": "319"}, {"id": "2e3cd391f682db8fa70a77bb3b8d1065", "number": "2026160646", "area-code": "408"}, {"id": "2e3cd391f682db8fa70a77bb3b8d0eed", "number": "7576185788", "area-code": "757"}, {"id": "2e3cd391f682db8fa70a77bb3b8d0531", "number": "5153208845", "area-code": "712"}, {"id": "2e3cd391f682db8fa70a77bb3b8cf5f9", "number": "7122144402", "area-code": "712"}, {"id": "2e3cd391f682db8fa70a77bb3b8cf59e", "number": "7124990490", "area-code": "712"}, {"id": "2e3cd391f682db8fa70a77bb3b8cf0d3", "number": "5207439253", "area-code": "520"}, {"id": "2e3cd391f682db8fa70a77bb3b8ce65d", "number": "7026731165", "area-code": "702"}, {"id": "2e3cd391f682db8fa70a77bb3b8cda33", "number": "5854508696", "area-code": "585"}, {"id": "2e3cd391f682db8fa70a77bb3b8cd8db", "number": "8174407857", "area-code": "817"}, {"id": "2e3cd391f682db8fa70a77bb3b8cd88e", "number": "", "area-code": "516"}, {"id": "2e3cd391f682db8fa70a77bb3b8cd2b2", "number": "2177570764", "area-code": "217"}, {"id": "2e3cd391f682db8fa70a77bb3b8ccc51", "number": "9363427438", "area-code": "817"}, {"id": "2e3cd391f682db8fa70a77bb3b8cc22e", "number": "", "area-code": "979"}, {"id": "2e3cd391f682db8fa70a77bb3b8cb5a0", "number": "2173054054", "area-code": "217"}, {"id": "2e3cd391f682db8fa70a77bb3b8ca7e8", "number": "9375652950", "area-code": "937"}, {"id": "2e3cd391f682db8fa70a77bb3b8ca6da", "number": "4705313583", "area-code": "217"}, {"id": "2e3cd391f682db8fa70a77bb3b8ca321", "number": "2347013957", "area-code": "937"}, {"id": "2e3cd391f682db8fa70a77bb3b8ca28b", "number": "7149259794", "area-code": "661"}, {"id": "2e3cd391f682db8fa70a77bb3b8c92a1", "number": "7702130787", "area-code": "817"}, {"id": "2e3cd391f682db8fa70a77bb3b8c895e", "number": "5678009144", "area-code": "937"}, {"id": "2e3cd391f682db8fa70a77bb3b8c806e", "number": "6308278840", "area-code": "217"}, {"id": "2e3cd391f682db8fa70a77bb3b8c7fa1", "number": "8593801410", "area-code": "859"}, {"id": "2e3cd391f682db8fa70a77bb3b8c7ba8", "number": "2692228075", "area-code": "812"}, {"id": "2e3cd391f682db8fa70a77bb3b8c6c29", "number": "7603302961", "area-code": "626"}, {"id": "2e3cd391f682db8fa70a77bb3b8c65b7", "number": "2122356618", "area-code": "513"}, {"id": "2e3cd391f682db8fa70a77bb3b8c6229", "number": "5135406722", "area-code": "513"}, {"id": "2e3cd391f682db8fa70a77bb3b8c585a", "number": "2142831316", "area-code": "530"}, {"id": "2e3cd391f682db8fa70a77bb3b8c4dbe", "number": "5133206730", "area-code": "513"}, {"id": "2e3cd391f682db8fa70a77bb3b8c491f", "number": "9705368870", "area-code": "310"}, {"id": "2e3cd391f682db8fa70a77bb3b8c3a57", "number": "2135287317", "area-code": "530"}, {"id": "2e3cd391f682db8fa70a77bb3b8c38d4", "number": "8454705393", "area-code": "848"}, {"id": "2e3cd391f682db8fa70a77bb3b8c3433", "number": "7759390508", "area-code": "775"}, {"id": "2e3cd391f682db8fa70a77bb3b8c33c7", "number": "5619042796", "area-code": "812"}, {"id": "2e3cd391f682db8fa70a77bb3b8c2a0b", "number": "5017084881", "area-code": "775"}, {"id": "2e3cd391f682db8fa70a77bb3b8c1d10", "number": "9512283435", "area-code": "314"}, {"id": "2e3cd391f682db8fa70a77bb3b8c13f8", "number": "9079551890", "area-code": "907"}, {"id": "2e3cd391f682db8fa70a77bb3b8c0be3", "number": "4692450083", "area-code": "469"}, {"id": "2e3cd391f682db8fa70a77bb3b8c0725", "number": "6026414282", "area-code": "602"}, {"id": "2e3cd391f682db8fa70a77bb3b8bff36", "number": "4069688637", "area-code": "406"}, {"id": "2e3cd391f682db8fa70a77bb3b8bf15c", "number": "4806669861", "area-code": "602"}, {"id": "2e3cd391f682db8fa70a77bb3b8be85b", "number": "6027828941", "area-code": "602"}], "meta": {"record-total": 6838}}