{"data": [{"id": "e528a677a48fc7cd5aacd2b0e43122c2", "number": "+12062976322", "area-code": "702"}, {"id": "e528a677a48fc7cd5aacd2b0e4314887", "number": "+17028854770", "area-code": "702"}, {"id": "e528a677a48fc7cd5aacd2b0e4311045", "number": "+17403829438", "area-code": "216"}, {"id": "e528a677a48fc7cd5aacd2b0e431013c", "number": "6303900570", "area-code": "630"}, {"id": "e528a677a48fc7cd5aacd2b0e430ffe8", "number": "6303900570", "area-code": "630"}, {"id": "e528a677a48fc7cd5aacd2b0e410adbc", "number": "3416003042", "area-code": "212"}, {"id": "e528a677a48fc7cd5aacd2b0e410ab6b", "number": "7073711989", "area-code": "707"}, {"id": "e528a677a48fc7cd5aacd2b0e410a361", "number": "6514891402", "area-code": "630"}, {"id": "e528a677a48fc7cd5aacd2b0e431365d", "number": "7742575765", "area-code": "617"}, {"id": "e528a677a48fc7cd5aacd2b0e4109f11", "number": "", "area-code": "425"}, {"id": "e528a677a48fc7cd5aacd2b0e4311586", "number": "+15629827567", "area-code": "818"}, {"id": "e528a677a48fc7cd5aacd2b0e431406f", "number": "9547750594", "area-code": "954"}, {"id": "e528a677a48fc7cd5aacd2b0e4313380", "number": "7274538669", "area-code": "954"}, {"id": "e528a677a48fc7cd5aacd2b0e430fc06", "number": "+19295430114", "area-code": "347"}, {"id": "e528a677a48fc7cd5aacd2b0e431300e", "number": "+18452808546", "area-code": "347"}, {"id": "e528a677a48fc7cd5aacd2b0e410923e", "number": "", "area-code": "425"}, {"id": "e528a677a48fc7cd5aacd2b0e4108667", "number": "6302296376", "area-code": "630"}, {"id": "e528a677a48fc7cd5aacd2b0e4107f6d", "number": "3236602605", "area-code": "323"}, {"id": "e528a677a48fc7cd5aacd2b0e430e5d0", "number": "+14042679995", "area-code": "404"}, {"id": "e528a677a48fc7cd5aacd2b0e41072a5", "number": "8777419909", "area-code": "702"}, {"id": "e528a677a48fc7cd5aacd2b0e430d8aa", "number": "8582051797", "area-code": "858"}, {"id": "e528a677a48fc7cd5aacd2b0e4106fa8", "number": "1469217618", "area-code": "610"}, {"id": "e528a677a48fc7cd5aacd2b0e430cae9", "number": "9154977628", "area-code": "915"}, {"id": "e528a677a48fc7cd5aacd2b0e430bd85", "number": "9402861814", "area-code": "940"}, {"id": "e528a677a48fc7cd5aacd2b0e4106198", "number": "3203295163", "area-code": "763"}, {"id": "e528a677a48fc7cd5aacd2b0e4105da8", "number": "8774635346", "area-code": "630"}, {"id": "e528a677a48fc7cd5aacd2b0e4104f7c", "number": "9703418738", "area-code": "970"}, {"id": "e528a677a48fc7cd5aacd2b0e430c245", "number": "2158749497", "area-code": "215"}, {"id": "e528a677a48fc7cd5aacd2b0e430f086", "number": "9158222831", "area-code": "713"}, {"id": "e528a677a48fc7cd5aacd2b0e430c2f9", "number": "4075867097", "area-code": "215"}, {"id": "e528a677a48fc7cd5aacd2b0e430bd76", "number": "441495301865", "area-code": "215"}, {"id": "e528a677a48fc7cd5aacd2b0e4104a07", "number": "3203023013", "area-code": "763"}, {"id": "e528a677a48fc7cd5aacd2b0e4104755", "number": "", "area-code": "404"}, {"id": "e528a677a48fc7cd5aacd2b0e430e532", "number": "40727673575", "area-code": "843"}, {"id": "e528a677a48fc7cd5aacd2b0e4103ae3", "number": "9703156007", "area-code": "970"}, {"id": "e528a677a48fc7cd5aacd2b0e4102cb4", "number": "2094009087", "area-code": "510"}, {"id": "e528a677a48fc7cd5aacd2b0e410295f", "number": "8039744065", "area-code": "803"}, {"id": "e528a677a48fc7cd5aacd2b0e4101c10", "number": "6514270554", "area-code": "763"}, {"id": "e528a677a48fc7cd5aacd2b0e4101aec", "number": "8774635346", "area-code": "630"}, {"id": "e528a677a48fc7cd5aacd2b0e43085b9", "number": "+18172877853", "area-code": "972"}, {"id": "e528a677a48fc7cd5aacd2b0e43094b7", "number": "9133546940", "area-code": "303"}, {"id": "e528a677a48fc7cd5aacd2b0e430a145", "number": "3033166748", "area-code": "303"}, {"id": "e528a677a48fc7cd5aacd2b0e410105a", "number": "5668452342", "area-code": "763"}, {"id": "e528a677a48fc7cd5aacd2b0e4100447", "number": "9704737437", "area-code": "970"}, {"id": "e528a677a48fc7cd5aacd2b0e430883e", "number": "40752224896", "area-code": "847"}, {"id": "e528a677a48fc7cd5aacd2b0e40ff629", "number": "7792539500", "area-code": "817"}, {"id": "e528a677a48fc7cd5aacd2b0e40ff190", "number": "2012428261", "area-code": "970"}, {"id": "e528a677a48fc7cd5aacd2b0e430af1b", "number": "+14077500579", "area-code": "321"}, {"id": "e528a677a48fc7cd5aacd2b0e40fe998", "number": "2602015006", "area-code": "260"}, {"id": "e528a677a48fc7cd5aacd2b0e40fd9dc", "number": "9705385073", "area-code": "970"}], "meta": {"record-total": 10903}}