{"data": [{"id": "5bdcf69af4172da8ad173ee63aba4620", "number": "2812086391", "area-code": "281"}, {"id": "5bdcf69af4172da8ad173ee63aba364a", "number": "8434838752", "area-code": "516"}, {"id": "5bdcf69af4172da8ad173ee63aba2e08", "number": "8434838752", "area-code": "516"}, {"id": "5bdcf69af4172da8ad173ee63aba2cd2", "number": "8434838752", "area-code": "516"}, {"id": "5bdcf69af4172da8ad173ee63aba2704", "number": "8434838752", "area-code": "516"}, {"id": "5bdcf69af4172da8ad173ee63aba1e76", "number": "2812084655", "area-code": "281"}, {"id": "5bdcf69af4172da8ad173ee63aba1165", "number": "8434838752", "area-code": "516"}, {"id": "5bdcf69af4172da8ad173ee63aba0589", "number": "8434838752", "area-code": "516"}, {"id": "5bdcf69af4172da8ad173ee63aba01fd", "number": "8434838752", "area-code": "516"}, {"id": "5bdcf69af4172da8ad173ee63aba01f9", "number": "8434838752", "area-code": "516"}, {"id": "5bdcf69af4172da8ad173ee63ab9fa62", "number": "8434838752", "area-code": "516"}, {"id": "5bdcf69af4172da8ad173ee63ab9f324", "number": "8434838752", "area-code": "516"}, {"id": "5bdcf69af4172da8ad173ee63ab9e70f", "number": "8434838752", "area-code": "516"}, {"id": "5bdcf69af4172da8ad173ee63ab9d9c7", "number": "7074523308", "area-code": "707"}, {"id": "5bdcf69af4172da8ad173ee63ab9d62e", "number": "5593141428", "area-code": "281"}, {"id": "5bdcf69af4172da8ad173ee63ab9d0b0", "number": "7573629609", "area-code": "530"}, {"id": "5bdcf69af4172da8ad173ee63ab9cc21", "number": "2814923112", "area-code": "281"}, {"id": "5bdcf69af4172da8ad173ee63ab9c3b2", "number": "8448079502", "area-code": "703"}, {"id": "5bdcf69af4172da8ad173ee63ab9bfd5", "number": "8005315008", "area-code": "281"}, {"id": "5bdcf69af4172da8ad173ee63ab9bc0b", "number": "", "area-code": "479"}, {"id": "5bdcf69af4172da8ad173ee63ab9ba4f", "number": "8883550248", "area-code": "808"}, {"id": "5bdcf69af4172da8ad173ee63ab9ab2a", "number": "8132134660", "area-code": "312"}, {"id": "5bdcf69af4172da8ad173ee63ab9a2f7", "number": "2029968858", "area-code": "949"}, {"id": "5bdcf69af4172da8ad173ee63ab9a12f", "number": "9179360862", "area-code": "505"}, {"id": "5bdcf69af4172da8ad173ee63ab9963e", "number": "7135201462", "area-code": "612"}, {"id": "5bdcf69af4172da8ad173ee63ab991a3", "number": "", "area-code": "770"}, {"id": "5bdcf69af4172da8ad173ee63ab989d2", "number": "9104151572", "area-code": "919"}, {"id": "5bdcf69af4172da8ad173ee63ab97e2d", "number": "8778180060", "area-code": "213"}, {"id": "5bdcf69af4172da8ad173ee63abda76a", "number": "3199830086", "area-code": "319"}, {"id": "5bdcf69af4172da8ad173ee63ab97683", "number": "9496357870", "area-code": "310"}, {"id": "5bdcf69af4172da8ad173ee63ab96728", "number": "9496357915", "area-code": "310"}, {"id": "5bdcf69af4172da8ad173ee63ab96308", "number": "9496357655", "area-code": "310"}, {"id": "5bdcf69af4172da8ad173ee63abd9a75", "number": "+13158009755", "area-code": "909"}, {"id": "5bdcf69af4172da8ad173ee63ab95d14", "number": "7024025554", "area-code": "775"}, {"id": "5bdcf69af4172da8ad173ee63ab951aa", "number": "7205389701", "area-code": "510"}, {"id": "5bdcf69af4172da8ad173ee63ab94a87", "number": "5105514935", "area-code": "510"}, {"id": "5bdcf69af4172da8ad173ee63ab945fb", "number": "7607484126", "area-code": "805"}, {"id": "5bdcf69af4172da8ad173ee63ab93d06", "number": "2123586992", "area-code": "510"}, {"id": "5bdcf69af4172da8ad173ee63ab9394d", "number": "4083416568", "area-code": "323"}, {"id": "5bdcf69af4172da8ad173ee63ab93042", "number": "5126705800", "area-code": "281"}, {"id": "5bdcf69af4172da8ad173ee63ab92159", "number": "3033300376", "area-code": "970"}, {"id": "5bdcf69af4172da8ad173ee63ab918c7", "number": "6202134724", "area-code": "949"}, {"id": "5bdcf69af4172da8ad173ee63ab91847", "number": "2253876861", "area-code": "225"}, {"id": "5bdcf69af4172da8ad173ee63ab911f3", "number": "9362513644", "area-code": "949"}, {"id": "5bdcf69af4172da8ad173ee63ab90f0a", "number": "6306612948", "area-code": "630"}, {"id": "5bdcf69af4172da8ad173ee63ab90e83", "number": "2254253643", "area-code": "970"}, {"id": "5bdcf69af4172da8ad173ee63ab900e9", "number": "4458004544", "area-code": "949"}, {"id": "5bdcf69af4172da8ad173ee63ab8ff54", "number": "3289326", "area-code": "828"}, {"id": "5bdcf69af4172da8ad173ee63abd967e", "number": "5869924098", "area-code": "917"}, {"id": "5bdcf69af4172da8ad173ee63abd9991", "number": "6014277320", "area-code": "917"}], "meta": {"record-total": 2423}}