{
  "data": [
    {
      "id": "adc67c7995e63b2fd7234c7ba5604234",
      "number": "4793394669",
      "area-code": "479"
    },
    {
      "id": "adc67c7995e63b2fd7234c7ba5603d1d",
      "number": "8554579530",
      "area-code": "714"
    },
    {
      "id": "adc67c7995e63b2fd7234c7ba5603726",
      "number": "4404117080",
      "area-code": "513"
    },
    {
      "id": "adc67c7995e63b2fd7234c7ba56028ff",
      "number": "5626269271",
      "area-code": "562"
    },
    {
      "id": "adc67c7995e63b2fd7234c7ba5602664",
      "number": "9097194581",
      "area-code": "909"
    },
    {
      "id": "adc67c7995e63b2fd7234c7ba560240a",
      "number": "2342301966",
      "area-code": "513"
    },
    {
      "id": "adc67c7995e63b2fd7234c7ba5601f6d",
      "number": "3859001072",
      "area-code": "410"
    },
    {
      "id": "adc67c7995e63b2fd7234c7ba5601d9b",
      "number": "6193086930",
      "area-code": "619"
    },
    {
      "id": "adc67c7995e63b2fd7234c7ba560181c",
      "number": "8003333474",
      "area-code": "410"
    },
    {
      "id": "adc67c7995e63b2fd7234c7ba560102c",
      "number": "6203223046",
      "area-code": "479"
    },
    {
      "id": "adc67c7995e63b2fd7234c7ba5600aac",
      "number": "2092903287",
      "area-code": "410"
    },
    {
      "id": "adc67c7995e63b2fd7234c7ba55ffdb2",
      "number": "4106703986",
      "area-code": "410"
    },
    {
      "id": "adc67c7995e63b2fd7234c7ba55ffdad",
      "number": "8703455925",
      "area-code": "410"
    },
    {
      "id": "adc67c7995e63b2fd7234c7ba55ff6b0",
      "number": "8703455925",
      "area-code": "410"
    },
    {
      "id": "adc67c7995e63b2fd7234c7ba55ff0dc",
      "number": "3802223515",
      "area-code": "513"
    },
    {
      "id": "adc67c7995e63b2fd7234c7ba55fec0d",
      "number": "3038484920",
      "area-code": "302"
    },
    {
      "id": "adc67c7995e63b2fd7234c7ba55fe81c",
      "number": "5204021022",
      "area-code": "520"
    },
    {
      "id": "adc67c7995e63b2fd7234c7ba55fe7e5",
      "number": "6573978639",
      "area-code": "443"
    },
    {
      "id": "adc67c7995e63b2fd7234c7ba55fe768",
      "number": "3022573922",
      "area-code": "302"
    },
    {
      "id": "adc67c7995e63b2fd7234c7ba55fe5f4",
      "number": "4793394699",
      "area-code": "479"
    },
    {
      "id": "adc67c7995e63b2fd7234c7ba55fdf28",
      "number": "9282672456",
      "area-code": "602"
    },
    {
      "id": "adc67c7995e63b2fd7234c7ba55fd011",
      "number": "7344124193",
      "area-code": "513"
    },
    {
      "id": "adc67c7995e63b2fd7234c7ba55fc3ce",
      "number": "6023741712",
      "area-code": "302"
    },
    {
      "id": "adc67c7995e63b2fd7234c7ba55fb84e",
      "number": "6305971663",
      "area-code": "602"
    },
    {
      "id": "adc67c7995e63b2fd7234c7ba55fa894",
      "number": "6235523666",
      "area-code": "602"
    },
    {
      "id": "adc67c7995e63b2fd7234c7ba55f9d4b",
      "number": "4799687336",
      "area-code": "479"
    },
    {
      "id": "adc67c7995e63b2fd7234c7ba55f92c9",
      "number": "6235523666",
      "area-code": "602"
    },
    {
      "id": "adc67c7995e63b2fd7234c7ba55f8c92",
      "number": "2135568915",
      "area-code": "303"
    },
    {
      "id": "adc67c7995e63b2fd7234c7ba55f85e7",
      "number": "",
      "area-code": "314"
    },
    {
      "id": "adc67c7995e63b2fd7234c7ba55f7d71",
      "number": "2135568915",
      "area-code": "303"
    },
    {
      "id": "adc67c7995e63b2fd7234c7ba55f7cef",
      "number": "6786033381",
      "area-code": "404"
    },
    {
      "id": "adc67c7995e63b2fd7234c7ba55f7aff",
      "number": "6198343315",
      "area-code": "303"
    },
    {
      "id": "adc67c7995e63b2fd7234c7ba55f7563",
      "number": "4793394699",
      "area-code": "479"
    },
    {
      "id": "adc67c7995e63b2fd7234c7ba55f6928",
      "number": "5204904978",
      "area-code": "303"
    },
    {
      "id": "adc67c7995e63b2fd7234c7ba55f5c9a",
      "number": "6786033381",
      "area-code": "404"
    },
    {
      "id": "adc67c7995e63b2fd7234c7ba55f547c",
      "number": "4046896998",
      "area-code": "478"
    },
    {
      "id": "adc67c7995e63b2fd7234c7ba55f5283",
      "number": "2315568915",
      "area-code": "303"
    },
    {
      "id": "adc67c7995e63b2fd7234c7ba55f4c4f",
      "number": "6363441499",
      "area-code": "303"
    },
    {
      "id": "adc67c7995e63b2fd7234c7ba55f3edc",
      "number": "8553318484",
      "area-code": "410"
    },
    {
      "id": "adc67c7995e63b2fd7234c7ba55f31f4",
      "number": "5204904978",
      "area-code": "303"
    },
    {
      "id": "adc67c7995e63b2fd7234c7ba55f25c0",
      "number": "5467108212",
      "area-code": "303"
    },
    {
      "id": "adc67c7995e63b2fd7234c7ba55f1ff2",
      "number": "8887124655",
      "area-code": "303"
    },
    {
      "id": "adc67c7995e63b2fd7234c7ba55f1115",
      "number": "2055022500",
      "area-code": "214"
    },
    {
      "id": "adc67c7995e63b2fd7234c7ba55f0aa3",
      "number": "8887124655",
      "area-code": "303"
    },
    {
      "id": "adc67c7995e63b2fd7234c7ba55f0997",
      "number": "5037770630",
      "area-code": "303"
    },
    {
      "id": "adc67c7995e63b2fd7234c7ba55efb88",
      "number": "8725398344",
      "area-code": "872"
    },
    {
      "id": "adc67c7995e63b2fd7234c7ba55eec75",
      "number": "2315568915",
      "area-code": "303"
    },
    {
      "id": "adc67c7995e63b2fd7234c7ba55edccd",
      "number": "2135568915",
      "area-code": "303"
    },
    {
      "id": "adc67c7995e63b2fd7234c7ba55ed265",
      "number": "8452622801",
      "area-code": "727"
    },
    {
      "id": "adc67c7995e63b2fd7234c7ba55ec68f",
      "number": "2135568915",
      "area-code": "303"
    }
  ],
  "meta": {
    "record-total": 4608
  }
}