{"data": [{"id": "b7517cc236c624ad40bcdfead703e0a6", "number": "2819424056", "area-code": "281"}, {"id": "b7517cc236c624ad40bcdfead703d345", "number": "9203478947", "area-code": "920"}, {"id": "b7517cc236c624ad40bcdfead703cdd2", "number": "7472349519", "area-code": "719"}, {"id": "b7517cc236c624ad40bcdfead703cca2", "number": "24065716047", "area-code": "301"}, {"id": "b7517cc236c624ad40bcdfead703c48b", "number": "2819552162", "area-code": "281"}, {"id": "b7517cc236c624ad40bcdfead703c331", "number": "9202456544", "area-code": "920"}, {"id": "b7517cc236c624ad40bcdfead703b783", "number": "6852920", "area-code": "323"}, {"id": "b7517cc236c624ad40bcdfead703b772", "number": "9807371470", "area-code": "434"}, {"id": "b7517cc236c624ad40bcdfead703a7ba", "number": "9208553666", "area-code": "920"}, {"id": "b7517cc236c624ad40bcdfead703a287", "number": "2816488464", "area-code": "281"}, {"id": "b7517cc236c624ad40bcdfead703987a", "number": "8778164915", "area-code": "714"}, {"id": "b7517cc236c624ad40bcdfead7038a23", "number": "9129001308", "area-code": "516"}, {"id": "b7517cc236c624ad40bcdfead70384a1", "number": "2532207295", "area-code": "719"}, {"id": "b7517cc236c624ad40bcdfead70381aa", "number": "3172109633", "area-code": "317"}, {"id": "b7517cc236c624ad40bcdfead7037c67", "number": "2672344192", "area-code": "516"}, {"id": "b7517cc236c624ad40bcdfead7037bf2", "number": "9202456544", "area-code": "920"}, {"id": "b7517cc236c624ad40bcdfead703729d", "number": "2024274742", "area-code": "434"}, {"id": "b7517cc236c624ad40bcdfead7036942", "number": "6193759750", "area-code": "719"}, {"id": "b7517cc236c624ad40bcdfead7035e9d", "number": "2408654002", "area-code": "301"}, {"id": "b7517cc236c624ad40bcdfead7035ac3", "number": "8557690731", "area-code": "920"}, {"id": "b7517cc236c624ad40bcdfead703525a", "number": "", "area-code": "978"}, {"id": "b7517cc236c624ad40bcdfead70346af", "number": "7038445662", "area-code": "703"}, {"id": "b7517cc236c624ad40bcdfead7033990", "number": "", "area-code": "870"}, {"id": "b7517cc236c624ad40bcdfead7032a7d", "number": "7321543", "area-code": "323"}, {"id": "b7517cc236c624ad40bcdfead7032262", "number": "7038182374", "area-code": "703"}, {"id": "b7517cc236c624ad40bcdfead703207a", "number": "7034722701", "area-code": "703"}, {"id": "b7517cc236c624ad40bcdfead7031a1f", "number": "9168506518", "area-code": "916"}, {"id": "b7517cc236c624ad40bcdfead703162c", "number": "7034722630", "area-code": "703"}, {"id": "b7517cc236c624ad40bcdfead7030a16", "number": "4805371329", "area-code": "626"}, {"id": "b7517cc236c624ad40bcdfead70307a6", "number": "9045394969", "area-code": "920"}, {"id": "b7517cc236c624ad40bcdfead703061d", "number": "2408654002", "area-code": "301"}, {"id": "b7517cc236c624ad40bcdfead702fdde", "number": "4194821813", "area-code": "323"}, {"id": "b7517cc236c624ad40bcdfead702fc29", "number": "7034722107", "area-code": "703"}, {"id": "b7517cc236c624ad40bcdfead702ef08", "number": "3173457209", "area-code": "317"}, {"id": "b7517cc236c624ad40bcdfead702e87e", "number": "3238386653", "area-code": "714"}, {"id": "b7517cc236c624ad40bcdfead702e1ca", "number": "9514121988", "area-code": "626"}, {"id": "b7517cc236c624ad40bcdfead702d44a", "number": "6084783812", "area-code": "920"}, {"id": "b7517cc236c624ad40bcdfead702d139", "number": "9519458840", "area-code": "916"}, {"id": "b7517cc236c624ad40bcdfead702ca37", "number": "", "area-code": "626"}, {"id": "b7517cc236c624ad40bcdfead702c96d", "number": "4053084263", "area-code": "586"}, {"id": "b7517cc236c624ad40bcdfead702c8ff", "number": "2062219400", "area-code": "206"}, {"id": "b7517cc236c624ad40bcdfead702c2ea", "number": "6266914201", "area-code": "626"}, {"id": "b7517cc236c624ad40bcdfead702c131", "number": "4194821813", "area-code": "323"}, {"id": "b7517cc236c624ad40bcdfead702bfd9", "number": "2062219400", "area-code": "206"}, {"id": "b7517cc236c624ad40bcdfead702b50b", "number": "7242004648", "area-code": "301"}, {"id": "b7517cc236c624ad40bcdfead702ac9d", "number": "8162817683", "area-code": "916"}, {"id": "b7517cc236c624ad40bcdfead702a1a8", "number": "", "area-code": "951"}, {"id": "b7517cc236c624ad40bcdfead7029e2c", "number": "9203107098", "area-code": "920"}, {"id": "b7517cc236c624ad40bcdfead70294d9", "number": "2062219400", "area-code": "206"}, {"id": "b7517cc236c624ad40bcdfead7029332", "number": "5863233410", "area-code": "586"}], "meta": {"record-total": 18025}}