{"data": [{"type": "dnc_complaint", "id": "c48504dd6b6c5dafd049e26829e1a517", "attributes": {"company-phone-number": "6315730554", "created-date": "2021-02-09 23:59:04", "violation-date": "2021-02-09 13:59:00", "consumer-city": "", "consumer-state": "New York", "consumer-area-code": "631", "subject": "Dropped call or no message", "recorded-message-or-robocall": "Y"}, "relationships": [], "meta": [], "links": {"self": "https://www.ftc.gov/v0/dnc-complaints/c48504dd6b6c5dafd049e26829e1a517"}}, {"type": "dnc_complaint", "id": "c48504dd6b6c5dafd049e26829e19cad", "attributes": {"company-phone-number": "6315601837", "created-date": "2021-02-09 23:57:19", "violation-date": "2021-02-09 15:29:00", "consumer-city": "", "consumer-state": "New York", "consumer-area-code": "631", "subject": "Dropped call or no message", "recorded-message-or-robocall": "Y"}, "relationships": [], "meta": [], "links": {"self": "https://www.ftc.gov/v0/dnc-complaints/c48504dd6b6c5dafd049e26829e19cad"}}, {"type": "dnc_complaint", "id": "c48504dd6b6c5dafd049e26829e19c52", "attributes": {"company-phone-number": "6125685896", "created-date": "2021-02-09 23:55:31", "violation-date": "2021-02-09 17:18:00", "consumer-city": "SAINT PAUL", "consumer-state": "Minnesota", "consumer-area-code": "651", "subject": "Dropped call or no message", "recorded-message-or-robocall": ""}, "relationships": [], "meta": [], "links": {"self": "https://www.ftc.gov/v0/dnc-complaints/c48504dd6b6c5dafd049e26829e19c52"}}, {"type": "dnc_complaint", "id": "c48504dd6b6c5dafd049e26829e19029", "attributes": {"company-phone-number": "2135135027", "created-date": "2021-02-09 23:54:56", "violation-date": "2021-02-09 20:50:00", "consumer-city": "Lemon Grove", "consumer-state": "California", "consumer-area-code": "619", "subject": "Charities", "recorded-message-or-robocall": "N"}, "relationships": [], "meta": [], "links": {"self": "https://www.ftc.gov/v0/dnc-complaints/c48504dd6b6c5dafd049e26829e19029"}}, {"type": "dnc_complaint", "id": "c48504dd6b6c5dafd049e26829e1876e", "attributes": {"company-phone-number": "6516479924", "created-date": "2021-02-09 23:54:51", "violation-date": "2021-02-09 14:07:00", "consumer-city": "SAINT PAUL", "consumer-state": "Minnesota", "consumer-area-code": "651", "subject": "Computer  & technical support", "recorded-message-or-robocall": "Y"}, "relationships": [], "meta": [], "links": {"self": "https://www.ftc.gov/v0/dnc-complaints/c48504dd6b6c5dafd049e26829e1876e"}}, {"type": "dnc_complaint", "id": "c48504dd6b6c5dafd049e26829e17efc", "attributes": {"company-phone-number": "8006160166", "created-date": "2021-02-09 23:54:24", "violation-date": "2021-02-09 20:30:00", "consumer-city": "Elk Grove", "consumer-state": "California", "consumer-area-code": "916", "subject": "Calls pretending to be government, businesses, or family and friends", "recorded-message-or-robocall": "Y"}, "relationships": [], "meta": [], "links": {"self": "https://www.ftc.gov/v0/dnc-complaints/c48504dd6b6c5dafd049e26829e17efc"}}, {"type": "dnc_complaint", "id": "c48504dd6b6c5dafd049e26829e17eaf", "attributes": {"company-phone-number": "", "created-date": "2021-02-09 23:52:58", "violation-date": "2021-02-09 10:29:00", "consumer-city": "Portsmouth", "consumer-state": "Virginia", "consumer-area-code": "757", "subject": "Other", "recorded-message-or-robocall": "Y"}, "relationships": [], "meta": [], "links": {"self": "https://www.ftc.gov/v0/dnc-complaints/c48504dd6b6c5dafd049e26829e17eaf"}}, {"type": "dnc_complaint", "id": "c48504dd6b6c5dafd049e26829e17b55", "attributes": {"company-phone-number": "4057801667", "created-date": "2021-02-09 23:51:25", "violation-date": "2021-02-09 18:47:00", "consumer-city": "Mililani", "consumer-state": "Hawaii", "consumer-area-code": "808", "subject": "Other", "recorded-message-or-robocall": ""}, "relationships": [], "meta": [], "links": {"self": "https://www.ftc.gov/v0/dnc-complaints/c48504dd6b6c5dafd049e26829e17b55"}}, {"type": "dnc_complaint", "id": "c48504dd6b6c5dafd049e26829e173fe", "attributes": {"company-phone-number": "2544161010", "created-date": "2021-02-09 23:50:42", "violation-date": "2021-02-09 20:47:00", "consumer-city": "", "consumer-state": "California", "consumer-area-code": "818", "subject": "Calls pretending to be government, businesses, or family and friends", "recorded-message-or-robocall": "N"}, "relationships": [], "meta": [], "links": {"self": "https://www.ftc.gov/v0/dnc-complaints/c48504dd6b6c5dafd049e26829e173fe"}}, {"type": "dnc_complaint", "id": "c48504dd6b6c5dafd049e26829e16969", "attributes": {"company-phone-number": "6513716827", "created-date": "2021-02-09 23:48:49", "violation-date": "2021-02-09 18:51:00", "consumer-city": "", "consumer-state": "Minnesota", "consumer-area-code": "612", "subject": "No Subject Provided", "recorded-message-or-robocall": ""}, "relationships": [], "meta": [], "links": {"self": "https://www.ftc.gov/v0/dnc-complaints/c48504dd6b6c5dafd049e26829e16969"}}, {"type": "dnc_complaint", "id": "c48504dd6b6c5dafd049e26829e15fd0", "attributes": {"company-phone-number": "3152328257", "created-date": "2021-02-09 23:48:32", "violation-date": "2021-02-08 19:53:00", "consumer-city": "Bel Air", "consumer-state": "Maryland", "consumer-area-code": "410", "subject": "Calls pretending to be government, businesses, or family and friends", "recorded-message-or-robocall": "Y"}, "relationships": [], "meta": [], "links": {"self": "https://www.ftc.gov/v0/dnc-complaints/c48504dd6b6c5dafd049e26829e15fd0"}}, {"type": "dnc_complaint", "id": "c48504dd6b6c5dafd049e26829e15718", "attributes": {"company-phone-number": "7189269731", "created-date": "2021-02-09 23:47:58", "violation-date": "2021-02-08 19:07:00", "consumer-city": "Brooklyn", "consumer-state": "New York", "consumer-area-code": "718", "subject": "Reducing your debt (credit cards, mortgage, student loans)", "recorded-message-or-robocall": "Y"}, "relationships": [], "meta": [], "links": {"self": "https://www.ftc.gov/v0/dnc-complaints/c48504dd6b6c5dafd049e26829e15718"}}, {"type": "dnc_complaint", "id": "c48504dd6b6c5dafd049e26829e14da3", "attributes": {"company-phone-number": "7874392", "created-date": "2021-02-09 23:47:40", "violation-date": "2021-02-09 09:58:00", "consumer-city": "Chocowinity", "consumer-state": "North Carolina", "consumer-area-code": "252", "subject": "Dropped call or no message", "recorded-message-or-robocall": "Y"}, "relationships": [], "meta": [], "links": {"self": "https://www.ftc.gov/v0/dnc-complaints/c48504dd6b6c5dafd049e26829e14da3"}}, {"type": "dnc_complaint", "id": "c48504dd6b6c5dafd049e26829e13f5e", "attributes": {"company-phone-number": "7188799445", "created-date": "2021-02-09 23:47:02", "violation-date": "2021-02-08 12:32:00", "consumer-city": "Brooklyn", "consumer-state": "New York", "consumer-area-code": "718", "subject": "Other", "recorded-message-or-robocall": "Y"}, "relationships": [], "meta": [], "links": {"self": "https://www.ftc.gov/v0/dnc-complaints/c48504dd6b6c5dafd049e26829e13f5e"}}, {"type": "dnc_complaint", "id": "c48504dd6b6c5dafd049e26829e134ed", "attributes": {"company-phone-number": "8443267578", "created-date": "2021-02-09 23:46:48", "violation-date": "2021-02-09 01:06:00", "consumer-city": "Saint Louis", "consumer-state": "Missouri", "consumer-area-code": "314", "subject": "Other", "recorded-message-or-robocall": "Y"}, "relationships": [], "meta": [], "links": {"self": "https://www.ftc.gov/v0/dnc-complaints/c48504dd6b6c5dafd049e26829e134ed"}}, {"type": "dnc_complaint", "id": "c48504dd6b6c5dafd049e26829e12f25", "attributes": {"company-phone-number": "4303070189", "created-date": "2021-02-09 23:45:58", "violation-date": "2021-02-09 17:37:00", "consumer-city": "Rochester Hills", "consumer-state": "Michigan", "consumer-area-code": "248", "subject": "Other", "recorded-message-or-robocall": "Y"}, "relationships": [], "meta": [], "links": {"self": "https://www.ftc.gov/v0/dnc-complaints/c48504dd6b6c5dafd049e26829e12f25"}}, {"type": "dnc_complaint", "id": "c48504dd6b6c5dafd049e26829e12ac2", "attributes": {"company-phone-number": "7189231298", "created-date": "2021-02-09 23:45:21", "violation-date": "2021-02-08 16:32:00", "consumer-city": "Brooklyn", "consumer-state": "New York", "consumer-area-code": "718", "subject": "Other", "recorded-message-or-robocall": "Y"}, "relationships": [], "meta": [], "links": {"self": "https://www.ftc.gov/v0/dnc-complaints/c48504dd6b6c5dafd049e26829e12ac2"}}, {"type": "dnc_complaint", "id": "c48504dd6b6c5dafd049e26829e12724", "attributes": {"company-phone-number": "2487443388", "created-date": "2021-02-09 23:44:56", "violation-date": "2021-02-09 13:12:00", "consumer-city": "Rochester Hills", "consumer-state": "Michigan", "consumer-area-code": "248", "subject": "Other", "recorded-message-or-robocall": "Y"}, "relationships": [], "meta": [], "links": {"self": "https://www.ftc.gov/v0/dnc-complaints/c48504dd6b6c5dafd049e26829e12724"}}, {"type": "dnc_complaint", "id": "c48504dd6b6c5dafd049e26829e11b74", "attributes": {"company-phone-number": "7853972378", "created-date": "2021-02-09 23:44:30", "violation-date": "2021-02-09 16:15:00", "consumer-city": "", "consumer-state": "Kansas", "consumer-area-code": "785", "subject": "No Subject Provided", "recorded-message-or-robocall": ""}, "relationships": [], "meta": [], "links": {"self": "https://www.ftc.gov/v0/dnc-complaints/c48504dd6b6c5dafd049e26829e11b74"}}, {"type": "dnc_complaint", "id": "c48504dd6b6c5dafd049e26829e1136d", "attributes": {"company-phone-number": "7189880924", "created-date": "2021-02-09 23:44:04", "violation-date": "2021-02-08 18:53:00", "consumer-city": "Brooklyn", "consumer-state": "New York", "consumer-area-code": "718", "subject": "Other", "recorded-message-or-robocall": "Y"}, "relationships": [], "meta": [], "links": {"self": "https://www.ftc.gov/v0/dnc-complaints/c48504dd6b6c5dafd049e26829e1136d"}}, {"type": "dnc_complaint", "id": "c48504dd6b6c5dafd049e26829e10cfc", "attributes": {"company-phone-number": "7853973058", "created-date": "2021-02-09 23:43:45", "violation-date": "2021-02-09 18:11:00", "consumer-city": "", "consumer-state": "Kansas", "consumer-area-code": "785", "subject": "No Subject Provided", "recorded-message-or-robocall": ""}, "relationships": [], "meta": [], "links": {"self": "https://www.ftc.gov/v0/dnc-complaints/c48504dd6b6c5dafd049e26829e10cfc"}}, {"type": "dnc_complaint", "id": "c48504dd6b6c5dafd049e26829e1074a", "attributes": {"company-phone-number": "5412622928", "created-date": "2021-02-09 23:41:46", "violation-date": "2021-02-09 00:00:00", "consumer-city": "", "consumer-state": "Oregon", "consumer-area-code": "541", "subject": "Medical  & prescriptions", "recorded-message-or-robocall": "Y"}, "relationships": [], "meta": [], "links": {"self": "https://www.ftc.gov/v0/dnc-complaints/c48504dd6b6c5dafd049e26829e1074a"}}, {"type": "dnc_complaint", "id": "c48504dd6b6c5dafd049e26829e1003d", "attributes": {"company-phone-number": "3162023242", "created-date": "2021-02-09 23:40:25", "violation-date": "2021-02-09 20:58:00", "consumer-city": "", "consumer-state": "Kansas", "consumer-area-code": "785", "subject": "No Subject Provided", "recorded-message-or-robocall": ""}, "relationships": [], "meta": [], "links": {"self": "https://www.ftc.gov/v0/dnc-complaints/c48504dd6b6c5dafd049e26829e1003d"}}, {"type": "dnc_complaint", "id": "c48504dd6b6c5dafd049e26829e0f8ea", "attributes": {"company-phone-number": "3167127232", "created-date": "2021-02-09 23:39:37", "violation-date": "2021-02-09 20:56:00", "consumer-city": "", "consumer-state": "Kansas", "consumer-area-code": "785", "subject": "No Subject Provided", "recorded-message-or-robocall": ""}, "relationships": [], "meta": [], "links": {"self": "https://www.ftc.gov/v0/dnc-complaints/c48504dd6b6c5dafd049e26829e0f8ea"}}, {"type": "dnc_complaint", "id": "c48504dd6b6c5dafd049e26829e0f32e", "attributes": {"company-phone-number": "3166613689", "created-date": "2021-02-09 23:38:45", "violation-date": "2021-02-09 18:18:00", "consumer-city": "", "consumer-state": "Kansas", "consumer-area-code": "785", "subject": "No Subject Provided", "recorded-message-or-robocall": ""}, "relationships": [], "meta": [], "links": {"self": "https://www.ftc.gov/v0/dnc-complaints/c48504dd6b6c5dafd049e26829e0f32e"}}, {"type": "dnc_complaint", "id": "c48504dd6b6c5dafd049e26829e0edab", "attributes": {"company-phone-number": "", "created-date": "2021-02-09 23:38:32", "violation-date": "2021-02-06 12:39:00", "consumer-city": "", "consumer-state": "California", "consumer-area-code": "909", "subject": "Warranties  & protection plans", "recorded-message-or-robocall": "Y"}, "relationships": [], "meta": [], "links": {"self": "https://www.ftc.gov/v0/dnc-complaints/c48504dd6b6c5dafd049e26829e0edab"}}, {"type": "dnc_complaint", "id": "c48504dd6b6c5dafd049e26829e0e7e3", "attributes": {"company-phone-number": "8044849507", "created-date": "2021-02-09 23:38:08", "violation-date": "2021-02-09 16:33:00", "consumer-city": "Frankfort", "consumer-state": "New York", "consumer-area-code": "315", "subject": "Other", "recorded-message-or-robocall": "Y"}, "relationships": [], "meta": [], "links": {"self": "https://www.ftc.gov/v0/dnc-complaints/c48504dd6b6c5dafd049e26829e0e7e3"}}, {"type": "dnc_complaint", "id": "c48504dd6b6c5dafd049e26829e0d94d", "attributes": {"company-phone-number": "3166008102", "created-date": "2021-02-09 23:38:05", "violation-date": "2021-02-09 17:47:00", "consumer-city": "", "consumer-state": "Kansas", "consumer-area-code": "785", "subject": "No Subject Provided", "recorded-message-or-robocall": ""}, "relationships": [], "meta": [], "links": {"self": "https://www.ftc.gov/v0/dnc-complaints/c48504dd6b6c5dafd049e26829e0d94d"}}, {"type": "dnc_complaint", "id": "c48504dd6b6c5dafd049e26829e0d055", "attributes": {"company-phone-number": "3166613689", "created-date": "2021-02-09 23:37:11", "violation-date": "2021-02-09 16:18:00", "consumer-city": "", "consumer-state": "Kansas", "consumer-area-code": "785", "subject": "No Subject Provided", "recorded-message-or-robocall": ""}, "relationships": [], "meta": [], "links": {"self": "https://www.ftc.gov/v0/dnc-complaints/c48504dd6b6c5dafd049e26829e0d055"}}, {"type": "dnc_complaint", "id": "c48504dd6b6c5dafd049e26829e0c9af", "attributes": {"company-phone-number": "7852038588", "created-date": "2021-02-09 23:36:22", "violation-date": "2021-02-09 15:04:00", "consumer-city": "", "consumer-state": "Kansas", "consumer-area-code": "785", "subject": "No Subject Provided", "recorded-message-or-robocall": ""}, "relationships": [], "meta": [], "links": {"self": "https://www.ftc.gov/v0/dnc-complaints/c48504dd6b6c5dafd049e26829e0c9af"}}, {"type": "dnc_complaint", "id": "c48504dd6b6c5dafd049e26829e0c53c", "attributes": {"company-phone-number": "2395134219", "created-date": "2021-02-09 23:36:16", "violation-date": "2021-02-09 21:13:00", "consumer-city": "TAMPA", "consumer-state": "Florida", "consumer-area-code": "813", "subject": "Calls pretending to be government, businesses, or family and friends", "recorded-message-or-robocall": "Y"}, "relationships": [], "meta": [], "links": {"self": "https://www.ftc.gov/v0/dnc-complaints/c48504dd6b6c5dafd049e26829e0c53c"}}, {"type": "dnc_complaint", "id": "c48504dd6b6c5dafd049e26829e0c353", "attributes": {"company-phone-number": "3167127232", "created-date": "2021-02-09 23:35:37", "violation-date": "2021-02-09 15:46:00", "consumer-city": "", "consumer-state": "Kansas", "consumer-area-code": "785", "subject": "No Subject Provided", "recorded-message-or-robocall": ""}, "relationships": [], "meta": [], "links": {"self": "https://www.ftc.gov/v0/dnc-complaints/c48504dd6b6c5dafd049e26829e0c353"}}, {"type": "dnc_complaint", "id": "c48504dd6b6c5dafd049e26829e0b4fd", "attributes": {"company-phone-number": "3109384026", "created-date": "2021-02-09 23:35:05", "violation-date": "2021-02-09 16:38:00", "consumer-city": "", "consumer-state": "California", "consumer-area-code": "310", "subject": "Calls pretending to be government, businesses, or family and friends", "recorded-message-or-robocall": "Y"}, "relationships": [], "meta": [], "links": {"self": "https://www.ftc.gov/v0/dnc-complaints/c48504dd6b6c5dafd049e26829e0b4fd"}}, {"type": "dnc_complaint", "id": "c48504dd6b6c5dafd049e26829e0aabb", "attributes": {"company-phone-number": "9012036717", "created-date": "2021-02-09 23:34:58", "violation-date": "2021-02-09 17:32:00", "consumer-city": "Coventry", "consumer-state": "Rhode Island", "consumer-area-code": "401", "subject": "Calls pretending to be government, businesses, or family and friends", "recorded-message-or-robocall": "Y"}, "relationships": [], "meta": [], "links": {"self": "https://www.ftc.gov/v0/dnc-complaints/c48504dd6b6c5dafd049e26829e0aabb"}}, {"type": "dnc_complaint", "id": "c48504dd6b6c5dafd049e26829e09bb3", "attributes": {"company-phone-number": "2062011658", "created-date": "2021-02-09 23:34:57", "violation-date": "2021-01-28 15:31:00", "consumer-city": "", "consumer-state": "Oregon", "consumer-area-code": "503", "subject": "Other", "recorded-message-or-robocall": "Y"}, "relationships": [], "meta": [], "links": {"self": "https://www.ftc.gov/v0/dnc-complaints/c48504dd6b6c5dafd049e26829e09bb3"}}, {"type": "dnc_complaint", "id": "c48504dd6b6c5dafd049e26829e099e2", "attributes": {"company-phone-number": "3165318098", "created-date": "2021-02-09 23:34:44", "violation-date": "2021-02-09 14:17:00", "consumer-city": "", "consumer-state": "Kansas", "consumer-area-code": "785", "subject": "No Subject Provided", "recorded-message-or-robocall": ""}, "relationships": [], "meta": [], "links": {"self": "https://www.ftc.gov/v0/dnc-complaints/c48504dd6b6c5dafd049e26829e099e2"}}, {"type": "dnc_complaint", "id": "c48504dd6b6c5dafd049e26829e08af8", "attributes": {"company-phone-number": "5182671235", "created-date": "2021-02-09 23:34:00", "violation-date": "2021-02-02 13:04:00", "consumer-city": "", "consumer-state": "Missouri", "consumer-area-code": "417", "subject": "Calls pretending to be government, businesses, or family and friends", "recorded-message-or-robocall": "N"}, "relationships": [], "meta": [], "links": {"self": "https://www.ftc.gov/v0/dnc-complaints/c48504dd6b6c5dafd049e26829e08af8"}}, {"type": "dnc_complaint", "id": "c48504dd6b6c5dafd049e26829e080a5", "attributes": {"company-phone-number": "3166008102", "created-date": "2021-02-09 23:33:58", "violation-date": "2021-02-09 13:27:00", "consumer-city": "", "consumer-state": "Kansas", "consumer-area-code": "785", "subject": "No Subject Provided", "recorded-message-or-robocall": ""}, "relationships": [], "meta": [], "links": {"self": "https://www.ftc.gov/v0/dnc-complaints/c48504dd6b6c5dafd049e26829e080a5"}}, {"type": "dnc_complaint", "id": "c48504dd6b6c5dafd049e26829e07839", "attributes": {"company-phone-number": "5036181130", "created-date": "2021-02-09 23:33:25", "violation-date": "2021-01-29 15:16:00", "consumer-city": "", "consumer-state": "Oregon", "consumer-area-code": "503", "subject": "Other", "recorded-message-or-robocall": "Y"}, "relationships": [], "meta": [], "links": {"self": "https://www.ftc.gov/v0/dnc-complaints/c48504dd6b6c5dafd049e26829e07839"}}, {"type": "dnc_complaint", "id": "c48504dd6b6c5dafd049e26829e071bc", "attributes": {"company-phone-number": "3166613689", "created-date": "2021-02-09 23:33:16", "violation-date": "2021-02-09 12:13:00", "consumer-city": "", "consumer-state": "Kansas", "consumer-area-code": "785", "subject": "No Subject Provided", "recorded-message-or-robocall": ""}, "relationships": [], "meta": [], "links": {"self": "https://www.ftc.gov/v0/dnc-complaints/c48504dd6b6c5dafd049e26829e071bc"}}, {"type": "dnc_complaint", "id": "c48504dd6b6c5dafd049e26829e06a5b", "attributes": {"company-phone-number": "4084554779", "created-date": "2021-02-09 23:32:59", "violation-date": "2021-02-09 15:44:00", "consumer-city": "", "consumer-state": "California", "consumer-area-code": "510", "subject": "Other", "recorded-message-or-robocall": "N"}, "relationships": [], "meta": [], "links": {"self": "https://www.ftc.gov/v0/dnc-complaints/c48504dd6b6c5dafd049e26829e06a5b"}}, {"type": "dnc_complaint", "id": "c48504dd6b6c5dafd049e26829e066ba", "attributes": {"company-phone-number": "5052957175", "created-date": "2021-02-09 23:32:24", "violation-date": "2021-02-09 15:13:00", "consumer-city": "Coventry", "consumer-state": "Rhode Island", "consumer-area-code": "401", "subject": "Calls pretending to be government, businesses, or family and friends", "recorded-message-or-robocall": "Y"}, "relationships": [], "meta": [], "links": {"self": "https://www.ftc.gov/v0/dnc-complaints/c48504dd6b6c5dafd049e26829e066ba"}}, {"type": "dnc_complaint", "id": "c48504dd6b6c5dafd049e26829e063c1", "attributes": {"company-phone-number": "3166613748", "created-date": "2021-02-09 23:32:19", "violation-date": "2021-02-09 11:23:00", "consumer-city": "", "consumer-state": "Kansas", "consumer-area-code": "785", "subject": "No Subject Provided", "recorded-message-or-robocall": ""}, "relationships": [], "meta": [], "links": {"self": "https://www.ftc.gov/v0/dnc-complaints/c48504dd6b6c5dafd049e26829e063c1"}}, {"type": "dnc_complaint", "id": "c48504dd6b6c5dafd049e26829e055ad", "attributes": {"company-phone-number": "4146032674", "created-date": "2021-02-09 23:32:16", "violation-date": "2021-02-09 17:10:00", "consumer-city": "Milwaukee", "consumer-state": "Wisconsin", "consumer-area-code": "414", "subject": "Dropped call or no message", "recorded-message-or-robocall": "Y"}, "relationships": [], "meta": [], "links": {"self": "https://www.ftc.gov/v0/dnc-complaints/c48504dd6b6c5dafd049e26829e055ad"}}, {"type": "dnc_complaint", "id": "c48504dd6b6c5dafd049e26829e046eb", "attributes": {"company-phone-number": "5036079252", "created-date": "2021-02-09 23:32:11", "violation-date": "2021-02-01 09:10:00", "consumer-city": "", "consumer-state": "Oregon", "consumer-area-code": "503", "subject": "Other", "recorded-message-or-robocall": "Y"}, "relationships": [], "meta": [], "links": {"self": "https://www.ftc.gov/v0/dnc-complaints/c48504dd6b6c5dafd049e26829e046eb"}}, {"type": "dnc_complaint", "id": "c48504dd6b6c5dafd049e26829e040dc", "attributes": {"company-phone-number": "5103805197", "created-date": "2021-02-09 23:31:51", "violation-date": "2021-02-09 16:33:00", "consumer-city": "", "consumer-state": "California", "consumer-area-code": "510", "subject": "Other", "recorded-message-or-robocall": "N"}, "relationships": [], "meta": [], "links": {"self": "https://www.ftc.gov/v0/dnc-complaints/c48504dd6b6c5dafd049e26829e040dc"}}, {"type": "dnc_complaint", "id": "c48504dd6b6c5dafd049e26829e03879", "attributes": {"company-phone-number": "6026665614", "created-date": "2021-02-09 23:31:47", "violation-date": "2021-02-08 11:40:00", "consumer-city": "", "consumer-state": "Missouri", "consumer-area-code": "417", "subject": "Reducing your debt (credit cards, mortgage, student loans)", "recorded-message-or-robocall": "N"}, "relationships": [], "meta": [], "links": {"self": "https://www.ftc.gov/v0/dnc-complaints/c48504dd6b6c5dafd049e26829e03879"}}, {"type": "dnc_complaint", "id": "c48504dd6b6c5dafd049e26829e0312a", "attributes": {"company-phone-number": "9205473465", "created-date": "2021-02-09 23:31:44", "violation-date": "2021-02-09 06:11:00", "consumer-city": "", "consumer-state": "Texas", "consumer-area-code": "817", "subject": "Other", "recorded-message-or-robocall": "Y"}, "relationships": [], "meta": [], "links": {"self": "https://www.ftc.gov/v0/dnc-complaints/c48504dd6b6c5dafd049e26829e0312a"}}, {"type": "dnc_complaint", "id": "c48504dd6b6c5dafd049e26829e02551", "attributes": {"company-phone-number": "5036074318", "created-date": "2021-02-09 23:30:23", "violation-date": "2021-02-08 11:25:00", "consumer-city": "", "consumer-state": "Oregon", "consumer-area-code": "503", "subject": "Other", "recorded-message-or-robocall": "Y"}, "relationships": [], "meta": [], "links": {"self": "https://www.ftc.gov/v0/dnc-complaints/c48504dd6b6c5dafd049e26829e02551"}}, {"type": "dnc_complaint", "id": "c48504dd6b6c5dafd049e26829e01c8f", "attributes": {"company-phone-number": "5036079841", "created-date": "2021-02-09 23:28:58", "violation-date": "2021-02-09 11:13:00", "consumer-city": "", "consumer-state": "Oregon", "consumer-area-code": "503", "subject": "Other", "recorded-message-or-robocall": "N"}, "relationships": [], "meta": [], "links": {"self": "https://www.ftc.gov/v0/dnc-complaints/c48504dd6b6c5dafd049e26829e01c8f"}}], "meta": {"records-this-page": 50, "record-total": 16734}, "links": {"self": "https://www.ftc.gov/v0/dnc-complaints?created_date=%222021-02-09%22"}}