{"data": [{"type": "dnc_complaint", "id": "bda0815bc40d3ff09402cf82ca446206", "attributes": {"company-phone-number": "6034292904", "created-date": "2021-02-28 23:59:41", "violation-date": "2021-02-26 14:57:00", "consumer-city": "San Marcos", "consumer-state": "Texas", "consumer-area-code": "603", "subject": "Other", "recorded-message-or-robocall": "Y"}, "relationships": [], "meta": [], "links": {"self": "https://www.ftc.gov/v0/dnc-complaints/bda0815bc40d3ff09402cf82ca446206"}}, {"type": "dnc_complaint", "id": "bda0815bc40d3ff09402cf82ca44528d", "attributes": {"company-phone-number": "6034474787", "created-date": "2021-02-28 23:58:10", "violation-date": "2021-02-26 14:28:00", "consumer-city": "San Marcos", "consumer-state": "New Hampshire", "consumer-area-code": "603", "subject": "Other", "recorded-message-or-robocall": "Y"}, "relationships": [], "meta": [], "links": {"self": "https://www.ftc.gov/v0/dnc-complaints/bda0815bc40d3ff09402cf82ca44528d"}}, {"type": "dnc_complaint", "id": "bda0815bc40d3ff09402cf82ca445284", "attributes": {"company-phone-number": "3132179074", "created-date": "2021-02-28 23:56:27", "violation-date": "2021-02-26 06:59:00", "consumer-city": "Castro Valley", "consumer-state": "California", "consumer-area-code": "313", "subject": "Calls pretending to be government, businesses, or family and friends", "recorded-message-or-robocall": "N"}, "relationships": [], "meta": [], "links": {"self": "https://www.ftc.gov/v0/dnc-complaints/bda0815bc40d3ff09402cf82ca445284"}}, {"type": "dnc_complaint", "id": "bda0815bc40d3ff09402cf82ca444df1", "attributes": {"company-phone-number": "6034766703", "created-date": "2021-02-28 23:56:25", "violation-date": "2021-02-26 13:59:00", "consumer-city": "San Marcos", "consumer-state": "Texas", "consumer-area-code": "603", "subject": "Other", "recorded-message-or-robocall": "Y"}, "relationships": [], "meta": [], "links": {"self": "https://www.ftc.gov/v0/dnc-complaints/bda0815bc40d3ff09402cf82ca444df1"}}, {"type": "dnc_complaint", "id": "bda0815bc40d3ff09402cf82ca4443a3", "attributes": {"company-phone-number": "6034740237", "created-date": "2021-02-28 23:55:24", "violation-date": "2021-02-26 13:47:00", "consumer-city": "San Marcos", "consumer-state": "New Hampshire", "consumer-area-code": "603", "subject": "Other", "recorded-message-or-robocall": "Y"}, "relationships": [], "meta": [], "links": {"self": "https://www.ftc.gov/v0/dnc-complaints/bda0815bc40d3ff09402cf82ca4443a3"}}, {"type": "dnc_complaint", "id": "bda0815bc40d3ff09402cf82ca443dbe", "attributes": {"company-phone-number": "6034740237", "created-date": "2021-02-28 23:54:24", "violation-date": "2021-02-26 13:47:00", "consumer-city": "San Marcos", "consumer-state": "New Hampshire", "consumer-area-code": "603", "subject": "Other", "recorded-message-or-robocall": "Y"}, "relationships": [], "meta": [], "links": {"self": "https://www.ftc.gov/v0/dnc-complaints/bda0815bc40d3ff09402cf82ca443dbe"}}, {"type": "dnc_complaint", "id": "bda0815bc40d3ff09402cf82ca443858", "attributes": {"company-phone-number": "8452109601", "created-date": "2021-02-28 23:53:47", "violation-date": "2021-02-23 18:35:00", "consumer-city": "Ridgewood", "consumer-state": "New York", "consumer-area-code": "845", "subject": "Other", "recorded-message-or-robocall": "Y"}, "relationships": [], "meta": [], "links": {"self": "https://www.ftc.gov/v0/dnc-complaints/bda0815bc40d3ff09402cf82ca443858"}}, {"type": "dnc_complaint", "id": "bda0815bc40d3ff09402cf82ca4430cf", "attributes": {"company-phone-number": "6034236269", "created-date": "2021-02-28 23:53:12", "violation-date": "2021-02-26 12:29:00", "consumer-city": "San Marcos", "consumer-state": "New Hampshire", "consumer-area-code": "603", "subject": "Other", "recorded-message-or-robocall": "Y"}, "relationships": [], "meta": [], "links": {"self": "https://www.ftc.gov/v0/dnc-complaints/bda0815bc40d3ff09402cf82ca4430cf"}}, {"type": "dnc_complaint", "id": "bda0815bc40d3ff09402cf82ca442d93", "attributes": {"company-phone-number": "6034744884", "created-date": "2021-02-28 23:51:52", "violation-date": "2021-02-26 11:42:00", "consumer-city": "San Marcos", "consumer-state": "Texas", "consumer-area-code": "603", "subject": "Other", "recorded-message-or-robocall": "Y"}, "relationships": [], "meta": [], "links": {"self": "https://www.ftc.gov/v0/dnc-complaints/bda0815bc40d3ff09402cf82ca442d93"}}, {"type": "dnc_complaint", "id": "bda0815bc40d3ff09402cf82ca442a62", "attributes": {"company-phone-number": "6034868266", "created-date": "2021-02-28 23:50:43", "violation-date": "2021-02-26 08:56:00", "consumer-city": "San Marcos", "consumer-state": "Texas", "consumer-area-code": "603", "subject": "Other", "recorded-message-or-robocall": "Y"}, "relationships": [], "meta": [], "links": {"self": "https://www.ftc.gov/v0/dnc-complaints/bda0815bc40d3ff09402cf82ca442a62"}}, {"type": "dnc_complaint", "id": "bda0815bc40d3ff09402cf82ca441b22", "attributes": {"company-phone-number": "5054211823", "created-date": "2021-02-28 23:49:38", "violation-date": "2021-02-26 13:39:00", "consumer-city": "San Marcos", "consumer-state": "Texas", "consumer-area-code": "603", "subject": "Other", "recorded-message-or-robocall": "Y"}, "relationships": [], "meta": [], "links": {"self": "https://www.ftc.gov/v0/dnc-complaints/bda0815bc40d3ff09402cf82ca441b22"}}, {"type": "dnc_complaint", "id": "bda0815bc40d3ff09402cf82ca44179e", "attributes": {"company-phone-number": "5054211823", "created-date": "2021-02-28 23:48:30", "violation-date": "2021-02-25 13:39:00", "consumer-city": "San Marcos", "consumer-state": "Texas", "consumer-area-code": "603", "subject": "Other", "recorded-message-or-robocall": "Y"}, "relationships": [], "meta": [], "links": {"self": "https://www.ftc.gov/v0/dnc-complaints/bda0815bc40d3ff09402cf82ca44179e"}}, {"type": "dnc_complaint", "id": "bda0815bc40d3ff09402cf82ca440e30", "attributes": {"company-phone-number": "6034869415", "created-date": "2021-02-28 23:47:22", "violation-date": "2021-02-25 11:35:00", "consumer-city": "San Marcos", "consumer-state": "New Hampshire", "consumer-area-code": "603", "subject": "Other", "recorded-message-or-robocall": "Y"}, "relationships": [], "meta": [], "links": {"self": "https://www.ftc.gov/v0/dnc-complaints/bda0815bc40d3ff09402cf82ca440e30"}}, {"type": "dnc_complaint", "id": "bda0815bc40d3ff09402cf82ca43ffd1", "attributes": {"company-phone-number": "4155949914", "created-date": "2021-02-28 23:46:46", "violation-date": "2021-02-26 14:12:00", "consumer-city": "", "consumer-state": "California", "consumer-area-code": "415", "subject": "Other", "recorded-message-or-robocall": "Y"}, "relationships": [], "meta": [], "links": {"self": "https://www.ftc.gov/v0/dnc-complaints/bda0815bc40d3ff09402cf82ca43ffd1"}}, {"type": "dnc_complaint", "id": "bda0815bc40d3ff09402cf82ca43f317", "attributes": {"company-phone-number": "5612020855", "created-date": "2021-02-28 23:46:20", "violation-date": "2021-02-10 10:10:00", "consumer-city": "Apopka", "consumer-state": "Florida", "consumer-area-code": "407", "subject": "Warranties  & protection plans", "recorded-message-or-robocall": "Y"}, "relationships": [], "meta": [], "links": {"self": "https://www.ftc.gov/v0/dnc-complaints/bda0815bc40d3ff09402cf82ca43f317"}}, {"type": "dnc_complaint", "id": "bda0815bc40d3ff09402cf82ca43eb31", "attributes": {"company-phone-number": "6034401460", "created-date": "2021-02-28 23:45:51", "violation-date": "2021-02-25 11:07:00", "consumer-city": "San Marcos", "consumer-state": "Texas", "consumer-area-code": "603", "subject": "Other", "recorded-message-or-robocall": "Y"}, "relationships": [], "meta": [], "links": {"self": "https://www.ftc.gov/v0/dnc-complaints/bda0815bc40d3ff09402cf82ca43eb31"}}, {"type": "dnc_complaint", "id": "bda0815bc40d3ff09402cf82ca43e907", "attributes": {"company-phone-number": "6034989851", "created-date": "2021-02-28 23:44:28", "violation-date": "2021-02-25 09:36:00", "consumer-city": "San Marcos", "consumer-state": "Texas", "consumer-area-code": "603", "subject": "Other", "recorded-message-or-robocall": "Y"}, "relationships": [], "meta": [], "links": {"self": "https://www.ftc.gov/v0/dnc-complaints/bda0815bc40d3ff09402cf82ca43e907"}}, {"type": "dnc_complaint", "id": "bda0815bc40d3ff09402cf82ca43e008", "attributes": {"company-phone-number": "6038565870", "created-date": "2021-02-28 23:43:27", "violation-date": "2021-02-24 13:22:00", "consumer-city": "San Marcos", "consumer-state": "Texas", "consumer-area-code": "603", "subject": "Other", "recorded-message-or-robocall": "Y"}, "relationships": [], "meta": [], "links": {"self": "https://www.ftc.gov/v0/dnc-complaints/bda0815bc40d3ff09402cf82ca43e008"}}, {"type": "dnc_complaint", "id": "bda0815bc40d3ff09402cf82ca43d017", "attributes": {"company-phone-number": "2068085715", "created-date": "2021-02-28 23:42:59", "violation-date": "2021-02-26 04:45:00", "consumer-city": "Puyallup", "consumer-state": "Washington", "consumer-area-code": "253", "subject": "Other", "recorded-message-or-robocall": "Y"}, "relationships": [], "meta": [], "links": {"self": "https://www.ftc.gov/v0/dnc-complaints/bda0815bc40d3ff09402cf82ca43d017"}}, {"type": "dnc_complaint", "id": "bda0815bc40d3ff09402cf82ca43c422", "attributes": {"company-phone-number": "5055969620", "created-date": "2021-02-28 23:41:36", "violation-date": "2021-02-25 11:29:00", "consumer-city": "", "consumer-state": "New Mexico", "consumer-area-code": "505", "subject": "Warranties  & protection plans", "recorded-message-or-robocall": "Y"}, "relationships": [], "meta": [], "links": {"self": "https://www.ftc.gov/v0/dnc-complaints/bda0815bc40d3ff09402cf82ca43c422"}}, {"type": "dnc_complaint", "id": "bda0815bc40d3ff09402cf82ca43b60f", "attributes": {"company-phone-number": "8888336986", "created-date": "2021-02-28 23:41:21", "violation-date": "2021-02-24 11:34:00", "consumer-city": "San Marcos", "consumer-state": "Texas", "consumer-area-code": "603", "subject": "Other", "recorded-message-or-robocall": "Y"}, "relationships": [], "meta": [], "links": {"self": "https://www.ftc.gov/v0/dnc-complaints/bda0815bc40d3ff09402cf82ca43b60f"}}, {"type": "dnc_complaint", "id": "bda0815bc40d3ff09402cf82ca43a726", "attributes": {"company-phone-number": "", "created-date": "2021-02-28 23:40:45", "violation-date": "2021-02-28 22:35:00", "consumer-city": "SAN ANTONIO", "consumer-state": "Texas", "consumer-area-code": "361", "subject": "Calls pretending to be government, businesses, or family and friends", "recorded-message-or-robocall": "Y"}, "relationships": [], "meta": [], "links": {"self": "https://www.ftc.gov/v0/dnc-complaints/bda0815bc40d3ff09402cf82ca43a726"}}, {"type": "dnc_complaint", "id": "bda0815bc40d3ff09402cf82ca439967", "attributes": {"company-phone-number": "8888336986", "created-date": "2021-02-28 23:40:33", "violation-date": "2021-02-23 10:35:00", "consumer-city": "San Marcos", "consumer-state": "Texas", "consumer-area-code": "603", "subject": "Other", "recorded-message-or-robocall": "Y"}, "relationships": [], "meta": [], "links": {"self": "https://www.ftc.gov/v0/dnc-complaints/bda0815bc40d3ff09402cf82ca439967"}}, {"type": "dnc_complaint", "id": "bda0815bc40d3ff09402cf82ca4394a2", "attributes": {"company-phone-number": "2149414442", "created-date": "2021-02-28 23:39:37", "violation-date": "2021-02-25 18:44:00", "consumer-city": "Humble", "consumer-state": "Texas", "consumer-area-code": "214", "subject": "Other", "recorded-message-or-robocall": "Y"}, "relationships": [], "meta": [], "links": {"self": "https://www.ftc.gov/v0/dnc-complaints/bda0815bc40d3ff09402cf82ca4394a2"}}, {"type": "dnc_complaint", "id": "bda0815bc40d3ff09402cf82ca4392d4", "attributes": {"company-phone-number": "5054211817", "created-date": "2021-02-28 23:39:27", "violation-date": "2021-02-24 10:01:00", "consumer-city": "San Marcos", "consumer-state": "Texas", "consumer-area-code": "603", "subject": "Other", "recorded-message-or-robocall": "Y"}, "relationships": [], "meta": [], "links": {"self": "https://www.ftc.gov/v0/dnc-complaints/bda0815bc40d3ff09402cf82ca4392d4"}}, {"type": "dnc_complaint", "id": "bda0815bc40d3ff09402cf82ca4383dd", "attributes": {"company-phone-number": "2109340265", "created-date": "2021-02-28 23:38:10", "violation-date": "2021-02-28 21:09:00", "consumer-city": "Blandinsville", "consumer-state": "Illinois", "consumer-area-code": "309", "subject": "Calls pretending to be government, businesses, or family and friends", "recorded-message-or-robocall": "N"}, "relationships": [], "meta": [], "links": {"self": "https://www.ftc.gov/v0/dnc-complaints/bda0815bc40d3ff09402cf82ca4383dd"}}, {"type": "dnc_complaint", "id": "bda0815bc40d3ff09402cf82ca437fc3", "attributes": {"company-phone-number": "6035076055", "created-date": "2021-02-28 23:38:06", "violation-date": "2021-02-23 13:08:00", "consumer-city": "San Marcos", "consumer-state": "Texas", "consumer-area-code": "603", "subject": "Other", "recorded-message-or-robocall": "Y"}, "relationships": [], "meta": [], "links": {"self": "https://www.ftc.gov/v0/dnc-complaints/bda0815bc40d3ff09402cf82ca437fc3"}}, {"type": "dnc_complaint", "id": "bda0815bc40d3ff09402cf82ca437c65", "attributes": {"company-phone-number": "8888336986", "created-date": "2021-02-28 23:36:38", "violation-date": "2021-02-24 11:34:00", "consumer-city": "San Marcos", "consumer-state": "Texas", "consumer-area-code": "603", "subject": "Other", "recorded-message-or-robocall": "Y"}, "relationships": [], "meta": [], "links": {"self": "https://www.ftc.gov/v0/dnc-complaints/bda0815bc40d3ff09402cf82ca437c65"}}, {"type": "dnc_complaint", "id": "bda0815bc40d3ff09402cf82ca437022", "attributes": {"company-phone-number": "0432517877", "created-date": "2021-02-28 23:36:19", "violation-date": "2021-01-03 14:15:00", "consumer-city": "Eastern Heights Ipswich", "consumer-state": "", "consumer-area-code": "614", "subject": "Calls pretending to be government, businesses, or family and friends", "recorded-message-or-robocall": "Y"}, "relationships": [], "meta": [], "links": {"self": "https://www.ftc.gov/v0/dnc-complaints/bda0815bc40d3ff09402cf82ca437022"}}, {"type": "dnc_complaint", "id": "bda0815bc40d3ff09402cf82ca436e23", "attributes": {"company-phone-number": "8888336986", "created-date": "2021-02-28 23:35:39", "violation-date": "2021-02-23 10:35:00", "consumer-city": "San Marcos", "consumer-state": "Texas", "consumer-area-code": "603", "subject": "Other", "recorded-message-or-robocall": "Y"}, "relationships": [], "meta": [], "links": {"self": "https://www.ftc.gov/v0/dnc-complaints/bda0815bc40d3ff09402cf82ca436e23"}}, {"type": "dnc_complaint", "id": "bda0815bc40d3ff09402cf82ca436b22", "attributes": {"company-phone-number": "5054211809", "created-date": "2021-02-28 23:34:17", "violation-date": "2021-02-23 09:43:00", "consumer-city": "San Marcos", "consumer-state": "Texas", "consumer-area-code": "603", "subject": "Other", "recorded-message-or-robocall": "Y"}, "relationships": [], "meta": [], "links": {"self": "https://www.ftc.gov/v0/dnc-complaints/bda0815bc40d3ff09402cf82ca436b22"}}, {"type": "dnc_complaint", "id": "bda0815bc40d3ff09402cf82ca436195", "attributes": {"company-phone-number": "6784377932", "created-date": "2021-02-28 23:33:12", "violation-date": "2021-02-28 05:10:00", "consumer-city": "Griffin", "consumer-state": "Georgia", "consumer-area-code": "770", "subject": "Calls pretending to be government, businesses, or family and friends", "recorded-message-or-robocall": "N"}, "relationships": [], "meta": [], "links": {"self": "https://www.ftc.gov/v0/dnc-complaints/bda0815bc40d3ff09402cf82ca436195"}}, {"type": "dnc_complaint", "id": "bda0815bc40d3ff09402cf82ca435586", "attributes": {"company-phone-number": "6195883322", "created-date": "2021-02-28 23:32:29", "violation-date": "2021-02-28 00:00:00", "consumer-city": "Colorado Springs", "consumer-state": "Colorado", "consumer-area-code": "619", "subject": "Reducing your debt (credit cards, mortgage, student loans)", "recorded-message-or-robocall": "Y"}, "relationships": [], "meta": [], "links": {"self": "https://www.ftc.gov/v0/dnc-complaints/bda0815bc40d3ff09402cf82ca435586"}}, {"type": "dnc_complaint", "id": "bda0815bc40d3ff09402cf82ca434b7b", "attributes": {"company-phone-number": "6034978454", "created-date": "2021-02-28 23:32:21", "violation-date": "2021-02-23 19:43:00", "consumer-city": "San Marcos", "consumer-state": "New Hampshire", "consumer-area-code": "603", "subject": "Other", "recorded-message-or-robocall": "Y"}, "relationships": [], "meta": [], "links": {"self": "https://www.ftc.gov/v0/dnc-complaints/bda0815bc40d3ff09402cf82ca434b7b"}}, {"type": "dnc_complaint", "id": "bda0815bc40d3ff09402cf82ca434af0", "attributes": {"company-phone-number": "8778786939", "created-date": "2021-02-28 23:30:28", "violation-date": "2021-02-21 17:55:00", "consumer-city": "San Marcos", "consumer-state": "Texas", "consumer-area-code": "603", "subject": "Other", "recorded-message-or-robocall": "Y"}, "relationships": [], "meta": [], "links": {"self": "https://www.ftc.gov/v0/dnc-complaints/bda0815bc40d3ff09402cf82ca434af0"}}, {"type": "dnc_complaint", "id": "bda0815bc40d3ff09402cf82ca433cbf", "attributes": {"company-phone-number": "2248052920", "created-date": "2021-02-28 23:29:56", "violation-date": "2021-02-24 00:00:00", "consumer-city": "Iowa City", "consumer-state": "Iowa", "consumer-area-code": "224", "subject": "Other", "recorded-message-or-robocall": "Y"}, "relationships": [], "meta": [], "links": {"self": "https://www.ftc.gov/v0/dnc-complaints/bda0815bc40d3ff09402cf82ca433cbf"}}, {"type": "dnc_complaint", "id": "bda0815bc40d3ff09402cf82ca4331a4", "attributes": {"company-phone-number": "8778786939", "created-date": "2021-02-28 23:29:04", "violation-date": "2021-02-22 17:14:00", "consumer-city": "San Marcos", "consumer-state": "Texas", "consumer-area-code": "603", "subject": "Other", "recorded-message-or-robocall": "Y"}, "relationships": [], "meta": [], "links": {"self": "https://www.ftc.gov/v0/dnc-complaints/bda0815bc40d3ff09402cf82ca4331a4"}}, {"type": "dnc_complaint", "id": "bda0815bc40d3ff09402cf82ca432770", "attributes": {"company-phone-number": "8645979661", "created-date": "2021-02-28 23:26:34", "violation-date": "2021-02-01 00:00:00", "consumer-city": "Duncan", "consumer-state": "South Carolina", "consumer-area-code": "864", "subject": "Medical  & prescriptions", "recorded-message-or-robocall": "Y"}, "relationships": [], "meta": [], "links": {"self": "https://www.ftc.gov/v0/dnc-complaints/bda0815bc40d3ff09402cf82ca432770"}}, {"type": "dnc_complaint", "id": "bda0815bc40d3ff09402cf82ca43260d", "attributes": {"company-phone-number": "8605554039", "created-date": "2021-02-28 23:23:36", "violation-date": "2021-02-25 16:11:00", "consumer-city": "", "consumer-state": "Pennsylvania", "consumer-area-code": "203", "subject": "Medical  & prescriptions", "recorded-message-or-robocall": "Y"}, "relationships": [], "meta": [], "links": {"self": "https://www.ftc.gov/v0/dnc-complaints/bda0815bc40d3ff09402cf82ca43260d"}}, {"type": "dnc_complaint", "id": "bda0815bc40d3ff09402cf82ca431dd8", "attributes": {"company-phone-number": "", "created-date": "2021-02-28 23:20:02", "violation-date": "2021-02-27 16:20:00", "consumer-city": "", "consumer-state": "Texas", "consumer-area-code": "361", "subject": "Calls pretending to be government, businesses, or family and friends", "recorded-message-or-robocall": "Y"}, "relationships": [], "meta": [], "links": {"self": "https://www.ftc.gov/v0/dnc-complaints/bda0815bc40d3ff09402cf82ca431dd8"}}, {"type": "dnc_complaint", "id": "bda0815bc40d3ff09402cf82ca430e9b", "attributes": {"company-phone-number": "8163707039", "created-date": "2021-02-28 23:19:08", "violation-date": "2021-02-27 09:31:00", "consumer-city": "", "consumer-state": "Missouri", "consumer-area-code": "816", "subject": "Dropped call or no message", "recorded-message-or-robocall": "Y"}, "relationships": [], "meta": [], "links": {"self": "https://www.ftc.gov/v0/dnc-complaints/bda0815bc40d3ff09402cf82ca430e9b"}}, {"type": "dnc_complaint", "id": "bda0815bc40d3ff09402cf82ca430c20", "attributes": {"company-phone-number": "7145070689", "created-date": "2021-02-28 23:19:02", "violation-date": "2021-02-28 14:48:00", "consumer-city": "Issaquah", "consumer-state": "Washington", "consumer-area-code": "425", "subject": "Other", "recorded-message-or-robocall": "Y"}, "relationships": [], "meta": [], "links": {"self": "https://www.ftc.gov/v0/dnc-complaints/bda0815bc40d3ff09402cf82ca430c20"}}, {"type": "dnc_complaint", "id": "bda0815bc40d3ff09402cf82ca430270", "attributes": {"company-phone-number": "8102094992", "created-date": "2021-02-28 23:18:55", "violation-date": "2021-02-26 17:14:00", "consumer-city": "Hartland", "consumer-state": "Michigan", "consumer-area-code": "810", "subject": "Other", "recorded-message-or-robocall": "Y"}, "relationships": [], "meta": [], "links": {"self": "https://www.ftc.gov/v0/dnc-complaints/bda0815bc40d3ff09402cf82ca430270"}}, {"type": "dnc_complaint", "id": "bda0815bc40d3ff09402cf82ca42f7d0", "attributes": {"company-phone-number": "2182120481", "created-date": "2021-02-28 23:16:10", "violation-date": "2021-02-26 19:31:00", "consumer-city": "Maple Grove", "consumer-state": "Minnesota", "consumer-area-code": "763", "subject": "Other", "recorded-message-or-robocall": "Y"}, "relationships": [], "meta": [], "links": {"self": "https://www.ftc.gov/v0/dnc-complaints/bda0815bc40d3ff09402cf82ca42f7d0"}}, {"type": "dnc_complaint", "id": "bda0815bc40d3ff09402cf82ca42f183", "attributes": {"company-phone-number": "7575428419", "created-date": "2021-02-28 23:16:04", "violation-date": "2021-02-22 14:12:00", "consumer-city": "Virginia Beach", "consumer-state": "Virginia", "consumer-area-code": "757", "subject": "Warranties  & protection plans", "recorded-message-or-robocall": "Y"}, "relationships": [], "meta": [], "links": {"self": "https://www.ftc.gov/v0/dnc-complaints/bda0815bc40d3ff09402cf82ca42f183"}}, {"type": "dnc_complaint", "id": "bda0815bc40d3ff09402cf82ca42f107", "attributes": {"company-phone-number": "3152328257", "created-date": "2021-02-28 23:15:10", "violation-date": "2021-02-26 11:47:00", "consumer-city": "Springfield Gardens", "consumer-state": "New York", "consumer-area-code": "917", "subject": "Other", "recorded-message-or-robocall": "Y"}, "relationships": [], "meta": [], "links": {"self": "https://www.ftc.gov/v0/dnc-complaints/bda0815bc40d3ff09402cf82ca42f107"}}, {"type": "dnc_complaint", "id": "bda0815bc40d3ff09402cf82ca42e831", "attributes": {"company-phone-number": "3853327866", "created-date": "2021-02-28 23:15:10", "violation-date": "2021-02-26 04:34:00", "consumer-city": "Lafayette", "consumer-state": "Colorado", "consumer-area-code": "801", "subject": "Other", "recorded-message-or-robocall": "Y"}, "relationships": [], "meta": [], "links": {"self": "https://www.ftc.gov/v0/dnc-complaints/bda0815bc40d3ff09402cf82ca42e831"}}, {"type": "dnc_complaint", "id": "bda0815bc40d3ff09402cf82ca42db59", "attributes": {"company-phone-number": "6622553743", "created-date": "2021-02-28 23:14:54", "violation-date": "2021-02-28 23:11:00", "consumer-city": "", "consumer-state": "New York", "consumer-area-code": "347", "subject": "Other", "recorded-message-or-robocall": "N"}, "relationships": [], "meta": [], "links": {"self": "https://www.ftc.gov/v0/dnc-complaints/bda0815bc40d3ff09402cf82ca42db59"}}, {"type": "dnc_complaint", "id": "bda0815bc40d3ff09402cf82ca42d7b3", "attributes": {"company-phone-number": "8102094992", "created-date": "2021-02-28 23:14:43", "violation-date": "2021-02-28 23:01:00", "consumer-city": "Hartland", "consumer-state": "Michigan", "consumer-area-code": "810", "subject": "Other", "recorded-message-or-robocall": "Y"}, "relationships": [], "meta": [], "links": {"self": "https://www.ftc.gov/v0/dnc-complaints/bda0815bc40d3ff09402cf82ca42d7b3"}}, {"type": "dnc_complaint", "id": "bda0815bc40d3ff09402cf82ca42c868", "attributes": {"company-phone-number": "8317573049", "created-date": "2021-02-28 23:14:38", "violation-date": "2021-02-26 12:30:00", "consumer-city": "California", "consumer-state": "California", "consumer-area-code": "310", "subject": "Reducing your debt (credit cards, mortgage, student loans)", "recorded-message-or-robocall": "N"}, "relationships": [], "meta": [], "links": {"self": "https://www.ftc.gov/v0/dnc-complaints/bda0815bc40d3ff09402cf82ca42c868"}}], "meta": {"records-this-page": 50, "record-total": 4005}, "links": {"self": "https://www.ftc.gov/v0/dnc-complaints?created_date=%222021-02-28%22"}}