{"data": [{"type": "dnc_complaint", "id": "b98231acc4f1057311b45b4382a312bc", "attributes": {"company-phone-number": "7074406075", "created-date": "2021-02-04 23:59:54", "violation-date": "2021-02-04 23:59:54", "consumer-city": "", "consumer-state": "California", "consumer-area-code": "707", "subject": "No Subject Provided", "recorded-message-or-robocall": "Y"}, "relationships": [], "meta": [], "links": {"self": "https://www.ftc.gov/v0/dnc-complaints/b98231acc4f1057311b45b4382a312bc"}}, {"type": "dnc_complaint", "id": "b98231acc4f1057311b45b4382a31e95", "attributes": {"company-phone-number": "9562495826", "created-date": "2021-02-04 23:59:37", "violation-date": "2021-02-04 23:59:37", "consumer-city": "", "consumer-state": "Texas", "consumer-area-code": "956", "subject": "No Subject Provided", "recorded-message-or-robocall": "N"}, "relationships": [], "meta": [], "links": {"self": "https://www.ftc.gov/v0/dnc-complaints/b98231acc4f1057311b45b4382a31e95"}}, {"type": "dnc_complaint", "id": "b98231acc4f1057311b45b438274b134", "attributes": {"company-phone-number": "5305833396", "created-date": "2021-02-04 23:59:22", "violation-date": "2021-02-04 14:28:00", "consumer-city": "", "consumer-state": "California", "consumer-area-code": "530", "subject": "Other", "recorded-message-or-robocall": "N"}, "relationships": [], "meta": [], "links": {"self": "https://www.ftc.gov/v0/dnc-complaints/b98231acc4f1057311b45b438274b134"}}, {"type": "dnc_complaint", "id": "b98231acc4f1057311b45b438274aa24", "attributes": {"company-phone-number": "7328005279", "created-date": "2021-02-04 23:59:19", "violation-date": "2021-02-04 11:16:00", "consumer-city": "Piscataway", "consumer-state": "New Jersey", "consumer-area-code": "732", "subject": "Other", "recorded-message-or-robocall": "N"}, "relationships": [], "meta": [], "links": {"self": "https://www.ftc.gov/v0/dnc-complaints/b98231acc4f1057311b45b438274aa24"}}, {"type": "dnc_complaint", "id": "b98231acc4f1057311b45b4382a31a75", "attributes": {"company-phone-number": "2403189719", "created-date": "2021-02-04 23:59:17", "violation-date": "2021-02-04 23:59:17", "consumer-city": "", "consumer-state": "Texas", "consumer-area-code": "915", "subject": "No Subject Provided", "recorded-message-or-robocall": "Y"}, "relationships": [], "meta": [], "links": {"self": "https://www.ftc.gov/v0/dnc-complaints/b98231acc4f1057311b45b4382a31a75"}}, {"type": "dnc_complaint", "id": "b98231acc4f1057311b45b438274a860", "attributes": {"company-phone-number": "2108228740", "created-date": "2021-02-04 23:58:58", "violation-date": "2021-02-01 10:28:00", "consumer-city": "", "consumer-state": "Texas", "consumer-area-code": "214", "subject": "Warranties  & protection plans", "recorded-message-or-robocall": "Y"}, "relationships": [], "meta": [], "links": {"self": "https://www.ftc.gov/v0/dnc-complaints/b98231acc4f1057311b45b438274a860"}}, {"type": "dnc_complaint", "id": "b98231acc4f1057311b45b438274a086", "attributes": {"company-phone-number": "5305818922", "created-date": "2021-02-04 23:58:47", "violation-date": "2021-02-04 12:27:00", "consumer-city": "", "consumer-state": "California", "consumer-area-code": "530", "subject": "Other", "recorded-message-or-robocall": "N"}, "relationships": [], "meta": [], "links": {"self": "https://www.ftc.gov/v0/dnc-complaints/b98231acc4f1057311b45b438274a086"}}, {"type": "dnc_complaint", "id": "b98231acc4f1057311b45b438274944b", "attributes": {"company-phone-number": "3523064341", "created-date": "2021-02-04 23:58:17", "violation-date": "2021-02-04 00:00:00", "consumer-city": "", "consumer-state": "Florida", "consumer-area-code": "352", "subject": "Calls pretending to be government, businesses, or family and friends", "recorded-message-or-robocall": "Y"}, "relationships": [], "meta": [], "links": {"self": "https://www.ftc.gov/v0/dnc-complaints/b98231acc4f1057311b45b438274944b"}}, {"type": "dnc_complaint", "id": "b98231acc4f1057311b45b4382748b78", "attributes": {"company-phone-number": "2177442290", "created-date": "2021-02-04 23:58:13", "violation-date": "2021-02-04 18:50:00", "consumer-city": "Springfield", "consumer-state": "Illinois", "consumer-area-code": "217", "subject": "No Subject Provided", "recorded-message-or-robocall": ""}, "relationships": [], "meta": [], "links": {"self": "https://www.ftc.gov/v0/dnc-complaints/b98231acc4f1057311b45b4382748b78"}}, {"type": "dnc_complaint", "id": "b98231acc4f1057311b45b43827481a9", "attributes": {"company-phone-number": "5304186864", "created-date": "2021-02-04 23:58:06", "violation-date": "2021-02-04 10:15:00", "consumer-city": "", "consumer-state": "California", "consumer-area-code": "530", "subject": "Other", "recorded-message-or-robocall": "N"}, "relationships": [], "meta": [], "links": {"self": "https://www.ftc.gov/v0/dnc-complaints/b98231acc4f1057311b45b43827481a9"}}, {"type": "dnc_complaint", "id": "b98231acc4f1057311b45b4382747cdd", "attributes": {"company-phone-number": "2143247208", "created-date": "2021-02-04 23:58:03", "violation-date": "2021-01-26 14:53:00", "consumer-city": "", "consumer-state": "Texas", "consumer-area-code": "214", "subject": "Warranties  & protection plans", "recorded-message-or-robocall": "Y"}, "relationships": [], "meta": [], "links": {"self": "https://www.ftc.gov/v0/dnc-complaints/b98231acc4f1057311b45b4382747cdd"}}, {"type": "dnc_complaint", "id": "b98231acc4f1057311b45b4382a333f8", "attributes": {"company-phone-number": "7726758270", "created-date": "2021-02-04 23:57:47", "violation-date": "2021-02-04 23:57:47", "consumer-city": "", "consumer-state": "Texas", "consumer-area-code": "972", "subject": "No Subject Provided", "recorded-message-or-robocall": "Y"}, "relationships": [], "meta": [], "links": {"self": "https://www.ftc.gov/v0/dnc-complaints/b98231acc4f1057311b45b4382a333f8"}}, {"type": "dnc_complaint", "id": "b98231acc4f1057311b45b4382a31016", "attributes": {"company-phone-number": "+12678551663", "created-date": "2021-02-04 23:57:32", "violation-date": "2021-02-04 23:57:32", "consumer-city": "", "consumer-state": "Pennsylvania", "consumer-area-code": "267", "subject": "No Subject Provided", "recorded-message-or-robocall": "Y"}, "relationships": [], "meta": [], "links": {"self": "https://www.ftc.gov/v0/dnc-complaints/b98231acc4f1057311b45b4382a31016"}}, {"type": "dnc_complaint", "id": "b98231acc4f1057311b45b438274711e", "attributes": {"company-phone-number": "4422320341", "created-date": "2021-02-04 23:57:21", "violation-date": "2021-01-25 13:04:00", "consumer-city": "Solana Beach", "consumer-state": "California", "consumer-area-code": "760", "subject": "Other", "recorded-message-or-robocall": "N"}, "relationships": [], "meta": [], "links": {"self": "https://www.ftc.gov/v0/dnc-complaints/b98231acc4f1057311b45b438274711e"}}, {"type": "dnc_complaint", "id": "b98231acc4f1057311b45b4382746ad8", "attributes": {"company-phone-number": "6015532013", "created-date": "2021-02-04 23:57:19", "violation-date": "2021-02-04 15:13:00", "consumer-city": "Springfield", "consumer-state": "Illinois", "consumer-area-code": "217", "subject": "No Subject Provided", "recorded-message-or-robocall": ""}, "relationships": [], "meta": [], "links": {"self": "https://www.ftc.gov/v0/dnc-complaints/b98231acc4f1057311b45b4382746ad8"}}, {"type": "dnc_complaint", "id": "b98231acc4f1057311b45b4382a2ed35", "attributes": {"company-phone-number": "+15053759896", "created-date": "2021-02-04 23:57:17", "violation-date": "2021-02-04 23:57:17", "consumer-city": "", "consumer-state": "New Mexico", "consumer-area-code": "505", "subject": "No Subject Provided", "recorded-message-or-robocall": "Y"}, "relationships": [], "meta": [], "links": {"self": "https://www.ftc.gov/v0/dnc-complaints/b98231acc4f1057311b45b4382a2ed35"}}, {"type": "dnc_complaint", "id": "b98231acc4f1057311b45b4382a33ba0", "attributes": {"company-phone-number": "+16267378060", "created-date": "2021-02-04 23:57:04", "violation-date": "2021-02-04 23:57:04", "consumer-city": "", "consumer-state": "California", "consumer-area-code": "951", "subject": "No Subject Provided", "recorded-message-or-robocall": "Y"}, "relationships": [], "meta": [], "links": {"self": "https://www.ftc.gov/v0/dnc-complaints/b98231acc4f1057311b45b4382a33ba0"}}, {"type": "dnc_complaint", "id": "b98231acc4f1057311b45b4382a33795", "attributes": {"company-phone-number": "8014847407", "created-date": "2021-02-04 23:56:59", "violation-date": "2021-02-04 23:56:59", "consumer-city": "", "consumer-state": "Florida", "consumer-area-code": "407", "subject": "No Subject Provided", "recorded-message-or-robocall": "Y"}, "relationships": [], "meta": [], "links": {"self": "https://www.ftc.gov/v0/dnc-complaints/b98231acc4f1057311b45b4382a33795"}}, {"type": "dnc_complaint", "id": "b98231acc4f1057311b45b43827462ad", "attributes": {"company-phone-number": "5305457420", "created-date": "2021-02-04 23:56:58", "violation-date": "2021-02-03 10:30:00", "consumer-city": "", "consumer-state": "California", "consumer-area-code": "530", "subject": "Other", "recorded-message-or-robocall": "N"}, "relationships": [], "meta": [], "links": {"self": "https://www.ftc.gov/v0/dnc-complaints/b98231acc4f1057311b45b43827462ad"}}, {"type": "dnc_complaint", "id": "b98231acc4f1057311b45b43827460bc", "attributes": {"company-phone-number": "4698298293", "created-date": "2021-02-04 23:56:55", "violation-date": "2021-01-13 11:25:00", "consumer-city": "", "consumer-state": "Texas", "consumer-area-code": "214", "subject": "Warranties  & protection plans", "recorded-message-or-robocall": "Y"}, "relationships": [], "meta": [], "links": {"self": "https://www.ftc.gov/v0/dnc-complaints/b98231acc4f1057311b45b43827460bc"}}, {"type": "dnc_complaint", "id": "b98231acc4f1057311b45b4382745b6a", "attributes": {"company-phone-number": "2056249764", "created-date": "2021-02-04 23:56:48", "violation-date": "2021-02-04 12:28:00", "consumer-city": "", "consumer-state": "Alabama", "consumer-area-code": "205", "subject": "Warranties  & protection plans", "recorded-message-or-robocall": "Y"}, "relationships": [], "meta": [], "links": {"self": "https://www.ftc.gov/v0/dnc-complaints/b98231acc4f1057311b45b4382745b6a"}}, {"type": "dnc_complaint", "id": "b98231acc4f1057311b45b4382a3279d", "attributes": {"company-phone-number": "+19515246560", "created-date": "2021-02-04 23:56:44", "violation-date": "2021-02-04 23:56:44", "consumer-city": "", "consumer-state": "California", "consumer-area-code": "951", "subject": "No Subject Provided", "recorded-message-or-robocall": "Y"}, "relationships": [], "meta": [], "links": {"self": "https://www.ftc.gov/v0/dnc-complaints/b98231acc4f1057311b45b4382a3279d"}}, {"type": "dnc_complaint", "id": "b98231acc4f1057311b45b4382745571", "attributes": {"company-phone-number": "3097038115", "created-date": "2021-02-04 23:56:39", "violation-date": "2021-02-04 11:49:00", "consumer-city": "Springfield", "consumer-state": "Illinois", "consumer-area-code": "217", "subject": "No Subject Provided", "recorded-message-or-robocall": ""}, "relationships": [], "meta": [], "links": {"self": "https://www.ftc.gov/v0/dnc-complaints/b98231acc4f1057311b45b4382745571"}}, {"type": "dnc_complaint", "id": "b98231acc4f1057311b45b43827445dd", "attributes": {"company-phone-number": "3545635600", "created-date": "2021-02-04 23:56:34", "violation-date": "2021-01-28 08:00:00", "consumer-city": "Solana Beach", "consumer-state": "California", "consumer-area-code": "760", "subject": "Other", "recorded-message-or-robocall": "N"}, "relationships": [], "meta": [], "links": {"self": "https://www.ftc.gov/v0/dnc-complaints/b98231acc4f1057311b45b43827445dd"}}, {"type": "dnc_complaint", "id": "b98231acc4f1057311b45b4382a30ba9", "attributes": {"company-phone-number": "7744801422", "created-date": "2021-02-04 23:56:16", "violation-date": "2021-02-04 23:56:16", "consumer-city": "", "consumer-state": "Minnesota", "consumer-area-code": "952", "subject": "No Subject Provided", "recorded-message-or-robocall": "N"}, "relationships": [], "meta": [], "links": {"self": "https://www.ftc.gov/v0/dnc-complaints/b98231acc4f1057311b45b4382a30ba9"}}, {"type": "dnc_complaint", "id": "b98231acc4f1057311b45b4382744387", "attributes": {"company-phone-number": "8052531547", "created-date": "2021-02-04 23:56:10", "violation-date": "2021-02-04 18:38:00", "consumer-city": "HALF MOON BAY", "consumer-state": "California", "consumer-area-code": "805", "subject": "Other", "recorded-message-or-robocall": "N"}, "relationships": [], "meta": [], "links": {"self": "https://www.ftc.gov/v0/dnc-complaints/b98231acc4f1057311b45b4382744387"}}, {"type": "dnc_complaint", "id": "b98231acc4f1057311b45b43827435cf", "attributes": {"company-phone-number": "3109619452", "created-date": "2021-02-04 23:55:50", "violation-date": "2021-02-04 09:40:00", "consumer-city": "Springfield", "consumer-state": "Illinois", "consumer-area-code": "217", "subject": "No Subject Provided", "recorded-message-or-robocall": ""}, "relationships": [], "meta": [], "links": {"self": "https://www.ftc.gov/v0/dnc-complaints/b98231acc4f1057311b45b43827435cf"}}, {"type": "dnc_complaint", "id": "b98231acc4f1057311b45b4382743463", "attributes": {"company-phone-number": "5594231841", "created-date": "2021-02-04 23:55:48", "violation-date": "2021-01-29 08:15:00", "consumer-city": "Solana Beach", "consumer-state": "California", "consumer-area-code": "760", "subject": "Other", "recorded-message-or-robocall": "N"}, "relationships": [], "meta": [], "links": {"self": "https://www.ftc.gov/v0/dnc-complaints/b98231acc4f1057311b45b4382743463"}}, {"type": "dnc_complaint", "id": "b98231acc4f1057311b45b4382742993", "attributes": {"company-phone-number": "5593029896", "created-date": "2021-02-04 23:55:07", "violation-date": "2021-02-03 20:34:00", "consumer-city": "Springfield", "consumer-state": "Illinois", "consumer-area-code": "217", "subject": "No Subject Provided", "recorded-message-or-robocall": ""}, "relationships": [], "meta": [], "links": {"self": "https://www.ftc.gov/v0/dnc-complaints/b98231acc4f1057311b45b4382742993"}}, {"type": "dnc_complaint", "id": "b98231acc4f1057311b45b4382a30d94", "attributes": {"company-phone-number": "5627817960", "created-date": "2021-02-04 23:55:06", "violation-date": "2021-02-04 23:55:06", "consumer-city": "", "consumer-state": "California", "consumer-area-code": "562", "subject": "No Subject Provided", "recorded-message-or-robocall": "Y"}, "relationships": [], "meta": [], "links": {"self": "https://www.ftc.gov/v0/dnc-complaints/b98231acc4f1057311b45b4382a30d94"}}, {"type": "dnc_complaint", "id": "b98231acc4f1057311b45b4382742044", "attributes": {"company-phone-number": "7603877178", "created-date": "2021-02-04 23:55:00", "violation-date": "2021-01-29 13:43:00", "consumer-city": "Solana Beach", "consumer-state": "California", "consumer-area-code": "760", "subject": "Other", "recorded-message-or-robocall": "N"}, "relationships": [], "meta": [], "links": {"self": "https://www.ftc.gov/v0/dnc-complaints/b98231acc4f1057311b45b4382742044"}}, {"type": "dnc_complaint", "id": "b98231acc4f1057311b45b4382741c23", "attributes": {"company-phone-number": "53205457420", "created-date": "2021-02-04 23:54:43", "violation-date": "2021-02-03 10:27:00", "consumer-city": "", "consumer-state": "California", "consumer-area-code": "530", "subject": "Other", "recorded-message-or-robocall": "N"}, "relationships": [], "meta": [], "links": {"self": "https://www.ftc.gov/v0/dnc-complaints/b98231acc4f1057311b45b4382741c23"}}, {"type": "dnc_complaint", "id": "b98231acc4f1057311b45b4382a2f8d5", "attributes": {"company-phone-number": "+14078876891", "created-date": "2021-02-04 23:54:29", "violation-date": "2021-02-04 23:54:29", "consumer-city": "", "consumer-state": "Florida", "consumer-area-code": "561", "subject": "No Subject Provided", "recorded-message-or-robocall": "Y"}, "relationships": [], "meta": [], "links": {"self": "https://www.ftc.gov/v0/dnc-complaints/b98231acc4f1057311b45b4382a2f8d5"}}, {"type": "dnc_complaint", "id": "b98231acc4f1057311b45b438274114a", "attributes": {"company-phone-number": "6185094833", "created-date": "2021-02-04 23:54:22", "violation-date": "2021-02-03 13:15:00", "consumer-city": "Springfield", "consumer-state": "Illinois", "consumer-area-code": "217", "subject": "No Subject Provided", "recorded-message-or-robocall": ""}, "relationships": [], "meta": [], "links": {"self": "https://www.ftc.gov/v0/dnc-complaints/b98231acc4f1057311b45b438274114a"}}, {"type": "dnc_complaint", "id": "b98231acc4f1057311b45b4382a302bb", "attributes": {"company-phone-number": "+12344077999", "created-date": "2021-02-04 23:54:16", "violation-date": "2021-02-04 23:54:16", "consumer-city": "", "consumer-state": "Ohio", "consumer-area-code": "330", "subject": "No Subject Provided", "recorded-message-or-robocall": "Y"}, "relationships": [], "meta": [], "links": {"self": "https://www.ftc.gov/v0/dnc-complaints/b98231acc4f1057311b45b4382a302bb"}}, {"type": "dnc_complaint", "id": "b98231acc4f1057311b45b4382740f8a", "attributes": {"company-phone-number": "5594661190", "created-date": "2021-02-04 23:53:55", "violation-date": "2021-02-03 08:17:00", "consumer-city": "Solana Beach", "consumer-state": "California", "consumer-area-code": "760", "subject": "Other", "recorded-message-or-robocall": "N"}, "relationships": [], "meta": [], "links": {"self": "https://www.ftc.gov/v0/dnc-complaints/b98231acc4f1057311b45b4382740f8a"}}, {"type": "dnc_complaint", "id": "b98231acc4f1057311b45b4382740e9d", "attributes": {"company-phone-number": "3109619452", "created-date": "2021-02-04 23:53:38", "violation-date": "2021-02-03 11:30:00", "consumer-city": "Springfield", "consumer-state": "Illinois", "consumer-area-code": "217", "subject": "No Subject Provided", "recorded-message-or-robocall": ""}, "relationships": [], "meta": [], "links": {"self": "https://www.ftc.gov/v0/dnc-complaints/b98231acc4f1057311b45b4382740e9d"}}, {"type": "dnc_complaint", "id": "b98231acc4f1057311b45b43827400f5", "attributes": {"company-phone-number": "4159375580", "created-date": "2021-02-04 23:53:15", "violation-date": "2021-02-04 10:37:00", "consumer-city": "Solana Beach", "consumer-state": "California", "consumer-area-code": "760", "subject": "Other", "recorded-message-or-robocall": "N"}, "relationships": [], "meta": [], "links": {"self": "https://www.ftc.gov/v0/dnc-complaints/b98231acc4f1057311b45b43827400f5"}}, {"type": "dnc_complaint", "id": "b98231acc4f1057311b45b4382a28a3a", "attributes": {"company-phone-number": "+19205572279", "created-date": "2021-02-04 23:53:10", "violation-date": "2021-02-04 23:53:10", "consumer-city": "", "consumer-state": "Wisconsin", "consumer-area-code": "920", "subject": "No Subject Provided", "recorded-message-or-robocall": "N"}, "relationships": [], "meta": [], "links": {"self": "https://www.ftc.gov/v0/dnc-complaints/b98231acc4f1057311b45b4382a28a3a"}}, {"type": "dnc_complaint", "id": "b98231acc4f1057311b45b438274007f", "attributes": {"company-phone-number": "9174053823", "created-date": "2021-02-04 23:53:09", "violation-date": "2021-01-29 09:39:00", "consumer-city": "", "consumer-state": "New York", "consumer-area-code": "917", "subject": "Calls pretending to be government, businesses, or family and friends", "recorded-message-or-robocall": "Y"}, "relationships": [], "meta": [], "links": {"self": "https://www.ftc.gov/v0/dnc-complaints/b98231acc4f1057311b45b438274007f"}}, {"type": "dnc_complaint", "id": "b98231acc4f1057311b45b4382a260da", "attributes": {"company-phone-number": "7189279657", "created-date": "2021-02-04 23:53:04", "violation-date": "2021-02-04 23:53:04", "consumer-city": "", "consumer-state": "New York", "consumer-area-code": "718", "subject": "No Subject Provided", "recorded-message-or-robocall": "Y"}, "relationships": [], "meta": [], "links": {"self": "https://www.ftc.gov/v0/dnc-complaints/b98231acc4f1057311b45b4382a260da"}}, {"type": "dnc_complaint", "id": "b98231acc4f1057311b45b438273f332", "attributes": {"company-phone-number": "2027735743", "created-date": "2021-02-04 23:52:58", "violation-date": "2021-02-03 08:42:00", "consumer-city": "Springfield", "consumer-state": "Illinois", "consumer-area-code": "217", "subject": "No Subject Provided", "recorded-message-or-robocall": ""}, "relationships": [], "meta": [], "links": {"self": "https://www.ftc.gov/v0/dnc-complaints/b98231acc4f1057311b45b438273f332"}}, {"type": "dnc_complaint", "id": "b98231acc4f1057311b45b4382a2424f", "attributes": {"company-phone-number": "7135322895", "created-date": "2021-02-04 23:52:51", "violation-date": "2021-02-04 23:52:51", "consumer-city": "", "consumer-state": "Texas", "consumer-area-code": "713", "subject": "No Subject Provided", "recorded-message-or-robocall": "N"}, "relationships": [], "meta": [], "links": {"self": "https://www.ftc.gov/v0/dnc-complaints/b98231acc4f1057311b45b4382a2424f"}}, {"type": "dnc_complaint", "id": "b98231acc4f1057311b45b438273ecf0", "attributes": {"company-phone-number": "7602324143", "created-date": "2021-02-04 23:52:19", "violation-date": "2021-02-04 12:33:00", "consumer-city": "Solana Beach", "consumer-state": "California", "consumer-area-code": "760", "subject": "Other", "recorded-message-or-robocall": "N"}, "relationships": [], "meta": [], "links": {"self": "https://www.ftc.gov/v0/dnc-complaints/b98231acc4f1057311b45b438273ecf0"}}, {"type": "dnc_complaint", "id": "b98231acc4f1057311b45b4382a298d6", "attributes": {"company-phone-number": "3305327060", "created-date": "2021-02-04 23:52:04", "violation-date": "2021-02-04 23:52:04", "consumer-city": "", "consumer-state": "Ohio", "consumer-area-code": "937", "subject": "No Subject Provided", "recorded-message-or-robocall": "Y"}, "relationships": [], "meta": [], "links": {"self": "https://www.ftc.gov/v0/dnc-complaints/b98231acc4f1057311b45b4382a298d6"}}, {"type": "dnc_complaint", "id": "b98231acc4f1057311b45b438273ea0e", "attributes": {"company-phone-number": "5164475121", "created-date": "2021-02-04 23:51:35", "violation-date": "2021-02-04 12:21:00", "consumer-city": "Glen Cove", "consumer-state": "New York", "consumer-area-code": "516", "subject": "Other", "recorded-message-or-robocall": "Y"}, "relationships": [], "meta": [], "links": {"self": "https://www.ftc.gov/v0/dnc-complaints/b98231acc4f1057311b45b438273ea0e"}}, {"type": "dnc_complaint", "id": "b98231acc4f1057311b45b438273e448", "attributes": {"company-phone-number": "3327431353", "created-date": "2021-02-04 23:51:30", "violation-date": "2021-02-04 12:40:00", "consumer-city": "Solana Beach", "consumer-state": "California", "consumer-area-code": "760", "subject": "Other", "recorded-message-or-robocall": "N"}, "relationships": [], "meta": [], "links": {"self": "https://www.ftc.gov/v0/dnc-complaints/b98231acc4f1057311b45b438273e448"}}, {"type": "dnc_complaint", "id": "b98231acc4f1057311b45b4382a2a2de", "attributes": {"company-phone-number": "6196141684", "created-date": "2021-02-04 23:51:24", "violation-date": "2021-02-04 23:51:24", "consumer-city": "", "consumer-state": "California", "consumer-area-code": "707", "subject": "No Subject Provided", "recorded-message-or-robocall": "N"}, "relationships": [], "meta": [], "links": {"self": "https://www.ftc.gov/v0/dnc-complaints/b98231acc4f1057311b45b4382a2a2de"}}, {"type": "dnc_complaint", "id": "b98231acc4f1057311b45b4382a24ba5", "attributes": {"company-phone-number": "7722488107", "created-date": "2021-02-04 23:50:55", "violation-date": "2021-02-04 23:50:55", "consumer-city": "", "consumer-state": "Texas", "consumer-area-code": "972", "subject": "No Subject Provided", "recorded-message-or-robocall": "Y"}, "relationships": [], "meta": [], "links": {"self": "https://www.ftc.gov/v0/dnc-complaints/b98231acc4f1057311b45b4382a24ba5"}}, {"type": "dnc_complaint", "id": "b98231acc4f1057311b45b438273d830", "attributes": {"company-phone-number": "2086846748", "created-date": "2021-02-04 23:50:41", "violation-date": "2021-02-04 12:54:00", "consumer-city": "Solana Beach", "consumer-state": "California", "consumer-area-code": "760", "subject": "Other", "recorded-message-or-robocall": "N"}, "relationships": [], "meta": [], "links": {"self": "https://www.ftc.gov/v0/dnc-complaints/b98231acc4f1057311b45b438273d830"}}], "meta": {"records-this-page": 50, "record-total": 19561}, "links": {"self": "https://www.ftc.gov/v0/dnc-complaints?created_date=%222021-02-04%22"}}