{"data": [{"type": "dnc_complaint", "id": "8abe14e80f03cf9a2999dea627d79b96", "attributes": {"company-phone-number": "+16103866958", "created-date": "2021-02-06 23:57:59", "violation-date": "2021-02-06 23:57:59", "consumer-city": "", "consumer-state": "Pennsylvania", "consumer-area-code": "610", "subject": "No Subject Provided", "recorded-message-or-robocall": "Y"}, "relationships": [], "meta": [], "links": {"self": "https://www.ftc.gov/v0/dnc-complaints/8abe14e80f03cf9a2999dea627d79b96"}}, {"type": "dnc_complaint", "id": "8abe14e80f03cf9a2999dea627d77319", "attributes": {"company-phone-number": "+16106349001", "created-date": "2021-02-06 23:57:38", "violation-date": "2021-02-06 23:57:38", "consumer-city": "", "consumer-state": "Pennsylvania", "consumer-area-code": "610", "subject": "No Subject Provided", "recorded-message-or-robocall": "Y"}, "relationships": [], "meta": [], "links": {"self": "https://www.ftc.gov/v0/dnc-complaints/8abe14e80f03cf9a2999dea627d77319"}}, {"type": "dnc_complaint", "id": "8abe14e80f03cf9a2999dea627d76ccc", "attributes": {"company-phone-number": "+16103866956", "created-date": "2021-02-06 23:57:01", "violation-date": "2021-02-06 23:57:01", "consumer-city": "", "consumer-state": "Pennsylvania", "consumer-area-code": "610", "subject": "No Subject Provided", "recorded-message-or-robocall": "Y"}, "relationships": [], "meta": [], "links": {"self": "https://www.ftc.gov/v0/dnc-complaints/8abe14e80f03cf9a2999dea627d76ccc"}}, {"type": "dnc_complaint", "id": "8abe14e80f03cf9a2999dea627d77faf", "attributes": {"company-phone-number": "7043401022", "created-date": "2021-02-06 23:55:22", "violation-date": "2021-02-06 23:55:22", "consumer-city": "", "consumer-state": "North Carolina", "consumer-area-code": "704", "subject": "No Subject Provided", "recorded-message-or-robocall": "Y"}, "relationships": [], "meta": [], "links": {"self": "https://www.ftc.gov/v0/dnc-complaints/8abe14e80f03cf9a2999dea627d77faf"}}, {"type": "dnc_complaint", "id": "8abe14e80f03cf9a2999dea627d7a175", "attributes": {"company-phone-number": "7044139002", "created-date": "2021-02-06 23:55:06", "violation-date": "2021-02-06 23:55:06", "consumer-city": "", "consumer-state": "North Carolina", "consumer-area-code": "704", "subject": "No Subject Provided", "recorded-message-or-robocall": "N"}, "relationships": [], "meta": [], "links": {"self": "https://www.ftc.gov/v0/dnc-complaints/8abe14e80f03cf9a2999dea627d7a175"}}, {"type": "dnc_complaint", "id": "8abe14e80f03cf9a2999dea627d78dd2", "attributes": {"company-phone-number": "8634996245", "created-date": "2021-02-06 23:54:15", "violation-date": "2021-02-06 23:54:15", "consumer-city": "", "consumer-state": "South Carolina", "consumer-area-code": "803", "subject": "No Subject Provided", "recorded-message-or-robocall": "Y"}, "relationships": [], "meta": [], "links": {"self": "https://www.ftc.gov/v0/dnc-complaints/8abe14e80f03cf9a2999dea627d78dd2"}}, {"type": "dnc_complaint", "id": "8abe14e80f03cf9a2999dea627d79a05", "attributes": {"company-phone-number": "6022501921", "created-date": "2021-02-06 23:54:12", "violation-date": "2021-02-06 23:54:12", "consumer-city": "", "consumer-state": "Arizona", "consumer-area-code": "602", "subject": "No Subject Provided", "recorded-message-or-robocall": "N"}, "relationships": [], "meta": [], "links": {"self": "https://www.ftc.gov/v0/dnc-complaints/8abe14e80f03cf9a2999dea627d79a05"}}, {"type": "dnc_complaint", "id": "8abe14e80f03cf9a2999dea627d76c5e", "attributes": {"company-phone-number": "5512037741", "created-date": "2021-02-06 23:51:24", "violation-date": "2021-02-06 23:51:24", "consumer-city": "", "consumer-state": "New Jersey", "consumer-area-code": "609", "subject": "No Subject Provided", "recorded-message-or-robocall": "Y"}, "relationships": [], "meta": [], "links": {"self": "https://www.ftc.gov/v0/dnc-complaints/8abe14e80f03cf9a2999dea627d76c5e"}}, {"type": "dnc_complaint", "id": "8abe14e80f03cf9a2999dea627d765d6", "attributes": {"company-phone-number": "5512031715", "created-date": "2021-02-06 23:51:08", "violation-date": "2021-02-06 23:51:08", "consumer-city": "", "consumer-state": "New Jersey", "consumer-area-code": "609", "subject": "No Subject Provided", "recorded-message-or-robocall": "Y"}, "relationships": [], "meta": [], "links": {"self": "https://www.ftc.gov/v0/dnc-complaints/8abe14e80f03cf9a2999dea627d765d6"}}, {"type": "dnc_complaint", "id": "8abe14e80f03cf9a2999dea627d75791", "attributes": {"company-phone-number": "5512037648", "created-date": "2021-02-06 23:50:54", "violation-date": "2021-02-06 23:50:54", "consumer-city": "", "consumer-state": "New Jersey", "consumer-area-code": "609", "subject": "No Subject Provided", "recorded-message-or-robocall": "N"}, "relationships": [], "meta": [], "links": {"self": "https://www.ftc.gov/v0/dnc-complaints/8abe14e80f03cf9a2999dea627d75791"}}, {"type": "dnc_complaint", "id": "8abe14e80f03cf9a2999dea627d7555b", "attributes": {"company-phone-number": "5512037717", "created-date": "2021-02-06 23:50:37", "violation-date": "2021-02-06 23:50:37", "consumer-city": "", "consumer-state": "New Jersey", "consumer-area-code": "609", "subject": "No Subject Provided", "recorded-message-or-robocall": "N"}, "relationships": [], "meta": [], "links": {"self": "https://www.ftc.gov/v0/dnc-complaints/8abe14e80f03cf9a2999dea627d7555b"}}, {"type": "dnc_complaint", "id": "8abe14e80f03cf9a2999dea627d74ecc", "attributes": {"company-phone-number": "5512037750", "created-date": "2021-02-06 23:50:21", "violation-date": "2021-02-06 23:50:21", "consumer-city": "", "consumer-state": "New Jersey", "consumer-area-code": "609", "subject": "No Subject Provided", "recorded-message-or-robocall": "N"}, "relationships": [], "meta": [], "links": {"self": "https://www.ftc.gov/v0/dnc-complaints/8abe14e80f03cf9a2999dea627d74ecc"}}, {"type": "dnc_complaint", "id": "8abe14e80f03cf9a2999dea627d745a2", "attributes": {"company-phone-number": "5512037637", "created-date": "2021-02-06 23:50:02", "violation-date": "2021-02-06 23:50:02", "consumer-city": "", "consumer-state": "New Jersey", "consumer-area-code": "609", "subject": "No Subject Provided", "recorded-message-or-robocall": "N"}, "relationships": [], "meta": [], "links": {"self": "https://www.ftc.gov/v0/dnc-complaints/8abe14e80f03cf9a2999dea627d745a2"}}, {"type": "dnc_complaint", "id": "8abe14e80f03cf9a2999dea627d74f96", "attributes": {"company-phone-number": "5512031756", "created-date": "2021-02-06 23:49:24", "violation-date": "2021-02-06 23:49:24", "consumer-city": "", "consumer-state": "New Jersey", "consumer-area-code": "609", "subject": "No Subject Provided", "recorded-message-or-robocall": "N"}, "relationships": [], "meta": [], "links": {"self": "https://www.ftc.gov/v0/dnc-complaints/8abe14e80f03cf9a2999dea627d74f96"}}, {"type": "dnc_complaint", "id": "8abe14e80f03cf9a2999dea627d735f3", "attributes": {"company-phone-number": "6094600430", "created-date": "2021-02-06 23:47:43", "violation-date": "2021-02-06 23:47:43", "consumer-city": "", "consumer-state": "Illinois", "consumer-area-code": "847", "subject": "No Subject Provided", "recorded-message-or-robocall": "Y"}, "relationships": [], "meta": [], "links": {"self": "https://www.ftc.gov/v0/dnc-complaints/8abe14e80f03cf9a2999dea627d735f3"}}, {"type": "dnc_complaint", "id": "8abe14e80f03cf9a2999dea627b8d111", "attributes": {"company-phone-number": "", "created-date": "2021-02-06 23:45:39", "violation-date": "2021-02-03 12:00:00", "consumer-city": "New London", "consumer-state": "Iowa", "consumer-area-code": "949", "subject": "Other", "recorded-message-or-robocall": "N"}, "relationships": [], "meta": [], "links": {"self": "https://www.ftc.gov/v0/dnc-complaints/8abe14e80f03cf9a2999dea627b8d111"}}, {"type": "dnc_complaint", "id": "8abe14e80f03cf9a2999dea627b8cf59", "attributes": {"company-phone-number": "4807191422", "created-date": "2021-02-06 23:44:27", "violation-date": "2021-01-12 16:20:00", "consumer-city": "Scottsdale", "consumer-state": "Hawaii", "consumer-area-code": "808", "subject": "Other", "recorded-message-or-robocall": "Y"}, "relationships": [], "meta": [], "links": {"self": "https://www.ftc.gov/v0/dnc-complaints/8abe14e80f03cf9a2999dea627b8cf59"}}, {"type": "dnc_complaint", "id": "8abe14e80f03cf9a2999dea627d71915", "attributes": {"company-phone-number": "+13232009904", "created-date": "2021-02-06 23:43:52", "violation-date": "2021-02-06 23:43:52", "consumer-city": "", "consumer-state": "Ohio", "consumer-area-code": "216", "subject": "No Subject Provided", "recorded-message-or-robocall": "Y"}, "relationships": [], "meta": [], "links": {"self": "https://www.ftc.gov/v0/dnc-complaints/8abe14e80f03cf9a2999dea627d71915"}}, {"type": "dnc_complaint", "id": "8abe14e80f03cf9a2999dea627d73082", "attributes": {"company-phone-number": "7622094983", "created-date": "2021-02-06 23:43:17", "violation-date": "2021-02-06 23:43:17", "consumer-city": "", "consumer-state": "Georgia", "consumer-area-code": "762", "subject": "No Subject Provided", "recorded-message-or-robocall": "N"}, "relationships": [], "meta": [], "links": {"self": "https://www.ftc.gov/v0/dnc-complaints/8abe14e80f03cf9a2999dea627d73082"}}, {"type": "dnc_complaint", "id": "8abe14e80f03cf9a2999dea627d72136", "attributes": {"company-phone-number": "+19792384481", "created-date": "2021-02-06 23:42:16", "violation-date": "2021-02-06 23:42:16", "consumer-city": "", "consumer-state": "Utah", "consumer-area-code": "801", "subject": "No Subject Provided", "recorded-message-or-robocall": "N"}, "relationships": [], "meta": [], "links": {"self": "https://www.ftc.gov/v0/dnc-complaints/8abe14e80f03cf9a2999dea627d72136"}}, {"type": "dnc_complaint", "id": "8abe14e80f03cf9a2999dea627b8ce0b", "attributes": {"company-phone-number": "4086186975", "created-date": "2021-02-06 23:41:17", "violation-date": "2021-02-05 14:00:00", "consumer-city": "", "consumer-state": "California", "consumer-area-code": "408", "subject": "Warranties  & protection plans", "recorded-message-or-robocall": "Y"}, "relationships": [], "meta": [], "links": {"self": "https://www.ftc.gov/v0/dnc-complaints/8abe14e80f03cf9a2999dea627b8ce0b"}}, {"type": "dnc_complaint", "id": "8abe14e80f03cf9a2999dea627d6f572", "attributes": {"company-phone-number": "8003333474", "created-date": "2021-02-06 23:40:13", "violation-date": "2021-02-06 23:40:13", "consumer-city": "", "consumer-state": "Georgia", "consumer-area-code": "678", "subject": "No Subject Provided", "recorded-message-or-robocall": "N"}, "relationships": [], "meta": [], "links": {"self": "https://www.ftc.gov/v0/dnc-complaints/8abe14e80f03cf9a2999dea627d6f572"}}, {"type": "dnc_complaint", "id": "8abe14e80f03cf9a2999dea627b8caba", "attributes": {"company-phone-number": "5716852228", "created-date": "2021-02-06 23:39:50", "violation-date": "2021-02-06 15:47:00", "consumer-city": "Kaysville", "consumer-state": "Utah", "consumer-area-code": "801", "subject": "Calls pretending to be government, businesses, or family and friends", "recorded-message-or-robocall": "Y"}, "relationships": [], "meta": [], "links": {"self": "https://www.ftc.gov/v0/dnc-complaints/8abe14e80f03cf9a2999dea627b8caba"}}, {"type": "dnc_complaint", "id": "8abe14e80f03cf9a2999dea627b8c59c", "attributes": {"company-phone-number": "4805814769", "created-date": "2021-02-06 23:38:46", "violation-date": "2021-01-19 12:59:00", "consumer-city": "Scottsdale", "consumer-state": "Hawaii", "consumer-area-code": "808", "subject": "Other", "recorded-message-or-robocall": "Y"}, "relationships": [], "meta": [], "links": {"self": "https://www.ftc.gov/v0/dnc-complaints/8abe14e80f03cf9a2999dea627b8c59c"}}, {"type": "dnc_complaint", "id": "8abe14e80f03cf9a2999dea627d6fbd5", "attributes": {"company-phone-number": "4844319105", "created-date": "2021-02-06 23:36:43", "violation-date": "2021-02-06 23:36:43", "consumer-city": "", "consumer-state": "Pennsylvania", "consumer-area-code": "484", "subject": "No Subject Provided", "recorded-message-or-robocall": "N"}, "relationships": [], "meta": [], "links": {"self": "https://www.ftc.gov/v0/dnc-complaints/8abe14e80f03cf9a2999dea627d6fbd5"}}, {"type": "dnc_complaint", "id": "8abe14e80f03cf9a2999dea627d6ee42", "attributes": {"company-phone-number": "2232045144", "created-date": "2021-02-06 23:36:30", "violation-date": "2021-02-06 23:36:30", "consumer-city": "", "consumer-state": "Pennsylvania", "consumer-area-code": "484", "subject": "No Subject Provided", "recorded-message-or-robocall": "N"}, "relationships": [], "meta": [], "links": {"self": "https://www.ftc.gov/v0/dnc-complaints/8abe14e80f03cf9a2999dea627d6ee42"}}, {"type": "dnc_complaint", "id": "8abe14e80f03cf9a2999dea627d70952", "attributes": {"company-phone-number": "2232045210", "created-date": "2021-02-06 23:36:18", "violation-date": "2021-02-06 23:36:18", "consumer-city": "", "consumer-state": "Pennsylvania", "consumer-area-code": "484", "subject": "No Subject Provided", "recorded-message-or-robocall": "N"}, "relationships": [], "meta": [], "links": {"self": "https://www.ftc.gov/v0/dnc-complaints/8abe14e80f03cf9a2999dea627d70952"}}, {"type": "dnc_complaint", "id": "8abe14e80f03cf9a2999dea627b8b59f", "attributes": {"company-phone-number": "6233034504", "created-date": "2021-02-06 23:36:02", "violation-date": "2021-02-01 15:26:00", "consumer-city": "Scottsdale", "consumer-state": "Hawaii", "consumer-area-code": "808", "subject": "Other", "recorded-message-or-robocall": "Y"}, "relationships": [], "meta": [], "links": {"self": "https://www.ftc.gov/v0/dnc-complaints/8abe14e80f03cf9a2999dea627b8b59f"}}, {"type": "dnc_complaint", "id": "8abe14e80f03cf9a2999dea627d6a692", "attributes": {"company-phone-number": "+19042944158", "created-date": "2021-02-06 23:35:27", "violation-date": "2021-02-06 23:35:27", "consumer-city": "", "consumer-state": "Florida", "consumer-area-code": "904", "subject": "No Subject Provided", "recorded-message-or-robocall": "N"}, "relationships": [], "meta": [], "links": {"self": "https://www.ftc.gov/v0/dnc-complaints/8abe14e80f03cf9a2999dea627d6a692"}}, {"type": "dnc_complaint", "id": "8abe14e80f03cf9a2999dea627b8af54", "attributes": {"company-phone-number": "9096865560", "created-date": "2021-02-06 23:35:17", "violation-date": "2021-02-06 19:10:00", "consumer-city": "", "consumer-state": "California", "consumer-area-code": "909", "subject": "No Subject Provided", "recorded-message-or-robocall": ""}, "relationships": [], "meta": [], "links": {"self": "https://www.ftc.gov/v0/dnc-complaints/8abe14e80f03cf9a2999dea627b8af54"}}, {"type": "dnc_complaint", "id": "8abe14e80f03cf9a2999dea627b8ae66", "attributes": {"company-phone-number": "6628099694", "created-date": "2021-02-06 23:34:45", "violation-date": "2021-02-06 11:21:00", "consumer-city": "MS", "consumer-state": "Mississippi", "consumer-area-code": "662", "subject": "Other", "recorded-message-or-robocall": "Y"}, "relationships": [], "meta": [], "links": {"self": "https://www.ftc.gov/v0/dnc-complaints/8abe14e80f03cf9a2999dea627b8ae66"}}, {"type": "dnc_complaint", "id": "8abe14e80f03cf9a2999dea627b8ad50", "attributes": {"company-phone-number": "9095822868", "created-date": "2021-02-06 23:34:35", "violation-date": "2021-02-06 19:48:00", "consumer-city": "", "consumer-state": "California", "consumer-area-code": "909", "subject": "No Subject Provided", "recorded-message-or-robocall": ""}, "relationships": [], "meta": [], "links": {"self": "https://www.ftc.gov/v0/dnc-complaints/8abe14e80f03cf9a2999dea627b8ad50"}}, {"type": "dnc_complaint", "id": "8abe14e80f03cf9a2999dea627b8a324", "attributes": {"company-phone-number": "9097816049", "created-date": "2021-02-06 23:33:23", "violation-date": "2021-02-06 20:26:00", "consumer-city": "", "consumer-state": "California", "consumer-area-code": "909", "subject": "No Subject Provided", "recorded-message-or-robocall": ""}, "relationships": [], "meta": [], "links": {"self": "https://www.ftc.gov/v0/dnc-complaints/8abe14e80f03cf9a2999dea627b8a324"}}, {"type": "dnc_complaint", "id": "8abe14e80f03cf9a2999dea627d6b302", "attributes": {"company-phone-number": "5625177562", "created-date": "2021-02-06 23:33:14", "violation-date": "2021-02-06 23:33:14", "consumer-city": "", "consumer-state": "California", "consumer-area-code": "562", "subject": "No Subject Provided", "recorded-message-or-robocall": "Y"}, "relationships": [], "meta": [], "links": {"self": "https://www.ftc.gov/v0/dnc-complaints/8abe14e80f03cf9a2999dea627d6b302"}}, {"type": "dnc_complaint", "id": "8abe14e80f03cf9a2999dea627d6b651", "attributes": {"company-phone-number": "5624563698", "created-date": "2021-02-06 23:33:02", "violation-date": "2021-02-06 23:33:02", "consumer-city": "", "consumer-state": "California", "consumer-area-code": "562", "subject": "No Subject Provided", "recorded-message-or-robocall": "Y"}, "relationships": [], "meta": [], "links": {"self": "https://www.ftc.gov/v0/dnc-complaints/8abe14e80f03cf9a2999dea627d6b651"}}, {"type": "dnc_complaint", "id": "8abe14e80f03cf9a2999dea627b89b73", "attributes": {"company-phone-number": "8449866278", "created-date": "2021-02-06 23:32:29", "violation-date": "2021-02-06 07:50:00", "consumer-city": "", "consumer-state": "California", "consumer-area-code": "916", "subject": "Calls pretending to be government, businesses, or family and friends", "recorded-message-or-robocall": "Y"}, "relationships": [], "meta": [], "links": {"self": "https://www.ftc.gov/v0/dnc-complaints/8abe14e80f03cf9a2999dea627b89b73"}}, {"type": "dnc_complaint", "id": "8abe14e80f03cf9a2999dea627d6c985", "attributes": {"company-phone-number": "+16788537957", "created-date": "2021-02-06 23:32:27", "violation-date": "2021-02-06 23:32:27", "consumer-city": "", "consumer-state": "Pennsylvania", "consumer-area-code": "215", "subject": "No Subject Provided", "recorded-message-or-robocall": "Y"}, "relationships": [], "meta": [], "links": {"self": "https://www.ftc.gov/v0/dnc-complaints/8abe14e80f03cf9a2999dea627d6c985"}}, {"type": "dnc_complaint", "id": "8abe14e80f03cf9a2999dea627d6d5e7", "attributes": {"company-phone-number": "+19856160766", "created-date": "2021-02-06 23:32:08", "violation-date": "2021-02-06 23:32:08", "consumer-city": "", "consumer-state": "Pennsylvania", "consumer-area-code": "215", "subject": "No Subject Provided", "recorded-message-or-robocall": "Y"}, "relationships": [], "meta": [], "links": {"self": "https://www.ftc.gov/v0/dnc-complaints/8abe14e80f03cf9a2999dea627d6d5e7"}}, {"type": "dnc_complaint", "id": "8abe14e80f03cf9a2999dea627b89017", "attributes": {"company-phone-number": "4807191422", "created-date": "2021-02-06 23:31:56", "violation-date": "2021-02-04 14:47:00", "consumer-city": "Scottsdale", "consumer-state": "Hawaii", "consumer-area-code": "808", "subject": "Other", "recorded-message-or-robocall": "Y"}, "relationships": [], "meta": [], "links": {"self": "https://www.ftc.gov/v0/dnc-complaints/8abe14e80f03cf9a2999dea627b89017"}}, {"type": "dnc_complaint", "id": "8abe14e80f03cf9a2999dea627d6eb23", "attributes": {"company-phone-number": "+16052268965", "created-date": "2021-02-06 23:31:39", "violation-date": "2021-02-06 23:31:39", "consumer-city": "", "consumer-state": "Pennsylvania", "consumer-area-code": "215", "subject": "No Subject Provided", "recorded-message-or-robocall": "Y"}, "relationships": [], "meta": [], "links": {"self": "https://www.ftc.gov/v0/dnc-complaints/8abe14e80f03cf9a2999dea627d6eb23"}}, {"type": "dnc_complaint", "id": "8abe14e80f03cf9a2999dea627d6df14", "attributes": {"company-phone-number": "+17733419912", "created-date": "2021-02-06 23:31:30", "violation-date": "2021-02-06 23:31:30", "consumer-city": "", "consumer-state": "Illinois", "consumer-area-code": "773", "subject": "No Subject Provided", "recorded-message-or-robocall": "N"}, "relationships": [], "meta": [], "links": {"self": "https://www.ftc.gov/v0/dnc-complaints/8abe14e80f03cf9a2999dea627d6df14"}}, {"type": "dnc_complaint", "id": "8abe14e80f03cf9a2999dea627d6c3cc", "attributes": {"company-phone-number": "+12097827952", "created-date": "2021-02-06 23:31:03", "violation-date": "2021-02-06 23:31:03", "consumer-city": "", "consumer-state": "Pennsylvania", "consumer-area-code": "215", "subject": "No Subject Provided", "recorded-message-or-robocall": "Y"}, "relationships": [], "meta": [], "links": {"self": "https://www.ftc.gov/v0/dnc-complaints/8abe14e80f03cf9a2999dea627d6c3cc"}}, {"type": "dnc_complaint", "id": "8abe14e80f03cf9a2999dea627b88af2", "attributes": {"company-phone-number": "5405727931", "created-date": "2021-02-06 23:30:54", "violation-date": "2021-02-06 11:18:00", "consumer-city": "Boones Mill", "consumer-state": "Virginia", "consumer-area-code": "540", "subject": "Dropped call or no message", "recorded-message-or-robocall": "Y"}, "relationships": [], "meta": [], "links": {"self": "https://www.ftc.gov/v0/dnc-complaints/8abe14e80f03cf9a2999dea627b88af2"}}, {"type": "dnc_complaint", "id": "8abe14e80f03cf9a2999dea627b87df2", "attributes": {"company-phone-number": "6234008988", "created-date": "2021-02-06 23:29:35", "violation-date": "2021-01-28 12:13:00", "consumer-city": "Scottsdale", "consumer-state": "Arizona", "consumer-area-code": "480", "subject": "Other", "recorded-message-or-robocall": "Y"}, "relationships": [], "meta": [], "links": {"self": "https://www.ftc.gov/v0/dnc-complaints/8abe14e80f03cf9a2999dea627b87df2"}}, {"type": "dnc_complaint", "id": "8abe14e80f03cf9a2999dea627b86e39", "attributes": {"company-phone-number": "2022352097", "created-date": "2021-02-06 23:29:28", "violation-date": "2021-02-05 12:00:00", "consumer-city": "", "consumer-state": "New York", "consumer-area-code": "917", "subject": "Calls pretending to be government, businesses, or family and friends", "recorded-message-or-robocall": "Y"}, "relationships": [], "meta": [], "links": {"self": "https://www.ftc.gov/v0/dnc-complaints/8abe14e80f03cf9a2999dea627b86e39"}}, {"type": "dnc_complaint", "id": "8abe14e80f03cf9a2999dea627b86894", "attributes": {"company-phone-number": "", "created-date": "2021-02-06 23:29:19", "violation-date": "2021-02-06 23:27:00", "consumer-city": "Lincolnton", "consumer-state": "Georgia", "consumer-area-code": "706", "subject": "Other", "recorded-message-or-robocall": "Y"}, "relationships": [], "meta": [], "links": {"self": "https://www.ftc.gov/v0/dnc-complaints/8abe14e80f03cf9a2999dea627b86894"}}, {"type": "dnc_complaint", "id": "8abe14e80f03cf9a2999dea627b8634a", "attributes": {"company-phone-number": "4806214430", "created-date": "2021-02-06 23:28:54", "violation-date": "2021-01-28 16:36:00", "consumer-city": "Scottsdale", "consumer-state": "Arizona", "consumer-area-code": "480", "subject": "Other", "recorded-message-or-robocall": "Y"}, "relationships": [], "meta": [], "links": {"self": "https://www.ftc.gov/v0/dnc-complaints/8abe14e80f03cf9a2999dea627b8634a"}}, {"type": "dnc_complaint", "id": "8abe14e80f03cf9a2999dea627b85b47", "attributes": {"company-phone-number": "5205235069", "created-date": "2021-02-06 23:28:01", "violation-date": "2021-01-28 19:50:00", "consumer-city": "Scottsdale", "consumer-state": "Arizona", "consumer-area-code": "480", "subject": "Other", "recorded-message-or-robocall": "Y"}, "relationships": [], "meta": [], "links": {"self": "https://www.ftc.gov/v0/dnc-complaints/8abe14e80f03cf9a2999dea627b85b47"}}, {"type": "dnc_complaint", "id": "8abe14e80f03cf9a2999dea627d69da0", "attributes": {"company-phone-number": "+18173796779", "created-date": "2021-02-06 23:27:45", "violation-date": "2021-02-06 23:27:45", "consumer-city": "", "consumer-state": "Michigan", "consumer-area-code": "313", "subject": "No Subject Provided", "recorded-message-or-robocall": "N"}, "relationships": [], "meta": [], "links": {"self": "https://www.ftc.gov/v0/dnc-complaints/8abe14e80f03cf9a2999dea627d69da0"}}, {"type": "dnc_complaint", "id": "8abe14e80f03cf9a2999dea627d67176", "attributes": {"company-phone-number": "+15138764442", "created-date": "2021-02-06 23:27:31", "violation-date": "2021-02-06 23:27:31", "consumer-city": "", "consumer-state": "Michigan", "consumer-area-code": "313", "subject": "No Subject Provided", "recorded-message-or-robocall": "N"}, "relationships": [], "meta": [], "links": {"self": "https://www.ftc.gov/v0/dnc-complaints/8abe14e80f03cf9a2999dea627d67176"}}], "meta": {"records-this-page": 50, "record-total": 6735}, "links": {"self": "https://www.ftc.gov/v0/dnc-complaints?created_date=%222021-02-06%22"}}