{"data": [{"type": "dnc_complaint", "id": "419adf03eb2e365cd42219703dd4caa5", "attributes": {"company-phone-number": "8556324193", "created-date": "2021-02-05 23:59:36", "violation-date": "2021-02-05 14:20:00", "consumer-city": "", "consumer-state": "Washington", "consumer-area-code": "206", "subject": "Computer  & technical support", "recorded-message-or-robocall": "Y"}, "relationships": [], "meta": [], "links": {"self": "https://www.ftc.gov/v0/dnc-complaints/419adf03eb2e365cd42219703dd4caa5"}}, {"type": "dnc_complaint", "id": "8abe14e80f03cf9a2999dea62706ea22", "attributes": {"company-phone-number": "+18553420353", "created-date": "2021-02-05 23:58:35", "violation-date": "2021-02-05 23:58:35", "consumer-city": "", "consumer-state": "Florida", "consumer-area-code": "850", "subject": "No Subject Provided", "recorded-message-or-robocall": "N"}, "relationships": [], "meta": [], "links": {"self": "https://www.ftc.gov/v0/dnc-complaints/8abe14e80f03cf9a2999dea62706ea22"}}, {"type": "dnc_complaint", "id": "8abe14e80f03cf9a2999dea62706ad8d", "attributes": {"company-phone-number": "+15804982980", "created-date": "2021-02-05 23:58:29", "violation-date": "2021-02-05 23:58:29", "consumer-city": "", "consumer-state": "Utah", "consumer-area-code": "435", "subject": "No Subject Provided", "recorded-message-or-robocall": "Y"}, "relationships": [], "meta": [], "links": {"self": "https://www.ftc.gov/v0/dnc-complaints/8abe14e80f03cf9a2999dea62706ad8d"}}, {"type": "dnc_complaint", "id": "419adf03eb2e365cd42219703dd4c2ff", "attributes": {"company-phone-number": "9512166495", "created-date": "2021-02-05 23:58:29", "violation-date": "2021-02-05 11:38:00", "consumer-city": "Moreno Valley", "consumer-state": "California", "consumer-area-code": "951", "subject": "Other", "recorded-message-or-robocall": "N"}, "relationships": [], "meta": [], "links": {"self": "https://www.ftc.gov/v0/dnc-complaints/419adf03eb2e365cd42219703dd4c2ff"}}, {"type": "dnc_complaint", "id": "419adf03eb2e365cd42219703dd4be5c", "attributes": {"company-phone-number": "8556321619", "created-date": "2021-02-05 23:58:11", "violation-date": "2021-02-05 14:08:00", "consumer-city": "", "consumer-state": "Washington", "consumer-area-code": "206", "subject": "Computer  & technical support", "recorded-message-or-robocall": "Y"}, "relationships": [], "meta": [], "links": {"self": "https://www.ftc.gov/v0/dnc-complaints/419adf03eb2e365cd42219703dd4be5c"}}, {"type": "dnc_complaint", "id": "8abe14e80f03cf9a2999dea62706e26b", "attributes": {"company-phone-number": "+2297580052", "created-date": "2021-02-05 23:58:03", "violation-date": "2021-02-05 23:58:03", "consumer-city": "", "consumer-state": "Georgia", "consumer-area-code": "229", "subject": "No Subject Provided", "recorded-message-or-robocall": "Y"}, "relationships": [], "meta": [], "links": {"self": "https://www.ftc.gov/v0/dnc-complaints/8abe14e80f03cf9a2999dea62706e26b"}}, {"type": "dnc_complaint", "id": "8abe14e80f03cf9a2999dea62706dbc1", "attributes": {"company-phone-number": "+12483250293", "created-date": "2021-02-05 23:57:45", "violation-date": "2021-02-05 23:57:45", "consumer-city": "", "consumer-state": "Michigan", "consumer-area-code": "616", "subject": "No Subject Provided", "recorded-message-or-robocall": "Y"}, "relationships": [], "meta": [], "links": {"self": "https://www.ftc.gov/v0/dnc-complaints/8abe14e80f03cf9a2999dea62706dbc1"}}, {"type": "dnc_complaint", "id": "8abe14e80f03cf9a2999dea6270ba835", "attributes": {"company-phone-number": "7407623840", "created-date": "2021-02-05 23:57:36", "violation-date": "2021-02-05 12:33:00", "consumer-city": "", "consumer-state": "Tennessee", "consumer-area-code": "423", "subject": "No Subject Provided", "recorded-message-or-robocall": ""}, "relationships": [], "meta": [], "links": {"self": "https://www.ftc.gov/v0/dnc-complaints/8abe14e80f03cf9a2999dea6270ba835"}}, {"type": "dnc_complaint", "id": "8abe14e80f03cf9a2999dea62706d70b", "attributes": {"company-phone-number": "+16828682010", "created-date": "2021-02-05 23:57:20", "violation-date": "2021-02-05 23:57:20", "consumer-city": "", "consumer-state": "Texas", "consumer-area-code": "214", "subject": "No Subject Provided", "recorded-message-or-robocall": "N"}, "relationships": [], "meta": [], "links": {"self": "https://www.ftc.gov/v0/dnc-complaints/8abe14e80f03cf9a2999dea62706d70b"}}, {"type": "dnc_complaint", "id": "8abe14e80f03cf9a2999dea62706d7ec", "attributes": {"company-phone-number": "+16164467114", "created-date": "2021-02-05 23:57:19", "violation-date": "2021-02-05 23:57:19", "consumer-city": "", "consumer-state": "Michigan", "consumer-area-code": "616", "subject": "No Subject Provided", "recorded-message-or-robocall": "Y"}, "relationships": [], "meta": [], "links": {"self": "https://www.ftc.gov/v0/dnc-complaints/8abe14e80f03cf9a2999dea62706d7ec"}}, {"type": "dnc_complaint", "id": "8abe14e80f03cf9a2999dea62706a6a3", "attributes": {"company-phone-number": "+19402906016", "created-date": "2021-02-05 23:57:05", "violation-date": "2021-02-05 23:57:05", "consumer-city": "", "consumer-state": "Texas", "consumer-area-code": "214", "subject": "No Subject Provided", "recorded-message-or-robocall": "Y"}, "relationships": [], "meta": [], "links": {"self": "https://www.ftc.gov/v0/dnc-complaints/8abe14e80f03cf9a2999dea62706a6a3"}}, {"type": "dnc_complaint", "id": "419adf03eb2e365cd42219703dd4bc66", "attributes": {"company-phone-number": "8554911315", "created-date": "2021-02-05 23:56:52", "violation-date": "2021-01-05 16:44:00", "consumer-city": "Spokane", "consumer-state": "Washington", "consumer-area-code": "509", "subject": "Dropped call or no message", "recorded-message-or-robocall": "N"}, "relationships": [], "meta": [], "links": {"self": "https://www.ftc.gov/v0/dnc-complaints/419adf03eb2e365cd42219703dd4bc66"}}, {"type": "dnc_complaint", "id": "8abe14e80f03cf9a2999dea627069b07", "attributes": {"company-phone-number": "+16164465996", "created-date": "2021-02-05 23:56:50", "violation-date": "2021-02-05 23:56:50", "consumer-city": "", "consumer-state": "Michigan", "consumer-area-code": "616", "subject": "No Subject Provided", "recorded-message-or-robocall": "Y"}, "relationships": [], "meta": [], "links": {"self": "https://www.ftc.gov/v0/dnc-complaints/8abe14e80f03cf9a2999dea627069b07"}}, {"type": "dnc_complaint", "id": "8abe14e80f03cf9a2999dea62706b93b", "attributes": {"company-phone-number": "6174019193", "created-date": "2021-02-05 23:56:25", "violation-date": "2021-02-05 23:56:25", "consumer-city": "", "consumer-state": "Massachusetts", "consumer-area-code": "617", "subject": "No Subject Provided", "recorded-message-or-robocall": "Y"}, "relationships": [], "meta": [], "links": {"self": "https://www.ftc.gov/v0/dnc-complaints/8abe14e80f03cf9a2999dea62706b93b"}}, {"type": "dnc_complaint", "id": "419adf03eb2e365cd42219703dd4b417", "attributes": {"company-phone-number": "8556320016", "created-date": "2021-02-05 23:56:24", "violation-date": "2021-02-05 14:00:00", "consumer-city": "", "consumer-state": "Washington", "consumer-area-code": "206", "subject": "Computer  & technical support", "recorded-message-or-robocall": "Y"}, "relationships": [], "meta": [], "links": {"self": "https://www.ftc.gov/v0/dnc-complaints/419adf03eb2e365cd42219703dd4b417"}}, {"type": "dnc_complaint", "id": "8abe14e80f03cf9a2999dea62706d01a", "attributes": {"company-phone-number": "7083039256", "created-date": "2021-02-05 23:55:54", "violation-date": "2021-02-05 23:55:54", "consumer-city": "", "consumer-state": "South Carolina", "consumer-area-code": "843", "subject": "No Subject Provided", "recorded-message-or-robocall": "Y"}, "relationships": [], "meta": [], "links": {"self": "https://www.ftc.gov/v0/dnc-complaints/8abe14e80f03cf9a2999dea62706d01a"}}, {"type": "dnc_complaint", "id": "419adf03eb2e365cd42219703dd4a8f8", "attributes": {"company-phone-number": "5093944514", "created-date": "2021-02-05 23:55:48", "violation-date": "2021-01-13 14:35:00", "consumer-city": "Spokane", "consumer-state": "Washington", "consumer-area-code": "509", "subject": "Dropped call or no message", "recorded-message-or-robocall": "N"}, "relationships": [], "meta": [], "links": {"self": "https://www.ftc.gov/v0/dnc-complaints/419adf03eb2e365cd42219703dd4a8f8"}}, {"type": "dnc_complaint", "id": "419adf03eb2e365cd42219703dd4a310", "attributes": {"company-phone-number": "8705335914", "created-date": "2021-02-05 23:55:33", "violation-date": "2021-02-05 13:56:00", "consumer-city": "East Stroudsburg", "consumer-state": "Pennsylvania", "consumer-area-code": "570", "subject": "Other", "recorded-message-or-robocall": "N"}, "relationships": [], "meta": [], "links": {"self": "https://www.ftc.gov/v0/dnc-complaints/419adf03eb2e365cd42219703dd4a310"}}, {"type": "dnc_complaint", "id": "8abe14e80f03cf9a2999dea62706ac7a", "attributes": {"company-phone-number": "8556781411", "created-date": "2021-02-05 23:55:23", "violation-date": "2021-02-05 23:55:23", "consumer-city": "", "consumer-state": "Texas", "consumer-area-code": "956", "subject": "No Subject Provided", "recorded-message-or-robocall": "N"}, "relationships": [], "meta": [], "links": {"self": "https://www.ftc.gov/v0/dnc-complaints/8abe14e80f03cf9a2999dea62706ac7a"}}, {"type": "dnc_complaint", "id": "8abe14e80f03cf9a2999dea62706fac0", "attributes": {"company-phone-number": "4159692047", "created-date": "2021-02-05 23:55:18", "violation-date": "2021-02-05 23:55:18", "consumer-city": "", "consumer-state": "Washington", "consumer-area-code": "206", "subject": "No Subject Provided", "recorded-message-or-robocall": "Y"}, "relationships": [], "meta": [], "links": {"self": "https://www.ftc.gov/v0/dnc-complaints/8abe14e80f03cf9a2999dea62706fac0"}}, {"type": "dnc_complaint", "id": "419adf03eb2e365cd42219703dd497a5", "attributes": {"company-phone-number": "2674869829", "created-date": "2021-02-05 23:55:08", "violation-date": "2021-02-01 12:00:00", "consumer-city": "New Palestine", "consumer-state": "Indiana", "consumer-area-code": "317", "subject": "Calls pretending to be government, businesses, or family and friends", "recorded-message-or-robocall": "Y"}, "relationships": [], "meta": [], "links": {"self": "https://www.ftc.gov/v0/dnc-complaints/419adf03eb2e365cd42219703dd497a5"}}, {"type": "dnc_complaint", "id": "8abe14e80f03cf9a2999dea62706eadf", "attributes": {"company-phone-number": "4159692047", "created-date": "2021-02-05 23:55:06", "violation-date": "2021-02-05 23:55:06", "consumer-city": "", "consumer-state": "Washington", "consumer-area-code": "206", "subject": "No Subject Provided", "recorded-message-or-robocall": "Y"}, "relationships": [], "meta": [], "links": {"self": "https://www.ftc.gov/v0/dnc-complaints/8abe14e80f03cf9a2999dea62706eadf"}}, {"type": "dnc_complaint", "id": "8abe14e80f03cf9a2999dea62706c36d", "attributes": {"company-phone-number": "9179001423", "created-date": "2021-02-05 23:54:51", "violation-date": "2021-02-05 23:54:51", "consumer-city": "", "consumer-state": "Washington", "consumer-area-code": "206", "subject": "No Subject Provided", "recorded-message-or-robocall": "Y"}, "relationships": [], "meta": [], "links": {"self": "https://www.ftc.gov/v0/dnc-complaints/8abe14e80f03cf9a2999dea62706c36d"}}, {"type": "dnc_complaint", "id": "419adf03eb2e365cd42219703dd49255", "attributes": {"company-phone-number": "5415827823", "created-date": "2021-02-05 23:54:48", "violation-date": "2020-08-11 12:07:00", "consumer-city": "", "consumer-state": "Oregon", "consumer-area-code": "541", "subject": "Calls pretending to be government, businesses, or family and friends", "recorded-message-or-robocall": "Y"}, "relationships": [], "meta": [], "links": {"self": "https://www.ftc.gov/v0/dnc-complaints/419adf03eb2e365cd42219703dd49255"}}, {"type": "dnc_complaint", "id": "8abe14e80f03cf9a2999dea62706f5c1", "attributes": {"company-phone-number": "4847730853", "created-date": "2021-02-05 23:54:23", "violation-date": "2021-02-05 23:54:23", "consumer-city": "", "consumer-state": "Arizona", "consumer-area-code": "602", "subject": "No Subject Provided", "recorded-message-or-robocall": "Y"}, "relationships": [], "meta": [], "links": {"self": "https://www.ftc.gov/v0/dnc-complaints/8abe14e80f03cf9a2999dea62706f5c1"}}, {"type": "dnc_complaint", "id": "419adf03eb2e365cd42219703dd48a62", "attributes": {"company-phone-number": "5093941151", "created-date": "2021-02-05 23:54:12", "violation-date": "2021-01-15 13:52:00", "consumer-city": "Spokane", "consumer-state": "Washington", "consumer-area-code": "509", "subject": "Dropped call or no message", "recorded-message-or-robocall": "N"}, "relationships": [], "meta": [], "links": {"self": "https://www.ftc.gov/v0/dnc-complaints/419adf03eb2e365cd42219703dd48a62"}}, {"type": "dnc_complaint", "id": "419adf03eb2e365cd42219703dd47c04", "attributes": {"company-phone-number": "2403983801", "created-date": "2021-02-05 23:53:07", "violation-date": "2021-02-05 11:05:00", "consumer-city": "", "consumer-state": "Tennessee", "consumer-area-code": "423", "subject": "No Subject Provided", "recorded-message-or-robocall": ""}, "relationships": [], "meta": [], "links": {"self": "https://www.ftc.gov/v0/dnc-complaints/419adf03eb2e365cd42219703dd47c04"}}, {"type": "dnc_complaint", "id": "8abe14e80f03cf9a2999dea627066ba0", "attributes": {"company-phone-number": "5406032052", "created-date": "2021-02-05 23:53:04", "violation-date": "2021-02-05 23:53:04", "consumer-city": "", "consumer-state": "Virginia", "consumer-area-code": "804", "subject": "No Subject Provided", "recorded-message-or-robocall": "Y"}, "relationships": [], "meta": [], "links": {"self": "https://www.ftc.gov/v0/dnc-complaints/8abe14e80f03cf9a2999dea627066ba0"}}, {"type": "dnc_complaint", "id": "419adf03eb2e365cd42219703dd48a05", "attributes": {"company-phone-number": "8554911315", "created-date": "2021-02-05 23:53:02", "violation-date": "2021-01-19 11:13:00", "consumer-city": "Spokane", "consumer-state": "Washington", "consumer-area-code": "509", "subject": "Dropped call or no message", "recorded-message-or-robocall": "N"}, "relationships": [], "meta": [], "links": {"self": "https://www.ftc.gov/v0/dnc-complaints/419adf03eb2e365cd42219703dd48a05"}}, {"type": "dnc_complaint", "id": "8abe14e80f03cf9a2999dea627061b9d", "attributes": {"company-phone-number": "+18052191459", "created-date": "2021-02-05 23:52:31", "violation-date": "2021-02-05 23:52:31", "consumer-city": "", "consumer-state": "California", "consumer-area-code": "805", "subject": "No Subject Provided", "recorded-message-or-robocall": "Y"}, "relationships": [], "meta": [], "links": {"self": "https://www.ftc.gov/v0/dnc-complaints/8abe14e80f03cf9a2999dea627061b9d"}}, {"type": "dnc_complaint", "id": "8abe14e80f03cf9a2999dea62706488c", "attributes": {"company-phone-number": "+18775642584", "created-date": "2021-02-05 23:52:19", "violation-date": "2021-02-05 23:52:19", "consumer-city": "", "consumer-state": "Texas", "consumer-area-code": "361", "subject": "No Subject Provided", "recorded-message-or-robocall": "Y"}, "relationships": [], "meta": [], "links": {"self": "https://www.ftc.gov/v0/dnc-complaints/8abe14e80f03cf9a2999dea62706488c"}}, {"type": "dnc_complaint", "id": "8abe14e80f03cf9a2999dea627062452", "attributes": {"company-phone-number": "9093601820", "created-date": "2021-02-05 23:51:56", "violation-date": "2021-02-05 23:51:56", "consumer-city": "", "consumer-state": "California", "consumer-area-code": "951", "subject": "No Subject Provided", "recorded-message-or-robocall": "Y"}, "relationships": [], "meta": [], "links": {"self": "https://www.ftc.gov/v0/dnc-complaints/8abe14e80f03cf9a2999dea627062452"}}, {"type": "dnc_complaint", "id": "419adf03eb2e365cd42219703dd47949", "attributes": {"company-phone-number": "8554911315", "created-date": "2021-02-05 23:51:27", "violation-date": "2021-01-26 08:44:00", "consumer-city": "Spokane", "consumer-state": "Washington", "consumer-area-code": "509", "subject": "Dropped call or no message", "recorded-message-or-robocall": "N"}, "relationships": [], "meta": [], "links": {"self": "https://www.ftc.gov/v0/dnc-complaints/419adf03eb2e365cd42219703dd47949"}}, {"type": "dnc_complaint", "id": "419adf03eb2e365cd42219703dd47906", "attributes": {"company-phone-number": "6095566055", "created-date": "2021-02-05 23:51:18", "violation-date": "2021-02-05 19:13:00", "consumer-city": "", "consumer-state": "New Jersey", "consumer-area-code": "973", "subject": "No Subject Provided", "recorded-message-or-robocall": "Y"}, "relationships": [], "meta": [], "links": {"self": "https://www.ftc.gov/v0/dnc-complaints/419adf03eb2e365cd42219703dd47906"}}, {"type": "dnc_complaint", "id": "8abe14e80f03cf9a2999dea62706911c", "attributes": {"company-phone-number": "3232853036", "created-date": "2021-02-05 23:51:15", "violation-date": "2021-02-05 23:51:15", "consumer-city": "", "consumer-state": "California", "consumer-area-code": "323", "subject": "No Subject Provided", "recorded-message-or-robocall": "Y"}, "relationships": [], "meta": [], "links": {"self": "https://www.ftc.gov/v0/dnc-complaints/8abe14e80f03cf9a2999dea62706911c"}}, {"type": "dnc_complaint", "id": "8abe14e80f03cf9a2999dea627067c65", "attributes": {"company-phone-number": "+19856160766", "created-date": "2021-02-05 23:51:12", "violation-date": "2021-02-05 23:51:12", "consumer-city": "", "consumer-state": "Pennsylvania", "consumer-area-code": "215", "subject": "No Subject Provided", "recorded-message-or-robocall": "Y"}, "relationships": [], "meta": [], "links": {"self": "https://www.ftc.gov/v0/dnc-complaints/8abe14e80f03cf9a2999dea627067c65"}}, {"type": "dnc_complaint", "id": "419adf03eb2e365cd42219703dd47887", "attributes": {"company-phone-number": "6283003842", "created-date": "2021-02-05 23:51:09", "violation-date": "2021-01-27 08:36:00", "consumer-city": "", "consumer-state": "California", "consumer-area-code": "626", "subject": "Other", "recorded-message-or-robocall": "Y"}, "relationships": [], "meta": [], "links": {"self": "https://www.ftc.gov/v0/dnc-complaints/419adf03eb2e365cd42219703dd47887"}}, {"type": "dnc_complaint", "id": "8abe14e80f03cf9a2999dea62705ec41", "attributes": {"company-phone-number": "7472278392", "created-date": "2021-02-05 23:50:43", "violation-date": "2021-02-05 23:50:43", "consumer-city": "", "consumer-state": "California", "consumer-area-code": "951", "subject": "No Subject Provided", "recorded-message-or-robocall": "Y"}, "relationships": [], "meta": [], "links": {"self": "https://www.ftc.gov/v0/dnc-complaints/8abe14e80f03cf9a2999dea62705ec41"}}, {"type": "dnc_complaint", "id": "8abe14e80f03cf9a2999dea627060150", "attributes": {"company-phone-number": "+19194995546", "created-date": "2021-02-05 23:50:40", "violation-date": "2021-02-05 23:50:40", "consumer-city": "", "consumer-state": "Pennsylvania", "consumer-area-code": "215", "subject": "No Subject Provided", "recorded-message-or-robocall": "Y"}, "relationships": [], "meta": [], "links": {"self": "https://www.ftc.gov/v0/dnc-complaints/8abe14e80f03cf9a2999dea627060150"}}, {"type": "dnc_complaint", "id": "8abe14e80f03cf9a2999dea627065758", "attributes": {"company-phone-number": "+16052268965", "created-date": "2021-02-05 23:50:27", "violation-date": "2021-02-05 23:50:27", "consumer-city": "", "consumer-state": "Pennsylvania", "consumer-area-code": "215", "subject": "No Subject Provided", "recorded-message-or-robocall": "Y"}, "relationships": [], "meta": [], "links": {"self": "https://www.ftc.gov/v0/dnc-complaints/8abe14e80f03cf9a2999dea627065758"}}, {"type": "dnc_complaint", "id": "8abe14e80f03cf9a2999dea627060ded", "attributes": {"company-phone-number": "2565402024", "created-date": "2021-02-05 23:50:23", "violation-date": "2021-02-05 23:50:23", "consumer-city": "", "consumer-state": "Alabama", "consumer-area-code": "205", "subject": "No Subject Provided", "recorded-message-or-robocall": "Y"}, "relationships": [], "meta": [], "links": {"self": "https://www.ftc.gov/v0/dnc-complaints/8abe14e80f03cf9a2999dea627060ded"}}, {"type": "dnc_complaint", "id": "419adf03eb2e365cd42219703dd4701f", "attributes": {"company-phone-number": "7139684241", "created-date": "2021-02-05 23:50:16", "violation-date": "2021-01-28 10:04:00", "consumer-city": "MART", "consumer-state": "Texas", "consumer-area-code": "713", "subject": "Warranties  & protection plans", "recorded-message-or-robocall": "Y"}, "relationships": [], "meta": [], "links": {"self": "https://www.ftc.gov/v0/dnc-complaints/419adf03eb2e365cd42219703dd4701f"}}, {"type": "dnc_complaint", "id": "419adf03eb2e365cd42219703dd469b0", "attributes": {"company-phone-number": "8142316891", "created-date": "2021-02-05 23:49:49", "violation-date": "2021-02-02 21:43:00", "consumer-city": "Spokane", "consumer-state": "Washington", "consumer-area-code": "509", "subject": "Dropped call or no message", "recorded-message-or-robocall": "N"}, "relationships": [], "meta": [], "links": {"self": "https://www.ftc.gov/v0/dnc-complaints/419adf03eb2e365cd42219703dd469b0"}}, {"type": "dnc_complaint", "id": "8abe14e80f03cf9a2999dea627061272", "attributes": {"company-phone-number": "+15713657834", "created-date": "2021-02-05 23:49:37", "violation-date": "2021-02-05 23:49:37", "consumer-city": "", "consumer-state": "Florida", "consumer-area-code": "407", "subject": "No Subject Provided", "recorded-message-or-robocall": "N"}, "relationships": [], "meta": [], "links": {"self": "https://www.ftc.gov/v0/dnc-complaints/8abe14e80f03cf9a2999dea627061272"}}, {"type": "dnc_complaint", "id": "419adf03eb2e365cd42219703dd468d3", "attributes": {"company-phone-number": "3011175462", "created-date": "2021-02-05 23:49:30", "violation-date": "2021-02-04 12:20:00", "consumer-city": "", "consumer-state": "Maryland", "consumer-area-code": "301", "subject": "Other", "recorded-message-or-robocall": "N"}, "relationships": [], "meta": [], "links": {"self": "https://www.ftc.gov/v0/dnc-complaints/419adf03eb2e365cd42219703dd468d3"}}, {"type": "dnc_complaint", "id": "8abe14e80f03cf9a2999dea627068ad6", "attributes": {"company-phone-number": "8335841355", "created-date": "2021-02-05 23:49:26", "violation-date": "2021-02-05 23:49:26", "consumer-city": "", "consumer-state": "Alabama", "consumer-area-code": "205", "subject": "No Subject Provided", "recorded-message-or-robocall": "Y"}, "relationships": [], "meta": [], "links": {"self": "https://www.ftc.gov/v0/dnc-complaints/8abe14e80f03cf9a2999dea627068ad6"}}, {"type": "dnc_complaint", "id": "8abe14e80f03cf9a2999dea627066f3e", "attributes": {"company-phone-number": "+12762086105", "created-date": "2021-02-05 23:49:21", "violation-date": "2021-02-05 23:49:21", "consumer-city": "", "consumer-state": "Florida", "consumer-area-code": "407", "subject": "No Subject Provided", "recorded-message-or-robocall": "N"}, "relationships": [], "meta": [], "links": {"self": "https://www.ftc.gov/v0/dnc-complaints/8abe14e80f03cf9a2999dea627066f3e"}}, {"type": "dnc_complaint", "id": "8abe14e80f03cf9a2999dea62705fad2", "attributes": {"company-phone-number": "+12762086105", "created-date": "2021-02-05 23:48:57", "violation-date": "2021-02-05 23:48:57", "consumer-city": "", "consumer-state": "Florida", "consumer-area-code": "407", "subject": "No Subject Provided", "recorded-message-or-robocall": "N"}, "relationships": [], "meta": [], "links": {"self": "https://www.ftc.gov/v0/dnc-complaints/8abe14e80f03cf9a2999dea62705fad2"}}, {"type": "dnc_complaint", "id": "8abe14e80f03cf9a2999dea62706363c", "attributes": {"company-phone-number": "+14842832844", "created-date": "2021-02-05 23:48:55", "violation-date": "2021-02-05 23:48:55", "consumer-city": "", "consumer-state": "New Jersey", "consumer-area-code": "609", "subject": "No Subject Provided", "recorded-message-or-robocall": "N"}, "relationships": [], "meta": [], "links": {"self": "https://www.ftc.gov/v0/dnc-complaints/8abe14e80f03cf9a2999dea62706363c"}}, {"type": "dnc_complaint", "id": "419adf03eb2e365cd42219703dd46327", "attributes": {"company-phone-number": "", "created-date": "2021-02-05 23:48:46", "violation-date": "2020-12-28 16:13:00", "consumer-city": "", "consumer-state": "Maryland", "consumer-area-code": "410", "subject": "No Subject Provided", "recorded-message-or-robocall": "Y"}, "relationships": [], "meta": [], "links": {"self": "https://www.ftc.gov/v0/dnc-complaints/419adf03eb2e365cd42219703dd46327"}}], "meta": {"records-this-page": 50, "record-total": 19453}, "links": {"self": "https://www.ftc.gov/v0/dnc-complaints?created_date=%222021-02-05%22"}}