{"data": [{"type": "dnc_complaint", "id": "528a941baa2555f38a5a40b47e6da5f3", "attributes": {"company-phone-number": "2172109630", "created-date": "2021-02-25 23:59:58", "violation-date": "2021-02-25 13:13:00", "consumer-city": "Springfield", "consumer-state": "Illinois", "consumer-area-code": "217", "subject": "No Subject Provided", "recorded-message-or-robocall": ""}, "relationships": [], "meta": [], "links": {"self": "https://www.ftc.gov/v0/dnc-complaints/528a941baa2555f38a5a40b47e6da5f3"}}, {"type": "dnc_complaint", "id": "528a941baa2555f38a5a40b47e6d9f30", "attributes": {"company-phone-number": "2095542239", "created-date": "2021-02-25 23:59:29", "violation-date": "2021-02-25 12:07:00", "consumer-city": "Camarillo", "consumer-state": "California", "consumer-area-code": "805", "subject": "Calls pretending to be government, businesses, or family and friends", "recorded-message-or-robocall": "Y"}, "relationships": [], "meta": [], "links": {"self": "https://www.ftc.gov/v0/dnc-complaints/528a941baa2555f38a5a40b47e6d9f30"}}, {"type": "dnc_complaint", "id": "528a941baa2555f38a5a40b47e6d9c18", "attributes": {"company-phone-number": "4806313945", "created-date": "2021-02-25 23:59:14", "violation-date": "2021-02-24 09:37:00", "consumer-city": "Mesa", "consumer-state": "Arizona", "consumer-area-code": "480", "subject": "Other", "recorded-message-or-robocall": "N"}, "relationships": [], "meta": [], "links": {"self": "https://www.ftc.gov/v0/dnc-complaints/528a941baa2555f38a5a40b47e6d9c18"}}, {"type": "dnc_complaint", "id": "528a941baa2555f38a5a40b47e6d98d1", "attributes": {"company-phone-number": "9283258099", "created-date": "2021-02-25 23:59:13", "violation-date": "2021-02-25 14:03:00", "consumer-city": "", "consumer-state": "Arizona", "consumer-area-code": "928", "subject": "No Subject Provided", "recorded-message-or-robocall": "Y"}, "relationships": [], "meta": [], "links": {"self": "https://www.ftc.gov/v0/dnc-complaints/528a941baa2555f38a5a40b47e6d98d1"}}, {"type": "dnc_complaint", "id": "528a941baa2555f38a5a40b47e6d94ba", "attributes": {"company-phone-number": "2179717522", "created-date": "2021-02-25 23:59:04", "violation-date": "2021-02-25 13:08:00", "consumer-city": "Springfield", "consumer-state": "Illinois", "consumer-area-code": "217", "subject": "No Subject Provided", "recorded-message-or-robocall": ""}, "relationships": [], "meta": [], "links": {"self": "https://www.ftc.gov/v0/dnc-complaints/528a941baa2555f38a5a40b47e6d94ba"}}, {"type": "dnc_complaint", "id": "528a941baa2555f38a5a40b47e6d89a4", "attributes": {"company-phone-number": "8337759226", "created-date": "2021-02-25 23:58:24", "violation-date": "2021-02-25 10:55:00", "consumer-city": "Springfield", "consumer-state": "Illinois", "consumer-area-code": "217", "subject": "No Subject Provided", "recorded-message-or-robocall": ""}, "relationships": [], "meta": [], "links": {"self": "https://www.ftc.gov/v0/dnc-complaints/528a941baa2555f38a5a40b47e6d89a4"}}, {"type": "dnc_complaint", "id": "528a941baa2555f38a5a40b47e6d824e", "attributes": {"company-phone-number": "4807957692", "created-date": "2021-02-25 23:58:14", "violation-date": "2021-02-24 12:11:00", "consumer-city": "Mesa", "consumer-state": "Arizona", "consumer-area-code": "480", "subject": "Other", "recorded-message-or-robocall": "N"}, "relationships": [], "meta": [], "links": {"self": "https://www.ftc.gov/v0/dnc-complaints/528a941baa2555f38a5a40b47e6d824e"}}, {"type": "dnc_complaint", "id": "528a941baa2555f38a5a40b47e6d80e8", "attributes": {"company-phone-number": "3174497514", "created-date": "2021-02-25 23:58:01", "violation-date": "2021-02-25 16:16:00", "consumer-city": "", "consumer-state": "Indiana", "consumer-area-code": "317", "subject": "Other", "recorded-message-or-robocall": "Y"}, "relationships": [], "meta": [], "links": {"self": "https://www.ftc.gov/v0/dnc-complaints/528a941baa2555f38a5a40b47e6d80e8"}}, {"type": "dnc_complaint", "id": "528a941baa2555f38a5a40b47e6d73d8", "attributes": {"company-phone-number": "2175464414", "created-date": "2021-02-25 23:57:40", "violation-date": "2021-02-25 10:00:00", "consumer-city": "Springfield", "consumer-state": "Illinois", "consumer-area-code": "217", "subject": "No Subject Provided", "recorded-message-or-robocall": ""}, "relationships": [], "meta": [], "links": {"self": "https://www.ftc.gov/v0/dnc-complaints/528a941baa2555f38a5a40b47e6d73d8"}}, {"type": "dnc_complaint", "id": "528a941baa2555f38a5a40b47e6d6e25", "attributes": {"company-phone-number": "6194884420", "created-date": "2021-02-25 23:57:22", "violation-date": "2021-02-25 19:23:00", "consumer-city": "", "consumer-state": "California", "consumer-area-code": "619", "subject": "Other", "recorded-message-or-robocall": "Y"}, "relationships": [], "meta": [], "links": {"self": "https://www.ftc.gov/v0/dnc-complaints/528a941baa2555f38a5a40b47e6d6e25"}}, {"type": "dnc_complaint", "id": "528a941baa2555f38a5a40b47e6d6c54", "attributes": {"company-phone-number": "2624559994", "created-date": "2021-02-25 23:57:22", "violation-date": "2021-02-24 12:47:00", "consumer-city": "Mesa", "consumer-state": "Arizona", "consumer-area-code": "480", "subject": "Other", "recorded-message-or-robocall": "N"}, "relationships": [], "meta": [], "links": {"self": "https://www.ftc.gov/v0/dnc-complaints/528a941baa2555f38a5a40b47e6d6c54"}}, {"type": "dnc_complaint", "id": "528a941baa2555f38a5a40b47e6d63e3", "attributes": {"company-phone-number": "6172519224", "created-date": "2021-02-25 23:57:20", "violation-date": "2021-02-25 14:49:00", "consumer-city": "", "consumer-state": "Massachusetts", "consumer-area-code": "617", "subject": "Dropped call or no message", "recorded-message-or-robocall": ""}, "relationships": [], "meta": [], "links": {"self": "https://www.ftc.gov/v0/dnc-complaints/528a941baa2555f38a5a40b47e6d63e3"}}, {"type": "dnc_complaint", "id": "528a941baa2555f38a5a40b47e6d6292", "attributes": {"company-phone-number": "2172795595", "created-date": "2021-02-25 23:57:02", "violation-date": "2021-02-25 09:46:00", "consumer-city": "Springfield", "consumer-state": "Illinois", "consumer-area-code": "217", "subject": "No Subject Provided", "recorded-message-or-robocall": ""}, "relationships": [], "meta": [], "links": {"self": "https://www.ftc.gov/v0/dnc-complaints/528a941baa2555f38a5a40b47e6d6292"}}, {"type": "dnc_complaint", "id": "528a941baa2555f38a5a40b47e6d5b16", "attributes": {"company-phone-number": "9512875997", "created-date": "2021-02-25 23:56:43", "violation-date": "2021-02-24 13:07:00", "consumer-city": "", "consumer-state": "Massachusetts", "consumer-area-code": "617", "subject": "Dropped call or no message", "recorded-message-or-robocall": ""}, "relationships": [], "meta": [], "links": {"self": "https://www.ftc.gov/v0/dnc-complaints/528a941baa2555f38a5a40b47e6d5b16"}}, {"type": "dnc_complaint", "id": "528a941baa2555f38a5a40b47e6d5a95", "attributes": {"company-phone-number": "6026339375", "created-date": "2021-02-25 23:56:25", "violation-date": "2021-02-24 13:36:00", "consumer-city": "Mesa", "consumer-state": "Arizona", "consumer-area-code": "480", "subject": "Other", "recorded-message-or-robocall": "N"}, "relationships": [], "meta": [], "links": {"self": "https://www.ftc.gov/v0/dnc-complaints/528a941baa2555f38a5a40b47e6d5a95"}}, {"type": "dnc_complaint", "id": "528a941baa2555f38a5a40b47e6d4d82", "attributes": {"company-phone-number": "3527291339", "created-date": "2021-02-25 23:56:14", "violation-date": "2021-02-25 08:28:00", "consumer-city": "Springfield", "consumer-state": "Illinois", "consumer-area-code": "217", "subject": "Other", "recorded-message-or-robocall": ""}, "relationships": [], "meta": [], "links": {"self": "https://www.ftc.gov/v0/dnc-complaints/528a941baa2555f38a5a40b47e6d4d82"}}, {"type": "dnc_complaint", "id": "528a941baa2555f38a5a40b47e6d4680", "attributes": {"company-phone-number": "6172772446", "created-date": "2021-02-25 23:56:01", "violation-date": "2021-02-24 12:48:00", "consumer-city": "", "consumer-state": "Massachusetts", "consumer-area-code": "617", "subject": "Dropped call or no message", "recorded-message-or-robocall": ""}, "relationships": [], "meta": [], "links": {"self": "https://www.ftc.gov/v0/dnc-complaints/528a941baa2555f38a5a40b47e6d4680"}}, {"type": "dnc_complaint", "id": "528a941baa2555f38a5a40b47e6d4666", "attributes": {"company-phone-number": "5205022199", "created-date": "2021-02-25 23:55:04", "violation-date": "2021-02-24 13:49:00", "consumer-city": "Mesa", "consumer-state": "Arizona", "consumer-area-code": "480", "subject": "Other", "recorded-message-or-robocall": "N"}, "relationships": [], "meta": [], "links": {"self": "https://www.ftc.gov/v0/dnc-complaints/528a941baa2555f38a5a40b47e6d4666"}}, {"type": "dnc_complaint", "id": "528a941baa2555f38a5a40b47e6d36fc", "attributes": {"company-phone-number": "5202105734", "created-date": "2021-02-25 23:54:13", "violation-date": "2021-02-24 18:37:00", "consumer-city": "Mesa", "consumer-state": "Arizona", "consumer-area-code": "480", "subject": "Other", "recorded-message-or-robocall": "N"}, "relationships": [], "meta": [], "links": {"self": "https://www.ftc.gov/v0/dnc-complaints/528a941baa2555f38a5a40b47e6d36fc"}}, {"type": "dnc_complaint", "id": "528a941baa2555f38a5a40b47e6d34ab", "attributes": {"company-phone-number": "7015665362", "created-date": "2021-02-25 23:53:56", "violation-date": "2021-02-25 01:03:00", "consumer-city": "Madison", "consumer-state": "Alabama", "consumer-area-code": "256", "subject": "Other", "recorded-message-or-robocall": "Y"}, "relationships": [], "meta": [], "links": {"self": "https://www.ftc.gov/v0/dnc-complaints/528a941baa2555f38a5a40b47e6d34ab"}}, {"type": "dnc_complaint", "id": "528a941baa2555f38a5a40b47e6d3255", "attributes": {"company-phone-number": "9284149690", "created-date": "2021-02-25 23:53:55", "violation-date": "2021-02-25 23:22:00", "consumer-city": "", "consumer-state": "Arizona", "consumer-area-code": "928", "subject": "No Subject Provided", "recorded-message-or-robocall": "Y"}, "relationships": [], "meta": [], "links": {"self": "https://www.ftc.gov/v0/dnc-complaints/528a941baa2555f38a5a40b47e6d3255"}}, {"type": "dnc_complaint", "id": "528a941baa2555f38a5a40b47e6d2d5e", "attributes": {"company-phone-number": "9283268656", "created-date": "2021-02-25 23:53:02", "violation-date": "2021-02-25 08:51:00", "consumer-city": "Mesa", "consumer-state": "Arizona", "consumer-area-code": "480", "subject": "Other", "recorded-message-or-robocall": "N"}, "relationships": [], "meta": [], "links": {"self": "https://www.ftc.gov/v0/dnc-complaints/528a941baa2555f38a5a40b47e6d2d5e"}}, {"type": "dnc_complaint", "id": "528a941baa2555f38a5a40b47e6d2a34", "attributes": {"company-phone-number": "5205022199", "created-date": "2021-02-25 23:52:07", "violation-date": "2021-02-25 09:33:00", "consumer-city": "Mesa", "consumer-state": "Arizona", "consumer-area-code": "480", "subject": "Other", "recorded-message-or-robocall": "N"}, "relationships": [], "meta": [], "links": {"self": "https://www.ftc.gov/v0/dnc-complaints/528a941baa2555f38a5a40b47e6d2a34"}}, {"type": "dnc_complaint", "id": "528a941baa2555f38a5a40b47e6d21d2", "attributes": {"company-phone-number": "2172109630", "created-date": "2021-02-25 23:51:38", "violation-date": "2021-02-24 13:39:00", "consumer-city": "Springfield", "consumer-state": "Illinois", "consumer-area-code": "217", "subject": "No Subject Provided", "recorded-message-or-robocall": ""}, "relationships": [], "meta": [], "links": {"self": "https://www.ftc.gov/v0/dnc-complaints/528a941baa2555f38a5a40b47e6d21d2"}}, {"type": "dnc_complaint", "id": "528a941baa2555f38a5a40b47e6d12f4", "attributes": {"company-phone-number": "2405815881", "created-date": "2021-02-25 23:51:01", "violation-date": "2021-02-25 09:56:00", "consumer-city": "Mesa", "consumer-state": "Arizona", "consumer-area-code": "480", "subject": "Other", "recorded-message-or-robocall": "N"}, "relationships": [], "meta": [], "links": {"self": "https://www.ftc.gov/v0/dnc-complaints/528a941baa2555f38a5a40b47e6d12f4"}}, {"type": "dnc_complaint", "id": "528a941baa2555f38a5a40b47e6d12cf", "attributes": {"company-phone-number": "2177655622", "created-date": "2021-02-25 23:50:58", "violation-date": "2021-02-23 15:02:00", "consumer-city": "Springfield", "consumer-state": "Illinois", "consumer-area-code": "217", "subject": "No Subject Provided", "recorded-message-or-robocall": ""}, "relationships": [], "meta": [], "links": {"self": "https://www.ftc.gov/v0/dnc-complaints/528a941baa2555f38a5a40b47e6d12cf"}}, {"type": "dnc_complaint", "id": "528a941baa2555f38a5a40b47e6d11e4", "attributes": {"company-phone-number": "2175296669", "created-date": "2021-02-25 23:50:22", "violation-date": "2021-02-23 08:22:00", "consumer-city": "Springfield", "consumer-state": "Illinois", "consumer-area-code": "217", "subject": "No Subject Provided", "recorded-message-or-robocall": ""}, "relationships": [], "meta": [], "links": {"self": "https://www.ftc.gov/v0/dnc-complaints/528a941baa2555f38a5a40b47e6d11e4"}}, {"type": "dnc_complaint", "id": "528a941baa2555f38a5a40b47e6d1066", "attributes": {"company-phone-number": "7327769777", "created-date": "2021-02-25 23:50:08", "violation-date": "2021-02-25 18:14:00", "consumer-city": "Langlois", "consumer-state": "Oregon", "consumer-area-code": "541", "subject": "Dropped call or no message", "recorded-message-or-robocall": "Y"}, "relationships": [], "meta": [], "links": {"self": "https://www.ftc.gov/v0/dnc-complaints/528a941baa2555f38a5a40b47e6d1066"}}, {"type": "dnc_complaint", "id": "528a941baa2555f38a5a40b47e6d089b", "attributes": {"company-phone-number": "9283268656", "created-date": "2021-02-25 23:49:55", "violation-date": "2021-02-25 13:07:00", "consumer-city": "Mesa", "consumer-state": "Arizona", "consumer-area-code": "480", "subject": "Other", "recorded-message-or-robocall": "N"}, "relationships": [], "meta": [], "links": {"self": "https://www.ftc.gov/v0/dnc-complaints/528a941baa2555f38a5a40b47e6d089b"}}, {"type": "dnc_complaint", "id": "528a941baa2555f38a5a40b47e6d06c3", "attributes": {"company-phone-number": "3126532073", "created-date": "2021-02-25 23:49:24", "violation-date": "2021-02-25 17:12:00", "consumer-city": "Vernon Hills", "consumer-state": "Illinois", "consumer-area-code": "630", "subject": "Dropped call or no message", "recorded-message-or-robocall": "Y"}, "relationships": [], "meta": [], "links": {"self": "https://www.ftc.gov/v0/dnc-complaints/528a941baa2555f38a5a40b47e6d06c3"}}, {"type": "dnc_complaint", "id": "528a941baa2555f38a5a40b47e6d0253", "attributes": {"company-phone-number": "8182131995", "created-date": "2021-02-25 23:49:04", "violation-date": "2021-02-25 11:13:00", "consumer-city": "Moses Lake", "consumer-state": "Washington", "consumer-area-code": "509", "subject": "Other", "recorded-message-or-robocall": ""}, "relationships": [], "meta": [], "links": {"self": "https://www.ftc.gov/v0/dnc-complaints/528a941baa2555f38a5a40b47e6d0253"}}, {"type": "dnc_complaint", "id": "528a941baa2555f38a5a40b47e6cfa95", "attributes": {"company-phone-number": "5205235216", "created-date": "2021-02-25 23:48:42", "violation-date": "2021-02-25 10:38:00", "consumer-city": "Mesa", "consumer-state": "Arizona", "consumer-area-code": "480", "subject": "Other", "recorded-message-or-robocall": "N"}, "relationships": [], "meta": [], "links": {"self": "https://www.ftc.gov/v0/dnc-complaints/528a941baa2555f38a5a40b47e6cfa95"}}, {"type": "dnc_complaint", "id": "528a941baa2555f38a5a40b47e6cf667", "attributes": {"company-phone-number": "8037546647", "created-date": "2021-02-25 23:47:50", "violation-date": "2021-02-25 00:00:00", "consumer-city": "Seattle", "consumer-state": "Washington", "consumer-area-code": "803", "subject": "Warranties  & protection plans", "recorded-message-or-robocall": "Y"}, "relationships": [], "meta": [], "links": {"self": "https://www.ftc.gov/v0/dnc-complaints/528a941baa2555f38a5a40b47e6cf667"}}, {"type": "dnc_complaint", "id": "528a941baa2555f38a5a40b47e6cf4f0", "attributes": {"company-phone-number": "8775312318", "created-date": "2021-02-25 23:47:35", "violation-date": "2021-02-25 10:43:00", "consumer-city": "Moses Lake", "consumer-state": "Washington", "consumer-area-code": "509", "subject": "Other", "recorded-message-or-robocall": ""}, "relationships": [], "meta": [], "links": {"self": "https://www.ftc.gov/v0/dnc-complaints/528a941baa2555f38a5a40b47e6cf4f0"}}, {"type": "dnc_complaint", "id": "528a941baa2555f38a5a40b47e6ce99c", "attributes": {"company-phone-number": "2819179428", "created-date": "2021-02-25 23:46:47", "violation-date": "2021-02-25 15:30:00", "consumer-city": "", "consumer-state": "Texas", "consumer-area-code": "281", "subject": "No Subject Provided", "recorded-message-or-robocall": ""}, "relationships": [], "meta": [], "links": {"self": "https://www.ftc.gov/v0/dnc-complaints/528a941baa2555f38a5a40b47e6ce99c"}}, {"type": "dnc_complaint", "id": "528a941baa2555f38a5a40b47e6cde59", "attributes": {"company-phone-number": "5097659792", "created-date": "2021-02-25 23:46:14", "violation-date": "2021-02-25 09:23:00", "consumer-city": "Moses Lake", "consumer-state": "Washington", "consumer-area-code": "509", "subject": "Reducing your debt (credit cards, mortgage, student loans)", "recorded-message-or-robocall": ""}, "relationships": [], "meta": [], "links": {"self": "https://www.ftc.gov/v0/dnc-complaints/528a941baa2555f38a5a40b47e6cde59"}}, {"type": "dnc_complaint", "id": "528a941baa2555f38a5a40b47e6cd2cf", "attributes": {"company-phone-number": "8888950254", "created-date": "2021-02-25 23:46:00", "violation-date": "2021-02-24 17:46:00", "consumer-city": "Highlands Ranch", "consumer-state": "Colorado", "consumer-area-code": "303", "subject": "Other", "recorded-message-or-robocall": "N"}, "relationships": [], "meta": [], "links": {"self": "https://www.ftc.gov/v0/dnc-complaints/528a941baa2555f38a5a40b47e6cd2cf"}}, {"type": "dnc_complaint", "id": "528a941baa2555f38a5a40b47e6ccaee", "attributes": {"company-phone-number": "2819835044", "created-date": "2021-02-25 23:45:24", "violation-date": "2021-02-25 14:24:00", "consumer-city": "", "consumer-state": "Texas", "consumer-area-code": "281", "subject": "No Subject Provided", "recorded-message-or-robocall": ""}, "relationships": [], "meta": [], "links": {"self": "https://www.ftc.gov/v0/dnc-complaints/528a941baa2555f38a5a40b47e6ccaee"}}, {"type": "dnc_complaint", "id": "528a941baa2555f38a5a40b47e6cc789", "attributes": {"company-phone-number": "5098611462", "created-date": "2021-02-25 23:44:58", "violation-date": "2021-02-26 01:06:00", "consumer-city": "", "consumer-state": "Washington", "consumer-area-code": "509", "subject": "Calls pretending to be government, businesses, or family and friends", "recorded-message-or-robocall": "Y"}, "relationships": [], "meta": [], "links": {"self": "https://www.ftc.gov/v0/dnc-complaints/528a941baa2555f38a5a40b47e6cc789"}}, {"type": "dnc_complaint", "id": "528a941baa2555f38a5a40b47e6cc08c", "attributes": {"company-phone-number": "3236524286", "created-date": "2021-02-25 23:44:15", "violation-date": "2021-02-25 13:05:00", "consumer-city": "", "consumer-state": "Texas", "consumer-area-code": "281", "subject": "No Subject Provided", "recorded-message-or-robocall": ""}, "relationships": [], "meta": [], "links": {"self": "https://www.ftc.gov/v0/dnc-complaints/528a941baa2555f38a5a40b47e6cc08c"}}, {"type": "dnc_complaint", "id": "528a941baa2555f38a5a40b47e6cc471", "attributes": {"company-phone-number": "3035783874", "created-date": "2021-02-25 23:44:05", "violation-date": "2021-02-24 18:42:00", "consumer-city": "Highlands Ranch", "consumer-state": "Colorado", "consumer-area-code": "303", "subject": "Other", "recorded-message-or-robocall": "N"}, "relationships": [], "meta": [], "links": {"self": "https://www.ftc.gov/v0/dnc-complaints/528a941baa2555f38a5a40b47e6cc471"}}, {"type": "dnc_complaint", "id": "528a941baa2555f38a5a40b47e6cb893", "attributes": {"company-phone-number": "2818246474", "created-date": "2021-02-25 23:43:08", "violation-date": "2021-02-25 09:57:00", "consumer-city": "", "consumer-state": "Texas", "consumer-area-code": "281", "subject": "No Subject Provided", "recorded-message-or-robocall": ""}, "relationships": [], "meta": [], "links": {"self": "https://www.ftc.gov/v0/dnc-complaints/528a941baa2555f38a5a40b47e6cb893"}}, {"type": "dnc_complaint", "id": "528a941baa2555f38a5a40b47e6cbb3c", "attributes": {"company-phone-number": "5097659792", "created-date": "2021-02-25 23:42:51", "violation-date": "2021-02-25 09:23:00", "consumer-city": "Moses Lake", "consumer-state": "Washington", "consumer-area-code": "509", "subject": "No Subject Provided", "recorded-message-or-robocall": ""}, "relationships": [], "meta": [], "links": {"self": "https://www.ftc.gov/v0/dnc-complaints/528a941baa2555f38a5a40b47e6cbb3c"}}, {"type": "dnc_complaint", "id": "528a941baa2555f38a5a40b47e6cb067", "attributes": {"company-phone-number": "7735707295", "created-date": "2021-02-25 23:42:41", "violation-date": "2021-02-25 15:21:00", "consumer-city": "", "consumer-state": "Illinois", "consumer-area-code": "773", "subject": "No Subject Provided", "recorded-message-or-robocall": "Y"}, "relationships": [], "meta": [], "links": {"self": "https://www.ftc.gov/v0/dnc-complaints/528a941baa2555f38a5a40b47e6cb067"}}, {"type": "dnc_complaint", "id": "528a941baa2555f38a5a40b47e6ca80c", "attributes": {"company-phone-number": "4244224242", "created-date": "2021-02-25 23:42:38", "violation-date": "2021-02-25 21:38:00", "consumer-city": "Denver", "consumer-state": "Colorado", "consumer-area-code": "303", "subject": "Other", "recorded-message-or-robocall": "Y"}, "relationships": [], "meta": [], "links": {"self": "https://www.ftc.gov/v0/dnc-complaints/528a941baa2555f38a5a40b47e6ca80c"}}, {"type": "dnc_complaint", "id": "528a941baa2555f38a5a40b47e6ca02b", "attributes": {"company-phone-number": "6622831189", "created-date": "2021-02-25 23:42:26", "violation-date": "2021-02-24 20:13:00", "consumer-city": "Highlands Ranch", "consumer-state": "Colorado", "consumer-area-code": "303", "subject": "Other", "recorded-message-or-robocall": "N"}, "relationships": [], "meta": [], "links": {"self": "https://www.ftc.gov/v0/dnc-complaints/528a941baa2555f38a5a40b47e6ca02b"}}, {"type": "dnc_complaint", "id": "528a941baa2555f38a5a40b47e6c9d17", "attributes": {"company-phone-number": "8507574187", "created-date": "2021-02-25 23:41:41", "violation-date": "2021-02-25 12:04:00", "consumer-city": "", "consumer-state": "Florida", "consumer-area-code": "850", "subject": "Warranties  & protection plans", "recorded-message-or-robocall": "Y"}, "relationships": [], "meta": [], "links": {"self": "https://www.ftc.gov/v0/dnc-complaints/528a941baa2555f38a5a40b47e6c9d17"}}, {"type": "dnc_complaint", "id": "528a941baa2555f38a5a40b47e6c94f0", "attributes": {"company-phone-number": "9178890486", "created-date": "2021-02-25 23:41:32", "violation-date": "2021-02-25 15:32:00", "consumer-city": "Valley Stream", "consumer-state": "New York", "consumer-area-code": "516", "subject": "Other", "recorded-message-or-robocall": "Y"}, "relationships": [], "meta": [], "links": {"self": "https://www.ftc.gov/v0/dnc-complaints/528a941baa2555f38a5a40b47e6c94f0"}}, {"type": "dnc_complaint", "id": "528a941baa2555f38a5a40b47e6c9294", "attributes": {"company-phone-number": "2818164260", "created-date": "2021-02-25 23:40:51", "violation-date": "2021-02-18 06:53:00", "consumer-city": "Santa Rosa", "consumer-state": "California", "consumer-area-code": "707", "subject": "Other", "recorded-message-or-robocall": "N"}, "relationships": [], "meta": [], "links": {"self": "https://www.ftc.gov/v0/dnc-complaints/528a941baa2555f38a5a40b47e6c9294"}}, {"type": "dnc_complaint", "id": "528a941baa2555f38a5a40b47e6c8bf0", "attributes": {"company-phone-number": "4754737875", "created-date": "2021-02-25 23:40:44", "violation-date": "2021-02-25 16:12:00", "consumer-city": "Valley Stream", "consumer-state": "New York", "consumer-area-code": "516", "subject": "Other", "recorded-message-or-robocall": "Y"}, "relationships": [], "meta": [], "links": {"self": "https://www.ftc.gov/v0/dnc-complaints/528a941baa2555f38a5a40b47e6c8bf0"}}], "meta": {"records-this-page": 50, "record-total": 17215}, "links": {"self": "https://www.ftc.gov/v0/dnc-complaints?created_date=%222021-02-25%22"}}