{"data": [{"type": "dnc_complaint", "id": "18bca496da38ca8c6e9d93d95c3f2444", "attributes": {"company-phone-number": "3016644737", "created-date": "2021-02-22 23:59:39", "violation-date": "2021-02-22 17:33:00", "consumer-city": "Frederick", "consumer-state": "Maryland", "consumer-area-code": "301", "subject": "Other", "recorded-message-or-robocall": "Y"}, "relationships": [], "meta": [], "links": {"self": "https://www.ftc.gov/v0/dnc-complaints/18bca496da38ca8c6e9d93d95c3f2444"}}, {"type": "dnc_complaint", "id": "18bca496da38ca8c6e9d93d95c3f1af7", "attributes": {"company-phone-number": "8316094970", "created-date": "2021-02-22 23:58:52", "violation-date": "2021-02-22 20:55:00", "consumer-city": "", "consumer-state": "California", "consumer-area-code": "209", "subject": "Other", "recorded-message-or-robocall": "Y"}, "relationships": [], "meta": [], "links": {"self": "https://www.ftc.gov/v0/dnc-complaints/18bca496da38ca8c6e9d93d95c3f1af7"}}, {"type": "dnc_complaint", "id": "18bca496da38ca8c6e9d93d95c3f121a", "attributes": {"company-phone-number": "6084301062", "created-date": "2021-02-22 23:58:49", "violation-date": "2021-02-04 16:42:00", "consumer-city": "12004 W Carroll Rd Beloit", "consumer-state": "Wisconsin", "consumer-area-code": "608", "subject": "Reducing your debt (credit cards, mortgage, student loans)", "recorded-message-or-robocall": "Y"}, "relationships": [], "meta": [], "links": {"self": "https://www.ftc.gov/v0/dnc-complaints/18bca496da38ca8c6e9d93d95c3f121a"}}, {"type": "dnc_complaint", "id": "18bca496da38ca8c6e9d93d95c3f0f1e", "attributes": {"company-phone-number": "6029604849", "created-date": "2021-02-22 23:58:07", "violation-date": "2021-02-22 16:45:00", "consumer-city": "Scottsdale", "consumer-state": "Arizona", "consumer-area-code": "602", "subject": "Charities", "recorded-message-or-robocall": "Y"}, "relationships": [], "meta": [], "links": {"self": "https://www.ftc.gov/v0/dnc-complaints/18bca496da38ca8c6e9d93d95c3f0f1e"}}, {"type": "dnc_complaint", "id": "18bca496da38ca8c6e9d93d95c3f0381", "attributes": {"company-phone-number": "", "created-date": "2021-02-22 23:57:51", "violation-date": "2021-02-22 11:52:00", "consumer-city": "San Francisco", "consumer-state": "California", "consumer-area-code": "415", "subject": "Calls pretending to be government, businesses, or family and friends", "recorded-message-or-robocall": "Y"}, "relationships": [], "meta": [], "links": {"self": "https://www.ftc.gov/v0/dnc-complaints/18bca496da38ca8c6e9d93d95c3f0381"}}, {"type": "dnc_complaint", "id": "18bca496da38ca8c6e9d93d95c3eff83", "attributes": {"company-phone-number": "6085377746", "created-date": "2021-02-22 23:57:21", "violation-date": "2021-02-04 09:44:00", "consumer-city": "12004 W Carroll Rd Beloit", "consumer-state": "Wisconsin", "consumer-area-code": "608", "subject": "Other", "recorded-message-or-robocall": "N"}, "relationships": [], "meta": [], "links": {"self": "https://www.ftc.gov/v0/dnc-complaints/18bca496da38ca8c6e9d93d95c3eff83"}}, {"type": "dnc_complaint", "id": "18bca496da38ca8c6e9d93d95c3ef1db", "attributes": {"company-phone-number": "9713464600", "created-date": "2021-02-22 23:57:13", "violation-date": "2021-02-22 15:24:00", "consumer-city": "", "consumer-state": "Oregon", "consumer-area-code": "503", "subject": "No Subject Provided", "recorded-message-or-robocall": "N"}, "relationships": [], "meta": [], "links": {"self": "https://www.ftc.gov/v0/dnc-complaints/18bca496da38ca8c6e9d93d95c3ef1db"}}, {"type": "dnc_complaint", "id": "18bca496da38ca8c6e9d93d95c3ee937", "attributes": {"company-phone-number": "3174144808", "created-date": "2021-02-22 23:56:03", "violation-date": "2021-02-03 15:09:00", "consumer-city": "12004 W Carroll Rd Beloit", "consumer-state": "Wisconsin", "consumer-area-code": "608", "subject": "No Subject Provided", "recorded-message-or-robocall": "N"}, "relationships": [], "meta": [], "links": {"self": "https://www.ftc.gov/v0/dnc-complaints/18bca496da38ca8c6e9d93d95c3ee937"}}, {"type": "dnc_complaint", "id": "18bca496da38ca8c6e9d93d95c3ee2c6", "attributes": {"company-phone-number": "3052314348", "created-date": "2021-02-22 23:55:41", "violation-date": "2020-12-02 16:16:00", "consumer-city": "", "consumer-state": "California", "consumer-area-code": "510", "subject": "Calls pretending to be government, businesses, or family and friends", "recorded-message-or-robocall": "N"}, "relationships": [], "meta": [], "links": {"self": "https://www.ftc.gov/v0/dnc-complaints/18bca496da38ca8c6e9d93d95c3ee2c6"}}, {"type": "dnc_complaint", "id": "18bca496da38ca8c6e9d93d95c3ed4c2", "attributes": {"company-phone-number": "5417276961", "created-date": "2021-02-22 23:55:10", "violation-date": "2021-02-19 02:55:00", "consumer-city": "", "consumer-state": "Oregon", "consumer-area-code": "503", "subject": "No Subject Provided", "recorded-message-or-robocall": "Y"}, "relationships": [], "meta": [], "links": {"self": "https://www.ftc.gov/v0/dnc-complaints/18bca496da38ca8c6e9d93d95c3ed4c2"}}, {"type": "dnc_complaint", "id": "18bca496da38ca8c6e9d93d95c3ed3dd", "attributes": {"company-phone-number": "8885240691", "created-date": "2021-02-22 23:55:01", "violation-date": "2021-02-03 13:11:00", "consumer-city": "12004 W Carroll Rd Beloit", "consumer-state": "Wisconsin", "consumer-area-code": "608", "subject": "No Subject Provided", "recorded-message-or-robocall": "N"}, "relationships": [], "meta": [], "links": {"self": "https://www.ftc.gov/v0/dnc-complaints/18bca496da38ca8c6e9d93d95c3ed3dd"}}, {"type": "dnc_complaint", "id": "18bca496da38ca8c6e9d93d95c3ed228", "attributes": {"company-phone-number": "5106546601", "created-date": "2021-02-22 23:54:56", "violation-date": "2020-12-01 16:45:00", "consumer-city": "", "consumer-state": "California", "consumer-area-code": "510", "subject": "Calls pretending to be government, businesses, or family and friends", "recorded-message-or-robocall": "N"}, "relationships": [], "meta": [], "links": {"self": "https://www.ftc.gov/v0/dnc-complaints/18bca496da38ca8c6e9d93d95c3ed228"}}, {"type": "dnc_complaint", "id": "18bca496da38ca8c6e9d93d95c3ece09", "attributes": {"company-phone-number": "6282615397", "created-date": "2021-02-22 23:54:25", "violation-date": "2021-02-22 13:18:00", "consumer-city": "Aptos", "consumer-state": "California", "consumer-area-code": "831", "subject": "Other", "recorded-message-or-robocall": "Y"}, "relationships": [], "meta": [], "links": {"self": "https://www.ftc.gov/v0/dnc-complaints/18bca496da38ca8c6e9d93d95c3ece09"}}, {"type": "dnc_complaint", "id": "18bca496da38ca8c6e9d93d95c3ec527", "attributes": {"company-phone-number": "5103700146", "created-date": "2021-02-22 23:54:11", "violation-date": "2020-12-07 12:55:00", "consumer-city": "", "consumer-state": "California", "consumer-area-code": "510", "subject": "Calls pretending to be government, businesses, or family and friends", "recorded-message-or-robocall": "N"}, "relationships": [], "meta": [], "links": {"self": "https://www.ftc.gov/v0/dnc-complaints/18bca496da38ca8c6e9d93d95c3ec527"}}, {"type": "dnc_complaint", "id": "18bca496da38ca8c6e9d93d95c3ebf5c", "attributes": {"company-phone-number": "6083719335", "created-date": "2021-02-22 23:54:08", "violation-date": "2021-02-03 11:09:00", "consumer-city": "12004 W Carroll Rd Beloit", "consumer-state": "Wisconsin", "consumer-area-code": "608", "subject": "Reducing your debt (credit cards, mortgage, student loans)", "recorded-message-or-robocall": "Y"}, "relationships": [], "meta": [], "links": {"self": "https://www.ftc.gov/v0/dnc-complaints/18bca496da38ca8c6e9d93d95c3ebf5c"}}, {"type": "dnc_complaint", "id": "18bca496da38ca8c6e9d93d95c3ebe3a", "attributes": {"company-phone-number": "", "created-date": "2021-02-22 23:53:39", "violation-date": "2021-02-22 11:52:00", "consumer-city": "San Francisco", "consumer-state": "California", "consumer-area-code": "415", "subject": "Calls pretending to be government, businesses, or family and friends", "recorded-message-or-robocall": "Y"}, "relationships": [], "meta": [], "links": {"self": "https://www.ftc.gov/v0/dnc-complaints/18bca496da38ca8c6e9d93d95c3ebe3a"}}, {"type": "dnc_complaint", "id": "18bca496da38ca8c6e9d93d95c3eb1ce", "attributes": {"company-phone-number": "5106022802", "created-date": "2021-02-22 23:53:00", "violation-date": "2021-01-08 12:37:00", "consumer-city": "", "consumer-state": "California", "consumer-area-code": "510", "subject": "Calls pretending to be government, businesses, or family and friends", "recorded-message-or-robocall": "N"}, "relationships": [], "meta": [], "links": {"self": "https://www.ftc.gov/v0/dnc-complaints/18bca496da38ca8c6e9d93d95c3eb1ce"}}, {"type": "dnc_complaint", "id": "18bca496da38ca8c6e9d93d95c3ea781", "attributes": {"company-phone-number": "7472273793", "created-date": "2021-02-22 23:52:54", "violation-date": "2021-02-22 07:10:00", "consumer-city": "Daly City", "consumer-state": "California", "consumer-area-code": "650", "subject": "Dropped call or no message", "recorded-message-or-robocall": "N"}, "relationships": [], "meta": [], "links": {"self": "https://www.ftc.gov/v0/dnc-complaints/18bca496da38ca8c6e9d93d95c3ea781"}}, {"type": "dnc_complaint", "id": "18bca496da38ca8c6e9d93d95c3e9a5a", "attributes": {"company-phone-number": "9128756125", "created-date": "2021-02-22 23:52:45", "violation-date": "2021-02-02 15:41:00", "consumer-city": "12004 W Carroll Rd Beloit", "consumer-state": "Wisconsin", "consumer-area-code": "608", "subject": "Other", "recorded-message-or-robocall": "N"}, "relationships": [], "meta": [], "links": {"self": "https://www.ftc.gov/v0/dnc-complaints/18bca496da38ca8c6e9d93d95c3e9a5a"}}, {"type": "dnc_complaint", "id": "18bca496da38ca8c6e9d93d95c3e9666", "attributes": {"company-phone-number": "9492848076", "created-date": "2021-02-22 23:52:29", "violation-date": "2021-02-22 14:34:00", "consumer-city": "Delray Beach", "consumer-state": "Florida", "consumer-area-code": "561", "subject": "Other", "recorded-message-or-robocall": "N"}, "relationships": [], "meta": [], "links": {"self": "https://www.ftc.gov/v0/dnc-complaints/18bca496da38ca8c6e9d93d95c3e9666"}}, {"type": "dnc_complaint", "id": "18bca496da38ca8c6e9d93d95c3e920a", "attributes": {"company-phone-number": "5594744105", "created-date": "2021-02-22 23:52:20", "violation-date": "2021-02-22 07:57:00", "consumer-city": "Daly City", "consumer-state": "California", "consumer-area-code": "650", "subject": "Dropped call or no message", "recorded-message-or-robocall": "N"}, "relationships": [], "meta": [], "links": {"self": "https://www.ftc.gov/v0/dnc-complaints/18bca496da38ca8c6e9d93d95c3e920a"}}, {"type": "dnc_complaint", "id": "18bca496da38ca8c6e9d93d95c3e84ec", "attributes": {"company-phone-number": "5106471263", "created-date": "2021-02-22 23:52:12", "violation-date": "2021-01-22 11:23:00", "consumer-city": "", "consumer-state": "California", "consumer-area-code": "510", "subject": "Calls pretending to be government, businesses, or family and friends", "recorded-message-or-robocall": "N"}, "relationships": [], "meta": [], "links": {"self": "https://www.ftc.gov/v0/dnc-complaints/18bca496da38ca8c6e9d93d95c3e84ec"}}, {"type": "dnc_complaint", "id": "18bca496da38ca8c6e9d93d95c3e7ab6", "attributes": {"company-phone-number": "4147103060", "created-date": "2021-02-22 23:51:47", "violation-date": "2021-02-02 11:05:00", "consumer-city": "12004 W Carroll Rd Beloit", "consumer-state": "Wisconsin", "consumer-area-code": "608", "subject": "Other", "recorded-message-or-robocall": "N"}, "relationships": [], "meta": [], "links": {"self": "https://www.ftc.gov/v0/dnc-complaints/18bca496da38ca8c6e9d93d95c3e7ab6"}}, {"type": "dnc_complaint", "id": "18bca496da38ca8c6e9d93d95c3e6f8b", "attributes": {"company-phone-number": "9165940489", "created-date": "2021-02-22 23:51:35", "violation-date": "2021-02-22 15:09:00", "consumer-city": "Daly City", "consumer-state": "California", "consumer-area-code": "650", "subject": "Dropped call or no message", "recorded-message-or-robocall": "N"}, "relationships": [], "meta": [], "links": {"self": "https://www.ftc.gov/v0/dnc-complaints/18bca496da38ca8c6e9d93d95c3e6f8b"}}, {"type": "dnc_complaint", "id": "18bca496da38ca8c6e9d93d95c3e658d", "attributes": {"company-phone-number": "5158843419", "created-date": "2021-02-22 23:51:19", "violation-date": "2021-01-26 11:52:00", "consumer-city": "", "consumer-state": "California", "consumer-area-code": "510", "subject": "Calls pretending to be government, businesses, or family and friends", "recorded-message-or-robocall": "N"}, "relationships": [], "meta": [], "links": {"self": "https://www.ftc.gov/v0/dnc-complaints/18bca496da38ca8c6e9d93d95c3e658d"}}, {"type": "dnc_complaint", "id": "18bca496da38ca8c6e9d93d95c3e5e59", "attributes": {"company-phone-number": "5739596903", "created-date": "2021-02-22 23:50:34", "violation-date": "2021-01-29 15:10:00", "consumer-city": "12004 W Carroll Rd Beloit", "consumer-state": "Wisconsin", "consumer-area-code": "608", "subject": "Other", "recorded-message-or-robocall": "N"}, "relationships": [], "meta": [], "links": {"self": "https://www.ftc.gov/v0/dnc-complaints/18bca496da38ca8c6e9d93d95c3e5e59"}}, {"type": "dnc_complaint", "id": "18bca496da38ca8c6e9d93d95c3e50a9", "attributes": {"company-phone-number": "9044135377", "created-date": "2021-02-22 23:50:29", "violation-date": "2021-02-22 15:01:00", "consumer-city": "Lady Lake", "consumer-state": "Florida", "consumer-area-code": "352", "subject": "Other", "recorded-message-or-robocall": "Y"}, "relationships": [], "meta": [], "links": {"self": "https://www.ftc.gov/v0/dnc-complaints/18bca496da38ca8c6e9d93d95c3e50a9"}}, {"type": "dnc_complaint", "id": "18bca496da38ca8c6e9d93d95c3e4beb", "attributes": {"company-phone-number": "5105642240", "created-date": "2021-02-22 23:49:57", "violation-date": "2021-01-26 17:37:00", "consumer-city": "", "consumer-state": "California", "consumer-area-code": "510", "subject": "Calls pretending to be government, businesses, or family and friends", "recorded-message-or-robocall": "N"}, "relationships": [], "meta": [], "links": {"self": "https://www.ftc.gov/v0/dnc-complaints/18bca496da38ca8c6e9d93d95c3e4beb"}}, {"type": "dnc_complaint", "id": "18bca496da38ca8c6e9d93d95c3e3ea7", "attributes": {"company-phone-number": "5106877753", "created-date": "2021-02-22 23:49:09", "violation-date": "2021-01-28 13:55:00", "consumer-city": "", "consumer-state": "California", "consumer-area-code": "510", "subject": "Calls pretending to be government, businesses, or family and friends", "recorded-message-or-robocall": "N"}, "relationships": [], "meta": [], "links": {"self": "https://www.ftc.gov/v0/dnc-complaints/18bca496da38ca8c6e9d93d95c3e3ea7"}}, {"type": "dnc_complaint", "id": "18bca496da38ca8c6e9d93d95c3e3e3f", "attributes": {"company-phone-number": "3525801622", "created-date": "2021-02-22 23:48:56", "violation-date": "2021-02-22 13:44:00", "consumer-city": "Lady Lake", "consumer-state": "Florida", "consumer-area-code": "352", "subject": "Other", "recorded-message-or-robocall": "Y"}, "relationships": [], "meta": [], "links": {"self": "https://www.ftc.gov/v0/dnc-complaints/18bca496da38ca8c6e9d93d95c3e3e3f"}}, {"type": "dnc_complaint", "id": "18bca496da38ca8c6e9d93d95c3e31df", "attributes": {"company-phone-number": "5730364375", "created-date": "2021-02-22 23:48:47", "violation-date": "2021-01-29 11:22:00", "consumer-city": "12004 W Carroll Rd Beloit", "consumer-state": "Wisconsin", "consumer-area-code": "608", "subject": "Other", "recorded-message-or-robocall": "N"}, "relationships": [], "meta": [], "links": {"self": "https://www.ftc.gov/v0/dnc-complaints/18bca496da38ca8c6e9d93d95c3e31df"}}, {"type": "dnc_complaint", "id": "18bca496da38ca8c6e9d93d95c3e2264", "attributes": {"company-phone-number": "6282095687", "created-date": "2021-02-22 23:48:43", "violation-date": "2021-02-21 14:05:00", "consumer-city": "", "consumer-state": "California", "consumer-area-code": "415", "subject": "No Subject Provided", "recorded-message-or-robocall": "N"}, "relationships": [], "meta": [], "links": {"self": "https://www.ftc.gov/v0/dnc-complaints/18bca496da38ca8c6e9d93d95c3e2264"}}, {"type": "dnc_complaint", "id": "18bca496da38ca8c6e9d93d95c3e1d86", "attributes": {"company-phone-number": "8030095684", "created-date": "2021-02-22 23:48:33", "violation-date": "2021-02-22 19:37:00", "consumer-city": "GALLOWAY", "consumer-state": "New Jersey", "consumer-area-code": "609", "subject": "Reducing your debt (credit cards, mortgage, student loans)", "recorded-message-or-robocall": "Y"}, "relationships": [], "meta": [], "links": {"self": "https://www.ftc.gov/v0/dnc-complaints/18bca496da38ca8c6e9d93d95c3e1d86"}}, {"type": "dnc_complaint", "id": "18bca496da38ca8c6e9d93d95c3e1a8c", "attributes": {"company-phone-number": "8558592056", "created-date": "2021-02-22 23:48:12", "violation-date": "2021-02-07 17:34:00", "consumer-city": "", "consumer-state": "California", "consumer-area-code": "510", "subject": "Calls pretending to be government, businesses, or family and friends", "recorded-message-or-robocall": "N"}, "relationships": [], "meta": [], "links": {"self": "https://www.ftc.gov/v0/dnc-complaints/18bca496da38ca8c6e9d93d95c3e1a8c"}}, {"type": "dnc_complaint", "id": "18bca496da38ca8c6e9d93d95c3e191f", "attributes": {"company-phone-number": "6363845364", "created-date": "2021-02-22 23:47:43", "violation-date": "2021-02-22 12:43:00", "consumer-city": "", "consumer-state": "California", "consumer-area-code": "925", "subject": "Calls pretending to be government, businesses, or family and friends", "recorded-message-or-robocall": "Y"}, "relationships": [], "meta": [], "links": {"self": "https://www.ftc.gov/v0/dnc-complaints/18bca496da38ca8c6e9d93d95c3e191f"}}, {"type": "dnc_complaint", "id": "18bca496da38ca8c6e9d93d95c3e12ad", "attributes": {"company-phone-number": "8106234222", "created-date": "2021-02-22 23:47:39", "violation-date": "2021-01-30 16:40:00", "consumer-city": "", "consumer-state": "Michigan", "consumer-area-code": "248", "subject": "No Subject Provided", "recorded-message-or-robocall": "Y"}, "relationships": [], "meta": [], "links": {"self": "https://www.ftc.gov/v0/dnc-complaints/18bca496da38ca8c6e9d93d95c3e12ad"}}, {"type": "dnc_complaint", "id": "18bca496da38ca8c6e9d93d95c3e0b58", "attributes": {"company-phone-number": "5104549077", "created-date": "2021-02-22 23:47:29", "violation-date": "2021-02-06 12:14:00", "consumer-city": "", "consumer-state": "California", "consumer-area-code": "510", "subject": "Calls pretending to be government, businesses, or family and friends", "recorded-message-or-robocall": "N"}, "relationships": [], "meta": [], "links": {"self": "https://www.ftc.gov/v0/dnc-complaints/18bca496da38ca8c6e9d93d95c3e0b58"}}, {"type": "dnc_complaint", "id": "18bca496da38ca8c6e9d93d95c3dff61", "attributes": {"company-phone-number": "8038272408", "created-date": "2021-02-22 23:47:25", "violation-date": "2021-02-22 19:10:00", "consumer-city": "GALLOWAY", "consumer-state": "New Jersey", "consumer-area-code": "609", "subject": "Computer  & technical support", "recorded-message-or-robocall": "Y"}, "relationships": [], "meta": [], "links": {"self": "https://www.ftc.gov/v0/dnc-complaints/18bca496da38ca8c6e9d93d95c3dff61"}}, {"type": "dnc_complaint", "id": "18bca496da38ca8c6e9d93d95c3dfa01", "attributes": {"company-phone-number": "6818230029", "created-date": "2021-02-22 23:47:17", "violation-date": "2021-01-29 10:33:00", "consumer-city": "12004 W Carroll Rd Beloit", "consumer-state": "Wisconsin", "consumer-area-code": "608", "subject": "Other", "recorded-message-or-robocall": "N"}, "relationships": [], "meta": [], "links": {"self": "https://www.ftc.gov/v0/dnc-complaints/18bca496da38ca8c6e9d93d95c3dfa01"}}, {"type": "dnc_complaint", "id": "18bca496da38ca8c6e9d93d95c3dea53", "attributes": {"company-phone-number": "5137252148", "created-date": "2021-02-22 23:47:08", "violation-date": "2021-02-22 16:23:00", "consumer-city": "Colerain Township", "consumer-state": "Ohio", "consumer-area-code": "513", "subject": "Dropped call or no message", "recorded-message-or-robocall": "N"}, "relationships": [], "meta": [], "links": {"self": "https://www.ftc.gov/v0/dnc-complaints/18bca496da38ca8c6e9d93d95c3dea53"}}, {"type": "dnc_complaint", "id": "18bca496da38ca8c6e9d93d95c3de2df", "attributes": {"company-phone-number": "6013261840", "created-date": "2021-02-22 23:46:54", "violation-date": "2021-02-22 03:57:00", "consumer-city": "", "consumer-state": "Mississippi", "consumer-area-code": "601", "subject": "Other", "recorded-message-or-robocall": "N"}, "relationships": [], "meta": [], "links": {"self": "https://www.ftc.gov/v0/dnc-complaints/18bca496da38ca8c6e9d93d95c3de2df"}}, {"type": "dnc_complaint", "id": "18bca496da38ca8c6e9d93d95c3de162", "attributes": {"company-phone-number": "9083435517", "created-date": "2021-02-22 23:46:50", "violation-date": "2021-02-08 09:44:00", "consumer-city": "", "consumer-state": "California", "consumer-area-code": "510", "subject": "Calls pretending to be government, businesses, or family and friends", "recorded-message-or-robocall": "N"}, "relationships": [], "meta": [], "links": {"self": "https://www.ftc.gov/v0/dnc-complaints/18bca496da38ca8c6e9d93d95c3de162"}}, {"type": "dnc_complaint", "id": "18bca496da38ca8c6e9d93d95c3dd677", "attributes": {"company-phone-number": "4164631442", "created-date": "2021-02-22 23:46:38", "violation-date": "2021-02-22 18:18:00", "consumer-city": "GALLOWAY", "consumer-state": "New Jersey", "consumer-area-code": "609", "subject": "Reducing your debt (credit cards, mortgage, student loans)", "recorded-message-or-robocall": "Y"}, "relationships": [], "meta": [], "links": {"self": "https://www.ftc.gov/v0/dnc-complaints/18bca496da38ca8c6e9d93d95c3dd677"}}, {"type": "dnc_complaint", "id": "18bca496da38ca8c6e9d93d95c3dd1d2", "attributes": {"company-phone-number": "2085076639", "created-date": "2021-02-22 23:46:16", "violation-date": "2021-02-22 17:43:00", "consumer-city": "White Bird", "consumer-state": "Idaho", "consumer-area-code": "208", "subject": "Other", "recorded-message-or-robocall": "Y"}, "relationships": [], "meta": [], "links": {"self": "https://www.ftc.gov/v0/dnc-complaints/18bca496da38ca8c6e9d93d95c3dd1d2"}}, {"type": "dnc_complaint", "id": "18bca496da38ca8c6e9d93d95c3dcd0e", "attributes": {"company-phone-number": "9705725069", "created-date": "2021-02-22 23:46:08", "violation-date": "2021-01-29 10:21:00", "consumer-city": "12004 W Carroll Rd Beloit", "consumer-state": "Wisconsin", "consumer-area-code": "608", "subject": "Other", "recorded-message-or-robocall": "N"}, "relationships": [], "meta": [], "links": {"self": "https://www.ftc.gov/v0/dnc-complaints/18bca496da38ca8c6e9d93d95c3dcd0e"}}, {"type": "dnc_complaint", "id": "18bca496da38ca8c6e9d93d95c3dc74a", "attributes": {"company-phone-number": "3215255079", "created-date": "2021-02-22 23:46:02", "violation-date": "2021-02-22 16:02:00", "consumer-city": "NIAGARA FALLS,", "consumer-state": "New York", "consumer-area-code": "716", "subject": "Other", "recorded-message-or-robocall": "N"}, "relationships": [], "meta": [], "links": {"self": "https://www.ftc.gov/v0/dnc-complaints/18bca496da38ca8c6e9d93d95c3dc74a"}}, {"type": "dnc_complaint", "id": "18bca496da38ca8c6e9d93d95c3dc310", "attributes": {"company-phone-number": "3018516358", "created-date": "2021-02-22 23:45:56", "violation-date": "2021-02-22 20:20:00", "consumer-city": "Sacramento", "consumer-state": "California", "consumer-area-code": "916", "subject": "Charities", "recorded-message-or-robocall": "N"}, "relationships": [], "meta": [], "links": {"self": "https://www.ftc.gov/v0/dnc-complaints/18bca496da38ca8c6e9d93d95c3dc310"}}, {"type": "dnc_complaint", "id": "18bca496da38ca8c6e9d93d95c3db8b1", "attributes": {"company-phone-number": "6013261840", "created-date": "2021-02-22 23:45:53", "violation-date": "2021-02-22 04:50:00", "consumer-city": "", "consumer-state": "Mississippi", "consumer-area-code": "601", "subject": "Other", "recorded-message-or-robocall": "N"}, "relationships": [], "meta": [], "links": {"self": "https://www.ftc.gov/v0/dnc-complaints/18bca496da38ca8c6e9d93d95c3db8b1"}}, {"type": "dnc_complaint", "id": "18bca496da38ca8c6e9d93d95c3db47f", "attributes": {"company-phone-number": "2486348325", "created-date": "2021-02-22 23:45:52", "violation-date": "2021-02-03 17:07:00", "consumer-city": "", "consumer-state": "Michigan", "consumer-area-code": "248", "subject": "No Subject Provided", "recorded-message-or-robocall": "Y"}, "relationships": [], "meta": [], "links": {"self": "https://www.ftc.gov/v0/dnc-complaints/18bca496da38ca8c6e9d93d95c3db47f"}}, {"type": "dnc_complaint", "id": "18bca496da38ca8c6e9d93d95c3da6bd", "attributes": {"company-phone-number": "8036491879", "created-date": "2021-02-22 23:45:45", "violation-date": "2021-02-22 17:50:00", "consumer-city": "GALLOWAY", "consumer-state": "New Jersey", "consumer-area-code": "609", "subject": "Computer  & technical support", "recorded-message-or-robocall": "Y"}, "relationships": [], "meta": [], "links": {"self": "https://www.ftc.gov/v0/dnc-complaints/18bca496da38ca8c6e9d93d95c3da6bd"}}], "meta": {"records-this-page": 50, "record-total": 15762}, "links": {"self": "https://www.ftc.gov/v0/dnc-complaints?created_date=%222021-02-22%22"}}