{"data": [{"type": "dnc_complaint", "id": "69c2dfa477ed51ad2137f2553d510ddc", "attributes": {"company-phone-number": "8139817745", "created-date": "2021-02-21 23:59:38", "violation-date": "2021-02-20 12:37:00", "consumer-city": "TAMPA", "consumer-state": "Florida", "consumer-area-code": "813", "subject": "Dropped call or no message", "recorded-message-or-robocall": ""}, "relationships": [], "meta": [], "links": {"self": "https://www.ftc.gov/v0/dnc-complaints/69c2dfa477ed51ad2137f2553d510ddc"}}, {"type": "dnc_complaint", "id": "69c2dfa477ed51ad2137f2553d51085e", "attributes": {"company-phone-number": "8134446880", "created-date": "2021-02-21 23:58:06", "violation-date": "2021-02-20 14:10:00", "consumer-city": "TAMPA", "consumer-state": "Florida", "consumer-area-code": "813", "subject": "Warranties  & protection plans", "recorded-message-or-robocall": "Y"}, "relationships": [], "meta": [], "links": {"self": "https://www.ftc.gov/v0/dnc-complaints/69c2dfa477ed51ad2137f2553d51085e"}}, {"type": "dnc_complaint", "id": "69c2dfa477ed51ad2137f2553d510725", "attributes": {"company-phone-number": "4077598921", "created-date": "2021-02-21 23:57:00", "violation-date": "2021-01-02 06:36:00", "consumer-city": "Calverton", "consumer-state": "Maryland", "consumer-area-code": "301", "subject": "Other", "recorded-message-or-robocall": "N"}, "relationships": [], "meta": [], "links": {"self": "https://www.ftc.gov/v0/dnc-complaints/69c2dfa477ed51ad2137f2553d510725"}}, {"type": "dnc_complaint", "id": "69c2dfa477ed51ad2137f2553d50fd9d", "attributes": {"company-phone-number": "", "created-date": "2021-02-21 23:56:05", "violation-date": "2021-02-20 17:33:00", "consumer-city": "TAMPA", "consumer-state": "Florida", "consumer-area-code": "813", "subject": "Energy, solar,  & utilities", "recorded-message-or-robocall": "Y"}, "relationships": [], "meta": [], "links": {"self": "https://www.ftc.gov/v0/dnc-complaints/69c2dfa477ed51ad2137f2553d50fd9d"}}, {"type": "dnc_complaint", "id": "69c2dfa477ed51ad2137f2553d50ee10", "attributes": {"company-phone-number": "", "created-date": "2021-02-21 23:56:01", "violation-date": "2021-02-03 09:27:00", "consumer-city": "OLD HICKORY", "consumer-state": "Tennessee", "consumer-area-code": "615", "subject": "No Subject Provided", "recorded-message-or-robocall": "Y"}, "relationships": [], "meta": [], "links": {"self": "https://www.ftc.gov/v0/dnc-complaints/69c2dfa477ed51ad2137f2553d50ee10"}}, {"type": "dnc_complaint", "id": "69c2dfa477ed51ad2137f2553d50ea59", "attributes": {"company-phone-number": "", "created-date": "2021-02-21 23:54:55", "violation-date": "2021-02-12 00:00:00", "consumer-city": "OLD HICKORY", "consumer-state": "Tennessee", "consumer-area-code": "615", "subject": "No Subject Provided", "recorded-message-or-robocall": "Y"}, "relationships": [], "meta": [], "links": {"self": "https://www.ftc.gov/v0/dnc-complaints/69c2dfa477ed51ad2137f2553d50ea59"}}, {"type": "dnc_complaint", "id": "69c2dfa477ed51ad2137f2553d50debd", "attributes": {"company-phone-number": "5618555515", "created-date": "2021-02-21 23:54:19", "violation-date": "2021-02-19 18:17:00", "consumer-city": "", "consumer-state": "Wisconsin", "consumer-area-code": "920", "subject": "Other", "recorded-message-or-robocall": "Y"}, "relationships": [], "meta": [], "links": {"self": "https://www.ftc.gov/v0/dnc-complaints/69c2dfa477ed51ad2137f2553d50debd"}}, {"type": "dnc_complaint", "id": "69c2dfa477ed51ad2137f2553d50d2c5", "attributes": {"company-phone-number": "3145747947", "created-date": "2021-02-21 23:53:38", "violation-date": "2021-02-20 00:00:00", "consumer-city": "Wright City", "consumer-state": "Missouri", "consumer-area-code": "314", "subject": "Other", "recorded-message-or-robocall": "Y"}, "relationships": [], "meta": [], "links": {"self": "https://www.ftc.gov/v0/dnc-complaints/69c2dfa477ed51ad2137f2553d50d2c5"}}, {"type": "dnc_complaint", "id": "69c2dfa477ed51ad2137f2553d50cfca", "attributes": {"company-phone-number": "8138225510", "created-date": "2021-02-21 23:53:35", "violation-date": "2021-02-20 17:20:00", "consumer-city": "TAMPA", "consumer-state": "Florida", "consumer-area-code": "813", "subject": "Energy, solar,  & utilities", "recorded-message-or-robocall": "Y"}, "relationships": [], "meta": [], "links": {"self": "https://www.ftc.gov/v0/dnc-complaints/69c2dfa477ed51ad2137f2553d50cfca"}}, {"type": "dnc_complaint", "id": "69c2dfa477ed51ad2137f2553d50c869", "attributes": {"company-phone-number": "", "created-date": "2021-02-21 23:53:33", "violation-date": "2021-02-11 12:20:00", "consumer-city": "OLD HICKORY", "consumer-state": "Tennessee", "consumer-area-code": "615", "subject": "No Subject Provided", "recorded-message-or-robocall": "Y"}, "relationships": [], "meta": [], "links": {"self": "https://www.ftc.gov/v0/dnc-complaints/69c2dfa477ed51ad2137f2553d50c869"}}, {"type": "dnc_complaint", "id": "69c2dfa477ed51ad2137f2553d50c246", "attributes": {"company-phone-number": "3142520421", "created-date": "2021-02-21 23:52:56", "violation-date": "2021-02-21 14:40:00", "consumer-city": "Wright City", "consumer-state": "Missouri", "consumer-area-code": "314", "subject": "Other", "recorded-message-or-robocall": "N"}, "relationships": [], "meta": [], "links": {"self": "https://www.ftc.gov/v0/dnc-complaints/69c2dfa477ed51ad2137f2553d50c246"}}, {"type": "dnc_complaint", "id": "69c2dfa477ed51ad2137f2553d50c193", "attributes": {"company-phone-number": "8555935290", "created-date": "2021-02-21 23:51:55", "violation-date": "2021-02-10 23:33:00", "consumer-city": "OLD HICKORY", "consumer-state": "Tennessee", "consumer-area-code": "615", "subject": "No Subject Provided", "recorded-message-or-robocall": "Y"}, "relationships": [], "meta": [], "links": {"self": "https://www.ftc.gov/v0/dnc-complaints/69c2dfa477ed51ad2137f2553d50c193"}}, {"type": "dnc_complaint", "id": "69c2dfa477ed51ad2137f2553d50beb2", "attributes": {"company-phone-number": "9206508913", "created-date": "2021-02-21 23:51:52", "violation-date": "2021-02-19 16:09:00", "consumer-city": "", "consumer-state": "Wisconsin", "consumer-area-code": "920", "subject": "Other", "recorded-message-or-robocall": "Y"}, "relationships": [], "meta": [], "links": {"self": "https://www.ftc.gov/v0/dnc-complaints/69c2dfa477ed51ad2137f2553d50beb2"}}, {"type": "dnc_complaint", "id": "69c2dfa477ed51ad2137f2553d50b489", "attributes": {"company-phone-number": "", "created-date": "2021-02-21 23:51:25", "violation-date": "2021-02-19 00:00:00", "consumer-city": "", "consumer-state": "North Carolina", "consumer-area-code": "910", "subject": "Other", "recorded-message-or-robocall": "Y"}, "relationships": [], "meta": [], "links": {"self": "https://www.ftc.gov/v0/dnc-complaints/69c2dfa477ed51ad2137f2553d50b489"}}, {"type": "dnc_complaint", "id": "69c2dfa477ed51ad2137f2553d50b2bb", "attributes": {"company-phone-number": "6193962783", "created-date": "2021-02-21 23:50:50", "violation-date": "2021-02-21 17:27:00", "consumer-city": "", "consumer-state": "California", "consumer-area-code": "818", "subject": "Other", "recorded-message-or-robocall": "Y"}, "relationships": [], "meta": [], "links": {"self": "https://www.ftc.gov/v0/dnc-complaints/69c2dfa477ed51ad2137f2553d50b2bb"}}, {"type": "dnc_complaint", "id": "69c2dfa477ed51ad2137f2553d50a5dc", "attributes": {"company-phone-number": "3854191825", "created-date": "2021-02-21 23:50:21", "violation-date": "2021-02-19 15:25:00", "consumer-city": "", "consumer-state": "Wisconsin", "consumer-area-code": "920", "subject": "Other", "recorded-message-or-robocall": "Y"}, "relationships": [], "meta": [], "links": {"self": "https://www.ftc.gov/v0/dnc-complaints/69c2dfa477ed51ad2137f2553d50a5dc"}}, {"type": "dnc_complaint", "id": "69c2dfa477ed51ad2137f2553d509ad4", "attributes": {"company-phone-number": "7073553159", "created-date": "2021-02-21 23:49:50", "violation-date": "2021-02-21 20:01:00", "consumer-city": "Napa", "consumer-state": "California", "consumer-area-code": "707", "subject": "Other", "recorded-message-or-robocall": "Y"}, "relationships": [], "meta": [], "links": {"self": "https://www.ftc.gov/v0/dnc-complaints/69c2dfa477ed51ad2137f2553d509ad4"}}, {"type": "dnc_complaint", "id": "69c2dfa477ed51ad2137f2553d508cff", "attributes": {"company-phone-number": "8108812382", "created-date": "2021-02-21 23:49:39", "violation-date": "2021-02-21 12:00:00", "consumer-city": "Turlock", "consumer-state": "California", "consumer-area-code": "209", "subject": "Other", "recorded-message-or-robocall": "N"}, "relationships": [], "meta": [], "links": {"self": "https://www.ftc.gov/v0/dnc-complaints/69c2dfa477ed51ad2137f2553d508cff"}}, {"type": "dnc_complaint", "id": "69c2dfa477ed51ad2137f2553d507e73", "attributes": {"company-phone-number": "", "created-date": "2021-02-21 23:49:24", "violation-date": "2021-02-20 11:53:00", "consumer-city": "Kearney", "consumer-state": "Missouri", "consumer-area-code": "816", "subject": "Calls pretending to be government, businesses, or family and friends", "recorded-message-or-robocall": "Y"}, "relationships": [], "meta": [], "links": {"self": "https://www.ftc.gov/v0/dnc-complaints/69c2dfa477ed51ad2137f2553d507e73"}}, {"type": "dnc_complaint", "id": "69c2dfa477ed51ad2137f2553d50726f", "attributes": {"company-phone-number": "9205423354", "created-date": "2021-02-21 23:48:49", "violation-date": "2021-02-19 14:52:00", "consumer-city": "", "consumer-state": "Wisconsin", "consumer-area-code": "920", "subject": "Other", "recorded-message-or-robocall": "Y"}, "relationships": [], "meta": [], "links": {"self": "https://www.ftc.gov/v0/dnc-complaints/69c2dfa477ed51ad2137f2553d50726f"}}, {"type": "dnc_complaint", "id": "69c2dfa477ed51ad2137f2553d506e73", "attributes": {"company-phone-number": "", "created-date": "2021-02-21 23:48:42", "violation-date": "2021-02-15 13:15:00", "consumer-city": "OLD HICKORY", "consumer-state": "Tennessee", "consumer-area-code": "615", "subject": "No Subject Provided", "recorded-message-or-robocall": "Y"}, "relationships": [], "meta": [], "links": {"self": "https://www.ftc.gov/v0/dnc-complaints/69c2dfa477ed51ad2137f2553d506e73"}}, {"type": "dnc_complaint", "id": "69c2dfa477ed51ad2137f2553d50654c", "attributes": {"company-phone-number": "7073087378", "created-date": "2021-02-21 23:48:02", "violation-date": "2021-02-21 16:00:00", "consumer-city": "Napa", "consumer-state": "California", "consumer-area-code": "707", "subject": "Other", "recorded-message-or-robocall": "Y"}, "relationships": [], "meta": [], "links": {"self": "https://www.ftc.gov/v0/dnc-complaints/69c2dfa477ed51ad2137f2553d50654c"}}, {"type": "dnc_complaint", "id": "69c2dfa477ed51ad2137f2553d505c60", "attributes": {"company-phone-number": "410100003", "created-date": "2021-02-21 23:47:44", "violation-date": "2020-12-28 00:00:00", "consumer-city": "Calverton", "consumer-state": "Maryland", "consumer-area-code": "301", "subject": "Other", "recorded-message-or-robocall": "N"}, "relationships": [], "meta": [], "links": {"self": "https://www.ftc.gov/v0/dnc-complaints/69c2dfa477ed51ad2137f2553d505c60"}}, {"type": "dnc_complaint", "id": "69c2dfa477ed51ad2137f2553d504ead", "attributes": {"company-phone-number": "7158470774", "created-date": "2021-02-21 23:47:25", "violation-date": "2021-02-19 14:32:00", "consumer-city": "", "consumer-state": "Wisconsin", "consumer-area-code": "920", "subject": "Other", "recorded-message-or-robocall": "Y"}, "relationships": [], "meta": [], "links": {"self": "https://www.ftc.gov/v0/dnc-complaints/69c2dfa477ed51ad2137f2553d504ead"}}, {"type": "dnc_complaint", "id": "69c2dfa477ed51ad2137f2553d504c18", "attributes": {"company-phone-number": "", "created-date": "2021-02-21 23:46:43", "violation-date": "2021-02-09 09:20:00", "consumer-city": "OLD HICKORY", "consumer-state": "Tennessee", "consumer-area-code": "615", "subject": "No Subject Provided", "recorded-message-or-robocall": "Y"}, "relationships": [], "meta": [], "links": {"self": "https://www.ftc.gov/v0/dnc-complaints/69c2dfa477ed51ad2137f2553d504c18"}}, {"type": "dnc_complaint", "id": "69c2dfa477ed51ad2137f2553d503cd9", "attributes": {"company-phone-number": "7073087378", "created-date": "2021-02-21 23:46:18", "violation-date": "2021-02-21 11:00:00", "consumer-city": "Napa", "consumer-state": "California", "consumer-area-code": "707", "subject": "Other", "recorded-message-or-robocall": "Y"}, "relationships": [], "meta": [], "links": {"self": "https://www.ftc.gov/v0/dnc-complaints/69c2dfa477ed51ad2137f2553d503cd9"}}, {"type": "dnc_complaint", "id": "69c2dfa477ed51ad2137f2553d503c5c", "attributes": {"company-phone-number": "3238659857", "created-date": "2021-02-21 23:45:31", "violation-date": "2021-02-21 08:57:00", "consumer-city": "", "consumer-state": "California", "consumer-area-code": "818", "subject": "Other", "recorded-message-or-robocall": "Y"}, "relationships": [], "meta": [], "links": {"self": "https://www.ftc.gov/v0/dnc-complaints/69c2dfa477ed51ad2137f2553d503c5c"}}, {"type": "dnc_complaint", "id": "69c2dfa477ed51ad2137f2553d502f5d", "attributes": {"company-phone-number": "9206167225", "created-date": "2021-02-21 23:45:27", "violation-date": "2021-02-18 17:46:00", "consumer-city": "", "consumer-state": "Wisconsin", "consumer-area-code": "920", "subject": "Other", "recorded-message-or-robocall": "Y"}, "relationships": [], "meta": [], "links": {"self": "https://www.ftc.gov/v0/dnc-complaints/69c2dfa477ed51ad2137f2553d502f5d"}}, {"type": "dnc_complaint", "id": "69c2dfa477ed51ad2137f2553d502eb0", "attributes": {"company-phone-number": "2026588858", "created-date": "2021-02-21 23:45:13", "violation-date": "2021-02-21 12:00:00", "consumer-city": "College Park", "consumer-state": "Maryland", "consumer-area-code": "562", "subject": "Calls pretending to be government, businesses, or family and friends", "recorded-message-or-robocall": "N"}, "relationships": [], "meta": [], "links": {"self": "https://www.ftc.gov/v0/dnc-complaints/69c2dfa477ed51ad2137f2553d502eb0"}}, {"type": "dnc_complaint", "id": "69c2dfa477ed51ad2137f2553d502c17", "attributes": {"company-phone-number": "9202280810", "created-date": "2021-02-21 23:43:57", "violation-date": "2021-02-18 14:47:00", "consumer-city": "", "consumer-state": "Wisconsin", "consumer-area-code": "920", "subject": "Other", "recorded-message-or-robocall": "Y"}, "relationships": [], "meta": [], "links": {"self": "https://www.ftc.gov/v0/dnc-complaints/69c2dfa477ed51ad2137f2553d502c17"}}, {"type": "dnc_complaint", "id": "69c2dfa477ed51ad2137f2553d5023b8", "attributes": {"company-phone-number": "9099363218", "created-date": "2021-02-21 23:43:57", "violation-date": "2021-02-19 10:20:00", "consumer-city": "", "consumer-state": "California", "consumer-area-code": "909", "subject": "Warranties  & protection plans", "recorded-message-or-robocall": "Y"}, "relationships": [], "meta": [], "links": {"self": "https://www.ftc.gov/v0/dnc-complaints/69c2dfa477ed51ad2137f2553d5023b8"}}, {"type": "dnc_complaint", "id": "69c2dfa477ed51ad2137f2553d50186b", "attributes": {"company-phone-number": "", "created-date": "2021-02-21 23:43:52", "violation-date": "2021-02-05 10:05:00", "consumer-city": "Old Hickory", "consumer-state": "Tennessee", "consumer-area-code": "615", "subject": "Dropped call or no message", "recorded-message-or-robocall": "Y"}, "relationships": [], "meta": [], "links": {"self": "https://www.ftc.gov/v0/dnc-complaints/69c2dfa477ed51ad2137f2553d50186b"}}, {"type": "dnc_complaint", "id": "69c2dfa477ed51ad2137f2553d501244", "attributes": {"company-phone-number": "2124011401", "created-date": "2021-02-21 23:43:05", "violation-date": "2021-02-21 14:47:00", "consumer-city": "Covina", "consumer-state": "California", "consumer-area-code": "626", "subject": "Other", "recorded-message-or-robocall": "N"}, "relationships": [], "meta": [], "links": {"self": "https://www.ftc.gov/v0/dnc-complaints/69c2dfa477ed51ad2137f2553d501244"}}, {"type": "dnc_complaint", "id": "69c2dfa477ed51ad2137f2553d5009b9", "attributes": {"company-phone-number": "5806708023", "created-date": "2021-02-21 23:42:11", "violation-date": "2021-02-18 09:43:00", "consumer-city": "", "consumer-state": "Wisconsin", "consumer-area-code": "920", "subject": "Other", "recorded-message-or-robocall": "Y"}, "relationships": [], "meta": [], "links": {"self": "https://www.ftc.gov/v0/dnc-complaints/69c2dfa477ed51ad2137f2553d5009b9"}}, {"type": "dnc_complaint", "id": "69c2dfa477ed51ad2137f2553d5004f6", "attributes": {"company-phone-number": "3102021712", "created-date": "2021-02-21 23:41:18", "violation-date": "2021-02-21 10:26:00", "consumer-city": "", "consumer-state": "California", "consumer-area-code": "818", "subject": "Other", "recorded-message-or-robocall": "Y"}, "relationships": [], "meta": [], "links": {"self": "https://www.ftc.gov/v0/dnc-complaints/69c2dfa477ed51ad2137f2553d5004f6"}}, {"type": "dnc_complaint", "id": "69c2dfa477ed51ad2137f2553d4ff64b", "attributes": {"company-phone-number": "4697975287", "created-date": "2021-02-21 23:41:09", "violation-date": "2020-12-28 11:44:00", "consumer-city": "Calverton", "consumer-state": "Maryland", "consumer-area-code": "301", "subject": "Other", "recorded-message-or-robocall": "N"}, "relationships": [], "meta": [], "links": {"self": "https://www.ftc.gov/v0/dnc-complaints/69c2dfa477ed51ad2137f2553d4ff64b"}}, {"type": "dnc_complaint", "id": "69c2dfa477ed51ad2137f2553d4fea3d", "attributes": {"company-phone-number": "7572885107", "created-date": "2021-02-21 23:40:56", "violation-date": "2021-02-17 14:33:00", "consumer-city": "Helena", "consumer-state": "Montana", "consumer-area-code": "406", "subject": "Calls pretending to be government, businesses, or family and friends", "recorded-message-or-robocall": "N"}, "relationships": [], "meta": [], "links": {"self": "https://www.ftc.gov/v0/dnc-complaints/69c2dfa477ed51ad2137f2553d4fea3d"}}, {"type": "dnc_complaint", "id": "69c2dfa477ed51ad2137f2553d4fe78a", "attributes": {"company-phone-number": "3102021712", "created-date": "2021-02-21 23:39:37", "violation-date": "2021-02-21 12:50:00", "consumer-city": "", "consumer-state": "California", "consumer-area-code": "818", "subject": "Other", "recorded-message-or-robocall": "Y"}, "relationships": [], "meta": [], "links": {"self": "https://www.ftc.gov/v0/dnc-complaints/69c2dfa477ed51ad2137f2553d4fe78a"}}, {"type": "dnc_complaint", "id": "69c2dfa477ed51ad2137f2553d4fe230", "attributes": {"company-phone-number": "8188651322", "created-date": "2021-02-21 23:37:39", "violation-date": "2021-02-21 11:21:00", "consumer-city": "", "consumer-state": "California", "consumer-area-code": "818", "subject": "Other", "recorded-message-or-robocall": "Y"}, "relationships": [], "meta": [], "links": {"self": "https://www.ftc.gov/v0/dnc-complaints/69c2dfa477ed51ad2137f2553d4fe230"}}, {"type": "dnc_complaint", "id": "69c2dfa477ed51ad2137f2553d4fdf2b", "attributes": {"company-phone-number": "3102021712", "created-date": "2021-02-21 23:35:50", "violation-date": "2021-02-21 13:22:00", "consumer-city": "", "consumer-state": "California", "consumer-area-code": "818", "subject": "Other", "recorded-message-or-robocall": "Y"}, "relationships": [], "meta": [], "links": {"self": "https://www.ftc.gov/v0/dnc-complaints/69c2dfa477ed51ad2137f2553d4fdf2b"}}, {"type": "dnc_complaint", "id": "69c2dfa477ed51ad2137f2553d4fdf1e", "attributes": {"company-phone-number": "5137145846", "created-date": "2021-02-21 23:35:49", "violation-date": "2021-02-21 16:05:00", "consumer-city": "Marengo", "consumer-state": "Iowa", "consumer-area-code": "319", "subject": "Calls pretending to be government, businesses, or family and friends", "recorded-message-or-robocall": "Y"}, "relationships": [], "meta": [], "links": {"self": "https://www.ftc.gov/v0/dnc-complaints/69c2dfa477ed51ad2137f2553d4fdf1e"}}, {"type": "dnc_complaint", "id": "69c2dfa477ed51ad2137f2553d4fd071", "attributes": {"company-phone-number": "8449254480", "created-date": "2021-02-21 23:34:05", "violation-date": "2020-12-28 09:40:00", "consumer-city": "Calverton", "consumer-state": "Maryland", "consumer-area-code": "301", "subject": "Reducing your debt (credit cards, mortgage, student loans)", "recorded-message-or-robocall": "N"}, "relationships": [], "meta": [], "links": {"self": "https://www.ftc.gov/v0/dnc-complaints/69c2dfa477ed51ad2137f2553d4fd071"}}, {"type": "dnc_complaint", "id": "69c2dfa477ed51ad2137f2553d4fc583", "attributes": {"company-phone-number": "8778180060", "created-date": "2021-02-21 23:33:54", "violation-date": "2021-02-21 14:28:00", "consumer-city": "", "consumer-state": "California", "consumer-area-code": "818", "subject": "Other", "recorded-message-or-robocall": "Y"}, "relationships": [], "meta": [], "links": {"self": "https://www.ftc.gov/v0/dnc-complaints/69c2dfa477ed51ad2137f2553d4fc583"}}, {"type": "dnc_complaint", "id": "69c2dfa477ed51ad2137f2553d4fc540", "attributes": {"company-phone-number": "3195698117", "created-date": "2021-02-21 23:33:34", "violation-date": "2021-02-20 12:10:00", "consumer-city": "Marengo", "consumer-state": "Iowa", "consumer-area-code": "319", "subject": "Calls pretending to be government, businesses, or family and friends", "recorded-message-or-robocall": "Y"}, "relationships": [], "meta": [], "links": {"self": "https://www.ftc.gov/v0/dnc-complaints/69c2dfa477ed51ad2137f2553d4fc540"}}, {"type": "dnc_complaint", "id": "69c2dfa477ed51ad2137f2553d4fc092", "attributes": {"company-phone-number": "2029671628", "created-date": "2021-02-21 23:33:08", "violation-date": "2021-02-20 15:40:00", "consumer-city": "Muncie", "consumer-state": "Indiana", "consumer-area-code": "765", "subject": "Dropped call or no message", "recorded-message-or-robocall": "Y"}, "relationships": [], "meta": [], "links": {"self": "https://www.ftc.gov/v0/dnc-complaints/69c2dfa477ed51ad2137f2553d4fc092"}}, {"type": "dnc_complaint", "id": "69c2dfa477ed51ad2137f2553d4fba13", "attributes": {"company-phone-number": "2566761821", "created-date": "2021-02-21 23:32:54", "violation-date": "2021-01-15 00:00:00", "consumer-city": "Chickasaw", "consumer-state": "Alabama", "consumer-area-code": "251", "subject": "Warranties  & protection plans", "recorded-message-or-robocall": "Y"}, "relationships": [], "meta": [], "links": {"self": "https://www.ftc.gov/v0/dnc-complaints/69c2dfa477ed51ad2137f2553d4fba13"}}, {"type": "dnc_complaint", "id": "69c2dfa477ed51ad2137f2553d4fac30", "attributes": {"company-phone-number": "37360985417", "created-date": "2021-02-21 23:32:48", "violation-date": "2021-02-20 15:17:00", "consumer-city": "Marengo", "consumer-state": "Iowa", "consumer-area-code": "319", "subject": "Calls pretending to be government, businesses, or family and friends", "recorded-message-or-robocall": "Y"}, "relationships": [], "meta": [], "links": {"self": "https://www.ftc.gov/v0/dnc-complaints/69c2dfa477ed51ad2137f2553d4fac30"}}, {"type": "dnc_complaint", "id": "69c2dfa477ed51ad2137f2553d4fa255", "attributes": {"company-phone-number": "7656181080", "created-date": "2021-02-21 23:32:17", "violation-date": "2021-02-19 16:28:00", "consumer-city": "Muncie", "consumer-state": "Indiana", "consumer-area-code": "765", "subject": "Dropped call or no message", "recorded-message-or-robocall": "Y"}, "relationships": [], "meta": [], "links": {"self": "https://www.ftc.gov/v0/dnc-complaints/69c2dfa477ed51ad2137f2553d4fa255"}}, {"type": "dnc_complaint", "id": "69c2dfa477ed51ad2137f2553d4f97c2", "attributes": {"company-phone-number": "7656715749", "created-date": "2021-02-21 23:31:23", "violation-date": "2021-02-19 15:21:00", "consumer-city": "Muncie", "consumer-state": "Indiana", "consumer-area-code": "765", "subject": "Dropped call or no message", "recorded-message-or-robocall": "Y"}, "relationships": [], "meta": [], "links": {"self": "https://www.ftc.gov/v0/dnc-complaints/69c2dfa477ed51ad2137f2553d4f97c2"}}, {"type": "dnc_complaint", "id": "69c2dfa477ed51ad2137f2553d4f8955", "attributes": {"company-phone-number": "3102021712", "created-date": "2021-02-21 23:31:13", "violation-date": "2021-02-21 15:38:00", "consumer-city": "", "consumer-state": "California", "consumer-area-code": "818", "subject": "Other", "recorded-message-or-robocall": "Y"}, "relationships": [], "meta": [], "links": {"self": "https://www.ftc.gov/v0/dnc-complaints/69c2dfa477ed51ad2137f2553d4f8955"}}], "meta": {"records-this-page": 50, "record-total": 2731}, "links": {"self": "https://www.ftc.gov/v0/dnc-complaints?created_date=%222021-02-21%22"}}