{"data": [{"type": "dnc_complaint", "id": "a5dc668822f0277cc30b386ef671f880", "attributes": {"company-phone-number": "8164304124", "created-date": "2021-02-17 23:58:52", "violation-date": "2021-02-16 17:07:00", "consumer-city": "Kansas City", "consumer-state": "Missouri", "consumer-area-code": "816", "subject": "Other", "recorded-message-or-robocall": "Y"}, "relationships": [], "meta": [], "links": {"self": "https://www.ftc.gov/v0/dnc-complaints/a5dc668822f0277cc30b386ef671f880"}}, {"type": "dnc_complaint", "id": "a5dc668822f0277cc30b386ef671e9fa", "attributes": {"company-phone-number": "3092641156", "created-date": "2021-02-17 23:58:34", "violation-date": "2021-02-17 10:12:00", "consumer-city": "Moses Lake", "consumer-state": "Washington", "consumer-area-code": "509", "subject": "Other", "recorded-message-or-robocall": ""}, "relationships": [], "meta": [], "links": {"self": "https://www.ftc.gov/v0/dnc-complaints/a5dc668822f0277cc30b386ef671e9fa"}}, {"type": "dnc_complaint", "id": "a5dc668822f0277cc30b386ef671daf1", "attributes": {"company-phone-number": "7206873447", "created-date": "2021-02-17 23:58:10", "violation-date": "2021-02-17 11:27:00", "consumer-city": "Longmont", "consumer-state": "Colorado", "consumer-area-code": "303", "subject": "Calls pretending to be government, businesses, or family and friends", "recorded-message-or-robocall": "N"}, "relationships": [], "meta": [], "links": {"self": "https://www.ftc.gov/v0/dnc-complaints/a5dc668822f0277cc30b386ef671daf1"}}, {"type": "dnc_complaint", "id": "a5dc668822f0277cc30b386ef671ce5f", "attributes": {"company-phone-number": "2088206177", "created-date": "2021-02-17 23:58:05", "violation-date": "2021-02-17 09:41:00", "consumer-city": "", "consumer-state": "Idaho", "consumer-area-code": "208", "subject": "Other", "recorded-message-or-robocall": "Y"}, "relationships": [], "meta": [], "links": {"self": "https://www.ftc.gov/v0/dnc-complaints/a5dc668822f0277cc30b386ef671ce5f"}}, {"type": "dnc_complaint", "id": "a5dc668822f0277cc30b386ef671c1d1", "attributes": {"company-phone-number": "4808416510", "created-date": "2021-02-17 23:57:02", "violation-date": "2021-02-17 00:00:00", "consumer-city": "", "consumer-state": "Minnesota", "consumer-area-code": "651", "subject": "No Subject Provided", "recorded-message-or-robocall": "Y"}, "relationships": [], "meta": [], "links": {"self": "https://www.ftc.gov/v0/dnc-complaints/a5dc668822f0277cc30b386ef671c1d1"}}, {"type": "dnc_complaint", "id": "a5dc668822f0277cc30b386ef671b2a0", "attributes": {"company-phone-number": "8164304124", "created-date": "2021-02-17 23:56:56", "violation-date": "2021-02-16 10:19:00", "consumer-city": "Kansas City", "consumer-state": "Missouri", "consumer-area-code": "816", "subject": "Other", "recorded-message-or-robocall": "Y"}, "relationships": [], "meta": [], "links": {"self": "https://www.ftc.gov/v0/dnc-complaints/a5dc668822f0277cc30b386ef671b2a0"}}, {"type": "dnc_complaint", "id": "a5dc668822f0277cc30b386ef671aa6d", "attributes": {"company-phone-number": "381308116682", "created-date": "2021-02-17 23:56:18", "violation-date": "2021-02-17 12:00:00", "consumer-city": "", "consumer-state": "Iowa", "consumer-area-code": "712", "subject": "No Subject Provided", "recorded-message-or-robocall": "N"}, "relationships": [], "meta": [], "links": {"self": "https://www.ftc.gov/v0/dnc-complaints/a5dc668822f0277cc30b386ef671aa6d"}}, {"type": "dnc_complaint", "id": "a5dc668822f0277cc30b386ef6719beb", "attributes": {"company-phone-number": "7274572585", "created-date": "2021-02-17 23:54:35", "violation-date": "2021-02-17 18:30:00", "consumer-city": "", "consumer-state": "Florida", "consumer-area-code": "727", "subject": "No Subject Provided", "recorded-message-or-robocall": "Y"}, "relationships": [], "meta": [], "links": {"self": "https://www.ftc.gov/v0/dnc-complaints/a5dc668822f0277cc30b386ef6719beb"}}, {"type": "dnc_complaint", "id": "a5dc668822f0277cc30b386ef67191df", "attributes": {"company-phone-number": "7073532194", "created-date": "2021-02-17 23:53:30", "violation-date": "2021-02-17 20:00:00", "consumer-city": "Napa", "consumer-state": "California", "consumer-area-code": "707", "subject": "Other", "recorded-message-or-robocall": "Y"}, "relationships": [], "meta": [], "links": {"self": "https://www.ftc.gov/v0/dnc-complaints/a5dc668822f0277cc30b386ef67191df"}}, {"type": "dnc_complaint", "id": "a5dc668822f0277cc30b386ef6718d75", "attributes": {"company-phone-number": "381308116683", "created-date": "2021-02-17 23:53:00", "violation-date": "2021-02-17 12:00:00", "consumer-city": "", "consumer-state": "Iowa", "consumer-area-code": "712", "subject": "No Subject Provided", "recorded-message-or-robocall": "N"}, "relationships": [], "meta": [], "links": {"self": "https://www.ftc.gov/v0/dnc-complaints/a5dc668822f0277cc30b386ef6718d75"}}, {"type": "dnc_complaint", "id": "a5dc668822f0277cc30b386ef6718ae4", "attributes": {"company-phone-number": "8009918708", "created-date": "2021-02-17 23:52:41", "violation-date": "2021-02-17 00:00:00", "consumer-city": "Longmont", "consumer-state": "Colorado", "consumer-area-code": "303", "subject": "Other", "recorded-message-or-robocall": "Y"}, "relationships": [], "meta": [], "links": {"self": "https://www.ftc.gov/v0/dnc-complaints/a5dc668822f0277cc30b386ef6718ae4"}}, {"type": "dnc_complaint", "id": "a5dc668822f0277cc30b386ef6717c00", "attributes": {"company-phone-number": "7184991202", "created-date": "2021-02-17 23:51:38", "violation-date": "2021-02-17 14:26:00", "consumer-city": "", "consumer-state": "New York", "consumer-area-code": "718", "subject": "Reducing your debt (credit cards, mortgage, student loans)", "recorded-message-or-robocall": "Y"}, "relationships": [], "meta": [], "links": {"self": "https://www.ftc.gov/v0/dnc-complaints/a5dc668822f0277cc30b386ef6717c00"}}, {"type": "dnc_complaint", "id": "a5dc668822f0277cc30b386ef6716e5b", "attributes": {"company-phone-number": "", "created-date": "2021-02-17 23:51:26", "violation-date": "2021-02-17 18:30:00", "consumer-city": "", "consumer-state": "Florida", "consumer-area-code": "727", "subject": "No Subject Provided", "recorded-message-or-robocall": "Y"}, "relationships": [], "meta": [], "links": {"self": "https://www.ftc.gov/v0/dnc-complaints/a5dc668822f0277cc30b386ef6716e5b"}}, {"type": "dnc_complaint", "id": "a5dc668822f0277cc30b386ef6716715", "attributes": {"company-phone-number": "8453938194", "created-date": "2021-02-17 23:51:26", "violation-date": "2021-02-17 12:00:00", "consumer-city": "Ann Arbor", "consumer-state": "Michigan", "consumer-area-code": "734", "subject": "Calls pretending to be government, businesses, or family and friends", "recorded-message-or-robocall": "Y"}, "relationships": [], "meta": [], "links": {"self": "https://www.ftc.gov/v0/dnc-complaints/a5dc668822f0277cc30b386ef6716715"}}, {"type": "dnc_complaint", "id": "a5dc668822f0277cc30b386ef6715951", "attributes": {"company-phone-number": "7073532187", "created-date": "2021-02-17 23:50:32", "violation-date": "2021-02-17 15:01:00", "consumer-city": "Napa", "consumer-state": "California", "consumer-area-code": "707", "subject": "Other", "recorded-message-or-robocall": "Y"}, "relationships": [], "meta": [], "links": {"self": "https://www.ftc.gov/v0/dnc-complaints/a5dc668822f0277cc30b386ef6715951"}}, {"type": "dnc_complaint", "id": "a5dc668822f0277cc30b386ef6714ad6", "attributes": {"company-phone-number": "80026622781", "created-date": "2021-02-17 23:50:26", "violation-date": "2021-02-17 14:26:00", "consumer-city": "Los Angeles", "consumer-state": "California", "consumer-area-code": "805", "subject": "Other", "recorded-message-or-robocall": "Y"}, "relationships": [], "meta": [], "links": {"self": "https://www.ftc.gov/v0/dnc-complaints/a5dc668822f0277cc30b386ef6714ad6"}}, {"type": "dnc_complaint", "id": "a5dc668822f0277cc30b386ef6713cbc", "attributes": {"company-phone-number": "8009918708", "created-date": "2021-02-17 23:50:04", "violation-date": "2021-02-17 13:24:00", "consumer-city": "Riverhead", "consumer-state": "New York", "consumer-area-code": "631", "subject": "Reducing your debt (credit cards, mortgage, student loans)", "recorded-message-or-robocall": "Y"}, "relationships": [], "meta": [], "links": {"self": "https://www.ftc.gov/v0/dnc-complaints/a5dc668822f0277cc30b386ef6713cbc"}}, {"type": "dnc_complaint", "id": "a5dc668822f0277cc30b386ef67130e4", "attributes": {"company-phone-number": "7078389688", "created-date": "2021-02-17 23:49:45", "violation-date": "2021-02-17 11:04:00", "consumer-city": "", "consumer-state": "California", "consumer-area-code": "707", "subject": "Dropped call or no message", "recorded-message-or-robocall": "Y"}, "relationships": [], "meta": [], "links": {"self": "https://www.ftc.gov/v0/dnc-complaints/a5dc668822f0277cc30b386ef67130e4"}}, {"type": "dnc_complaint", "id": "a5dc668822f0277cc30b386ef67121b5", "attributes": {"company-phone-number": "6512375768", "created-date": "2021-02-17 23:49:41", "violation-date": "2021-02-16 13:46:00", "consumer-city": "White Bear Lake", "consumer-state": "Minnesota", "consumer-area-code": "651", "subject": "Dropped call or no message", "recorded-message-or-robocall": "Y"}, "relationships": [], "meta": [], "links": {"self": "https://www.ftc.gov/v0/dnc-complaints/a5dc668822f0277cc30b386ef67121b5"}}, {"type": "dnc_complaint", "id": "a5dc668822f0277cc30b386ef6711cb0", "attributes": {"company-phone-number": "3036206422", "created-date": "2021-02-17 23:49:35", "violation-date": "2021-02-17 07:44:00", "consumer-city": "Longmont", "consumer-state": "Colorado", "consumer-area-code": "303", "subject": "Calls pretending to be government, businesses, or family and friends", "recorded-message-or-robocall": "Y"}, "relationships": [], "meta": [], "links": {"self": "https://www.ftc.gov/v0/dnc-complaints/a5dc668822f0277cc30b386ef6711cb0"}}, {"type": "dnc_complaint", "id": "a5dc668822f0277cc30b386ef6711209", "attributes": {"company-phone-number": "7272056107", "created-date": "2021-02-17 23:48:34", "violation-date": "2021-02-17 11:20:00", "consumer-city": "", "consumer-state": "Florida", "consumer-area-code": "727", "subject": "No Subject Provided", "recorded-message-or-robocall": "Y"}, "relationships": [], "meta": [], "links": {"self": "https://www.ftc.gov/v0/dnc-complaints/a5dc668822f0277cc30b386ef6711209"}}, {"type": "dnc_complaint", "id": "a5dc668822f0277cc30b386ef671078a", "attributes": {"company-phone-number": "7072553020", "created-date": "2021-02-17 23:47:25", "violation-date": "2021-02-17 12:01:00", "consumer-city": "Napa", "consumer-state": "California", "consumer-area-code": "707", "subject": "Other", "recorded-message-or-robocall": "Y"}, "relationships": [], "meta": [], "links": {"self": "https://www.ftc.gov/v0/dnc-complaints/a5dc668822f0277cc30b386ef671078a"}}, {"type": "dnc_complaint", "id": "a5dc668822f0277cc30b386ef671052e", "attributes": {"company-phone-number": "7038515799", "created-date": "2021-02-17 23:46:59", "violation-date": "2021-02-17 12:11:00", "consumer-city": "", "consumer-state": "Virginia", "consumer-area-code": "703", "subject": "No Subject Provided", "recorded-message-or-robocall": "N"}, "relationships": [], "meta": [], "links": {"self": "https://www.ftc.gov/v0/dnc-complaints/a5dc668822f0277cc30b386ef671052e"}}, {"type": "dnc_complaint", "id": "a5dc668822f0277cc30b386ef670f6fe", "attributes": {"company-phone-number": "5403221506", "created-date": "2021-02-17 23:46:29", "violation-date": "2021-02-16 10:58:00", "consumer-city": "", "consumer-state": "Virginia", "consumer-area-code": "703", "subject": "No Subject Provided", "recorded-message-or-robocall": "N"}, "relationships": [], "meta": [], "links": {"self": "https://www.ftc.gov/v0/dnc-complaints/a5dc668822f0277cc30b386ef670f6fe"}}, {"type": "dnc_complaint", "id": "a5dc668822f0277cc30b386ef670f0d2", "attributes": {"company-phone-number": "9179792573", "created-date": "2021-02-17 23:46:12", "violation-date": "2021-02-15 12:00:00", "consumer-city": "Verdi", "consumer-state": "Nevada", "consumer-area-code": "775", "subject": "Lotteries, prizes  & sweepstakes", "recorded-message-or-robocall": "N"}, "relationships": [], "meta": [], "links": {"self": "https://www.ftc.gov/v0/dnc-complaints/a5dc668822f0277cc30b386ef670f0d2"}}, {"type": "dnc_complaint", "id": "a5dc668822f0277cc30b386ef670e67b", "attributes": {"company-phone-number": "9739639864", "created-date": "2021-02-17 23:45:53", "violation-date": "2021-02-17 10:36:00", "consumer-city": "", "consumer-state": "New Jersey", "consumer-area-code": "973", "subject": "No Subject Provided", "recorded-message-or-robocall": "Y"}, "relationships": [], "meta": [], "links": {"self": "https://www.ftc.gov/v0/dnc-complaints/a5dc668822f0277cc30b386ef670e67b"}}, {"type": "dnc_complaint", "id": "a5dc668822f0277cc30b386ef670e08f", "attributes": {"company-phone-number": "7038445489", "created-date": "2021-02-17 23:45:51", "violation-date": "2021-02-15 12:54:00", "consumer-city": "", "consumer-state": "Virginia", "consumer-area-code": "703", "subject": "No Subject Provided", "recorded-message-or-robocall": "N"}, "relationships": [], "meta": [], "links": {"self": "https://www.ftc.gov/v0/dnc-complaints/a5dc668822f0277cc30b386ef670e08f"}}, {"type": "dnc_complaint", "id": "a5dc668822f0277cc30b386ef670da18", "attributes": {"company-phone-number": "8324108190", "created-date": "2021-02-17 23:45:46", "violation-date": "2021-02-17 13:29:00", "consumer-city": "Baltimore", "consumer-state": "Maryland", "consumer-area-code": "410", "subject": "Other", "recorded-message-or-robocall": "Y"}, "relationships": [], "meta": [], "links": {"self": "https://www.ftc.gov/v0/dnc-complaints/a5dc668822f0277cc30b386ef670da18"}}, {"type": "dnc_complaint", "id": "a5dc668822f0277cc30b386ef670cf0a", "attributes": {"company-phone-number": "9794767640", "created-date": "2021-02-17 23:45:29", "violation-date": "2021-02-12 13:57:00", "consumer-city": "", "consumer-state": "Texas", "consumer-area-code": "979", "subject": "No Subject Provided", "recorded-message-or-robocall": "N"}, "relationships": [], "meta": [], "links": {"self": "https://www.ftc.gov/v0/dnc-complaints/a5dc668822f0277cc30b386ef670cf0a"}}, {"type": "dnc_complaint", "id": "a5dc668822f0277cc30b386ef670d164", "attributes": {"company-phone-number": "7035568463", "created-date": "2021-02-17 23:45:13", "violation-date": "2021-02-11 17:15:00", "consumer-city": "", "consumer-state": "Virginia", "consumer-area-code": "703", "subject": "No Subject Provided", "recorded-message-or-robocall": "N"}, "relationships": [], "meta": [], "links": {"self": "https://www.ftc.gov/v0/dnc-complaints/a5dc668822f0277cc30b386ef670d164"}}, {"type": "dnc_complaint", "id": "a5dc668822f0277cc30b386ef670c371", "attributes": {"company-phone-number": "2189694772", "created-date": "2021-02-17 23:44:35", "violation-date": "2021-02-15 20:24:00", "consumer-city": "", "consumer-state": "Minnesota", "consumer-area-code": "218", "subject": "Calls pretending to be government, businesses, or family and friends", "recorded-message-or-robocall": "Y"}, "relationships": [], "meta": [], "links": {"self": "https://www.ftc.gov/v0/dnc-complaints/a5dc668822f0277cc30b386ef670c371"}}, {"type": "dnc_complaint", "id": "a5dc668822f0277cc30b386ef670bc54", "attributes": {"company-phone-number": "2166334016", "created-date": "2021-02-17 23:44:21", "violation-date": "2021-02-16 00:00:00", "consumer-city": "Napa", "consumer-state": "California", "consumer-area-code": "707", "subject": "Other", "recorded-message-or-robocall": "Y"}, "relationships": [], "meta": [], "links": {"self": "https://www.ftc.gov/v0/dnc-complaints/a5dc668822f0277cc30b386ef670bc54"}}, {"type": "dnc_complaint", "id": "a5dc668822f0277cc30b386ef670b1c8", "attributes": {"company-phone-number": "7038518902", "created-date": "2021-02-17 23:44:19", "violation-date": "2021-02-11 16:36:00", "consumer-city": "", "consumer-state": "Virginia", "consumer-area-code": "703", "subject": "No Subject Provided", "recorded-message-or-robocall": "N"}, "relationships": [], "meta": [], "links": {"self": "https://www.ftc.gov/v0/dnc-complaints/a5dc668822f0277cc30b386ef670b1c8"}}, {"type": "dnc_complaint", "id": "a5dc668822f0277cc30b386ef670b0fe", "attributes": {"company-phone-number": "7038445170", "created-date": "2021-02-17 23:43:40", "violation-date": "2021-02-10 12:29:00", "consumer-city": "", "consumer-state": "Virginia", "consumer-area-code": "703", "subject": "No Subject Provided", "recorded-message-or-robocall": "N"}, "relationships": [], "meta": [], "links": {"self": "https://www.ftc.gov/v0/dnc-complaints/a5dc668822f0277cc30b386ef670b0fe"}}, {"type": "dnc_complaint", "id": "a5dc668822f0277cc30b386ef670a93f", "attributes": {"company-phone-number": "7037832148", "created-date": "2021-02-17 23:43:03", "violation-date": "2021-02-08 16:01:00", "consumer-city": "", "consumer-state": "Virginia", "consumer-area-code": "703", "subject": "No Subject Provided", "recorded-message-or-robocall": "N"}, "relationships": [], "meta": [], "links": {"self": "https://www.ftc.gov/v0/dnc-complaints/a5dc668822f0277cc30b386ef670a93f"}}, {"type": "dnc_complaint", "id": "a5dc668822f0277cc30b386ef67099dc", "attributes": {"company-phone-number": "7149350692", "created-date": "2021-02-17 23:42:51", "violation-date": "2021-02-17 14:53:00", "consumer-city": "", "consumer-state": "California", "consumer-area-code": "714", "subject": "Dropped call or no message", "recorded-message-or-robocall": ""}, "relationships": [], "meta": [], "links": {"self": "https://www.ftc.gov/v0/dnc-complaints/a5dc668822f0277cc30b386ef67099dc"}}, {"type": "dnc_complaint", "id": "a5dc668822f0277cc30b386ef6709052", "attributes": {"company-phone-number": "7038445045", "created-date": "2021-02-17 23:42:34", "violation-date": "2021-02-05 11:33:00", "consumer-city": "", "consumer-state": "Virginia", "consumer-area-code": "703", "subject": "No Subject Provided", "recorded-message-or-robocall": "N"}, "relationships": [], "meta": [], "links": {"self": "https://www.ftc.gov/v0/dnc-complaints/a5dc668822f0277cc30b386ef6709052"}}, {"type": "dnc_complaint", "id": "a5dc668822f0277cc30b386ef6708a0b", "attributes": {"company-phone-number": "", "created-date": "2021-02-17 23:42:09", "violation-date": "2021-02-16 12:00:00", "consumer-city": "Anacortes", "consumer-state": "Washington", "consumer-area-code": "808", "subject": "Calls pretending to be government, businesses, or family and friends", "recorded-message-or-robocall": "N"}, "relationships": [], "meta": [], "links": {"self": "https://www.ftc.gov/v0/dnc-complaints/a5dc668822f0277cc30b386ef6708a0b"}}, {"type": "dnc_complaint", "id": "a5dc668822f0277cc30b386ef6707e90", "attributes": {"company-phone-number": "4705411655", "created-date": "2021-02-17 23:41:53", "violation-date": "2021-02-04 10:20:00", "consumer-city": "", "consumer-state": "Virginia", "consumer-area-code": "703", "subject": "No Subject Provided", "recorded-message-or-robocall": "N"}, "relationships": [], "meta": [], "links": {"self": "https://www.ftc.gov/v0/dnc-complaints/a5dc668822f0277cc30b386ef6707e90"}}, {"type": "dnc_complaint", "id": "a5dc668822f0277cc30b386ef67078c0", "attributes": {"company-phone-number": "7034369778", "created-date": "2021-02-17 23:40:28", "violation-date": "2021-02-02 15:07:00", "consumer-city": "", "consumer-state": "Virginia", "consumer-area-code": "703", "subject": "No Subject Provided", "recorded-message-or-robocall": "N"}, "relationships": [], "meta": [], "links": {"self": "https://www.ftc.gov/v0/dnc-complaints/a5dc668822f0277cc30b386ef67078c0"}}, {"type": "dnc_complaint", "id": "a5dc668822f0277cc30b386ef670786f", "attributes": {"company-phone-number": "7038518704", "created-date": "2021-02-17 23:39:26", "violation-date": "2021-02-02 11:26:00", "consumer-city": "", "consumer-state": "Virginia", "consumer-area-code": "703", "subject": "No Subject Provided", "recorded-message-or-robocall": "N"}, "relationships": [], "meta": [], "links": {"self": "https://www.ftc.gov/v0/dnc-complaints/a5dc668822f0277cc30b386ef670786f"}}, {"type": "dnc_complaint", "id": "a5dc668822f0277cc30b386ef6707866", "attributes": {"company-phone-number": "5713671871", "created-date": "2021-02-17 23:38:48", "violation-date": "2021-02-01 13:00:00", "consumer-city": "", "consumer-state": "Virginia", "consumer-area-code": "703", "subject": "No Subject Provided", "recorded-message-or-robocall": "N"}, "relationships": [], "meta": [], "links": {"self": "https://www.ftc.gov/v0/dnc-complaints/a5dc668822f0277cc30b386ef6707866"}}, {"type": "dnc_complaint", "id": "a5dc668822f0277cc30b386ef67072ec", "attributes": {"company-phone-number": "3237244318", "created-date": "2021-02-17 23:38:30", "violation-date": "2021-02-17 11:03:00", "consumer-city": "", "consumer-state": "California", "consumer-area-code": "323", "subject": "Dropped call or no message", "recorded-message-or-robocall": "Y"}, "relationships": [], "meta": [], "links": {"self": "https://www.ftc.gov/v0/dnc-complaints/a5dc668822f0277cc30b386ef67072ec"}}, {"type": "dnc_complaint", "id": "a5dc668822f0277cc30b386ef6706c14", "attributes": {"company-phone-number": "7038446353", "created-date": "2021-02-17 23:38:13", "violation-date": "2021-01-30 13:25:00", "consumer-city": "", "consumer-state": "Virginia", "consumer-area-code": "703", "subject": "No Subject Provided", "recorded-message-or-robocall": "N"}, "relationships": [], "meta": [], "links": {"self": "https://www.ftc.gov/v0/dnc-complaints/a5dc668822f0277cc30b386ef6706c14"}}, {"type": "dnc_complaint", "id": "a5dc668822f0277cc30b386ef6705ca4", "attributes": {"company-phone-number": "4026980541", "created-date": "2021-02-17 23:38:11", "violation-date": "2021-02-17 21:20:00", "consumer-city": "Aurora", "consumer-state": "Colorado", "consumer-area-code": "303", "subject": "Other", "recorded-message-or-robocall": "N"}, "relationships": [], "meta": [], "links": {"self": "https://www.ftc.gov/v0/dnc-complaints/a5dc668822f0277cc30b386ef6705ca4"}}, {"type": "dnc_complaint", "id": "a5dc668822f0277cc30b386ef67059c7", "attributes": {"company-phone-number": "7709798046", "created-date": "2021-02-17 23:37:11", "violation-date": "2021-02-12 14:12:00", "consumer-city": "Atlanta Georgia USA", "consumer-state": "Georgia", "consumer-area-code": "770", "subject": "Calls pretending to be government, businesses, or family and friends", "recorded-message-or-robocall": "Y"}, "relationships": [], "meta": [], "links": {"self": "https://www.ftc.gov/v0/dnc-complaints/a5dc668822f0277cc30b386ef67059c7"}}, {"type": "dnc_complaint", "id": "a5dc668822f0277cc30b386ef6704ba4", "attributes": {"company-phone-number": "8888384474", "created-date": "2021-02-17 23:36:54", "violation-date": "2021-02-17 19:34:00", "consumer-city": "", "consumer-state": "Virginia", "consumer-area-code": "703", "subject": "No Subject Provided", "recorded-message-or-robocall": ""}, "relationships": [], "meta": [], "links": {"self": "https://www.ftc.gov/v0/dnc-complaints/a5dc668822f0277cc30b386ef6704ba4"}}, {"type": "dnc_complaint", "id": "a5dc668822f0277cc30b386ef6704b62", "attributes": {"company-phone-number": "", "created-date": "2021-02-17 23:35:35", "violation-date": "2021-02-15 09:24:00", "consumer-city": "", "consumer-state": "California", "consumer-area-code": "559", "subject": "No Subject Provided", "recorded-message-or-robocall": "Y"}, "relationships": [], "meta": [], "links": {"self": "https://www.ftc.gov/v0/dnc-complaints/a5dc668822f0277cc30b386ef6704b62"}}, {"type": "dnc_complaint", "id": "a5dc668822f0277cc30b386ef67046c4", "attributes": {"company-phone-number": "3237243191", "created-date": "2021-02-17 23:35:24", "violation-date": "2021-02-17 09:44:00", "consumer-city": "", "consumer-state": "California", "consumer-area-code": "323", "subject": "Dropped call or no message", "recorded-message-or-robocall": "Y"}, "relationships": [], "meta": [], "links": {"self": "https://www.ftc.gov/v0/dnc-complaints/a5dc668822f0277cc30b386ef67046c4"}}, {"type": "dnc_complaint", "id": "a5dc668822f0277cc30b386ef6703c92", "attributes": {"company-phone-number": "3853984769", "created-date": "2021-02-17 23:34:26", "violation-date": "2021-02-16 21:02:00", "consumer-city": "San Jose", "consumer-state": "California", "consumer-area-code": "408", "subject": "Calls pretending to be government, businesses, or family and friends", "recorded-message-or-robocall": "Y"}, "relationships": [], "meta": [], "links": {"self": "https://www.ftc.gov/v0/dnc-complaints/a5dc668822f0277cc30b386ef6703c92"}}], "meta": {"records-this-page": 50, "record-total": 16243}, "links": {"self": "https://www.ftc.gov/v0/dnc-complaints?created_date=%222021-02-17%22"}}