{"data": [{"type": "dnc_complaint", "id": "1a554663aa244c23c774fa808532ab0b", "attributes": {"company-phone-number": "6503310306", "created-date": "2021-02-02 23:59:41", "violation-date": "2021-02-01 11:24:00", "consumer-city": "San Carlos", "consumer-state": "California", "consumer-area-code": "650", "subject": "Calls pretending to be government, businesses, or family and friends", "recorded-message-or-robocall": "Y"}, "relationships": [], "meta": [], "links": {"self": "https://www.ftc.gov/v0/dnc-complaints/1a554663aa244c23c774fa808532ab0b"}}, {"type": "dnc_complaint", "id": "1a554663aa244c23c774fa808532a03e", "attributes": {"company-phone-number": "9842306025", "created-date": "2021-02-02 23:58:23", "violation-date": "2021-02-02 13:02:00", "consumer-city": "Rochester Hills", "consumer-state": "Michigan", "consumer-area-code": "248", "subject": "Other", "recorded-message-or-robocall": "Y"}, "relationships": [], "meta": [], "links": {"self": "https://www.ftc.gov/v0/dnc-complaints/1a554663aa244c23c774fa808532a03e"}}, {"type": "dnc_complaint", "id": "1a554663aa244c23c774fa808532964d", "attributes": {"company-phone-number": "8189576092", "created-date": "2021-02-02 23:58:22", "violation-date": "2021-02-02 09:43:00", "consumer-city": "Burbank", "consumer-state": "California", "consumer-area-code": "818", "subject": "Other", "recorded-message-or-robocall": "N"}, "relationships": [], "meta": [], "links": {"self": "https://www.ftc.gov/v0/dnc-complaints/1a554663aa244c23c774fa808532964d"}}, {"type": "dnc_complaint", "id": "1a554663aa244c23c774fa808532938c", "attributes": {"company-phone-number": "6503310306", "created-date": "2021-02-02 23:58:06", "violation-date": "2021-02-01 09:19:00", "consumer-city": "San Carlos", "consumer-state": "California", "consumer-area-code": "650", "subject": "Calls pretending to be government, businesses, or family and friends", "recorded-message-or-robocall": "Y"}, "relationships": [], "meta": [], "links": {"self": "https://www.ftc.gov/v0/dnc-complaints/1a554663aa244c23c774fa808532938c"}}, {"type": "dnc_complaint", "id": "1a554663aa244c23c774fa8085328ae0", "attributes": {"company-phone-number": "9729966218", "created-date": "2021-02-02 23:57:55", "violation-date": "2021-02-02 17:01:00", "consumer-city": "Dallas", "consumer-state": "Texas", "consumer-area-code": "972", "subject": "Other", "recorded-message-or-robocall": "Y"}, "relationships": [], "meta": [], "links": {"self": "https://www.ftc.gov/v0/dnc-complaints/1a554663aa244c23c774fa8085328ae0"}}, {"type": "dnc_complaint", "id": "1a554663aa244c23c774fa8085327d6d", "attributes": {"company-phone-number": "7148499948", "created-date": "2021-02-02 23:57:20", "violation-date": "2021-02-02 14:10:00", "consumer-city": "Winthrop Harbor", "consumer-state": "Illinois", "consumer-area-code": "847", "subject": "Other", "recorded-message-or-robocall": "Y"}, "relationships": [], "meta": [], "links": {"self": "https://www.ftc.gov/v0/dnc-complaints/1a554663aa244c23c774fa8085327d6d"}}, {"type": "dnc_complaint", "id": "1a554663aa244c23c774fa8085327b4c", "attributes": {"company-phone-number": "2484184726", "created-date": "2021-02-02 23:57:01", "violation-date": "2021-02-02 11:44:00", "consumer-city": "Rochester Hills", "consumer-state": "Michigan", "consumer-area-code": "248", "subject": "Other", "recorded-message-or-robocall": "Y"}, "relationships": [], "meta": [], "links": {"self": "https://www.ftc.gov/v0/dnc-complaints/1a554663aa244c23c774fa8085327b4c"}}, {"type": "dnc_complaint", "id": "1a554663aa244c23c774fa80853277df", "attributes": {"company-phone-number": "8059806378", "created-date": "2021-02-02 23:56:34", "violation-date": "2021-02-02 11:15:00", "consumer-city": "", "consumer-state": "California", "consumer-area-code": "213", "subject": "No Subject Provided", "recorded-message-or-robocall": "N"}, "relationships": [], "meta": [], "links": {"self": "https://www.ftc.gov/v0/dnc-complaints/1a554663aa244c23c774fa80853277df"}}, {"type": "dnc_complaint", "id": "1a554663aa244c23c774fa8085326d8d", "attributes": {"company-phone-number": "6025522894", "created-date": "2021-02-02 23:55:17", "violation-date": "2021-02-02 16:44:00", "consumer-city": "Waipahu", "consumer-state": "Hawaii", "consumer-area-code": "602", "subject": "Lotteries, prizes  & sweepstakes", "recorded-message-or-robocall": "Y"}, "relationships": [], "meta": [], "links": {"self": "https://www.ftc.gov/v0/dnc-complaints/1a554663aa244c23c774fa8085326d8d"}}, {"type": "dnc_complaint", "id": "1a554663aa244c23c774fa8085325917", "attributes": {"company-phone-number": "8059806378", "created-date": "2021-02-02 23:54:25", "violation-date": "2021-02-02 11:15:00", "consumer-city": "", "consumer-state": "California", "consumer-area-code": "323", "subject": "No Subject Provided", "recorded-message-or-robocall": "N"}, "relationships": [], "meta": [], "links": {"self": "https://www.ftc.gov/v0/dnc-complaints/1a554663aa244c23c774fa8085325917"}}, {"type": "dnc_complaint", "id": "1a554663aa244c23c774fa808532682e", "attributes": {"company-phone-number": "8038271523", "created-date": "2021-02-02 23:53:30", "violation-date": "2021-02-01 07:43:00", "consumer-city": "Burbank", "consumer-state": "California", "consumer-area-code": "818", "subject": "Warranties  & protection plans", "recorded-message-or-robocall": "Y"}, "relationships": [], "meta": [], "links": {"self": "https://www.ftc.gov/v0/dnc-complaints/1a554663aa244c23c774fa808532682e"}}, {"type": "dnc_complaint", "id": "1a554663aa244c23c774fa8085325752", "attributes": {"company-phone-number": "8602616659", "created-date": "2021-02-02 23:52:50", "violation-date": "2021-02-01 12:20:00", "consumer-city": "Louisville", "consumer-state": "Colorado", "consumer-area-code": "303", "subject": "Calls pretending to be government, businesses, or family and friends", "recorded-message-or-robocall": "Y"}, "relationships": [], "meta": [], "links": {"self": "https://www.ftc.gov/v0/dnc-complaints/1a554663aa244c23c774fa8085325752"}}, {"type": "dnc_complaint", "id": "1a554663aa244c23c774fa80853240da", "attributes": {"company-phone-number": "9037412716", "created-date": "2021-02-02 23:52:08", "violation-date": "2021-01-29 08:30:00", "consumer-city": "", "consumer-state": "Texas", "consumer-area-code": "214", "subject": "No Subject Provided", "recorded-message-or-robocall": ""}, "relationships": [], "meta": [], "links": {"self": "https://www.ftc.gov/v0/dnc-complaints/1a554663aa244c23c774fa80853240da"}}, {"type": "dnc_complaint", "id": "1a554663aa244c23c774fa80853231cb", "attributes": {"company-phone-number": "4693220182", "created-date": "2021-02-02 23:52:02", "violation-date": "2021-02-02 14:27:00", "consumer-city": "", "consumer-state": "California", "consumer-area-code": "213", "subject": "No Subject Provided", "recorded-message-or-robocall": "N"}, "relationships": [], "meta": [], "links": {"self": "https://www.ftc.gov/v0/dnc-complaints/1a554663aa244c23c774fa80853231cb"}}, {"type": "dnc_complaint", "id": "1a554663aa244c23c774fa8085324a9b", "attributes": {"company-phone-number": "8605067445", "created-date": "2021-02-02 23:51:54", "violation-date": "2021-02-01 15:29:00", "consumer-city": "LOUISVILLE", "consumer-state": "Colorado", "consumer-area-code": "303", "subject": "Calls pretending to be government, businesses, or family and friends", "recorded-message-or-robocall": "Y"}, "relationships": [], "meta": [], "links": {"self": "https://www.ftc.gov/v0/dnc-complaints/1a554663aa244c23c774fa8085324a9b"}}, {"type": "dnc_complaint", "id": "1a554663aa244c23c774fa80853248e6", "attributes": {"company-phone-number": "7404000875", "created-date": "2021-02-02 23:51:45", "violation-date": "2021-02-01 10:02:00", "consumer-city": "", "consumer-state": "Arizona", "consumer-area-code": "520", "subject": "Other", "recorded-message-or-robocall": "Y"}, "relationships": [], "meta": [], "links": {"self": "https://www.ftc.gov/v0/dnc-complaints/1a554663aa244c23c774fa80853248e6"}}, {"type": "dnc_complaint", "id": "1a554663aa244c23c774fa80853222a6", "attributes": {"company-phone-number": "2143426938", "created-date": "2021-02-02 23:50:30", "violation-date": "2021-01-30 10:37:00", "consumer-city": "", "consumer-state": "Texas", "consumer-area-code": "214", "subject": "No Subject Provided", "recorded-message-or-robocall": ""}, "relationships": [], "meta": [], "links": {"self": "https://www.ftc.gov/v0/dnc-complaints/1a554663aa244c23c774fa80853222a6"}}, {"type": "dnc_complaint", "id": "1a554663aa244c23c774fa80853218df", "attributes": {"company-phone-number": "8184118940", "created-date": "2021-02-02 23:49:52", "violation-date": "2021-02-02 18:17:00", "consumer-city": "San Pedro", "consumer-state": "California", "consumer-area-code": "949", "subject": "Vacation  & timeshares", "recorded-message-or-robocall": "Y"}, "relationships": [], "meta": [], "links": {"self": "https://www.ftc.gov/v0/dnc-complaints/1a554663aa244c23c774fa80853218df"}}, {"type": "dnc_complaint", "id": "1a554663aa244c23c774fa808532108b", "attributes": {"company-phone-number": "4693220182", "created-date": "2021-02-02 23:49:49", "violation-date": "2021-02-02 14:27:00", "consumer-city": "", "consumer-state": "California", "consumer-area-code": "323", "subject": "No Subject Provided", "recorded-message-or-robocall": "N"}, "relationships": [], "meta": [], "links": {"self": "https://www.ftc.gov/v0/dnc-complaints/1a554663aa244c23c774fa808532108b"}}, {"type": "dnc_complaint", "id": "1a554663aa244c23c774fa80853215b1", "attributes": {"company-phone-number": "7078869275", "created-date": "2021-02-02 23:49:12", "violation-date": "2021-02-02 11:52:00", "consumer-city": "LITTLETON", "consumer-state": "Colorado", "consumer-area-code": "303", "subject": "Warranties  & protection plans", "recorded-message-or-robocall": "Y"}, "relationships": [], "meta": [], "links": {"self": "https://www.ftc.gov/v0/dnc-complaints/1a554663aa244c23c774fa80853215b1"}}, {"type": "dnc_complaint", "id": "1a554663aa244c23c774fa8085320b2a", "attributes": {"company-phone-number": "5753752758", "created-date": "2021-02-02 23:48:12", "violation-date": "2021-02-02 13:02:00", "consumer-city": "Albuquerque", "consumer-state": "New Mexico", "consumer-area-code": "505", "subject": "Warranties  & protection plans", "recorded-message-or-robocall": "Y"}, "relationships": [], "meta": [], "links": {"self": "https://www.ftc.gov/v0/dnc-complaints/1a554663aa244c23c774fa8085320b2a"}}, {"type": "dnc_complaint", "id": "1a554663aa244c23c774fa808532060b", "attributes": {"company-phone-number": "66113628697", "created-date": "2021-02-02 23:47:39", "violation-date": "2021-02-02 00:00:00", "consumer-city": "", "consumer-state": "California", "consumer-area-code": "661", "subject": "Calls pretending to be government, businesses, or family and friends", "recorded-message-or-robocall": "Y"}, "relationships": [], "meta": [], "links": {"self": "https://www.ftc.gov/v0/dnc-complaints/1a554663aa244c23c774fa808532060b"}}, {"type": "dnc_complaint", "id": "1a554663aa244c23c774fa808531ffcd", "attributes": {"company-phone-number": "7014924846", "created-date": "2021-02-02 23:47:06", "violation-date": "2021-02-02 15:34:00", "consumer-city": "Fargo", "consumer-state": "North Dakota", "consumer-area-code": "701", "subject": "Dropped call or no message", "recorded-message-or-robocall": "Y"}, "relationships": [], "meta": [], "links": {"self": "https://www.ftc.gov/v0/dnc-complaints/1a554663aa244c23c774fa808531ffcd"}}, {"type": "dnc_complaint", "id": "1a554663aa244c23c774fa808531f0e7", "attributes": {"company-phone-number": "2143428170", "created-date": "2021-02-02 23:47:02", "violation-date": "2021-01-28 14:52:00", "consumer-city": "", "consumer-state": "Texas", "consumer-area-code": "214", "subject": "No Subject Provided", "recorded-message-or-robocall": ""}, "relationships": [], "meta": [], "links": {"self": "https://www.ftc.gov/v0/dnc-complaints/1a554663aa244c23c774fa808531f0e7"}}, {"type": "dnc_complaint", "id": "1a554663aa244c23c774fa808531ecb4", "attributes": {"company-phone-number": "7143403467", "created-date": "2021-02-02 23:45:50", "violation-date": "2021-02-02 19:45:00", "consumer-city": "Huntington Beach", "consumer-state": "California", "consumer-area-code": "714", "subject": "Other", "recorded-message-or-robocall": "Y"}, "relationships": [], "meta": [], "links": {"self": "https://www.ftc.gov/v0/dnc-complaints/1a554663aa244c23c774fa808531ecb4"}}, {"type": "dnc_complaint", "id": "1a554663aa244c23c774fa808531e237", "attributes": {"company-phone-number": "81886001", "created-date": "2021-02-02 23:45:42", "violation-date": "2021-02-02 14:35:00", "consumer-city": "Burbank", "consumer-state": "California", "consumer-area-code": "818", "subject": "Other", "recorded-message-or-robocall": "N"}, "relationships": [], "meta": [], "links": {"self": "https://www.ftc.gov/v0/dnc-complaints/1a554663aa244c23c774fa808531e237"}}, {"type": "dnc_complaint", "id": "1a554663aa244c23c774fa808531e1c9", "attributes": {"company-phone-number": "6104525606", "created-date": "2021-02-02 23:45:40", "violation-date": "2021-02-01 17:12:00", "consumer-city": "", "consumer-state": "Pennsylvania", "consumer-area-code": "570", "subject": "No Subject Provided", "recorded-message-or-robocall": "Y"}, "relationships": [], "meta": [], "links": {"self": "https://www.ftc.gov/v0/dnc-complaints/1a554663aa244c23c774fa808531e1c9"}}, {"type": "dnc_complaint", "id": "1a554663aa244c23c774fa808531d7fe", "attributes": {"company-phone-number": "4582123406", "created-date": "2021-02-02 23:45:33", "violation-date": "2021-02-02 20:18:00", "consumer-city": "Red Bluff", "consumer-state": "California", "consumer-area-code": "530", "subject": "Other", "recorded-message-or-robocall": ""}, "relationships": [], "meta": [], "links": {"self": "https://www.ftc.gov/v0/dnc-complaints/1a554663aa244c23c774fa808531d7fe"}}, {"type": "dnc_complaint", "id": "1a554663aa244c23c774fa808531c709", "attributes": {"company-phone-number": "7738302053", "created-date": "2021-02-02 23:44:46", "violation-date": "2021-02-02 14:12:00", "consumer-city": "", "consumer-state": "Illinois", "consumer-area-code": "708", "subject": "No Subject Provided", "recorded-message-or-robocall": ""}, "relationships": [], "meta": [], "links": {"self": "https://www.ftc.gov/v0/dnc-complaints/1a554663aa244c23c774fa808531c709"}}, {"type": "dnc_complaint", "id": "1a554663aa244c23c774fa808531d3f4", "attributes": {"company-phone-number": "7146376422", "created-date": "2021-02-02 23:44:17", "violation-date": "2021-02-02 17:03:00", "consumer-city": "Huntington Beach", "consumer-state": "California", "consumer-area-code": "714", "subject": "Other", "recorded-message-or-robocall": "Y"}, "relationships": [], "meta": [], "links": {"self": "https://www.ftc.gov/v0/dnc-complaints/1a554663aa244c23c774fa808531d3f4"}}, {"type": "dnc_complaint", "id": "1a554663aa244c23c774fa808531c46d", "attributes": {"company-phone-number": "7146318142", "created-date": "2021-02-02 23:42:55", "violation-date": "2021-02-02 10:42:00", "consumer-city": "Huntington Beach", "consumer-state": "California", "consumer-area-code": "714", "subject": "Other", "recorded-message-or-robocall": "Y"}, "relationships": [], "meta": [], "links": {"self": "https://www.ftc.gov/v0/dnc-complaints/1a554663aa244c23c774fa808531c46d"}}, {"type": "dnc_complaint", "id": "1a554663aa244c23c774fa808531b547", "attributes": {"company-phone-number": "7142662019", "created-date": "2021-02-02 23:41:30", "violation-date": "2021-02-02 09:07:00", "consumer-city": "Huntington Beach", "consumer-state": "California", "consumer-area-code": "714", "subject": "Other", "recorded-message-or-robocall": "Y"}, "relationships": [], "meta": [], "links": {"self": "https://www.ftc.gov/v0/dnc-complaints/1a554663aa244c23c774fa808531b547"}}, {"type": "dnc_complaint", "id": "1a554663aa244c23c774fa808531aea7", "attributes": {"company-phone-number": "3602097829", "created-date": "2021-02-02 23:40:10", "violation-date": "2021-02-02 09:01:00", "consumer-city": "Kingston", "consumer-state": "Washington", "consumer-area-code": "360", "subject": "Medical  & prescriptions", "recorded-message-or-robocall": "N"}, "relationships": [], "meta": [], "links": {"self": "https://www.ftc.gov/v0/dnc-complaints/1a554663aa244c23c774fa808531aea7"}}, {"type": "dnc_complaint", "id": "1a554663aa244c23c774fa808531a382", "attributes": {"company-phone-number": "7072820718", "created-date": "2021-02-02 23:37:57", "violation-date": "2021-02-02 23:36:00", "consumer-city": "", "consumer-state": "Virginia", "consumer-area-code": "571", "subject": "Other", "recorded-message-or-robocall": "N"}, "relationships": [], "meta": [], "links": {"self": "https://www.ftc.gov/v0/dnc-complaints/1a554663aa244c23c774fa808531a382"}}, {"type": "dnc_complaint", "id": "1a554663aa244c23c774fa808531a1ff", "attributes": {"company-phone-number": "4012788107", "created-date": "2021-02-02 23:37:35", "violation-date": "2021-02-02 15:56:00", "consumer-city": "Aiken", "consumer-state": "South Carolina", "consumer-area-code": "803", "subject": "Dropped call or no message", "recorded-message-or-robocall": ""}, "relationships": [], "meta": [], "links": {"self": "https://www.ftc.gov/v0/dnc-complaints/1a554663aa244c23c774fa808531a1ff"}}, {"type": "dnc_complaint", "id": "1a554663aa244c23c774fa808531a13f", "attributes": {"company-phone-number": "7146856757", "created-date": "2021-02-02 23:37:18", "violation-date": "2021-02-01 16:59:00", "consumer-city": "Huntington Beach", "consumer-state": "California", "consumer-area-code": "714", "subject": "Other", "recorded-message-or-robocall": "Y"}, "relationships": [], "meta": [], "links": {"self": "https://www.ftc.gov/v0/dnc-complaints/1a554663aa244c23c774fa808531a13f"}}, {"type": "dnc_complaint", "id": "1a554663aa244c23c774fa808531957a", "attributes": {"company-phone-number": "8055687908", "created-date": "2021-02-02 23:35:50", "violation-date": "2021-02-01 14:15:00", "consumer-city": "Huntington Beach", "consumer-state": "California", "consumer-area-code": "714", "subject": "Other", "recorded-message-or-robocall": "Y"}, "relationships": [], "meta": [], "links": {"self": "https://www.ftc.gov/v0/dnc-complaints/1a554663aa244c23c774fa808531957a"}}, {"type": "dnc_complaint", "id": "1a554663aa244c23c774fa808531886c", "attributes": {"company-phone-number": "8442049279", "created-date": "2021-02-02 23:34:57", "violation-date": "2021-02-01 08:45:00", "consumer-city": "San Francisco", "consumer-state": "California", "consumer-area-code": "765", "subject": "Calls pretending to be government, businesses, or family and friends", "recorded-message-or-robocall": "Y"}, "relationships": [], "meta": [], "links": {"self": "https://www.ftc.gov/v0/dnc-complaints/1a554663aa244c23c774fa808531886c"}}, {"type": "dnc_complaint", "id": "1a554663aa244c23c774fa80853187ff", "attributes": {"company-phone-number": "8707419406", "created-date": "2021-02-02 23:34:55", "violation-date": "2021-02-01 13:34:00", "consumer-city": "Clarkridge", "consumer-state": "Arkansas", "consumer-area-code": "870", "subject": "Energy, solar,  & utilities", "recorded-message-or-robocall": "Y"}, "relationships": [], "meta": [], "links": {"self": "https://www.ftc.gov/v0/dnc-complaints/1a554663aa244c23c774fa80853187ff"}}, {"type": "dnc_complaint", "id": "1a554663aa244c23c774fa8085317ea6", "attributes": {"company-phone-number": "9194247969", "created-date": "2021-02-02 23:34:54", "violation-date": "2021-01-30 12:58:00", "consumer-city": "Apex", "consumer-state": "North Carolina", "consumer-area-code": "919", "subject": "Dropped call or no message", "recorded-message-or-robocall": "Y"}, "relationships": [], "meta": [], "links": {"self": "https://www.ftc.gov/v0/dnc-complaints/1a554663aa244c23c774fa8085317ea6"}}, {"type": "dnc_complaint", "id": "1a554663aa244c23c774fa8085317021", "attributes": {"company-phone-number": "6052705205", "created-date": "2021-02-02 23:34:51", "violation-date": "2021-02-02 16:57:00", "consumer-city": "FREMONT", "consumer-state": "Ohio", "consumer-area-code": "419", "subject": "Other", "recorded-message-or-robocall": "Y"}, "relationships": [], "meta": [], "links": {"self": "https://www.ftc.gov/v0/dnc-complaints/1a554663aa244c23c774fa8085317021"}}, {"type": "dnc_complaint", "id": "1a554663aa244c23c774fa80853168b2", "attributes": {"company-phone-number": "3233689364", "created-date": "2021-02-02 23:34:32", "violation-date": "2021-02-01 13:45:00", "consumer-city": "Huntington Beach", "consumer-state": "California", "consumer-area-code": "714", "subject": "Other", "recorded-message-or-robocall": "Y"}, "relationships": [], "meta": [], "links": {"self": "https://www.ftc.gov/v0/dnc-complaints/1a554663aa244c23c774fa80853168b2"}}, {"type": "dnc_complaint", "id": "1a554663aa244c23c774fa808531590b", "attributes": {"company-phone-number": "2192081232", "created-date": "2021-02-02 23:33:52", "violation-date": "2021-02-02 16:48:00", "consumer-city": "FREMONT", "consumer-state": "Ohio", "consumer-area-code": "419", "subject": "Other", "recorded-message-or-robocall": "Y"}, "relationships": [], "meta": [], "links": {"self": "https://www.ftc.gov/v0/dnc-complaints/1a554663aa244c23c774fa808531590b"}}, {"type": "dnc_complaint", "id": "1a554663aa244c23c774fa80853156a6", "attributes": {"company-phone-number": "9197709444", "created-date": "2021-02-02 23:33:43", "violation-date": "2021-01-31 14:35:00", "consumer-city": "Apex", "consumer-state": "North Carolina", "consumer-area-code": "919", "subject": "Dropped call or no message", "recorded-message-or-robocall": "Y"}, "relationships": [], "meta": [], "links": {"self": "https://www.ftc.gov/v0/dnc-complaints/1a554663aa244c23c774fa80853156a6"}}, {"type": "dnc_complaint", "id": "1a554663aa244c23c774fa8085314dff", "attributes": {"company-phone-number": "7146028604", "created-date": "2021-02-02 23:33:08", "violation-date": "2021-02-01 13:40:00", "consumer-city": "Huntington Beach", "consumer-state": "California", "consumer-area-code": "714", "subject": "Other", "recorded-message-or-robocall": "Y"}, "relationships": [], "meta": [], "links": {"self": "https://www.ftc.gov/v0/dnc-complaints/1a554663aa244c23c774fa8085314dff"}}, {"type": "dnc_complaint", "id": "1a554663aa244c23c774fa8085314dd4", "attributes": {"company-phone-number": "4193325996", "created-date": "2021-02-02 23:33:00", "violation-date": "2021-02-02 16:46:00", "consumer-city": "FREMONT", "consumer-state": "Ohio", "consumer-area-code": "419", "subject": "Other", "recorded-message-or-robocall": "Y"}, "relationships": [], "meta": [], "links": {"self": "https://www.ftc.gov/v0/dnc-complaints/1a554663aa244c23c774fa8085314dd4"}}, {"type": "dnc_complaint", "id": "1a554663aa244c23c774fa808531419d", "attributes": {"company-phone-number": "3087876851", "created-date": "2021-02-02 23:32:32", "violation-date": "2021-02-02 14:24:00", "consumer-city": "", "consumer-state": "Nebraska", "consumer-area-code": "402", "subject": "Other", "recorded-message-or-robocall": "Y"}, "relationships": [], "meta": [], "links": {"self": "https://www.ftc.gov/v0/dnc-complaints/1a554663aa244c23c774fa808531419d"}}, {"type": "dnc_complaint", "id": "1a554663aa244c23c774fa8085313ba7", "attributes": {"company-phone-number": "8059776090", "created-date": "2021-02-02 23:32:31", "violation-date": "2021-02-02 14:35:00", "consumer-city": "Hermitage", "consumer-state": "Tennessee", "consumer-area-code": "615", "subject": "Other", "recorded-message-or-robocall": "Y"}, "relationships": [], "meta": [], "links": {"self": "https://www.ftc.gov/v0/dnc-complaints/1a554663aa244c23c774fa8085313ba7"}}, {"type": "dnc_complaint", "id": "1a554663aa244c23c774fa80853135d1", "attributes": {"company-phone-number": "9014552360", "created-date": "2021-02-02 23:31:52", "violation-date": "2021-02-01 11:49:00", "consumer-city": "Huntington Beach", "consumer-state": "California", "consumer-area-code": "714", "subject": "Other", "recorded-message-or-robocall": "Y"}, "relationships": [], "meta": [], "links": {"self": "https://www.ftc.gov/v0/dnc-complaints/1a554663aa244c23c774fa80853135d1"}}, {"type": "dnc_complaint", "id": "1a554663aa244c23c774fa8085313394", "attributes": {"company-phone-number": "2488171748", "created-date": "2021-02-02 23:31:49", "violation-date": "2021-02-02 09:10:00", "consumer-city": "Tempe", "consumer-state": "Arizona", "consumer-area-code": "480", "subject": "Other", "recorded-message-or-robocall": "N"}, "relationships": [], "meta": [], "links": {"self": "https://www.ftc.gov/v0/dnc-complaints/1a554663aa244c23c774fa8085313394"}}], "meta": {"records-this-page": 50, "record-total": 16058}, "links": {"self": "https://www.ftc.gov/v0/dnc-complaints?created_date=%222021-02-02%22"}}