{"data": [{"type": "dnc_complaint", "id": "f19e3d11bf8fb965e313a1bfa7fb561d", "attributes": {"company-phone-number": "4693517839", "created-date": "2021-02-20 23:59:57", "violation-date": "2021-02-20 23:59:57", "consumer-city": "", "consumer-state": "Texas", "consumer-area-code": "713", "subject": "No Subject Provided", "recorded-message-or-robocall": "N"}, "relationships": [], "meta": [], "links": {"self": "https://www.ftc.gov/v0/dnc-complaints/f19e3d11bf8fb965e313a1bfa7fb561d"}}, {"type": "dnc_complaint", "id": "f19e3d11bf8fb965e313a1bfa7da4a0f", "attributes": {"company-phone-number": "3152328257", "created-date": "2021-02-20 23:59:47", "violation-date": "2021-02-20 12:45:00", "consumer-city": "Macon", "consumer-state": "Georgia", "consumer-area-code": "478", "subject": "Calls pretending to be government, businesses, or family and friends", "recorded-message-or-robocall": "Y"}, "relationships": [], "meta": [], "links": {"self": "https://www.ftc.gov/v0/dnc-complaints/f19e3d11bf8fb965e313a1bfa7da4a0f"}}, {"type": "dnc_complaint", "id": "f19e3d11bf8fb965e313a1bfa7fb4ca2", "attributes": {"company-phone-number": "4696176603", "created-date": "2021-02-20 23:59:40", "violation-date": "2021-02-20 23:59:40", "consumer-city": "", "consumer-state": "Texas", "consumer-area-code": "713", "subject": "No Subject Provided", "recorded-message-or-robocall": "N"}, "relationships": [], "meta": [], "links": {"self": "https://www.ftc.gov/v0/dnc-complaints/f19e3d11bf8fb965e313a1bfa7fb4ca2"}}, {"type": "dnc_complaint", "id": "f19e3d11bf8fb965e313a1bfa7da39d7", "attributes": {"company-phone-number": "2142952844", "created-date": "2021-02-20 23:59:15", "violation-date": "2021-02-11 18:59:00", "consumer-city": "", "consumer-state": "Illinois", "consumer-area-code": "847", "subject": "No Subject Provided", "recorded-message-or-robocall": "N"}, "relationships": [], "meta": [], "links": {"self": "https://www.ftc.gov/v0/dnc-complaints/f19e3d11bf8fb965e313a1bfa7da39d7"}}, {"type": "dnc_complaint", "id": "f19e3d11bf8fb965e313a1bfa7da49f2", "attributes": {"company-phone-number": "4244053880", "created-date": "2021-02-20 23:59:11", "violation-date": "2021-02-16 15:49:00", "consumer-city": "Los Angeles", "consumer-state": "California", "consumer-area-code": "213", "subject": "Other", "recorded-message-or-robocall": "N"}, "relationships": [], "meta": [], "links": {"self": "https://www.ftc.gov/v0/dnc-complaints/f19e3d11bf8fb965e313a1bfa7da49f2"}}, {"type": "dnc_complaint", "id": "f19e3d11bf8fb965e313a1bfa7da4028", "attributes": {"company-phone-number": "5625340028", "created-date": "2021-02-20 23:58:54", "violation-date": "2021-02-20 12:37:00", "consumer-city": "San Jose", "consumer-state": "California", "consumer-area-code": "408", "subject": "Home improvement  & cleaning", "recorded-message-or-robocall": "Y"}, "relationships": [], "meta": [], "links": {"self": "https://www.ftc.gov/v0/dnc-complaints/f19e3d11bf8fb965e313a1bfa7da4028"}}, {"type": "dnc_complaint", "id": "f19e3d11bf8fb965e313a1bfa7da2a81", "attributes": {"company-phone-number": "8184950226", "created-date": "2021-02-20 23:58:00", "violation-date": "2021-02-20 17:35:00", "consumer-city": "", "consumer-state": "New York", "consumer-area-code": "718", "subject": "Calls pretending to be government, businesses, or family and friends", "recorded-message-or-robocall": "Y"}, "relationships": [], "meta": [], "links": {"self": "https://www.ftc.gov/v0/dnc-complaints/f19e3d11bf8fb965e313a1bfa7da2a81"}}, {"type": "dnc_complaint", "id": "f19e3d11bf8fb965e313a1bfa7da1b3f", "attributes": {"company-phone-number": "8474851000", "created-date": "2021-02-20 23:57:40", "violation-date": "2021-02-15 15:45:00", "consumer-city": "", "consumer-state": "Illinois", "consumer-area-code": "847", "subject": "No Subject Provided", "recorded-message-or-robocall": "N"}, "relationships": [], "meta": [], "links": {"self": "https://www.ftc.gov/v0/dnc-complaints/f19e3d11bf8fb965e313a1bfa7da1b3f"}}, {"type": "dnc_complaint", "id": "f19e3d11bf8fb965e313a1bfa7da118a", "attributes": {"company-phone-number": "8886686929", "created-date": "2021-02-20 23:56:40", "violation-date": "2021-02-19 14:02:00", "consumer-city": "Livonia", "consumer-state": "Michigan", "consumer-area-code": "734", "subject": "Other", "recorded-message-or-robocall": ""}, "relationships": [], "meta": [], "links": {"self": "https://www.ftc.gov/v0/dnc-complaints/f19e3d11bf8fb965e313a1bfa7da118a"}}, {"type": "dnc_complaint", "id": "f19e3d11bf8fb965e313a1bfa7da0ddb", "attributes": {"company-phone-number": "3095337928", "created-date": "2021-02-20 23:56:05", "violation-date": "2021-02-15 17:45:00", "consumer-city": "", "consumer-state": "Illinois", "consumer-area-code": "847", "subject": "No Subject Provided", "recorded-message-or-robocall": "N"}, "relationships": [], "meta": [], "links": {"self": "https://www.ftc.gov/v0/dnc-complaints/f19e3d11bf8fb965e313a1bfa7da0ddb"}}, {"type": "dnc_complaint", "id": "f19e3d11bf8fb965e313a1bfa7fb4335", "attributes": {"company-phone-number": "4693937553", "created-date": "2021-02-20 23:54:48", "violation-date": "2021-02-20 23:54:48", "consumer-city": "", "consumer-state": "Texas", "consumer-area-code": "972", "subject": "No Subject Provided", "recorded-message-or-robocall": "N"}, "relationships": [], "meta": [], "links": {"self": "https://www.ftc.gov/v0/dnc-complaints/f19e3d11bf8fb965e313a1bfa7fb4335"}}, {"type": "dnc_complaint", "id": "f19e3d11bf8fb965e313a1bfa7d9f7cc", "attributes": {"company-phone-number": "2142952844", "created-date": "2021-02-20 23:54:25", "violation-date": "2021-02-16 19:24:00", "consumer-city": "", "consumer-state": "Illinois", "consumer-area-code": "847", "subject": "No Subject Provided", "recorded-message-or-robocall": "N"}, "relationships": [], "meta": [], "links": {"self": "https://www.ftc.gov/v0/dnc-complaints/f19e3d11bf8fb965e313a1bfa7d9f7cc"}}, {"type": "dnc_complaint", "id": "f19e3d11bf8fb965e313a1bfa7da019a", "attributes": {"company-phone-number": "7024235205", "created-date": "2021-02-20 23:54:22", "violation-date": "2021-02-20 23:45:00", "consumer-city": "", "consumer-state": "Virginia", "consumer-area-code": "434", "subject": "Other", "recorded-message-or-robocall": "Y"}, "relationships": [], "meta": [], "links": {"self": "https://www.ftc.gov/v0/dnc-complaints/f19e3d11bf8fb965e313a1bfa7da019a"}}, {"type": "dnc_complaint", "id": "f19e3d11bf8fb965e313a1bfa7d9ef49", "attributes": {"company-phone-number": "3179221256", "created-date": "2021-02-20 23:52:01", "violation-date": "2021-02-17 12:16:00", "consumer-city": "", "consumer-state": "Illinois", "consumer-area-code": "847", "subject": "No Subject Provided", "recorded-message-or-robocall": "N"}, "relationships": [], "meta": [], "links": {"self": "https://www.ftc.gov/v0/dnc-complaints/f19e3d11bf8fb965e313a1bfa7d9ef49"}}, {"type": "dnc_complaint", "id": "f19e3d11bf8fb965e313a1bfa7fb28d7", "attributes": {"company-phone-number": "+19706171184", "created-date": "2021-02-20 23:51:17", "violation-date": "2021-02-20 23:51:17", "consumer-city": "", "consumer-state": "California", "consumer-area-code": "818", "subject": "No Subject Provided", "recorded-message-or-robocall": "Y"}, "relationships": [], "meta": [], "links": {"self": "https://www.ftc.gov/v0/dnc-complaints/f19e3d11bf8fb965e313a1bfa7fb28d7"}}, {"type": "dnc_complaint", "id": "f19e3d11bf8fb965e313a1bfa7fb1dde", "attributes": {"company-phone-number": "+14585001263", "created-date": "2021-02-20 23:50:36", "violation-date": "2021-02-20 23:50:36", "consumer-city": "", "consumer-state": "California", "consumer-area-code": "818", "subject": "No Subject Provided", "recorded-message-or-robocall": "Y"}, "relationships": [], "meta": [], "links": {"self": "https://www.ftc.gov/v0/dnc-complaints/f19e3d11bf8fb965e313a1bfa7fb1dde"}}, {"type": "dnc_complaint", "id": "f19e3d11bf8fb965e313a1bfa7d9e75c", "attributes": {"company-phone-number": "7187708775", "created-date": "2021-02-20 23:50:36", "violation-date": "2021-02-19 13:50:00", "consumer-city": "B'klyn.", "consumer-state": "New York", "consumer-area-code": "718", "subject": "Reducing your debt (credit cards, mortgage, student loans)", "recorded-message-or-robocall": "Y"}, "relationships": [], "meta": [], "links": {"self": "https://www.ftc.gov/v0/dnc-complaints/f19e3d11bf8fb965e313a1bfa7d9e75c"}}, {"type": "dnc_complaint", "id": "f19e3d11bf8fb965e313a1bfa7d9d5b5", "attributes": {"company-phone-number": "8474720734", "created-date": "2021-02-20 23:50:26", "violation-date": "2021-02-18 13:03:00", "consumer-city": "", "consumer-state": "Illinois", "consumer-area-code": "847", "subject": "No Subject Provided", "recorded-message-or-robocall": "N"}, "relationships": [], "meta": [], "links": {"self": "https://www.ftc.gov/v0/dnc-complaints/f19e3d11bf8fb965e313a1bfa7d9d5b5"}}, {"type": "dnc_complaint", "id": "f19e3d11bf8fb965e313a1bfa7d9d980", "attributes": {"company-phone-number": "6123553459", "created-date": "2021-02-20 23:50:20", "violation-date": "2021-02-20 16:24:00", "consumer-city": "", "consumer-state": "Minnesota", "consumer-area-code": "612", "subject": "No Subject Provided", "recorded-message-or-robocall": ""}, "relationships": [], "meta": [], "links": {"self": "https://www.ftc.gov/v0/dnc-complaints/f19e3d11bf8fb965e313a1bfa7d9d980"}}, {"type": "dnc_complaint", "id": "f19e3d11bf8fb965e313a1bfa7d9d0bb", "attributes": {"company-phone-number": "8452883827", "created-date": "2021-02-20 23:50:08", "violation-date": "2021-02-20 00:00:00", "consumer-city": "", "consumer-state": "New York", "consumer-area-code": "845", "subject": "No Subject Provided", "recorded-message-or-robocall": "Y"}, "relationships": [], "meta": [], "links": {"self": "https://www.ftc.gov/v0/dnc-complaints/f19e3d11bf8fb965e313a1bfa7d9d0bb"}}, {"type": "dnc_complaint", "id": "f19e3d11bf8fb965e313a1bfa7fb1162", "attributes": {"company-phone-number": "+14076053955", "created-date": "2021-02-20 23:49:20", "violation-date": "2021-02-20 23:49:20", "consumer-city": "", "consumer-state": "Florida", "consumer-area-code": "407", "subject": "No Subject Provided", "recorded-message-or-robocall": "Y"}, "relationships": [], "meta": [], "links": {"self": "https://www.ftc.gov/v0/dnc-complaints/f19e3d11bf8fb965e313a1bfa7fb1162"}}, {"type": "dnc_complaint", "id": "f19e3d11bf8fb965e313a1bfa7fb36a9", "attributes": {"company-phone-number": "+14805089203", "created-date": "2021-02-20 23:48:55", "violation-date": "2021-02-20 23:48:55", "consumer-city": "", "consumer-state": "Arizona", "consumer-area-code": "480", "subject": "No Subject Provided", "recorded-message-or-robocall": "N"}, "relationships": [], "meta": [], "links": {"self": "https://www.ftc.gov/v0/dnc-complaints/f19e3d11bf8fb965e313a1bfa7fb36a9"}}, {"type": "dnc_complaint", "id": "f19e3d11bf8fb965e313a1bfa7d9cc24", "attributes": {"company-phone-number": "", "created-date": "2021-02-20 23:48:02", "violation-date": "2021-02-20 00:00:00", "consumer-city": "", "consumer-state": "New York", "consumer-area-code": "845", "subject": "No Subject Provided", "recorded-message-or-robocall": "Y"}, "relationships": [], "meta": [], "links": {"self": "https://www.ftc.gov/v0/dnc-complaints/f19e3d11bf8fb965e313a1bfa7d9cc24"}}, {"type": "dnc_complaint", "id": "f19e3d11bf8fb965e313a1bfa7fb028a", "attributes": {"company-phone-number": "8142722819", "created-date": "2021-02-20 23:47:21", "violation-date": "2021-02-20 23:47:21", "consumer-city": "", "consumer-state": "Indiana", "consumer-area-code": "219", "subject": "No Subject Provided", "recorded-message-or-robocall": "Y"}, "relationships": [], "meta": [], "links": {"self": "https://www.ftc.gov/v0/dnc-complaints/f19e3d11bf8fb965e313a1bfa7fb028a"}}, {"type": "dnc_complaint", "id": "f19e3d11bf8fb965e313a1bfa7d9c8d2", "attributes": {"company-phone-number": "8586239920", "created-date": "2021-02-20 23:47:12", "violation-date": "2021-02-20 23:26:00", "consumer-city": "LA JOLLA", "consumer-state": "California", "consumer-area-code": "858", "subject": "Other", "recorded-message-or-robocall": "N"}, "relationships": [], "meta": [], "links": {"self": "https://www.ftc.gov/v0/dnc-complaints/f19e3d11bf8fb965e313a1bfa7d9c8d2"}}, {"type": "dnc_complaint", "id": "f19e3d11bf8fb965e313a1bfa7d9c0cb", "attributes": {"company-phone-number": "8722527901", "created-date": "2021-02-20 23:47:10", "violation-date": "2021-02-19 08:30:00", "consumer-city": "", "consumer-state": "Illinois", "consumer-area-code": "847", "subject": "No Subject Provided", "recorded-message-or-robocall": "N"}, "relationships": [], "meta": [], "links": {"self": "https://www.ftc.gov/v0/dnc-complaints/f19e3d11bf8fb965e313a1bfa7d9c0cb"}}, {"type": "dnc_complaint", "id": "f19e3d11bf8fb965e313a1bfa7fb0fb1", "attributes": {"company-phone-number": "+18182454400", "created-date": "2021-02-20 23:46:50", "violation-date": "2021-02-20 23:46:50", "consumer-city": "", "consumer-state": "California", "consumer-area-code": "818", "subject": "No Subject Provided", "recorded-message-or-robocall": "Y"}, "relationships": [], "meta": [], "links": {"self": "https://www.ftc.gov/v0/dnc-complaints/f19e3d11bf8fb965e313a1bfa7fb0fb1"}}, {"type": "dnc_complaint", "id": "f19e3d11bf8fb965e313a1bfa7d9b67b", "attributes": {"company-phone-number": "2028101862", "created-date": "2021-02-20 23:45:22", "violation-date": "2021-02-19 16:21:00", "consumer-city": "", "consumer-state": "Illinois", "consumer-area-code": "847", "subject": "No Subject Provided", "recorded-message-or-robocall": "N"}, "relationships": [], "meta": [], "links": {"self": "https://www.ftc.gov/v0/dnc-complaints/f19e3d11bf8fb965e313a1bfa7d9b67b"}}, {"type": "dnc_complaint", "id": "f19e3d11bf8fb965e313a1bfa7d9a6ec", "attributes": {"company-phone-number": "6122483628", "created-date": "2021-02-20 23:44:14", "violation-date": "2021-02-20 11:27:00", "consumer-city": "", "consumer-state": "Minnesota", "consumer-area-code": "612", "subject": "No Subject Provided", "recorded-message-or-robocall": ""}, "relationships": [], "meta": [], "links": {"self": "https://www.ftc.gov/v0/dnc-complaints/f19e3d11bf8fb965e313a1bfa7d9a6ec"}}, {"type": "dnc_complaint", "id": "f19e3d11bf8fb965e313a1bfa7d99ad0", "attributes": {"company-phone-number": "6097553917", "created-date": "2021-02-20 23:43:52", "violation-date": "2021-02-20 14:17:00", "consumer-city": "", "consumer-state": "New Jersey", "consumer-area-code": "609", "subject": "Warranties  & protection plans", "recorded-message-or-robocall": "Y"}, "relationships": [], "meta": [], "links": {"self": "https://www.ftc.gov/v0/dnc-complaints/f19e3d11bf8fb965e313a1bfa7d99ad0"}}, {"type": "dnc_complaint", "id": "f19e3d11bf8fb965e313a1bfa7d99428", "attributes": {"company-phone-number": "7739020725", "created-date": "2021-02-20 23:43:25", "violation-date": "2021-02-20 10:00:00", "consumer-city": "", "consumer-state": "Illinois", "consumer-area-code": "847", "subject": "No Subject Provided", "recorded-message-or-robocall": "N"}, "relationships": [], "meta": [], "links": {"self": "https://www.ftc.gov/v0/dnc-complaints/f19e3d11bf8fb965e313a1bfa7d99428"}}, {"type": "dnc_complaint", "id": "f19e3d11bf8fb965e313a1bfa7d99856", "attributes": {"company-phone-number": "9563060239", "created-date": "2021-02-20 23:43:17", "violation-date": "2021-02-20 16:26:00", "consumer-city": "san ysidro", "consumer-state": "California", "consumer-area-code": "619", "subject": "Warranties  & protection plans", "recorded-message-or-robocall": "Y"}, "relationships": [], "meta": [], "links": {"self": "https://www.ftc.gov/v0/dnc-complaints/f19e3d11bf8fb965e313a1bfa7d99856"}}, {"type": "dnc_complaint", "id": "f19e3d11bf8fb965e313a1bfa7faf9da", "attributes": {"company-phone-number": "+12189933430", "created-date": "2021-02-20 23:41:51", "violation-date": "2021-02-20 23:41:51", "consumer-city": "", "consumer-state": "Minnesota", "consumer-area-code": "218", "subject": "No Subject Provided", "recorded-message-or-robocall": "Y"}, "relationships": [], "meta": [], "links": {"self": "https://www.ftc.gov/v0/dnc-complaints/f19e3d11bf8fb965e313a1bfa7faf9da"}}, {"type": "dnc_complaint", "id": "f19e3d11bf8fb965e313a1bfa7d98b1b", "attributes": {"company-phone-number": "5186343581", "created-date": "2021-02-20 23:41:35", "violation-date": "2021-02-20 13:01:00", "consumer-city": "san ysidro", "consumer-state": "California", "consumer-area-code": "619", "subject": "Warranties  & protection plans", "recorded-message-or-robocall": "Y"}, "relationships": [], "meta": [], "links": {"self": "https://www.ftc.gov/v0/dnc-complaints/f19e3d11bf8fb965e313a1bfa7d98b1b"}}, {"type": "dnc_complaint", "id": "f19e3d11bf8fb965e313a1bfa7faf110", "attributes": {"company-phone-number": "9842134089", "created-date": "2021-02-20 23:40:33", "violation-date": "2021-02-20 23:40:33", "consumer-city": "", "consumer-state": "North Carolina", "consumer-area-code": "984", "subject": "No Subject Provided", "recorded-message-or-robocall": "Y"}, "relationships": [], "meta": [], "links": {"self": "https://www.ftc.gov/v0/dnc-complaints/f19e3d11bf8fb965e313a1bfa7faf110"}}, {"type": "dnc_complaint", "id": "f19e3d11bf8fb965e313a1bfa7d97ee1", "attributes": {"company-phone-number": "", "created-date": "2021-02-20 23:39:47", "violation-date": "2021-02-20 11:14:00", "consumer-city": "Sacramento", "consumer-state": "California", "consumer-area-code": "614", "subject": "Other", "recorded-message-or-robocall": "N"}, "relationships": [], "meta": [], "links": {"self": "https://www.ftc.gov/v0/dnc-complaints/f19e3d11bf8fb965e313a1bfa7d97ee1"}}, {"type": "dnc_complaint", "id": "f19e3d11bf8fb965e313a1bfa7fadb63", "attributes": {"company-phone-number": "+18285893685", "created-date": "2021-02-20 23:39:45", "violation-date": "2021-02-20 23:39:45", "consumer-city": "", "consumer-state": "Illinois", "consumer-area-code": "847", "subject": "No Subject Provided", "recorded-message-or-robocall": "Y"}, "relationships": [], "meta": [], "links": {"self": "https://www.ftc.gov/v0/dnc-complaints/f19e3d11bf8fb965e313a1bfa7fadb63"}}, {"type": "dnc_complaint", "id": "f19e3d11bf8fb965e313a1bfa7fae8bf", "attributes": {"company-phone-number": "+18764395211", "created-date": "2021-02-20 23:37:14", "violation-date": "2021-02-20 23:37:14", "consumer-city": "", "consumer-state": "Michigan", "consumer-area-code": "313", "subject": "No Subject Provided", "recorded-message-or-robocall": "Y"}, "relationships": [], "meta": [], "links": {"self": "https://www.ftc.gov/v0/dnc-complaints/f19e3d11bf8fb965e313a1bfa7fae8bf"}}, {"type": "dnc_complaint", "id": "f19e3d11bf8fb965e313a1bfa7fad1ac", "attributes": {"company-phone-number": "+17347277400", "created-date": "2021-02-20 23:36:07", "violation-date": "2021-02-20 23:36:07", "consumer-city": "", "consumer-state": "Michigan", "consumer-area-code": "734", "subject": "No Subject Provided", "recorded-message-or-robocall": "Y"}, "relationships": [], "meta": [], "links": {"self": "https://www.ftc.gov/v0/dnc-complaints/f19e3d11bf8fb965e313a1bfa7fad1ac"}}, {"type": "dnc_complaint", "id": "f19e3d11bf8fb965e313a1bfa7fabf11", "attributes": {"company-phone-number": "+17345440726", "created-date": "2021-02-20 23:35:48", "violation-date": "2021-02-20 23:35:48", "consumer-city": "", "consumer-state": "Michigan", "consumer-area-code": "734", "subject": "No Subject Provided", "recorded-message-or-robocall": "Y"}, "relationships": [], "meta": [], "links": {"self": "https://www.ftc.gov/v0/dnc-complaints/f19e3d11bf8fb965e313a1bfa7fabf11"}}, {"type": "dnc_complaint", "id": "f19e3d11bf8fb965e313a1bfa7facd95", "attributes": {"company-phone-number": "+17345470744", "created-date": "2021-02-20 23:35:26", "violation-date": "2021-02-20 23:35:26", "consumer-city": "", "consumer-state": "Michigan", "consumer-area-code": "734", "subject": "No Subject Provided", "recorded-message-or-robocall": "Y"}, "relationships": [], "meta": [], "links": {"self": "https://www.ftc.gov/v0/dnc-complaints/f19e3d11bf8fb965e313a1bfa7facd95"}}, {"type": "dnc_complaint", "id": "f19e3d11bf8fb965e313a1bfa7faccfa", "attributes": {"company-phone-number": "3212449828", "created-date": "2021-02-20 23:33:11", "violation-date": "2021-02-20 23:33:11", "consumer-city": "", "consumer-state": "Florida", "consumer-area-code": "321", "subject": "No Subject Provided", "recorded-message-or-robocall": "Y"}, "relationships": [], "meta": [], "links": {"self": "https://www.ftc.gov/v0/dnc-complaints/f19e3d11bf8fb965e313a1bfa7faccfa"}}, {"type": "dnc_complaint", "id": "f19e3d11bf8fb965e313a1bfa7d97bbf", "attributes": {"company-phone-number": "7705327588", "created-date": "2021-02-20 23:32:59", "violation-date": "2021-02-18 14:06:00", "consumer-city": "", "consumer-state": "Georgia", "consumer-area-code": "770", "subject": "Calls pretending to be government, businesses, or family and friends", "recorded-message-or-robocall": "Y"}, "relationships": [], "meta": [], "links": {"self": "https://www.ftc.gov/v0/dnc-complaints/f19e3d11bf8fb965e313a1bfa7d97bbf"}}, {"type": "dnc_complaint", "id": "f19e3d11bf8fb965e313a1bfa7fabec6", "attributes": {"company-phone-number": "8607408076", "created-date": "2021-02-20 23:32:42", "violation-date": "2021-02-20 23:32:42", "consumer-city": "", "consumer-state": "Connecticut", "consumer-area-code": "860", "subject": "No Subject Provided", "recorded-message-or-robocall": "Y"}, "relationships": [], "meta": [], "links": {"self": "https://www.ftc.gov/v0/dnc-complaints/f19e3d11bf8fb965e313a1bfa7fabec6"}}, {"type": "dnc_complaint", "id": "f19e3d11bf8fb965e313a1bfa7fab0c9", "attributes": {"company-phone-number": "3212642782", "created-date": "2021-02-20 23:32:40", "violation-date": "2021-02-20 23:32:40", "consumer-city": "", "consumer-state": "Florida", "consumer-area-code": "321", "subject": "No Subject Provided", "recorded-message-or-robocall": "Y"}, "relationships": [], "meta": [], "links": {"self": "https://www.ftc.gov/v0/dnc-complaints/f19e3d11bf8fb965e313a1bfa7fab0c9"}}, {"type": "dnc_complaint", "id": "f19e3d11bf8fb965e313a1bfa7d96bd7", "attributes": {"company-phone-number": "9019229539", "created-date": "2021-02-20 23:31:26", "violation-date": "2021-02-19 16:40:00", "consumer-city": "", "consumer-state": "Tennessee", "consumer-area-code": "901", "subject": "Other", "recorded-message-or-robocall": "N"}, "relationships": [], "meta": [], "links": {"self": "https://www.ftc.gov/v0/dnc-complaints/f19e3d11bf8fb965e313a1bfa7d96bd7"}}, {"type": "dnc_complaint", "id": "f19e3d11bf8fb965e313a1bfa7d96606", "attributes": {"company-phone-number": "4342349530", "created-date": "2021-02-20 23:30:45", "violation-date": "2021-02-20 23:15:00", "consumer-city": "", "consumer-state": "Virginia", "consumer-area-code": "434", "subject": "Other", "recorded-message-or-robocall": "Y"}, "relationships": [], "meta": [], "links": {"self": "https://www.ftc.gov/v0/dnc-complaints/f19e3d11bf8fb965e313a1bfa7d96606"}}, {"type": "dnc_complaint", "id": "f19e3d11bf8fb965e313a1bfa7d962e5", "attributes": {"company-phone-number": "5409238000", "created-date": "2021-02-20 23:30:41", "violation-date": "2021-02-13 11:53:00", "consumer-city": "", "consumer-state": "Colorado", "consumer-area-code": "720", "subject": "No Subject Provided", "recorded-message-or-robocall": "N"}, "relationships": [], "meta": [], "links": {"self": "https://www.ftc.gov/v0/dnc-complaints/f19e3d11bf8fb965e313a1bfa7d962e5"}}, {"type": "dnc_complaint", "id": "f19e3d11bf8fb965e313a1bfa7faa1a5", "attributes": {"company-phone-number": "+18772584825", "created-date": "2021-02-20 23:29:40", "violation-date": "2021-02-20 23:29:40", "consumer-city": "", "consumer-state": "Hawaii", "consumer-area-code": "808", "subject": "No Subject Provided", "recorded-message-or-robocall": "Y"}, "relationships": [], "meta": [], "links": {"self": "https://www.ftc.gov/v0/dnc-complaints/f19e3d11bf8fb965e313a1bfa7faa1a5"}}, {"type": "dnc_complaint", "id": "f19e3d11bf8fb965e313a1bfa7d95d10", "attributes": {"company-phone-number": "2029686593", "created-date": "2021-02-20 23:29:38", "violation-date": "2021-02-20 15:43:00", "consumer-city": "", "consumer-state": "New York", "consumer-area-code": "585", "subject": "No Subject Provided", "recorded-message-or-robocall": ""}, "relationships": [], "meta": [], "links": {"self": "https://www.ftc.gov/v0/dnc-complaints/f19e3d11bf8fb965e313a1bfa7d95d10"}}], "meta": {"records-this-page": 50, "record-total": 7445}, "links": {"self": "https://www.ftc.gov/v0/dnc-complaints?created_date=%222021-02-20%22"}}