{"data": [{"type": "dnc_complaint", "id": "f43f78c023c6afb05436883fcb402fa6", "attributes": {"company-phone-number": "8584588985", "created-date": "2021-02-03 23:58:21", "violation-date": "2020-12-01 19:38:00", "consumer-city": "", "consumer-state": "California", "consumer-area-code": "858", "subject": "No Subject Provided", "recorded-message-or-robocall": ""}, "relationships": [], "meta": [], "links": {"self": "https://www.ftc.gov/v0/dnc-complaints/f43f78c023c6afb05436883fcb402fa6"}}, {"type": "dnc_complaint", "id": "f43f78c023c6afb05436883fcb403077", "attributes": {"company-phone-number": "2814398966", "created-date": "2021-02-03 23:58:17", "violation-date": "2021-02-03 15:10:00", "consumer-city": "Houston", "consumer-state": "Texas", "consumer-area-code": "281", "subject": "Other", "recorded-message-or-robocall": "N"}, "relationships": [], "meta": [], "links": {"self": "https://www.ftc.gov/v0/dnc-complaints/f43f78c023c6afb05436883fcb403077"}}, {"type": "dnc_complaint", "id": "f43f78c023c6afb05436883fcb402428", "attributes": {"company-phone-number": "", "created-date": "2021-02-03 23:55:29", "violation-date": "2021-01-14 11:52:00", "consumer-city": "Lakeside", "consumer-state": "California", "consumer-area-code": "619", "subject": "Other", "recorded-message-or-robocall": "Y"}, "relationships": [], "meta": [], "links": {"self": "https://www.ftc.gov/v0/dnc-complaints/f43f78c023c6afb05436883fcb402428"}}, {"type": "dnc_complaint", "id": "f43f78c023c6afb05436883fcb40195a", "attributes": {"company-phone-number": "3252373373", "created-date": "2021-02-03 23:55:06", "violation-date": "2021-02-03 15:42:00", "consumer-city": "Houston", "consumer-state": "Texas", "consumer-area-code": "281", "subject": "Other", "recorded-message-or-robocall": "Y"}, "relationships": [], "meta": [], "links": {"self": "https://www.ftc.gov/v0/dnc-complaints/f43f78c023c6afb05436883fcb40195a"}}, {"type": "dnc_complaint", "id": "f43f78c023c6afb05436883fcb400d23", "attributes": {"company-phone-number": "237654965218", "created-date": "2021-02-03 23:55:03", "violation-date": "2021-02-03 17:35:00", "consumer-city": "Marengo", "consumer-state": "Iowa", "consumer-area-code": "319", "subject": "Calls pretending to be government, businesses, or family and friends", "recorded-message-or-robocall": "Y"}, "relationships": [], "meta": [], "links": {"self": "https://www.ftc.gov/v0/dnc-complaints/f43f78c023c6afb05436883fcb400d23"}}, {"type": "dnc_complaint", "id": "f43f78c023c6afb05436883fcb4000ff", "attributes": {"company-phone-number": "", "created-date": "2021-02-03 23:54:46", "violation-date": "2021-02-03 13:00:00", "consumer-city": "Dayton", "consumer-state": "Washington", "consumer-area-code": "425", "subject": "Dropped call or no message", "recorded-message-or-robocall": "Y"}, "relationships": [], "meta": [], "links": {"self": "https://www.ftc.gov/v0/dnc-complaints/f43f78c023c6afb05436883fcb4000ff"}}, {"type": "dnc_complaint", "id": "f43f78c023c6afb05436883fcb3ff766", "attributes": {"company-phone-number": "3192899798", "created-date": "2021-02-03 23:53:31", "violation-date": "2021-02-02 13:18:00", "consumer-city": "Marengo", "consumer-state": "Iowa", "consumer-area-code": "319", "subject": "Calls pretending to be government, businesses, or family and friends", "recorded-message-or-robocall": "Y"}, "relationships": [], "meta": [], "links": {"self": "https://www.ftc.gov/v0/dnc-complaints/f43f78c023c6afb05436883fcb3ff766"}}, {"type": "dnc_complaint", "id": "f43f78c023c6afb05436883fcb3ff055", "attributes": {"company-phone-number": "3196422236", "created-date": "2021-02-03 23:52:38", "violation-date": "2021-02-02 15:55:00", "consumer-city": "Marengo", "consumer-state": "Iowa", "consumer-area-code": "319", "subject": "Calls pretending to be government, businesses, or family and friends", "recorded-message-or-robocall": "Y"}, "relationships": [], "meta": [], "links": {"self": "https://www.ftc.gov/v0/dnc-complaints/f43f78c023c6afb05436883fcb3ff055"}}, {"type": "dnc_complaint", "id": "f43f78c023c6afb05436883fcb3fefab", "attributes": {"company-phone-number": "", "created-date": "2021-02-03 23:52:19", "violation-date": "2021-02-03 10:00:00", "consumer-city": "Dayton", "consumer-state": "Washington", "consumer-area-code": "206", "subject": "Dropped call or no message", "recorded-message-or-robocall": "Y"}, "relationships": [], "meta": [], "links": {"self": "https://www.ftc.gov/v0/dnc-complaints/f43f78c023c6afb05436883fcb3fefab"}}, {"type": "dnc_complaint", "id": "f43f78c023c6afb05436883fcb3feb56", "attributes": {"company-phone-number": "8587981856", "created-date": "2021-02-03 23:52:08", "violation-date": "2020-11-30 14:20:00", "consumer-city": "", "consumer-state": "California", "consumer-area-code": "858", "subject": "No Subject Provided", "recorded-message-or-robocall": ""}, "relationships": [], "meta": [], "links": {"self": "https://www.ftc.gov/v0/dnc-complaints/f43f78c023c6afb05436883fcb3feb56"}}, {"type": "dnc_complaint", "id": "f43f78c023c6afb05436883fcb3fed34", "attributes": {"company-phone-number": "5138665327", "created-date": "2021-02-03 23:51:51", "violation-date": "2021-02-02 08:31:00", "consumer-city": "Marengo", "consumer-state": "Iowa", "consumer-area-code": "319", "subject": "Medical  & prescriptions", "recorded-message-or-robocall": "Y"}, "relationships": [], "meta": [], "links": {"self": "https://www.ftc.gov/v0/dnc-complaints/f43f78c023c6afb05436883fcb3fed34"}}, {"type": "dnc_complaint", "id": "f43f78c023c6afb05436883fcb3fdc0b", "attributes": {"company-phone-number": "3194197343", "created-date": "2021-02-03 23:50:04", "violation-date": "2021-02-03 11:37:00", "consumer-city": "Marengo", "consumer-state": "Iowa", "consumer-area-code": "319", "subject": "Calls pretending to be government, businesses, or family and friends", "recorded-message-or-robocall": "Y"}, "relationships": [], "meta": [], "links": {"self": "https://www.ftc.gov/v0/dnc-complaints/f43f78c023c6afb05436883fcb3fdc0b"}}, {"type": "dnc_complaint", "id": "f43f78c023c6afb05436883fcb3fd236", "attributes": {"company-phone-number": "3197209175", "created-date": "2021-02-03 23:49:15", "violation-date": "2021-02-03 12:23:00", "consumer-city": "Marengo", "consumer-state": "Iowa", "consumer-area-code": "319", "subject": "Calls pretending to be government, businesses, or family and friends", "recorded-message-or-robocall": "Y"}, "relationships": [], "meta": [], "links": {"self": "https://www.ftc.gov/v0/dnc-complaints/f43f78c023c6afb05436883fcb3fd236"}}, {"type": "dnc_complaint", "id": "f43f78c023c6afb05436883fcb3fc870", "attributes": {"company-phone-number": "8339652994", "created-date": "2021-02-03 23:48:57", "violation-date": "2021-02-03 16:03:00", "consumer-city": "", "consumer-state": "Colorado", "consumer-area-code": "719", "subject": "Other", "recorded-message-or-robocall": ""}, "relationships": [], "meta": [], "links": {"self": "https://www.ftc.gov/v0/dnc-complaints/f43f78c023c6afb05436883fcb3fc870"}}, {"type": "dnc_complaint", "id": "f43f78c023c6afb05436883fcb3fb8c5", "attributes": {"company-phone-number": "2814662776", "created-date": "2021-02-03 23:48:55", "violation-date": "2021-02-03 13:55:00", "consumer-city": "Houston", "consumer-state": "Texas", "consumer-area-code": "281", "subject": "Reducing your debt (credit cards, mortgage, student loans)", "recorded-message-or-robocall": "Y"}, "relationships": [], "meta": [], "links": {"self": "https://www.ftc.gov/v0/dnc-complaints/f43f78c023c6afb05436883fcb3fb8c5"}}, {"type": "dnc_complaint", "id": "f43f78c023c6afb05436883fcb3fb744", "attributes": {"company-phone-number": "8003115531", "created-date": "2021-02-03 23:48:55", "violation-date": "2021-02-03 15:11:00", "consumer-city": "Rock ISLAND", "consumer-state": "Illinois", "consumer-area-code": "309", "subject": "Reducing your debt (credit cards, mortgage, student loans)", "recorded-message-or-robocall": "Y"}, "relationships": [], "meta": [], "links": {"self": "https://www.ftc.gov/v0/dnc-complaints/f43f78c023c6afb05436883fcb3fb744"}}, {"type": "dnc_complaint", "id": "f43f78c023c6afb05436883fcb3fabb5", "attributes": {"company-phone-number": "", "created-date": "2021-02-03 23:48:55", "violation-date": "2021-02-03 16:03:00", "consumer-city": "", "consumer-state": "Colorado", "consumer-area-code": "719", "subject": "Other", "recorded-message-or-robocall": "Y"}, "relationships": [], "meta": [], "links": {"self": "https://www.ftc.gov/v0/dnc-complaints/f43f78c023c6afb05436883fcb3fabb5"}}, {"type": "dnc_complaint", "id": "f43f78c023c6afb05436883fcb3f86ef", "attributes": {"company-phone-number": "8587487982", "created-date": "2021-02-03 23:48:47", "violation-date": "2021-02-02 14:01:00", "consumer-city": "", "consumer-state": "California", "consumer-area-code": "858", "subject": "No Subject Provided", "recorded-message-or-robocall": ""}, "relationships": [], "meta": [], "links": {"self": "https://www.ftc.gov/v0/dnc-complaints/f43f78c023c6afb05436883fcb3f86ef"}}, {"type": "dnc_complaint", "id": "f43f78c023c6afb05436883fcb3fa52e", "attributes": {"company-phone-number": "3193021275", "created-date": "2021-02-03 23:48:33", "violation-date": "2021-02-03 13:57:00", "consumer-city": "Marengo", "consumer-state": "Iowa", "consumer-area-code": "319", "subject": "Calls pretending to be government, businesses, or family and friends", "recorded-message-or-robocall": "Y"}, "relationships": [], "meta": [], "links": {"self": "https://www.ftc.gov/v0/dnc-complaints/f43f78c023c6afb05436883fcb3fa52e"}}, {"type": "dnc_complaint", "id": "f43f78c023c6afb05436883fcb3f96cc", "attributes": {"company-phone-number": "7576182250", "created-date": "2021-02-03 23:47:50", "violation-date": "2021-02-03 19:42:00", "consumer-city": "", "consumer-state": "Virginia", "consumer-area-code": "434", "subject": "Other", "recorded-message-or-robocall": "Y"}, "relationships": [], "meta": [], "links": {"self": "https://www.ftc.gov/v0/dnc-complaints/f43f78c023c6afb05436883fcb3f96cc"}}, {"type": "dnc_complaint", "id": "f43f78c023c6afb05436883fcb3f7884", "attributes": {"company-phone-number": "3194715336", "created-date": "2021-02-03 23:47:37", "violation-date": "2021-02-03 15:23:00", "consumer-city": "Marengo", "consumer-state": "Iowa", "consumer-area-code": "319", "subject": "Calls pretending to be government, businesses, or family and friends", "recorded-message-or-robocall": "Y"}, "relationships": [], "meta": [], "links": {"self": "https://www.ftc.gov/v0/dnc-complaints/f43f78c023c6afb05436883fcb3f7884"}}, {"type": "dnc_complaint", "id": "f43f78c023c6afb05436883fcb3f7686", "attributes": {"company-phone-number": "3196665693", "created-date": "2021-02-03 23:46:45", "violation-date": "2021-02-03 15:46:00", "consumer-city": "Marengo", "consumer-state": "Iowa", "consumer-area-code": "319", "subject": "Calls pretending to be government, businesses, or family and friends", "recorded-message-or-robocall": "Y"}, "relationships": [], "meta": [], "links": {"self": "https://www.ftc.gov/v0/dnc-complaints/f43f78c023c6afb05436883fcb3f7686"}}, {"type": "dnc_complaint", "id": "f43f78c023c6afb05436883fcb3f6e19", "attributes": {"company-phone-number": "2810251123", "created-date": "2021-02-03 23:46:43", "violation-date": "2021-02-03 13:24:00", "consumer-city": "Houston", "consumer-state": "Texas", "consumer-area-code": "281", "subject": "Other", "recorded-message-or-robocall": "Y"}, "relationships": [], "meta": [], "links": {"self": "https://www.ftc.gov/v0/dnc-complaints/f43f78c023c6afb05436883fcb3f6e19"}}, {"type": "dnc_complaint", "id": "f43f78c023c6afb05436883fcb3f6dd0", "attributes": {"company-phone-number": "7403371231", "created-date": "2021-02-03 23:45:47", "violation-date": "2021-02-03 22:43:00", "consumer-city": "Chatham", "consumer-state": "Illinois", "consumer-area-code": "734", "subject": "No Subject Provided", "recorded-message-or-robocall": "Y"}, "relationships": [], "meta": [], "links": {"self": "https://www.ftc.gov/v0/dnc-complaints/f43f78c023c6afb05436883fcb3f6dd0"}}, {"type": "dnc_complaint", "id": "f43f78c023c6afb05436883fcb3f6d5b", "attributes": {"company-phone-number": "7164759544", "created-date": "2021-02-03 23:45:28", "violation-date": "2021-02-03 12:00:00", "consumer-city": "Vero Beach", "consumer-state": "Florida", "consumer-area-code": "772", "subject": "Other", "recorded-message-or-robocall": "Y"}, "relationships": [], "meta": [], "links": {"self": "https://www.ftc.gov/v0/dnc-complaints/f43f78c023c6afb05436883fcb3f6d5b"}}, {"type": "dnc_complaint", "id": "f43f78c023c6afb05436883fcb3f6253", "attributes": {"company-phone-number": "9167294499", "created-date": "2021-02-03 23:45:10", "violation-date": "2021-02-03 11:30:00", "consumer-city": "Citrus Heights", "consumer-state": "California", "consumer-area-code": "916", "subject": "Medical  & prescriptions", "recorded-message-or-robocall": "Y"}, "relationships": [], "meta": [], "links": {"self": "https://www.ftc.gov/v0/dnc-complaints/f43f78c023c6afb05436883fcb3f6253"}}, {"type": "dnc_complaint", "id": "f43f78c023c6afb05436883fcb3f4d5e", "attributes": {"company-phone-number": "8508661746", "created-date": "2021-02-03 23:45:03", "violation-date": "2020-11-27 08:16:00", "consumer-city": "", "consumer-state": "California", "consumer-area-code": "858", "subject": "No Subject Provided", "recorded-message-or-robocall": ""}, "relationships": [], "meta": [], "links": {"self": "https://www.ftc.gov/v0/dnc-complaints/f43f78c023c6afb05436883fcb3f4d5e"}}, {"type": "dnc_complaint", "id": "f43f78c023c6afb05436883fcb3f5e88", "attributes": {"company-phone-number": "8475795225", "created-date": "2021-02-03 23:45:01", "violation-date": "2021-02-03 19:04:00", "consumer-city": "Chatham", "consumer-state": "Illinois", "consumer-area-code": "734", "subject": "No Subject Provided", "recorded-message-or-robocall": "Y"}, "relationships": [], "meta": [], "links": {"self": "https://www.ftc.gov/v0/dnc-complaints/f43f78c023c6afb05436883fcb3f5e88"}}, {"type": "dnc_complaint", "id": "f43f78c023c6afb05436883fcb3f5121", "attributes": {"company-phone-number": "2814519796", "created-date": "2021-02-03 23:44:45", "violation-date": "2021-02-03 12:22:00", "consumer-city": "Houston", "consumer-state": "Texas", "consumer-area-code": "281", "subject": "Other", "recorded-message-or-robocall": "N"}, "relationships": [], "meta": [], "links": {"self": "https://www.ftc.gov/v0/dnc-complaints/f43f78c023c6afb05436883fcb3f5121"}}, {"type": "dnc_complaint", "id": "f43f78c023c6afb05436883fcb3f4fa5", "attributes": {"company-phone-number": "7403371231", "created-date": "2021-02-03 23:44:20", "violation-date": "2021-02-03 17:13:00", "consumer-city": "Chatham", "consumer-state": "Illinois", "consumer-area-code": "734", "subject": "No Subject Provided", "recorded-message-or-robocall": "Y"}, "relationships": [], "meta": [], "links": {"self": "https://www.ftc.gov/v0/dnc-complaints/f43f78c023c6afb05436883fcb3f4fa5"}}, {"type": "dnc_complaint", "id": "f43f78c023c6afb05436883fcb3f492a", "attributes": {"company-phone-number": "9164851765", "created-date": "2021-02-03 23:43:29", "violation-date": "2021-01-31 14:05:00", "consumer-city": "Carmichael", "consumer-state": "California", "consumer-area-code": "916", "subject": "Calls pretending to be government, businesses, or family and friends", "recorded-message-or-robocall": "N"}, "relationships": [], "meta": [], "links": {"self": "https://www.ftc.gov/v0/dnc-complaints/f43f78c023c6afb05436883fcb3f492a"}}, {"type": "dnc_complaint", "id": "f43f78c023c6afb05436883fcb3f40f9", "attributes": {"company-phone-number": "7018050263", "created-date": "2021-02-03 23:43:23", "violation-date": "2021-02-03 14:58:00", "consumer-city": "Chatham", "consumer-state": "Michigan", "consumer-area-code": "734", "subject": "No Subject Provided", "recorded-message-or-robocall": "Y"}, "relationships": [], "meta": [], "links": {"self": "https://www.ftc.gov/v0/dnc-complaints/f43f78c023c6afb05436883fcb3f40f9"}}, {"type": "dnc_complaint", "id": "f43f78c023c6afb05436883fcb3f4022", "attributes": {"company-phone-number": "2246230445", "created-date": "2021-02-03 23:42:32", "violation-date": "2021-02-03 14:44:00", "consumer-city": "Chatham", "consumer-state": "Michigan", "consumer-area-code": "734", "subject": "Other", "recorded-message-or-robocall": "Y"}, "relationships": [], "meta": [], "links": {"self": "https://www.ftc.gov/v0/dnc-complaints/f43f78c023c6afb05436883fcb3f4022"}}, {"type": "dnc_complaint", "id": "f43f78c023c6afb05436883fcb3f39a1", "attributes": {"company-phone-number": "8886065163", "created-date": "2021-02-03 23:41:23", "violation-date": "2021-02-02 14:49:00", "consumer-city": "Los Angeles", "consumer-state": "California", "consumer-area-code": "323", "subject": "Dropped call or no message", "recorded-message-or-robocall": ""}, "relationships": [], "meta": [], "links": {"self": "https://www.ftc.gov/v0/dnc-complaints/f43f78c023c6afb05436883fcb3f39a1"}}, {"type": "dnc_complaint", "id": "f43f78c023c6afb05436883fcb3f309d", "attributes": {"company-phone-number": "8185614712", "created-date": "2021-02-03 23:41:11", "violation-date": "2021-02-03 13:29:00", "consumer-city": "", "consumer-state": "California", "consumer-area-code": "818", "subject": "No Subject Provided", "recorded-message-or-robocall": "N"}, "relationships": [], "meta": [], "links": {"self": "https://www.ftc.gov/v0/dnc-complaints/f43f78c023c6afb05436883fcb3f309d"}}, {"type": "dnc_complaint", "id": "f43f78c023c6afb05436883fcb3f2420", "attributes": {"company-phone-number": "3237410453", "created-date": "2021-02-03 23:40:35", "violation-date": "2021-02-03 16:39:00", "consumer-city": "", "consumer-state": "California", "consumer-area-code": "323", "subject": "Reducing your debt (credit cards, mortgage, student loans)", "recorded-message-or-robocall": "Y"}, "relationships": [], "meta": [], "links": {"self": "https://www.ftc.gov/v0/dnc-complaints/f43f78c023c6afb05436883fcb3f2420"}}, {"type": "dnc_complaint", "id": "f43f78c023c6afb05436883fcb3f136e", "attributes": {"company-phone-number": "8189574752", "created-date": "2021-02-03 23:39:34", "violation-date": "2021-02-03 16:27:00", "consumer-city": "", "consumer-state": "California", "consumer-area-code": "818", "subject": "No Subject Provided", "recorded-message-or-robocall": "N"}, "relationships": [], "meta": [], "links": {"self": "https://www.ftc.gov/v0/dnc-complaints/f43f78c023c6afb05436883fcb3f136e"}}, {"type": "dnc_complaint", "id": "f43f78c023c6afb05436883fcb3f20d7", "attributes": {"company-phone-number": "7479763491", "created-date": "2021-02-03 23:39:20", "violation-date": "2021-02-03 10:08:00", "consumer-city": "Temecula", "consumer-state": "California", "consumer-area-code": "951", "subject": "Warranties  & protection plans", "recorded-message-or-robocall": "Y"}, "relationships": [], "meta": [], "links": {"self": "https://www.ftc.gov/v0/dnc-complaints/f43f78c023c6afb05436883fcb3f20d7"}}, {"type": "dnc_complaint", "id": "f43f78c023c6afb05436883fcb3f163b", "attributes": {"company-phone-number": "3233969965", "created-date": "2021-02-03 23:39:19", "violation-date": "2021-02-03 09:58:00", "consumer-city": "", "consumer-state": "California", "consumer-area-code": "323", "subject": "Other", "recorded-message-or-robocall": "Y"}, "relationships": [], "meta": [], "links": {"self": "https://www.ftc.gov/v0/dnc-complaints/f43f78c023c6afb05436883fcb3f163b"}}, {"type": "dnc_complaint", "id": "f43f78c023c6afb05436883fcb3f0e24", "attributes": {"company-phone-number": "5156063815", "created-date": "2021-02-03 23:38:02", "violation-date": "2021-02-03 12:12:00", "consumer-city": "Chatham", "consumer-state": "Michigan", "consumer-area-code": "734", "subject": "No Subject Provided", "recorded-message-or-robocall": "Y"}, "relationships": [], "meta": [], "links": {"self": "https://www.ftc.gov/v0/dnc-complaints/f43f78c023c6afb05436883fcb3f0e24"}}, {"type": "dnc_complaint", "id": "f43f78c023c6afb05436883fcb3f0918", "attributes": {"company-phone-number": "8183520435", "created-date": "2021-02-03 23:37:48", "violation-date": "2021-02-03 17:02:00", "consumer-city": "", "consumer-state": "California", "consumer-area-code": "818", "subject": "No Subject Provided", "recorded-message-or-robocall": "N"}, "relationships": [], "meta": [], "links": {"self": "https://www.ftc.gov/v0/dnc-complaints/f43f78c023c6afb05436883fcb3f0918"}}, {"type": "dnc_complaint", "id": "f43f78c023c6afb05436883fcb3efaf6", "attributes": {"company-phone-number": "8669150017", "created-date": "2021-02-03 23:37:15", "violation-date": "2021-02-03 10:52:00", "consumer-city": "Chatham", "consumer-state": "Illinois", "consumer-area-code": "734", "subject": "Other", "recorded-message-or-robocall": "Y"}, "relationships": [], "meta": [], "links": {"self": "https://www.ftc.gov/v0/dnc-complaints/f43f78c023c6afb05436883fcb3efaf6"}}, {"type": "dnc_complaint", "id": "f43f78c023c6afb05436883fcb3ef5e7", "attributes": {"company-phone-number": "6014380635", "created-date": "2021-02-03 23:34:38", "violation-date": "2021-02-03 10:35:00", "consumer-city": "Purvis", "consumer-state": "Mississippi", "consumer-area-code": "601", "subject": "Warranties  & protection plans", "recorded-message-or-robocall": "Y"}, "relationships": [], "meta": [], "links": {"self": "https://www.ftc.gov/v0/dnc-complaints/f43f78c023c6afb05436883fcb3ef5e7"}}, {"type": "dnc_complaint", "id": "f43f78c023c6afb05436883fcb3eecf9", "attributes": {"company-phone-number": "8568613569", "created-date": "2021-02-03 23:32:29", "violation-date": "2021-02-03 19:33:00", "consumer-city": "Mableton", "consumer-state": "Georgia", "consumer-area-code": "678", "subject": "Other", "recorded-message-or-robocall": "N"}, "relationships": [], "meta": [], "links": {"self": "https://www.ftc.gov/v0/dnc-complaints/f43f78c023c6afb05436883fcb3eecf9"}}, {"type": "dnc_complaint", "id": "f43f78c023c6afb05436883fcb3ee598", "attributes": {"company-phone-number": "9498447024", "created-date": "2021-02-03 23:28:27", "violation-date": "2021-02-03 15:56:00", "consumer-city": "", "consumer-state": "California", "consumer-area-code": "559", "subject": "Calls pretending to be government, businesses, or family and friends", "recorded-message-or-robocall": "N"}, "relationships": [], "meta": [], "links": {"self": "https://www.ftc.gov/v0/dnc-complaints/f43f78c023c6afb05436883fcb3ee598"}}, {"type": "dnc_complaint", "id": "f43f78c023c6afb05436883fcb3ee234", "attributes": {"company-phone-number": "22867841101228900639", "created-date": "2021-02-03 23:28:22", "violation-date": "2017-01-01 00:00:00", "consumer-city": "Gulfport", "consumer-state": "Mississippi", "consumer-area-code": "228", "subject": "Calls pretending to be government, businesses, or family and friends", "recorded-message-or-robocall": "Y"}, "relationships": [], "meta": [], "links": {"self": "https://www.ftc.gov/v0/dnc-complaints/f43f78c023c6afb05436883fcb3ee234"}}, {"type": "dnc_complaint", "id": "f43f78c023c6afb05436883fcb3ee11f", "attributes": {"company-phone-number": "4164667354", "created-date": "2021-02-03 23:27:42", "violation-date": "2021-02-03 15:32:00", "consumer-city": "Columbus", "consumer-state": "Ohio", "consumer-area-code": "614", "subject": "Calls pretending to be government, businesses, or family and friends", "recorded-message-or-robocall": "Y"}, "relationships": [], "meta": [], "links": {"self": "https://www.ftc.gov/v0/dnc-complaints/f43f78c023c6afb05436883fcb3ee11f"}}, {"type": "dnc_complaint", "id": "f43f78c023c6afb05436883fcb3ed3cc", "attributes": {"company-phone-number": "8603215802", "created-date": "2021-02-03 23:27:40", "violation-date": "2021-01-26 16:57:00", "consumer-city": "", "consumer-state": "Connecticut", "consumer-area-code": "860", "subject": "Other", "recorded-message-or-robocall": ""}, "relationships": [], "meta": [], "links": {"self": "https://www.ftc.gov/v0/dnc-complaints/f43f78c023c6afb05436883fcb3ed3cc"}}, {"type": "dnc_complaint", "id": "f43f78c023c6afb05436883fcb3ecc11", "attributes": {"company-phone-number": "8652903175", "created-date": "2021-02-03 23:27:23", "violation-date": "2021-02-01 00:00:00", "consumer-city": "", "consumer-state": "North Carolina", "consumer-area-code": "252", "subject": "No Subject Provided", "recorded-message-or-robocall": "Y"}, "relationships": [], "meta": [], "links": {"self": "https://www.ftc.gov/v0/dnc-complaints/f43f78c023c6afb05436883fcb3ecc11"}}, {"type": "dnc_complaint", "id": "f43f78c023c6afb05436883fcb3ec129", "attributes": {"company-phone-number": "9490881238", "created-date": "2021-02-03 23:27:11", "violation-date": "2021-02-03 13:57:00", "consumer-city": "", "consumer-state": "California", "consumer-area-code": "559", "subject": "Other", "recorded-message-or-robocall": "N"}, "relationships": [], "meta": [], "links": {"self": "https://www.ftc.gov/v0/dnc-complaints/f43f78c023c6afb05436883fcb3ec129"}}], "meta": {"records-this-page": 50, "record-total": 16867}, "links": {"self": "https://www.ftc.gov/v0/dnc-complaints?created_date=%222021-02-03%22"}}