{"data": [{"type": "dnc_complaint", "id": "8f94c31de100ed7f9ce5eb57cadf530d", "attributes": {"company-phone-number": "5207773401", "created-date": "2021-02-19 23:59:34", "violation-date": "2021-02-19 00:00:00", "consumer-city": "", "consumer-state": "Colorado", "consumer-area-code": "720", "subject": "Other", "recorded-message-or-robocall": "N"}, "relationships": [], "meta": [], "links": {"self": "https://www.ftc.gov/v0/dnc-complaints/8f94c31de100ed7f9ce5eb57cadf530d"}}, {"type": "dnc_complaint", "id": "f19e3d11bf8fb965e313a1bfa71496ed", "attributes": {"company-phone-number": "+18444200202", "created-date": "2021-02-19 23:59:30", "violation-date": "2021-02-19 23:59:30", "consumer-city": "", "consumer-state": "Florida", "consumer-area-code": "786", "subject": "No Subject Provided", "recorded-message-or-robocall": "Y"}, "relationships": [], "meta": [], "links": {"self": "https://www.ftc.gov/v0/dnc-complaints/f19e3d11bf8fb965e313a1bfa71496ed"}}, {"type": "dnc_complaint", "id": "8f94c31de100ed7f9ce5eb57cadf46b5", "attributes": {"company-phone-number": "4044754873", "created-date": "2021-02-19 23:59:21", "violation-date": "2021-02-19 13:23:00", "consumer-city": "Atlanta", "consumer-state": "Georgia", "consumer-area-code": "404", "subject": "Other", "recorded-message-or-robocall": "Y"}, "relationships": [], "meta": [], "links": {"self": "https://www.ftc.gov/v0/dnc-complaints/8f94c31de100ed7f9ce5eb57cadf46b5"}}, {"type": "dnc_complaint", "id": "f19e3d11bf8fb965e313a1bfa71491eb", "attributes": {"company-phone-number": "7322509764", "created-date": "2021-02-19 23:59:19", "violation-date": "2021-02-19 23:59:19", "consumer-city": "", "consumer-state": "New Jersey", "consumer-area-code": "732", "subject": "No Subject Provided", "recorded-message-or-robocall": "N"}, "relationships": [], "meta": [], "links": {"self": "https://www.ftc.gov/v0/dnc-complaints/f19e3d11bf8fb965e313a1bfa71491eb"}}, {"type": "dnc_complaint", "id": "f19e3d11bf8fb965e313a1bfa71470c9", "attributes": {"company-phone-number": "2018606574", "created-date": "2021-02-19 23:59:19", "violation-date": "2021-02-19 23:59:19", "consumer-city": "", "consumer-state": "New Jersey", "consumer-area-code": "201", "subject": "No Subject Provided", "recorded-message-or-robocall": "Y"}, "relationships": [], "meta": [], "links": {"self": "https://www.ftc.gov/v0/dnc-complaints/f19e3d11bf8fb965e313a1bfa71470c9"}}, {"type": "dnc_complaint", "id": "f19e3d11bf8fb965e313a1bfa7146f4d", "attributes": {"company-phone-number": "2018606574", "created-date": "2021-02-19 23:59:18", "violation-date": "2021-02-19 23:59:18", "consumer-city": "", "consumer-state": "New Jersey", "consumer-area-code": "201", "subject": "No Subject Provided", "recorded-message-or-robocall": "Y"}, "relationships": [], "meta": [], "links": {"self": "https://www.ftc.gov/v0/dnc-complaints/f19e3d11bf8fb965e313a1bfa7146f4d"}}, {"type": "dnc_complaint", "id": "8f94c31de100ed7f9ce5eb57cadf39b0", "attributes": {"company-phone-number": "8059799216", "created-date": "2021-02-19 23:59:11", "violation-date": "2021-02-19 14:19:00", "consumer-city": "", "consumer-state": "Nevada", "consumer-area-code": "702", "subject": "Other", "recorded-message-or-robocall": "N"}, "relationships": [], "meta": [], "links": {"self": "https://www.ftc.gov/v0/dnc-complaints/8f94c31de100ed7f9ce5eb57cadf39b0"}}, {"type": "dnc_complaint", "id": "f19e3d11bf8fb965e313a1bfa7147837", "attributes": {"company-phone-number": "+12675708321", "created-date": "2021-02-19 23:58:46", "violation-date": "2021-02-19 23:58:46", "consumer-city": "", "consumer-state": "New York", "consumer-area-code": "347", "subject": "No Subject Provided", "recorded-message-or-robocall": "Y"}, "relationships": [], "meta": [], "links": {"self": "https://www.ftc.gov/v0/dnc-complaints/f19e3d11bf8fb965e313a1bfa7147837"}}, {"type": "dnc_complaint", "id": "8f94c31de100ed7f9ce5eb57cadf2e3e", "attributes": {"company-phone-number": "7026058040", "created-date": "2021-02-19 23:58:17", "violation-date": "2021-02-19 09:16:00", "consumer-city": "", "consumer-state": "Nevada", "consumer-area-code": "702", "subject": "Other", "recorded-message-or-robocall": "N"}, "relationships": [], "meta": [], "links": {"self": "https://www.ftc.gov/v0/dnc-complaints/8f94c31de100ed7f9ce5eb57cadf2e3e"}}, {"type": "dnc_complaint", "id": "f19e3d11bf8fb965e313a1bfa714efdd", "attributes": {"company-phone-number": "6152743435", "created-date": "2021-02-19 23:58:15", "violation-date": "2021-02-19 23:58:15", "consumer-city": "", "consumer-state": "Tennessee", "consumer-area-code": "615", "subject": "No Subject Provided", "recorded-message-or-robocall": "N"}, "relationships": [], "meta": [], "links": {"self": "https://www.ftc.gov/v0/dnc-complaints/f19e3d11bf8fb965e313a1bfa714efdd"}}, {"type": "dnc_complaint", "id": "8f94c31de100ed7f9ce5eb57cadf2411", "attributes": {"company-phone-number": "8886546481", "created-date": "2021-02-19 23:58:13", "violation-date": "2021-02-19 14:17:00", "consumer-city": "Tega Cay", "consumer-state": "South Carolina", "consumer-area-code": "803", "subject": "Other", "recorded-message-or-robocall": "N"}, "relationships": [], "meta": [], "links": {"self": "https://www.ftc.gov/v0/dnc-complaints/8f94c31de100ed7f9ce5eb57cadf2411"}}, {"type": "dnc_complaint", "id": "f19e3d11bf8fb965e313a1bfa714aae7", "attributes": {"company-phone-number": "+14806742457", "created-date": "2021-02-19 23:58:02", "violation-date": "2021-02-19 23:58:02", "consumer-city": "", "consumer-state": "Missouri", "consumer-area-code": "636", "subject": "No Subject Provided", "recorded-message-or-robocall": "Y"}, "relationships": [], "meta": [], "links": {"self": "https://www.ftc.gov/v0/dnc-complaints/f19e3d11bf8fb965e313a1bfa714aae7"}}, {"type": "dnc_complaint", "id": "8f94c31de100ed7f9ce5eb57cadf218c", "attributes": {"company-phone-number": "6782553160", "created-date": "2021-02-19 23:57:39", "violation-date": "2021-02-19 16:52:00", "consumer-city": "Atlanta", "consumer-state": "Georgia", "consumer-area-code": "404", "subject": "Other", "recorded-message-or-robocall": "Y"}, "relationships": [], "meta": [], "links": {"self": "https://www.ftc.gov/v0/dnc-complaints/8f94c31de100ed7f9ce5eb57cadf218c"}}, {"type": "dnc_complaint", "id": "8f94c31de100ed7f9ce5eb57cadf1e55", "attributes": {"company-phone-number": "6158625868", "created-date": "2021-02-19 23:57:28", "violation-date": "2021-02-18 13:08:00", "consumer-city": "Old Hickory", "consumer-state": "Tennessee", "consumer-area-code": "615", "subject": "Other", "recorded-message-or-robocall": "N"}, "relationships": [], "meta": [], "links": {"self": "https://www.ftc.gov/v0/dnc-complaints/8f94c31de100ed7f9ce5eb57cadf1e55"}}, {"type": "dnc_complaint", "id": "f19e3d11bf8fb965e313a1bfa714e0b7", "attributes": {"company-phone-number": "+17874986113", "created-date": "2021-02-19 23:57:22", "violation-date": "2021-02-19 23:57:22", "consumer-city": "", "consumer-state": "Puerto Rico", "consumer-area-code": "787", "subject": "No Subject Provided", "recorded-message-or-robocall": "Y"}, "relationships": [], "meta": [], "links": {"self": "https://www.ftc.gov/v0/dnc-complaints/f19e3d11bf8fb965e313a1bfa714e0b7"}}, {"type": "dnc_complaint", "id": "f19e3d11bf8fb965e313a1bfa714a68a", "attributes": {"company-phone-number": "2565807240", "created-date": "2021-02-19 23:57:14", "violation-date": "2021-02-19 23:57:14", "consumer-city": "", "consumer-state": "Alabama", "consumer-area-code": "334", "subject": "No Subject Provided", "recorded-message-or-robocall": "Y"}, "relationships": [], "meta": [], "links": {"self": "https://www.ftc.gov/v0/dnc-complaints/f19e3d11bf8fb965e313a1bfa714a68a"}}, {"type": "dnc_complaint", "id": "8f94c31de100ed7f9ce5eb57cadf189d", "attributes": {"company-phone-number": "5039371991", "created-date": "2021-02-19 23:57:10", "violation-date": "2021-02-19 08:20:00", "consumer-city": "", "consumer-state": "Nevada", "consumer-area-code": "702", "subject": "Other", "recorded-message-or-robocall": "N"}, "relationships": [], "meta": [], "links": {"self": "https://www.ftc.gov/v0/dnc-complaints/8f94c31de100ed7f9ce5eb57cadf189d"}}, {"type": "dnc_complaint", "id": "8f94c31de100ed7f9ce5eb57cadf11c3", "attributes": {"company-phone-number": "", "created-date": "2021-02-19 23:57:03", "violation-date": "2021-02-19 20:41:00", "consumer-city": "Rocklin", "consumer-state": "California", "consumer-area-code": "916", "subject": "Lotteries, prizes  & sweepstakes", "recorded-message-or-robocall": "Y"}, "relationships": [], "meta": [], "links": {"self": "https://www.ftc.gov/v0/dnc-complaints/8f94c31de100ed7f9ce5eb57cadf11c3"}}, {"type": "dnc_complaint", "id": "f19e3d11bf8fb965e313a1bfa714d132", "attributes": {"company-phone-number": "3617652681", "created-date": "2021-02-19 23:57:01", "violation-date": "2021-02-19 23:57:01", "consumer-city": "", "consumer-state": "Texas", "consumer-area-code": "361", "subject": "No Subject Provided", "recorded-message-or-robocall": "Y"}, "relationships": [], "meta": [], "links": {"self": "https://www.ftc.gov/v0/dnc-complaints/f19e3d11bf8fb965e313a1bfa714d132"}}, {"type": "dnc_complaint", "id": "8f94c31de100ed7f9ce5eb57cadf0548", "attributes": {"company-phone-number": "6616091506", "created-date": "2021-02-19 23:56:53", "violation-date": "2021-02-19 20:45:00", "consumer-city": "Palmdale", "consumer-state": "California", "consumer-area-code": "661", "subject": "Other", "recorded-message-or-robocall": "N"}, "relationships": [], "meta": [], "links": {"self": "https://www.ftc.gov/v0/dnc-complaints/8f94c31de100ed7f9ce5eb57cadf0548"}}, {"type": "dnc_complaint", "id": "f19e3d11bf8fb965e313a1bfa714b8fb", "attributes": {"company-phone-number": "3307807567", "created-date": "2021-02-19 23:56:52", "violation-date": "2021-02-19 23:56:52", "consumer-city": "", "consumer-state": "Ohio", "consumer-area-code": "330", "subject": "No Subject Provided", "recorded-message-or-robocall": "Y"}, "relationships": [], "meta": [], "links": {"self": "https://www.ftc.gov/v0/dnc-complaints/f19e3d11bf8fb965e313a1bfa714b8fb"}}, {"type": "dnc_complaint", "id": "8f94c31de100ed7f9ce5eb57cadefa88", "attributes": {"company-phone-number": "4049744073", "created-date": "2021-02-19 23:55:58", "violation-date": "2021-02-19 09:13:00", "consumer-city": "Atlanta", "consumer-state": "Georgia", "consumer-area-code": "404", "subject": "Other", "recorded-message-or-robocall": "Y"}, "relationships": [], "meta": [], "links": {"self": "https://www.ftc.gov/v0/dnc-complaints/8f94c31de100ed7f9ce5eb57cadefa88"}}, {"type": "dnc_complaint", "id": "8f94c31de100ed7f9ce5eb57cadef4ad", "attributes": {"company-phone-number": "7145385208", "created-date": "2021-02-19 23:55:55", "violation-date": "2021-02-19 17:25:00", "consumer-city": "Fullerton", "consumer-state": "California", "consumer-area-code": "714", "subject": "Other", "recorded-message-or-robocall": "N"}, "relationships": [], "meta": [], "links": {"self": "https://www.ftc.gov/v0/dnc-complaints/8f94c31de100ed7f9ce5eb57cadef4ad"}}, {"type": "dnc_complaint", "id": "f19e3d11bf8fb965e313a1bfa714c28a", "attributes": {"company-phone-number": "+17255021984", "created-date": "2021-02-19 23:55:33", "violation-date": "2021-02-19 23:55:33", "consumer-city": "", "consumer-state": "Nevada", "consumer-area-code": "702", "subject": "No Subject Provided", "recorded-message-or-robocall": "Y"}, "relationships": [], "meta": [], "links": {"self": "https://www.ftc.gov/v0/dnc-complaints/f19e3d11bf8fb965e313a1bfa714c28a"}}, {"type": "dnc_complaint", "id": "f19e3d11bf8fb965e313a1bfa71481f5", "attributes": {"company-phone-number": "+17045502201", "created-date": "2021-02-19 23:55:02", "violation-date": "2021-02-19 23:55:02", "consumer-city": "", "consumer-state": "Georgia", "consumer-area-code": "404", "subject": "No Subject Provided", "recorded-message-or-robocall": "Y"}, "relationships": [], "meta": [], "links": {"self": "https://www.ftc.gov/v0/dnc-complaints/f19e3d11bf8fb965e313a1bfa71481f5"}}, {"type": "dnc_complaint", "id": "8f94c31de100ed7f9ce5eb57cadee580", "attributes": {"company-phone-number": "8184142200", "created-date": "2021-02-19 23:54:42", "violation-date": "2021-02-18 14:55:00", "consumer-city": "La Crescenta", "consumer-state": "California", "consumer-area-code": "818", "subject": "Other", "recorded-message-or-robocall": "Y"}, "relationships": [], "meta": [], "links": {"self": "https://www.ftc.gov/v0/dnc-complaints/8f94c31de100ed7f9ce5eb57cadee580"}}, {"type": "dnc_complaint", "id": "8f94c31de100ed7f9ce5eb57cadee032", "attributes": {"company-phone-number": "2172039455", "created-date": "2021-02-19 23:53:54", "violation-date": "2021-02-18 15:11:00", "consumer-city": "Atlanta", "consumer-state": "Georgia", "consumer-area-code": "404", "subject": "Other", "recorded-message-or-robocall": "Y"}, "relationships": [], "meta": [], "links": {"self": "https://www.ftc.gov/v0/dnc-complaints/8f94c31de100ed7f9ce5eb57cadee032"}}, {"type": "dnc_complaint", "id": "8f94c31de100ed7f9ce5eb57cadedb52", "attributes": {"company-phone-number": "8184149710", "created-date": "2021-02-19 23:53:37", "violation-date": "2021-02-18 11:22:00", "consumer-city": "La Crescenta", "consumer-state": "California", "consumer-area-code": "818", "subject": "Other", "recorded-message-or-robocall": "Y"}, "relationships": [], "meta": [], "links": {"self": "https://www.ftc.gov/v0/dnc-complaints/8f94c31de100ed7f9ce5eb57cadedb52"}}, {"type": "dnc_complaint", "id": "f19e3d11bf8fb965e313a1bfa7142a14", "attributes": {"company-phone-number": "4432642722", "created-date": "2021-02-19 23:53:29", "violation-date": "2021-02-19 23:53:29", "consumer-city": "", "consumer-state": "Maryland", "consumer-area-code": "443", "subject": "No Subject Provided", "recorded-message-or-robocall": "Y"}, "relationships": [], "meta": [], "links": {"self": "https://www.ftc.gov/v0/dnc-complaints/f19e3d11bf8fb965e313a1bfa7142a14"}}, {"type": "dnc_complaint", "id": "f19e3d11bf8fb965e313a1bfa71444fd", "attributes": {"company-phone-number": "7017763924", "created-date": "2021-02-19 23:53:22", "violation-date": "2021-02-19 23:53:22", "consumer-city": "", "consumer-state": "North Dakota", "consumer-area-code": "701", "subject": "No Subject Provided", "recorded-message-or-robocall": "Y"}, "relationships": [], "meta": [], "links": {"self": "https://www.ftc.gov/v0/dnc-complaints/f19e3d11bf8fb965e313a1bfa71444fd"}}, {"type": "dnc_complaint", "id": "f19e3d11bf8fb965e313a1bfa7146776", "attributes": {"company-phone-number": "7017337100", "created-date": "2021-02-19 23:53:08", "violation-date": "2021-02-19 23:53:08", "consumer-city": "", "consumer-state": "North Dakota", "consumer-area-code": "701", "subject": "No Subject Provided", "recorded-message-or-robocall": "Y"}, "relationships": [], "meta": [], "links": {"self": "https://www.ftc.gov/v0/dnc-complaints/f19e3d11bf8fb965e313a1bfa7146776"}}, {"type": "dnc_complaint", "id": "f19e3d11bf8fb965e313a1bfa713cc68", "attributes": {"company-phone-number": "+13109193206", "created-date": "2021-02-19 23:53:03", "violation-date": "2021-02-19 23:53:03", "consumer-city": "", "consumer-state": "Texas", "consumer-area-code": "972", "subject": "No Subject Provided", "recorded-message-or-robocall": "Y"}, "relationships": [], "meta": [], "links": {"self": "https://www.ftc.gov/v0/dnc-complaints/f19e3d11bf8fb965e313a1bfa713cc68"}}, {"type": "dnc_complaint", "id": "f19e3d11bf8fb965e313a1bfa713b668", "attributes": {"company-phone-number": "7017337100", "created-date": "2021-02-19 23:52:57", "violation-date": "2021-02-19 23:52:57", "consumer-city": "", "consumer-state": "North Dakota", "consumer-area-code": "701", "subject": "No Subject Provided", "recorded-message-or-robocall": "Y"}, "relationships": [], "meta": [], "links": {"self": "https://www.ftc.gov/v0/dnc-complaints/f19e3d11bf8fb965e313a1bfa713b668"}}, {"type": "dnc_complaint", "id": "f19e3d11bf8fb965e313a1bfa7143d69", "attributes": {"company-phone-number": "+19014952374", "created-date": "2021-02-19 23:52:51", "violation-date": "2021-02-19 23:52:51", "consumer-city": "", "consumer-state": "Tennessee", "consumer-area-code": "901", "subject": "No Subject Provided", "recorded-message-or-robocall": "N"}, "relationships": [], "meta": [], "links": {"self": "https://www.ftc.gov/v0/dnc-complaints/f19e3d11bf8fb965e313a1bfa7143d69"}}, {"type": "dnc_complaint", "id": "f19e3d11bf8fb965e313a1bfa7140527", "attributes": {"company-phone-number": "7017337100", "created-date": "2021-02-19 23:52:44", "violation-date": "2021-02-19 23:52:44", "consumer-city": "", "consumer-state": "North Dakota", "consumer-area-code": "701", "subject": "No Subject Provided", "recorded-message-or-robocall": "Y"}, "relationships": [], "meta": [], "links": {"self": "https://www.ftc.gov/v0/dnc-complaints/f19e3d11bf8fb965e313a1bfa7140527"}}, {"type": "dnc_complaint", "id": "8f94c31de100ed7f9ce5eb57caded174", "attributes": {"company-phone-number": "", "created-date": "2021-02-19 23:52:11", "violation-date": "2021-02-15 12:00:00", "consumer-city": "Old Hickory", "consumer-state": "Tennessee", "consumer-area-code": "615", "subject": "No Subject Provided", "recorded-message-or-robocall": "Y"}, "relationships": [], "meta": [], "links": {"self": "https://www.ftc.gov/v0/dnc-complaints/8f94c31de100ed7f9ce5eb57caded174"}}, {"type": "dnc_complaint", "id": "f19e3d11bf8fb965e313a1bfa7141c2d", "attributes": {"company-phone-number": "+19179979139", "created-date": "2021-02-19 23:52:10", "violation-date": "2021-02-19 23:52:10", "consumer-city": "", "consumer-state": "New York", "consumer-area-code": "646", "subject": "No Subject Provided", "recorded-message-or-robocall": "Y"}, "relationships": [], "meta": [], "links": {"self": "https://www.ftc.gov/v0/dnc-complaints/f19e3d11bf8fb965e313a1bfa7141c2d"}}, {"type": "dnc_complaint", "id": "8f94c31de100ed7f9ce5eb57cadec20c", "attributes": {"company-phone-number": "8184337288", "created-date": "2021-02-19 23:52:02", "violation-date": "2021-02-17 11:38:00", "consumer-city": "La Crescenta", "consumer-state": "California", "consumer-area-code": "818", "subject": "Other", "recorded-message-or-robocall": "Y"}, "relationships": [], "meta": [], "links": {"self": "https://www.ftc.gov/v0/dnc-complaints/8f94c31de100ed7f9ce5eb57cadec20c"}}, {"type": "dnc_complaint", "id": "f19e3d11bf8fb965e313a1bfa713d559", "attributes": {"company-phone-number": "7017337100", "created-date": "2021-02-19 23:52:00", "violation-date": "2021-02-19 23:52:00", "consumer-city": "", "consumer-state": "North Dakota", "consumer-area-code": "701", "subject": "No Subject Provided", "recorded-message-or-robocall": "Y"}, "relationships": [], "meta": [], "links": {"self": "https://www.ftc.gov/v0/dnc-complaints/f19e3d11bf8fb965e313a1bfa713d559"}}, {"type": "dnc_complaint", "id": "f19e3d11bf8fb965e313a1bfa713c604", "attributes": {"company-phone-number": "7017337100", "created-date": "2021-02-19 23:51:59", "violation-date": "2021-02-19 23:51:59", "consumer-city": "", "consumer-state": "North Dakota", "consumer-area-code": "701", "subject": "No Subject Provided", "recorded-message-or-robocall": "Y"}, "relationships": [], "meta": [], "links": {"self": "https://www.ftc.gov/v0/dnc-complaints/f19e3d11bf8fb965e313a1bfa713c604"}}, {"type": "dnc_complaint", "id": "f19e3d11bf8fb965e313a1bfa7144e05", "attributes": {"company-phone-number": "8132532658", "created-date": "2021-02-19 23:51:54", "violation-date": "2021-02-19 23:51:54", "consumer-city": "", "consumer-state": "Florida", "consumer-area-code": "813", "subject": "No Subject Provided", "recorded-message-or-robocall": "N"}, "relationships": [], "meta": [], "links": {"self": "https://www.ftc.gov/v0/dnc-complaints/f19e3d11bf8fb965e313a1bfa7144e05"}}, {"type": "dnc_complaint", "id": "f19e3d11bf8fb965e313a1bfa713f216", "attributes": {"company-phone-number": "+18064786142", "created-date": "2021-02-19 23:51:06", "violation-date": "2021-02-19 23:51:06", "consumer-city": "", "consumer-state": "Texas", "consumer-area-code": "210", "subject": "No Subject Provided", "recorded-message-or-robocall": "Y"}, "relationships": [], "meta": [], "links": {"self": "https://www.ftc.gov/v0/dnc-complaints/f19e3d11bf8fb965e313a1bfa713f216"}}, {"type": "dnc_complaint", "id": "f19e3d11bf8fb965e313a1bfa713e41b", "attributes": {"company-phone-number": "+12706536930", "created-date": "2021-02-19 23:50:37", "violation-date": "2021-02-19 23:50:37", "consumer-city": "", "consumer-state": "Texas", "consumer-area-code": "832", "subject": "No Subject Provided", "recorded-message-or-robocall": "N"}, "relationships": [], "meta": [], "links": {"self": "https://www.ftc.gov/v0/dnc-complaints/f19e3d11bf8fb965e313a1bfa713e41b"}}, {"type": "dnc_complaint", "id": "f19e3d11bf8fb965e313a1bfa7143012", "attributes": {"company-phone-number": "3057714829", "created-date": "2021-02-19 23:50:36", "violation-date": "2021-02-19 23:50:36", "consumer-city": "", "consumer-state": "Florida", "consumer-area-code": "954", "subject": "No Subject Provided", "recorded-message-or-robocall": "Y"}, "relationships": [], "meta": [], "links": {"self": "https://www.ftc.gov/v0/dnc-complaints/f19e3d11bf8fb965e313a1bfa7143012"}}, {"type": "dnc_complaint", "id": "8f94c31de100ed7f9ce5eb57cadebde4", "attributes": {"company-phone-number": "5093493014", "created-date": "2021-02-19 23:50:21", "violation-date": "2021-02-18 10:18:00", "consumer-city": "Atlanta", "consumer-state": "Georgia", "consumer-area-code": "404", "subject": "Other", "recorded-message-or-robocall": "Y"}, "relationships": [], "meta": [], "links": {"self": "https://www.ftc.gov/v0/dnc-complaints/8f94c31de100ed7f9ce5eb57cadebde4"}}, {"type": "dnc_complaint", "id": "8f94c31de100ed7f9ce5eb57cadeb66f", "attributes": {"company-phone-number": "6469931217", "created-date": "2021-02-19 23:50:05", "violation-date": "2021-02-19 09:25:00", "consumer-city": "Bronx", "consumer-state": "New York", "consumer-area-code": "845", "subject": "Calls pretending to be government, businesses, or family and friends", "recorded-message-or-robocall": "Y"}, "relationships": [], "meta": [], "links": {"self": "https://www.ftc.gov/v0/dnc-complaints/8f94c31de100ed7f9ce5eb57cadeb66f"}}, {"type": "dnc_complaint", "id": "8f94c31de100ed7f9ce5eb57cadea751", "attributes": {"company-phone-number": "8188743373", "created-date": "2021-02-19 23:50:00", "violation-date": "2021-02-17 11:11:00", "consumer-city": "La Crescenta", "consumer-state": "California", "consumer-area-code": "818", "subject": "Other", "recorded-message-or-robocall": "Y"}, "relationships": [], "meta": [], "links": {"self": "https://www.ftc.gov/v0/dnc-complaints/8f94c31de100ed7f9ce5eb57cadea751"}}, {"type": "dnc_complaint", "id": "f19e3d11bf8fb965e313a1bfa7145758", "attributes": {"company-phone-number": "2056026205", "created-date": "2021-02-19 23:49:50", "violation-date": "2021-02-19 23:49:50", "consumer-city": "", "consumer-state": "Alabama", "consumer-area-code": "205", "subject": "No Subject Provided", "recorded-message-or-robocall": "Y"}, "relationships": [], "meta": [], "links": {"self": "https://www.ftc.gov/v0/dnc-complaints/f19e3d11bf8fb965e313a1bfa7145758"}}, {"type": "dnc_complaint", "id": "8f94c31de100ed7f9ce5eb57cadea726", "attributes": {"company-phone-number": "3104993116", "created-date": "2021-02-19 23:49:34", "violation-date": "2021-02-19 16:24:00", "consumer-city": "Los Angeles", "consumer-state": "California", "consumer-area-code": "310", "subject": "Calls pretending to be government, businesses, or family and friends", "recorded-message-or-robocall": "Y"}, "relationships": [], "meta": [], "links": {"self": "https://www.ftc.gov/v0/dnc-complaints/8f94c31de100ed7f9ce5eb57cadea726"}}, {"type": "dnc_complaint", "id": "8f94c31de100ed7f9ce5eb57cadea63e", "attributes": {"company-phone-number": "4044075194", "created-date": "2021-02-19 23:49:33", "violation-date": "2021-02-19 09:33:00", "consumer-city": "Cumming", "consumer-state": "Georgia", "consumer-area-code": "770", "subject": "Other", "recorded-message-or-robocall": "Y"}, "relationships": [], "meta": [], "links": {"self": "https://www.ftc.gov/v0/dnc-complaints/8f94c31de100ed7f9ce5eb57cadea63e"}}], "meta": {"records-this-page": 50, "record-total": 19945}, "links": {"self": "https://www.ftc.gov/v0/dnc-complaints?created_date=%222021-02-19%22"}}