{"data": [{"type": "dnc_complaint", "id": "7f1e9476b57190035186945005da75c4", "attributes": {"company-phone-number": "9288520141", "created-date": "2021-02-08 23:59:46", "violation-date": "2021-02-03 10:10:00", "consumer-city": "Aquilla", "consumer-state": "Texas", "consumer-area-code": "817", "subject": "Dropped call or no message", "recorded-message-or-robocall": "N"}, "relationships": [], "meta": [], "links": {"self": "https://www.ftc.gov/v0/dnc-complaints/7f1e9476b57190035186945005da75c4"}}, {"type": "dnc_complaint", "id": "7f1e9476b57190035186945005da6ef6", "attributes": {"company-phone-number": "7142723814", "created-date": "2021-02-08 23:59:01", "violation-date": "2021-01-23 15:00:00", "consumer-city": "", "consumer-state": "California", "consumer-area-code": "415", "subject": "Other", "recorded-message-or-robocall": "Y"}, "relationships": [], "meta": [], "links": {"self": "https://www.ftc.gov/v0/dnc-complaints/7f1e9476b57190035186945005da6ef6"}}, {"type": "dnc_complaint", "id": "7f1e9476b57190035186945005da622d", "attributes": {"company-phone-number": "4693180773", "created-date": "2021-02-08 23:57:11", "violation-date": "2021-02-02 05:07:00", "consumer-city": "", "consumer-state": "California", "consumer-area-code": "415", "subject": "Other", "recorded-message-or-robocall": "Y"}, "relationships": [], "meta": [], "links": {"self": "https://www.ftc.gov/v0/dnc-complaints/7f1e9476b57190035186945005da622d"}}, {"type": "dnc_complaint", "id": "7f1e9476b57190035186945005da53eb", "attributes": {"company-phone-number": "6516151663", "created-date": "2021-02-08 23:56:50", "violation-date": "2021-02-08 12:44:00", "consumer-city": "SAINT PAUL", "consumer-state": "Minnesota", "consumer-area-code": "651", "subject": "Dropped call or no message", "recorded-message-or-robocall": ""}, "relationships": [], "meta": [], "links": {"self": "https://www.ftc.gov/v0/dnc-complaints/7f1e9476b57190035186945005da53eb"}}, {"type": "dnc_complaint", "id": "7f1e9476b57190035186945005da5313", "attributes": {"company-phone-number": "7204643004", "created-date": "2021-02-08 23:55:41", "violation-date": "2021-02-08 15:23:00", "consumer-city": "Springfield", "consumer-state": "Illinois", "consumer-area-code": "217", "subject": "Other", "recorded-message-or-robocall": "Y"}, "relationships": [], "meta": [], "links": {"self": "https://www.ftc.gov/v0/dnc-complaints/7f1e9476b57190035186945005da5313"}}, {"type": "dnc_complaint", "id": "7f1e9476b57190035186945005da51ca", "attributes": {"company-phone-number": "2108982790", "created-date": "2021-02-08 23:55:33", "violation-date": "2021-02-08 19:57:00", "consumer-city": "", "consumer-state": "Texas", "consumer-area-code": "281", "subject": "Other", "recorded-message-or-robocall": "N"}, "relationships": [], "meta": [], "links": {"self": "https://www.ftc.gov/v0/dnc-complaints/7f1e9476b57190035186945005da51ca"}}, {"type": "dnc_complaint", "id": "7f1e9476b57190035186945005da4ce6", "attributes": {"company-phone-number": "8324001819", "created-date": "2021-02-08 23:54:22", "violation-date": "2021-02-08 13:05:00", "consumer-city": "", "consumer-state": "Texas", "consumer-area-code": "281", "subject": "Other", "recorded-message-or-robocall": "N"}, "relationships": [], "meta": [], "links": {"self": "https://www.ftc.gov/v0/dnc-complaints/7f1e9476b57190035186945005da4ce6"}}, {"type": "dnc_complaint", "id": "7f1e9476b57190035186945005da42b7", "attributes": {"company-phone-number": "8187317348", "created-date": "2021-02-08 23:53:49", "violation-date": "2021-02-08 08:38:00", "consumer-city": "RESEDA,", "consumer-state": "California", "consumer-area-code": "818", "subject": "Other", "recorded-message-or-robocall": ""}, "relationships": [], "meta": [], "links": {"self": "https://www.ftc.gov/v0/dnc-complaints/7f1e9476b57190035186945005da42b7"}}, {"type": "dnc_complaint", "id": "7f1e9476b57190035186945005da393a", "attributes": {"company-phone-number": "5752212301", "created-date": "2021-02-08 23:53:22", "violation-date": "2021-02-08 11:15:00", "consumer-city": "chicago", "consumer-state": "Illinois", "consumer-area-code": "312", "subject": "Computer  & technical support", "recorded-message-or-robocall": "N"}, "relationships": [], "meta": [], "links": {"self": "https://www.ftc.gov/v0/dnc-complaints/7f1e9476b57190035186945005da393a"}}, {"type": "dnc_complaint", "id": "7f1e9476b57190035186945005da389a", "attributes": {"company-phone-number": "3234860451", "created-date": "2021-02-08 23:53:16", "violation-date": "2021-02-08 20:50:00", "consumer-city": "El Segundo", "consumer-state": "California", "consumer-area-code": "310", "subject": "Calls pretending to be government, businesses, or family and friends", "recorded-message-or-robocall": "Y"}, "relationships": [], "meta": [], "links": {"self": "https://www.ftc.gov/v0/dnc-complaints/7f1e9476b57190035186945005da389a"}}, {"type": "dnc_complaint", "id": "7f1e9476b57190035186945005da3604", "attributes": {"company-phone-number": "2815661415", "created-date": "2021-02-08 23:53:13", "violation-date": "2021-02-08 16:06:00", "consumer-city": "", "consumer-state": "Texas", "consumer-area-code": "281", "subject": "Other", "recorded-message-or-robocall": "N"}, "relationships": [], "meta": [], "links": {"self": "https://www.ftc.gov/v0/dnc-complaints/7f1e9476b57190035186945005da3604"}}, {"type": "dnc_complaint", "id": "7f1e9476b57190035186945005da2974", "attributes": {"company-phone-number": "7278612170", "created-date": "2021-02-08 23:52:07", "violation-date": "2021-02-08 06:18:00", "consumer-city": "San Mateo", "consumer-state": "California", "consumer-area-code": "650", "subject": "Other", "recorded-message-or-robocall": "N"}, "relationships": [], "meta": [], "links": {"self": "https://www.ftc.gov/v0/dnc-complaints/7f1e9476b57190035186945005da2974"}}, {"type": "dnc_complaint", "id": "7f1e9476b57190035186945005da260c", "attributes": {"company-phone-number": "2179150447", "created-date": "2021-02-08 23:51:59", "violation-date": "2021-02-08 17:27:00", "consumer-city": "Springfield", "consumer-state": "Illinois", "consumer-area-code": "217", "subject": "No Subject Provided", "recorded-message-or-robocall": ""}, "relationships": [], "meta": [], "links": {"self": "https://www.ftc.gov/v0/dnc-complaints/7f1e9476b57190035186945005da260c"}}, {"type": "dnc_complaint", "id": "7f1e9476b57190035186945005da1f83", "attributes": {"company-phone-number": "2814333855", "created-date": "2021-02-08 23:51:43", "violation-date": "2021-02-08 12:29:00", "consumer-city": "", "consumer-state": "Texas", "consumer-area-code": "281", "subject": "Other", "recorded-message-or-robocall": "N"}, "relationships": [], "meta": [], "links": {"self": "https://www.ftc.gov/v0/dnc-complaints/7f1e9476b57190035186945005da1f83"}}, {"type": "dnc_complaint", "id": "7f1e9476b57190035186945005da18e4", "attributes": {"company-phone-number": "8775667226", "created-date": "2021-02-08 23:51:40", "violation-date": "2021-02-07 10:20:00", "consumer-city": "", "consumer-state": "North Carolina", "consumer-area-code": "336", "subject": "No Subject Provided", "recorded-message-or-robocall": "Y"}, "relationships": [], "meta": [], "links": {"self": "https://www.ftc.gov/v0/dnc-complaints/7f1e9476b57190035186945005da18e4"}}, {"type": "dnc_complaint", "id": "7f1e9476b57190035186945005da09d0", "attributes": {"company-phone-number": "7179124885", "created-date": "2021-02-08 23:51:11", "violation-date": "2021-02-04 06:49:00", "consumer-city": "Box Elder", "consumer-state": "South Dakota", "consumer-area-code": "717", "subject": "Warranties  & protection plans", "recorded-message-or-robocall": "Y"}, "relationships": [], "meta": [], "links": {"self": "https://www.ftc.gov/v0/dnc-complaints/7f1e9476b57190035186945005da09d0"}}, {"type": "dnc_complaint", "id": "7f1e9476b57190035186945005da0685", "attributes": {"company-phone-number": "5152198543", "created-date": "2021-02-08 23:51:07", "violation-date": "2021-02-08 13:51:00", "consumer-city": "Springfield", "consumer-state": "Illinois", "consumer-area-code": "217", "subject": "No Subject Provided", "recorded-message-or-robocall": ""}, "relationships": [], "meta": [], "links": {"self": "https://www.ftc.gov/v0/dnc-complaints/7f1e9476b57190035186945005da0685"}}, {"type": "dnc_complaint", "id": "7f1e9476b57190035186945005d9fb05", "attributes": {"company-phone-number": "4697976219", "created-date": "2021-02-08 23:50:41", "violation-date": "2021-02-08 17:17:00", "consumer-city": "", "consumer-state": "California", "consumer-area-code": "415", "subject": "Other", "recorded-message-or-robocall": "Y"}, "relationships": [], "meta": [], "links": {"self": "https://www.ftc.gov/v0/dnc-complaints/7f1e9476b57190035186945005d9fb05"}}, {"type": "dnc_complaint", "id": "7f1e9476b57190035186945005d9fa00", "attributes": {"company-phone-number": "2814174397", "created-date": "2021-02-08 23:50:19", "violation-date": "2021-02-08 09:54:00", "consumer-city": "", "consumer-state": "Texas", "consumer-area-code": "281", "subject": "Other", "recorded-message-or-robocall": "N"}, "relationships": [], "meta": [], "links": {"self": "https://www.ftc.gov/v0/dnc-complaints/7f1e9476b57190035186945005d9fa00"}}, {"type": "dnc_complaint", "id": "7f1e9476b57190035186945005d9f891", "attributes": {"company-phone-number": "8665132866", "created-date": "2021-02-08 23:50:13", "violation-date": "2021-02-08 13:45:00", "consumer-city": "Springfield", "consumer-state": "Illinois", "consumer-area-code": "217", "subject": "No Subject Provided", "recorded-message-or-robocall": ""}, "relationships": [], "meta": [], "links": {"self": "https://www.ftc.gov/v0/dnc-complaints/7f1e9476b57190035186945005d9f891"}}, {"type": "dnc_complaint", "id": "7f1e9476b57190035186945005d9ee1c", "attributes": {"company-phone-number": "8584004833", "created-date": "2021-02-08 23:49:42", "violation-date": "2021-02-08 14:02:00", "consumer-city": "Garden Grove", "consumer-state": "California", "consumer-area-code": "858", "subject": "Warranties  & protection plans", "recorded-message-or-robocall": "Y"}, "relationships": [], "meta": [], "links": {"self": "https://www.ftc.gov/v0/dnc-complaints/7f1e9476b57190035186945005d9ee1c"}}, {"type": "dnc_complaint", "id": "7f1e9476b57190035186945005d9dfbe", "attributes": {"company-phone-number": "4435987542", "created-date": "2021-02-08 23:49:17", "violation-date": "2021-02-08 20:32:00", "consumer-city": "", "consumer-state": "Maryland", "consumer-area-code": "410", "subject": "Other", "recorded-message-or-robocall": "Y"}, "relationships": [], "meta": [], "links": {"self": "https://www.ftc.gov/v0/dnc-complaints/7f1e9476b57190035186945005d9dfbe"}}, {"type": "dnc_complaint", "id": "7f1e9476b57190035186945005d9d771", "attributes": {"company-phone-number": "9494267457", "created-date": "2021-02-08 23:49:05", "violation-date": "2021-02-08 10:53:00", "consumer-city": "Springfield", "consumer-state": "Illinois", "consumer-area-code": "217", "subject": "No Subject Provided", "recorded-message-or-robocall": ""}, "relationships": [], "meta": [], "links": {"self": "https://www.ftc.gov/v0/dnc-complaints/7f1e9476b57190035186945005d9d771"}}, {"type": "dnc_complaint", "id": "7f1e9476b57190035186945005d9cc76", "attributes": {"company-phone-number": "3025041004", "created-date": "2021-02-08 23:49:01", "violation-date": "2021-02-08 18:55:00", "consumer-city": "Wilmington", "consumer-state": "Delaware", "consumer-area-code": "302", "subject": "Warranties  & protection plans", "recorded-message-or-robocall": "Y"}, "relationships": [], "meta": [], "links": {"self": "https://www.ftc.gov/v0/dnc-complaints/7f1e9476b57190035186945005d9cc76"}}, {"type": "dnc_complaint", "id": "7f1e9476b57190035186945005d9c28f", "attributes": {"company-phone-number": "8327421499", "created-date": "2021-02-08 23:48:51", "violation-date": "2021-02-08 11:07:00", "consumer-city": "", "consumer-state": "Texas", "consumer-area-code": "281", "subject": "Other", "recorded-message-or-robocall": "N"}, "relationships": [], "meta": [], "links": {"self": "https://www.ftc.gov/v0/dnc-complaints/7f1e9476b57190035186945005d9c28f"}}, {"type": "dnc_complaint", "id": "7f1e9476b57190035186945005d9b9ee", "attributes": {"company-phone-number": "2102439443", "created-date": "2021-02-08 23:48:44", "violation-date": "2021-02-03 10:34:00", "consumer-city": "Aquilla", "consumer-state": "Texas", "consumer-area-code": "817", "subject": "Other", "recorded-message-or-robocall": "Y"}, "relationships": [], "meta": [], "links": {"self": "https://www.ftc.gov/v0/dnc-complaints/7f1e9476b57190035186945005d9b9ee"}}, {"type": "dnc_complaint", "id": "7f1e9476b57190035186945005d9ab46", "attributes": {"company-phone-number": "8584004833", "created-date": "2021-02-08 23:48:40", "violation-date": "2021-02-08 14:01:00", "consumer-city": "Garden Grove", "consumer-state": "California", "consumer-area-code": "858", "subject": "Warranties  & protection plans", "recorded-message-or-robocall": "Y"}, "relationships": [], "meta": [], "links": {"self": "https://www.ftc.gov/v0/dnc-complaints/7f1e9476b57190035186945005d9ab46"}}, {"type": "dnc_complaint", "id": "7f1e9476b57190035186945005d9a152", "attributes": {"company-phone-number": "5152198543", "created-date": "2021-02-08 23:48:14", "violation-date": "2021-02-08 09:39:00", "consumer-city": "Springfield", "consumer-state": "Illinois", "consumer-area-code": "217", "subject": "No Subject Provided", "recorded-message-or-robocall": ""}, "relationships": [], "meta": [], "links": {"self": "https://www.ftc.gov/v0/dnc-complaints/7f1e9476b57190035186945005d9a152"}}, {"type": "dnc_complaint", "id": "7f1e9476b57190035186945005d9951f", "attributes": {"company-phone-number": "8559631491", "created-date": "2021-02-08 23:47:54", "violation-date": "2021-02-08 02:32:00", "consumer-city": "", "consumer-state": "California", "consumer-area-code": "530", "subject": "Other", "recorded-message-or-robocall": "N"}, "relationships": [], "meta": [], "links": {"self": "https://www.ftc.gov/v0/dnc-complaints/7f1e9476b57190035186945005d9951f"}}, {"type": "dnc_complaint", "id": "7f1e9476b57190035186945005d98db7", "attributes": {"company-phone-number": "8584004833", "created-date": "2021-02-08 23:47:34", "violation-date": "2021-02-08 14:00:00", "consumer-city": "Garden Grove", "consumer-state": "California", "consumer-area-code": "858", "subject": "Warranties  & protection plans", "recorded-message-or-robocall": "Y"}, "relationships": [], "meta": [], "links": {"self": "https://www.ftc.gov/v0/dnc-complaints/7f1e9476b57190035186945005d98db7"}}, {"type": "dnc_complaint", "id": "7f1e9476b57190035186945005d9885f", "attributes": {"company-phone-number": "3236542522", "created-date": "2021-02-08 23:47:22", "violation-date": "2021-02-08 15:46:00", "consumer-city": "", "consumer-state": "California", "consumer-area-code": "510", "subject": "Warranties  & protection plans", "recorded-message-or-robocall": "Y"}, "relationships": [], "meta": [], "links": {"self": "https://www.ftc.gov/v0/dnc-complaints/7f1e9476b57190035186945005d9885f"}}, {"type": "dnc_complaint", "id": "7f1e9476b57190035186945005d98663", "attributes": {"company-phone-number": "3525816350", "created-date": "2021-02-08 23:46:15", "violation-date": "2021-02-06 11:53:00", "consumer-city": "Springfield", "consumer-state": "Illinois", "consumer-area-code": "217", "subject": "Other", "recorded-message-or-robocall": "Y"}, "relationships": [], "meta": [], "links": {"self": "https://www.ftc.gov/v0/dnc-complaints/7f1e9476b57190035186945005d98663"}}, {"type": "dnc_complaint", "id": "7f1e9476b57190035186945005d97b03", "attributes": {"company-phone-number": "4159484817", "created-date": "2021-02-08 23:46:11", "violation-date": "2021-02-08 14:17:00", "consumer-city": "LITTLETON", "consumer-state": "Colorado", "consumer-area-code": "303", "subject": "Dropped call or no message", "recorded-message-or-robocall": "Y"}, "relationships": [], "meta": [], "links": {"self": "https://www.ftc.gov/v0/dnc-complaints/7f1e9476b57190035186945005d97b03"}}, {"type": "dnc_complaint", "id": "7f1e9476b57190035186945005d96e14", "attributes": {"company-phone-number": "4047498974", "created-date": "2021-02-08 23:45:57", "violation-date": "2021-02-08 19:12:00", "consumer-city": "", "consumer-state": "Georgia", "consumer-area-code": "404", "subject": "No Subject Provided", "recorded-message-or-robocall": "N"}, "relationships": [], "meta": [], "links": {"self": "https://www.ftc.gov/v0/dnc-complaints/7f1e9476b57190035186945005d96e14"}}, {"type": "dnc_complaint", "id": "7f1e9476b57190035186945005d978d1", "attributes": {"company-phone-number": "7206405935", "created-date": "2021-02-08 23:45:34", "violation-date": "2021-02-08 15:01:00", "consumer-city": "LITTLETON", "consumer-state": "Colorado", "consumer-area-code": "303", "subject": "Dropped call or no message", "recorded-message-or-robocall": "Y"}, "relationships": [], "meta": [], "links": {"self": "https://www.ftc.gov/v0/dnc-complaints/7f1e9476b57190035186945005d978d1"}}, {"type": "dnc_complaint", "id": "7f1e9476b57190035186945005d96df5", "attributes": {"company-phone-number": "3049128488", "created-date": "2021-02-08 23:45:19", "violation-date": "2021-02-03 11:03:00", "consumer-city": "Aquilla", "consumer-state": "Texas", "consumer-area-code": "817", "subject": "Dropped call or no message", "recorded-message-or-robocall": "N"}, "relationships": [], "meta": [], "links": {"self": "https://www.ftc.gov/v0/dnc-complaints/7f1e9476b57190035186945005d96df5"}}, {"type": "dnc_complaint", "id": "7f1e9476b57190035186945005d95fe9", "attributes": {"company-phone-number": "8187056257", "created-date": "2021-02-08 23:44:59", "violation-date": "2021-02-08 06:19:00", "consumer-city": "RESEDA,", "consumer-state": "California", "consumer-area-code": "818", "subject": "Other", "recorded-message-or-robocall": "Y"}, "relationships": [], "meta": [], "links": {"self": "https://www.ftc.gov/v0/dnc-complaints/7f1e9476b57190035186945005d95fe9"}}, {"type": "dnc_complaint", "id": "7f1e9476b57190035186945005d95a9c", "attributes": {"company-phone-number": "3107967889", "created-date": "2021-02-08 23:44:50", "violation-date": "2021-02-08 13:38:00", "consumer-city": "LITTLETON", "consumer-state": "Colorado", "consumer-area-code": "303", "subject": "Dropped call or no message", "recorded-message-or-robocall": "Y"}, "relationships": [], "meta": [], "links": {"self": "https://www.ftc.gov/v0/dnc-complaints/7f1e9476b57190035186945005d95a9c"}}, {"type": "dnc_complaint", "id": "7f1e9476b57190035186945005d953cd", "attributes": {"company-phone-number": "4047498974", "created-date": "2021-02-08 23:44:39", "violation-date": "2021-02-08 19:12:00", "consumer-city": "", "consumer-state": "Georgia", "consumer-area-code": "404", "subject": "No Subject Provided", "recorded-message-or-robocall": "Y"}, "relationships": [], "meta": [], "links": {"self": "https://www.ftc.gov/v0/dnc-complaints/7f1e9476b57190035186945005d953cd"}}, {"type": "dnc_complaint", "id": "7f1e9476b57190035186945005d94459", "attributes": {"company-phone-number": "7814489933", "created-date": "2021-02-08 23:44:26", "violation-date": "2021-02-05 19:25:00", "consumer-city": "", "consumer-state": "Massachusetts", "consumer-area-code": "781", "subject": "Other", "recorded-message-or-robocall": "Y"}, "relationships": [], "meta": [], "links": {"self": "https://www.ftc.gov/v0/dnc-complaints/7f1e9476b57190035186945005d94459"}}, {"type": "dnc_complaint", "id": "7f1e9476b57190035186945005d940aa", "attributes": {"company-phone-number": "4355576841", "created-date": "2021-02-08 23:44:21", "violation-date": "2021-02-08 11:40:00", "consumer-city": "", "consumer-state": "Utah", "consumer-area-code": "435", "subject": "Calls pretending to be government, businesses, or family and friends", "recorded-message-or-robocall": "Y"}, "relationships": [], "meta": [], "links": {"self": "https://www.ftc.gov/v0/dnc-complaints/7f1e9476b57190035186945005d940aa"}}, {"type": "dnc_complaint", "id": "7f1e9476b57190035186945005d933f3", "attributes": {"company-phone-number": "6360025014", "created-date": "2021-02-08 23:43:54", "violation-date": "2021-02-07 04:20:00", "consumer-city": "", "consumer-state": "Missouri", "consumer-area-code": "636", "subject": "Computer  & technical support", "recorded-message-or-robocall": "Y"}, "relationships": [], "meta": [], "links": {"self": "https://www.ftc.gov/v0/dnc-complaints/7f1e9476b57190035186945005d933f3"}}, {"type": "dnc_complaint", "id": "7f1e9476b57190035186945005d92d20", "attributes": {"company-phone-number": "8173834035", "created-date": "2021-02-08 23:43:44", "violation-date": "2021-02-01 11:24:00", "consumer-city": "FORT WORTH", "consumer-state": "Texas", "consumer-area-code": "817", "subject": "Warranties  & protection plans", "recorded-message-or-robocall": "Y"}, "relationships": [], "meta": [], "links": {"self": "https://www.ftc.gov/v0/dnc-complaints/7f1e9476b57190035186945005d92d20"}}, {"type": "dnc_complaint", "id": "7f1e9476b57190035186945005d91f20", "attributes": {"company-phone-number": "4434922803", "created-date": "2021-02-08 23:43:33", "violation-date": "2021-02-08 14:26:00", "consumer-city": "", "consumer-state": "Oregon", "consumer-area-code": "541", "subject": "Dropped call or no message", "recorded-message-or-robocall": "Y"}, "relationships": [], "meta": [], "links": {"self": "https://www.ftc.gov/v0/dnc-complaints/7f1e9476b57190035186945005d91f20"}}, {"type": "dnc_complaint", "id": "7f1e9476b57190035186945005d91d68", "attributes": {"company-phone-number": "6788044513", "created-date": "2021-02-08 23:43:21", "violation-date": "2021-02-08 17:49:00", "consumer-city": "", "consumer-state": "Georgia", "consumer-area-code": "404", "subject": "No Subject Provided", "recorded-message-or-robocall": "Y"}, "relationships": [], "meta": [], "links": {"self": "https://www.ftc.gov/v0/dnc-complaints/7f1e9476b57190035186945005d91d68"}}, {"type": "dnc_complaint", "id": "7f1e9476b57190035186945005d918e9", "attributes": {"company-phone-number": "6203074008", "created-date": "2021-02-08 23:42:33", "violation-date": "2021-02-05 12:11:00", "consumer-city": "Springfield", "consumer-state": "Illinois", "consumer-area-code": "217", "subject": "No Subject Provided", "recorded-message-or-robocall": ""}, "relationships": [], "meta": [], "links": {"self": "https://www.ftc.gov/v0/dnc-complaints/7f1e9476b57190035186945005d918e9"}}, {"type": "dnc_complaint", "id": "7f1e9476b57190035186945005d90eeb", "attributes": {"company-phone-number": "6172754322", "created-date": "2021-02-08 23:42:30", "violation-date": "2021-02-08 16:58:00", "consumer-city": "", "consumer-state": "Massachusetts", "consumer-area-code": "781", "subject": "Other", "recorded-message-or-robocall": "Y"}, "relationships": [], "meta": [], "links": {"self": "https://www.ftc.gov/v0/dnc-complaints/7f1e9476b57190035186945005d90eeb"}}, {"type": "dnc_complaint", "id": "7f1e9476b57190035186945005d90ca0", "attributes": {"company-phone-number": "6461462", "created-date": "2021-02-08 23:41:48", "violation-date": "2021-01-27 08:49:00", "consumer-city": "BEAVERTON", "consumer-state": "Oregon", "consumer-area-code": "503", "subject": "Other", "recorded-message-or-robocall": "Y"}, "relationships": [], "meta": [], "links": {"self": "https://www.ftc.gov/v0/dnc-complaints/7f1e9476b57190035186945005d90ca0"}}, {"type": "dnc_complaint", "id": "7f1e9476b57190035186945005d9006b", "attributes": {"company-phone-number": "6014797162", "created-date": "2021-02-08 23:41:44", "violation-date": "2021-02-08 23:31:00", "consumer-city": "", "consumer-state": "Virginia", "consumer-area-code": "540", "subject": "Other", "recorded-message-or-robocall": "N"}, "relationships": [], "meta": [], "links": {"self": "https://www.ftc.gov/v0/dnc-complaints/7f1e9476b57190035186945005d9006b"}}, {"type": "dnc_complaint", "id": "7f1e9476b57190035186945005d8feeb", "attributes": {"company-phone-number": "3142934641", "created-date": "2021-02-08 23:41:33", "violation-date": "2021-02-08 10:57:00", "consumer-city": "Saint Louis", "consumer-state": "Missouri", "consumer-area-code": "314", "subject": "Other", "recorded-message-or-robocall": "N"}, "relationships": [], "meta": [], "links": {"self": "https://www.ftc.gov/v0/dnc-complaints/7f1e9476b57190035186945005d8feeb"}}], "meta": {"records-this-page": 50, "record-total": 13776}, "links": {"self": "https://www.ftc.gov/v0/dnc-complaints?created_date=%222021-02-08%22"}}