{"data": [{"type": "dnc_complaint", "id": "73fc189bbde52730e14707b2142d1a46", "attributes": {"company-phone-number": "8665334665", "created-date": "2021-02-07 23:59:12", "violation-date": "2021-02-04 15:48:00", "consumer-city": "Cordova", "consumer-state": "Tennessee", "consumer-area-code": "901", "subject": "Calls pretending to be government, businesses, or family and friends", "recorded-message-or-robocall": "Y"}, "relationships": [], "meta": [], "links": {"self": "https://www.ftc.gov/v0/dnc-complaints/73fc189bbde52730e14707b2142d1a46"}}, {"type": "dnc_complaint", "id": "73fc189bbde52730e14707b2142d10ee", "attributes": {"company-phone-number": "7178118756", "created-date": "2021-02-07 23:54:57", "violation-date": "2021-01-27 13:10:00", "consumer-city": "", "consumer-state": "Pennsylvania", "consumer-area-code": "717", "subject": "No Subject Provided", "recorded-message-or-robocall": ""}, "relationships": [], "meta": [], "links": {"self": "https://www.ftc.gov/v0/dnc-complaints/73fc189bbde52730e14707b2142d10ee"}}, {"type": "dnc_complaint", "id": "73fc189bbde52730e14707b2142d0392", "attributes": {"company-phone-number": "5616677417", "created-date": "2021-02-07 23:53:20", "violation-date": "2021-02-07 23:22:00", "consumer-city": "", "consumer-state": "Florida", "consumer-area-code": "561", "subject": "Other", "recorded-message-or-robocall": "N"}, "relationships": [], "meta": [], "links": {"self": "https://www.ftc.gov/v0/dnc-complaints/73fc189bbde52730e14707b2142d0392"}}, {"type": "dnc_complaint", "id": "73fc189bbde52730e14707b2142d01e7", "attributes": {"company-phone-number": "9012952517", "created-date": "2021-02-07 23:52:55", "violation-date": "2021-02-04 09:06:00", "consumer-city": "Cordova", "consumer-state": "Tennessee", "consumer-area-code": "901", "subject": "Dropped call or no message", "recorded-message-or-robocall": "N"}, "relationships": [], "meta": [], "links": {"self": "https://www.ftc.gov/v0/dnc-complaints/73fc189bbde52730e14707b2142d01e7"}}, {"type": "dnc_complaint", "id": "73fc189bbde52730e14707b2142cf9fb", "attributes": {"company-phone-number": "9013739915", "created-date": "2021-02-07 23:52:23", "violation-date": "2021-02-04 09:36:00", "consumer-city": "Cordova", "consumer-state": "Tennessee", "consumer-area-code": "901", "subject": "Reducing your debt (credit cards, mortgage, student loans)", "recorded-message-or-robocall": "Y"}, "relationships": [], "meta": [], "links": {"self": "https://www.ftc.gov/v0/dnc-complaints/73fc189bbde52730e14707b2142cf9fb"}}, {"type": "dnc_complaint", "id": "73fc189bbde52730e14707b2142cf409", "attributes": {"company-phone-number": "9013795293", "created-date": "2021-02-07 23:51:20", "violation-date": "2021-02-04 10:50:00", "consumer-city": "Cordova", "consumer-state": "Tennessee", "consumer-area-code": "901", "subject": "Calls pretending to be government, businesses, or family and friends", "recorded-message-or-robocall": "N"}, "relationships": [], "meta": [], "links": {"self": "https://www.ftc.gov/v0/dnc-complaints/73fc189bbde52730e14707b2142cf409"}}, {"type": "dnc_complaint", "id": "73fc189bbde52730e14707b2142ce86a", "attributes": {"company-phone-number": "9013119608", "created-date": "2021-02-07 23:50:32", "violation-date": "2021-02-04 11:53:00", "consumer-city": "Cordova", "consumer-state": "Tennessee", "consumer-area-code": "901", "subject": "Calls pretending to be government, businesses, or family and friends", "recorded-message-or-robocall": "N"}, "relationships": [], "meta": [], "links": {"self": "https://www.ftc.gov/v0/dnc-complaints/73fc189bbde52730e14707b2142ce86a"}}, {"type": "dnc_complaint", "id": "73fc189bbde52730e14707b2142ce2a3", "attributes": {"company-phone-number": "9013732317", "created-date": "2021-02-07 23:49:36", "violation-date": "2021-02-04 12:12:00", "consumer-city": "Cordova", "consumer-state": "Tennessee", "consumer-area-code": "901", "subject": "Dropped call or no message", "recorded-message-or-robocall": ""}, "relationships": [], "meta": [], "links": {"self": "https://www.ftc.gov/v0/dnc-complaints/73fc189bbde52730e14707b2142ce2a3"}}, {"type": "dnc_complaint", "id": "73fc189bbde52730e14707b2142cdad8", "attributes": {"company-phone-number": "7142434782", "created-date": "2021-02-07 23:49:09", "violation-date": "2021-02-02 12:32:00", "consumer-city": "North Hollywood", "consumer-state": "California", "consumer-area-code": "213", "subject": "Warranties  & protection plans", "recorded-message-or-robocall": "Y"}, "relationships": [], "meta": [], "links": {"self": "https://www.ftc.gov/v0/dnc-complaints/73fc189bbde52730e14707b2142cdad8"}}, {"type": "dnc_complaint", "id": "73fc189bbde52730e14707b2142cd97a", "attributes": {"company-phone-number": "9013734422", "created-date": "2021-02-07 23:48:53", "violation-date": "2021-02-04 12:48:00", "consumer-city": "Cordova", "consumer-state": "Tennessee", "consumer-area-code": "901", "subject": "Dropped call or no message", "recorded-message-or-robocall": ""}, "relationships": [], "meta": [], "links": {"self": "https://www.ftc.gov/v0/dnc-complaints/73fc189bbde52730e14707b2142cd97a"}}, {"type": "dnc_complaint", "id": "73fc189bbde52730e14707b2142cd70f", "attributes": {"company-phone-number": "9013737433", "created-date": "2021-02-07 23:48:16", "violation-date": "2021-02-04 13:44:00", "consumer-city": "Cordova", "consumer-state": "Tennessee", "consumer-area-code": "901", "subject": "Dropped call or no message", "recorded-message-or-robocall": ""}, "relationships": [], "meta": [], "links": {"self": "https://www.ftc.gov/v0/dnc-complaints/73fc189bbde52730e14707b2142cd70f"}}, {"type": "dnc_complaint", "id": "73fc189bbde52730e14707b2142ccb42", "attributes": {"company-phone-number": "8167634318", "created-date": "2021-02-07 23:47:44", "violation-date": "2021-02-04 14:12:00", "consumer-city": "Cordova", "consumer-state": "Tennessee", "consumer-area-code": "901", "subject": "Dropped call or no message", "recorded-message-or-robocall": ""}, "relationships": [], "meta": [], "links": {"self": "https://www.ftc.gov/v0/dnc-complaints/73fc189bbde52730e14707b2142ccb42"}}, {"type": "dnc_complaint", "id": "73fc189bbde52730e14707b2142cc986", "attributes": {"company-phone-number": "9013294482", "created-date": "2021-02-07 23:46:57", "violation-date": "2021-02-04 14:13:00", "consumer-city": "Cordova", "consumer-state": "Tennessee", "consumer-area-code": "901", "subject": "Dropped call or no message", "recorded-message-or-robocall": ""}, "relationships": [], "meta": [], "links": {"self": "https://www.ftc.gov/v0/dnc-complaints/73fc189bbde52730e14707b2142cc986"}}, {"type": "dnc_complaint", "id": "73fc189bbde52730e14707b2142ca5a9", "attributes": {"company-phone-number": "7179524695", "created-date": "2021-02-07 23:46:49", "violation-date": "2021-01-28 09:43:00", "consumer-city": "", "consumer-state": "Pennsylvania", "consumer-area-code": "717", "subject": "No Subject Provided", "recorded-message-or-robocall": ""}, "relationships": [], "meta": [], "links": {"self": "https://www.ftc.gov/v0/dnc-complaints/73fc189bbde52730e14707b2142ca5a9"}}, {"type": "dnc_complaint", "id": "73fc189bbde52730e14707b2142cbf70", "attributes": {"company-phone-number": "8665334665", "created-date": "2021-02-07 23:46:29", "violation-date": "2021-02-04 15:50:00", "consumer-city": "Cordova", "consumer-state": "Tennessee", "consumer-area-code": "901", "subject": "Reducing your debt (credit cards, mortgage, student loans)", "recorded-message-or-robocall": "Y"}, "relationships": [], "meta": [], "links": {"self": "https://www.ftc.gov/v0/dnc-complaints/73fc189bbde52730e14707b2142cbf70"}}, {"type": "dnc_complaint", "id": "73fc189bbde52730e14707b2142cbe85", "attributes": {"company-phone-number": "", "created-date": "2021-02-07 23:46:03", "violation-date": "2021-02-07 21:30:00", "consumer-city": "", "consumer-state": "Missouri", "consumer-area-code": "573", "subject": "Other", "recorded-message-or-robocall": "N"}, "relationships": [], "meta": [], "links": {"self": "https://www.ftc.gov/v0/dnc-complaints/73fc189bbde52730e14707b2142cbe85"}}, {"type": "dnc_complaint", "id": "73fc189bbde52730e14707b2142cb501", "attributes": {"company-phone-number": "4027089258", "created-date": "2021-02-07 23:45:53", "violation-date": "2021-02-04 17:53:00", "consumer-city": "Cordova", "consumer-state": "Tennessee", "consumer-area-code": "901", "subject": "Dropped call or no message", "recorded-message-or-robocall": ""}, "relationships": [], "meta": [], "links": {"self": "https://www.ftc.gov/v0/dnc-complaints/73fc189bbde52730e14707b2142cb501"}}, {"type": "dnc_complaint", "id": "73fc189bbde52730e14707b2142c9fc3", "attributes": {"company-phone-number": "4694232021", "created-date": "2021-02-07 23:42:15", "violation-date": "2021-02-05 09:20:00", "consumer-city": "Cordova", "consumer-state": "Tennessee", "consumer-area-code": "901", "subject": "Calls pretending to be government, businesses, or family and friends", "recorded-message-or-robocall": "N"}, "relationships": [], "meta": [], "links": {"self": "https://www.ftc.gov/v0/dnc-complaints/73fc189bbde52730e14707b2142c9fc3"}}, {"type": "dnc_complaint", "id": "73fc189bbde52730e14707b2142c985b", "attributes": {"company-phone-number": "", "created-date": "2021-02-07 23:40:29", "violation-date": "2021-02-06 12:00:00", "consumer-city": "Carson", "consumer-state": "Washington", "consumer-area-code": "509", "subject": "Calls pretending to be government, businesses, or family and friends", "recorded-message-or-robocall": "Y"}, "relationships": [], "meta": [], "links": {"self": "https://www.ftc.gov/v0/dnc-complaints/73fc189bbde52730e14707b2142c985b"}}, {"type": "dnc_complaint", "id": "73fc189bbde52730e14707b2142c8b34", "attributes": {"company-phone-number": "9177045842", "created-date": "2021-02-07 23:40:12", "violation-date": "2021-02-07 23:00:00", "consumer-city": "", "consumer-state": "Texas", "consumer-area-code": "817", "subject": "Calls pretending to be government, businesses, or family and friends", "recorded-message-or-robocall": "N"}, "relationships": [], "meta": [], "links": {"self": "https://www.ftc.gov/v0/dnc-complaints/73fc189bbde52730e14707b2142c8b34"}}, {"type": "dnc_complaint", "id": "73fc189bbde52730e14707b2142c832c", "attributes": {"company-phone-number": "", "created-date": "2021-02-07 23:37:43", "violation-date": "2021-02-07 15:00:00", "consumer-city": "Yakima", "consumer-state": "Washington", "consumer-area-code": "509", "subject": "Computer  & technical support", "recorded-message-or-robocall": "Y"}, "relationships": [], "meta": [], "links": {"self": "https://www.ftc.gov/v0/dnc-complaints/73fc189bbde52730e14707b2142c832c"}}, {"type": "dnc_complaint", "id": "73fc189bbde52730e14707b2142c809d", "attributes": {"company-phone-number": "9177045842", "created-date": "2021-02-07 23:36:17", "violation-date": "2021-02-07 22:45:00", "consumer-city": "", "consumer-state": "California", "consumer-area-code": "323", "subject": "Calls pretending to be government, businesses, or family and friends", "recorded-message-or-robocall": "N"}, "relationships": [], "meta": [], "links": {"self": "https://www.ftc.gov/v0/dnc-complaints/73fc189bbde52730e14707b2142c809d"}}, {"type": "dnc_complaint", "id": "73fc189bbde52730e14707b2142c716d", "attributes": {"company-phone-number": "9177045842", "created-date": "2021-02-07 23:34:47", "violation-date": "2021-02-07 22:30:00", "consumer-city": "", "consumer-state": "New York", "consumer-area-code": "917", "subject": "Calls pretending to be government, businesses, or family and friends", "recorded-message-or-robocall": "N"}, "relationships": [], "meta": [], "links": {"self": "https://www.ftc.gov/v0/dnc-complaints/73fc189bbde52730e14707b2142c716d"}}, {"type": "dnc_complaint", "id": "73fc189bbde52730e14707b2142c66de", "attributes": {"company-phone-number": "9013735607", "created-date": "2021-02-07 23:34:30", "violation-date": "2021-02-05 09:26:00", "consumer-city": "Cordova", "consumer-state": "Tennessee", "consumer-area-code": "901", "subject": "Calls pretending to be government, businesses, or family and friends", "recorded-message-or-robocall": "N"}, "relationships": [], "meta": [], "links": {"self": "https://www.ftc.gov/v0/dnc-complaints/73fc189bbde52730e14707b2142c66de"}}, {"type": "dnc_complaint", "id": "73fc189bbde52730e14707b2142c6057", "attributes": {"company-phone-number": "9013738924", "created-date": "2021-02-07 23:33:10", "violation-date": "2021-02-05 13:20:00", "consumer-city": "Cordova", "consumer-state": "Tennessee", "consumer-area-code": "901", "subject": "Dropped call or no message", "recorded-message-or-robocall": ""}, "relationships": [], "meta": [], "links": {"self": "https://www.ftc.gov/v0/dnc-complaints/73fc189bbde52730e14707b2142c6057"}}, {"type": "dnc_complaint", "id": "73fc189bbde52730e14707b2142c600a", "attributes": {"company-phone-number": "9177045842", "created-date": "2021-02-07 23:32:49", "violation-date": "2021-02-07 22:00:00", "consumer-city": "", "consumer-state": "New York", "consumer-area-code": "917", "subject": "Calls pretending to be government, businesses, or family and friends", "recorded-message-or-robocall": "N"}, "relationships": [], "meta": [], "links": {"self": "https://www.ftc.gov/v0/dnc-complaints/73fc189bbde52730e14707b2142c600a"}}, {"type": "dnc_complaint", "id": "73fc189bbde52730e14707b2142c5b7d", "attributes": {"company-phone-number": "5062350373", "created-date": "2021-02-07 23:32:38", "violation-date": "2021-02-05 13:54:00", "consumer-city": "Cordova", "consumer-state": "Tennessee", "consumer-area-code": "901", "subject": "Dropped call or no message", "recorded-message-or-robocall": ""}, "relationships": [], "meta": [], "links": {"self": "https://www.ftc.gov/v0/dnc-complaints/73fc189bbde52730e14707b2142c5b7d"}}, {"type": "dnc_complaint", "id": "73fc189bbde52730e14707b2142c4e37", "attributes": {"company-phone-number": "525626019260", "created-date": "2021-02-07 23:31:57", "violation-date": "2021-02-05 15:05:00", "consumer-city": "Cordova", "consumer-state": "Tennessee", "consumer-area-code": "901", "subject": "Dropped call or no message", "recorded-message-or-robocall": ""}, "relationships": [], "meta": [], "links": {"self": "https://www.ftc.gov/v0/dnc-complaints/73fc189bbde52730e14707b2142c4e37"}}, {"type": "dnc_complaint", "id": "73fc189bbde52730e14707b2142c4c56", "attributes": {"company-phone-number": "5152441740", "created-date": "2021-02-07 23:31:09", "violation-date": "2021-02-04 11:36:00", "consumer-city": "", "consumer-state": "California", "consumer-area-code": "209", "subject": "Other", "recorded-message-or-robocall": "Y"}, "relationships": [], "meta": [], "links": {"self": "https://www.ftc.gov/v0/dnc-complaints/73fc189bbde52730e14707b2142c4c56"}}, {"type": "dnc_complaint", "id": "73fc189bbde52730e14707b2142c43c0", "attributes": {"company-phone-number": "89017452602", "created-date": "2021-02-07 23:31:01", "violation-date": "2021-02-05 15:33:00", "consumer-city": "Cordova", "consumer-state": "Tennessee", "consumer-area-code": "901", "subject": "Reducing your debt (credit cards, mortgage, student loans)", "recorded-message-or-robocall": "Y"}, "relationships": [], "meta": [], "links": {"self": "https://www.ftc.gov/v0/dnc-complaints/73fc189bbde52730e14707b2142c43c0"}}, {"type": "dnc_complaint", "id": "73fc189bbde52730e14707b2142c4256", "attributes": {"company-phone-number": "9013739199", "created-date": "2021-02-07 23:30:13", "violation-date": "2021-02-05 15:37:00", "consumer-city": "Cordova", "consumer-state": "Tennessee", "consumer-area-code": "901", "subject": "Dropped call or no message", "recorded-message-or-robocall": ""}, "relationships": [], "meta": [], "links": {"self": "https://www.ftc.gov/v0/dnc-complaints/73fc189bbde52730e14707b2142c4256"}}, {"type": "dnc_complaint", "id": "73fc189bbde52730e14707b2142c3c8a", "attributes": {"company-phone-number": "2099885097", "created-date": "2021-02-07 23:29:49", "violation-date": "2021-02-04 08:28:00", "consumer-city": "", "consumer-state": "California", "consumer-area-code": "209", "subject": "Other", "recorded-message-or-robocall": "Y"}, "relationships": [], "meta": [], "links": {"self": "https://www.ftc.gov/v0/dnc-complaints/73fc189bbde52730e14707b2142c3c8a"}}, {"type": "dnc_complaint", "id": "73fc189bbde52730e14707b2142c3496", "attributes": {"company-phone-number": "9015227147", "created-date": "2021-02-07 23:29:33", "violation-date": "2021-02-05 16:11:00", "consumer-city": "Cordova", "consumer-state": "Tennessee", "consumer-area-code": "901", "subject": "Dropped call or no message", "recorded-message-or-robocall": ""}, "relationships": [], "meta": [], "links": {"self": "https://www.ftc.gov/v0/dnc-complaints/73fc189bbde52730e14707b2142c3496"}}, {"type": "dnc_complaint", "id": "73fc189bbde52730e14707b2142c2ba8", "attributes": {"company-phone-number": "4697509163", "created-date": "2021-02-07 23:28:06", "violation-date": "2021-02-02 20:54:00", "consumer-city": "", "consumer-state": "California", "consumer-area-code": "209", "subject": "Other", "recorded-message-or-robocall": "Y"}, "relationships": [], "meta": [], "links": {"self": "https://www.ftc.gov/v0/dnc-complaints/73fc189bbde52730e14707b2142c2ba8"}}, {"type": "dnc_complaint", "id": "73fc189bbde52730e14707b2142c2284", "attributes": {"company-phone-number": "2065391076", "created-date": "2021-02-07 23:27:15", "violation-date": "2021-02-06 09:23:00", "consumer-city": "Moses Lake", "consumer-state": "Washington", "consumer-area-code": "509", "subject": "Other", "recorded-message-or-robocall": ""}, "relationships": [], "meta": [], "links": {"self": "https://www.ftc.gov/v0/dnc-complaints/73fc189bbde52730e14707b2142c2284"}}, {"type": "dnc_complaint", "id": "73fc189bbde52730e14707b2142c1814", "attributes": {"company-phone-number": "2099885859", "created-date": "2021-02-07 23:26:37", "violation-date": "2021-02-02 06:42:00", "consumer-city": "", "consumer-state": "California", "consumer-area-code": "209", "subject": "Other", "recorded-message-or-robocall": "Y"}, "relationships": [], "meta": [], "links": {"self": "https://www.ftc.gov/v0/dnc-complaints/73fc189bbde52730e14707b2142c1814"}}, {"type": "dnc_complaint", "id": "73fc189bbde52730e14707b2142c0faf", "attributes": {"company-phone-number": "2149031075", "created-date": "2021-02-07 23:26:31", "violation-date": "2021-02-05 16:54:00", "consumer-city": "Cordova", "consumer-state": "Tennessee", "consumer-area-code": "901", "subject": "Dropped call or no message", "recorded-message-or-robocall": ""}, "relationships": [], "meta": [], "links": {"self": "https://www.ftc.gov/v0/dnc-complaints/73fc189bbde52730e14707b2142c0faf"}}, {"type": "dnc_complaint", "id": "73fc189bbde52730e14707b2142c007a", "attributes": {"company-phone-number": "9013571292", "created-date": "2021-02-07 23:25:40", "violation-date": "2021-02-05 17:41:00", "consumer-city": "Cordova", "consumer-state": "Tennessee", "consumer-area-code": "901", "subject": "Dropped call or no message", "recorded-message-or-robocall": ""}, "relationships": [], "meta": [], "links": {"self": "https://www.ftc.gov/v0/dnc-complaints/73fc189bbde52730e14707b2142c007a"}}, {"type": "dnc_complaint", "id": "73fc189bbde52730e14707b2142bf117", "attributes": {"company-phone-number": "2099881469", "created-date": "2021-02-07 23:24:49", "violation-date": "2021-02-01 15:22:00", "consumer-city": "", "consumer-state": "California", "consumer-area-code": "209", "subject": "Other", "recorded-message-or-robocall": "Y"}, "relationships": [], "meta": [], "links": {"self": "https://www.ftc.gov/v0/dnc-complaints/73fc189bbde52730e14707b2142bf117"}}, {"type": "dnc_complaint", "id": "73fc189bbde52730e14707b2142be4a6", "attributes": {"company-phone-number": "9013194236", "created-date": "2021-02-07 23:24:38", "violation-date": "2021-02-06 10:49:00", "consumer-city": "Cordova", "consumer-state": "Tennessee", "consumer-area-code": "901", "subject": "Calls pretending to be government, businesses, or family and friends", "recorded-message-or-robocall": "N"}, "relationships": [], "meta": [], "links": {"self": "https://www.ftc.gov/v0/dnc-complaints/73fc189bbde52730e14707b2142be4a6"}}, {"type": "dnc_complaint", "id": "73fc189bbde52730e14707b2142bdafe", "attributes": {"company-phone-number": "2099530905", "created-date": "2021-02-07 23:23:23", "violation-date": "2021-01-29 12:37:00", "consumer-city": "", "consumer-state": "California", "consumer-area-code": "209", "subject": "Other", "recorded-message-or-robocall": "Y"}, "relationships": [], "meta": [], "links": {"self": "https://www.ftc.gov/v0/dnc-complaints/73fc189bbde52730e14707b2142bdafe"}}, {"type": "dnc_complaint", "id": "73fc189bbde52730e14707b2142bccd1", "attributes": {"company-phone-number": "", "created-date": "2021-02-07 23:23:01", "violation-date": "2021-02-03 12:13:00", "consumer-city": "", "consumer-state": "Georgia", "consumer-area-code": "912", "subject": "Warranties  & protection plans", "recorded-message-or-robocall": "Y"}, "relationships": [], "meta": [], "links": {"self": "https://www.ftc.gov/v0/dnc-complaints/73fc189bbde52730e14707b2142bccd1"}}, {"type": "dnc_complaint", "id": "73fc189bbde52730e14707b2142bc343", "attributes": {"company-phone-number": "5013771586", "created-date": "2021-02-07 23:21:41", "violation-date": "2021-01-29 08:39:00", "consumer-city": "", "consumer-state": "California", "consumer-area-code": "209", "subject": "Other", "recorded-message-or-robocall": "Y"}, "relationships": [], "meta": [], "links": {"self": "https://www.ftc.gov/v0/dnc-complaints/73fc189bbde52730e14707b2142bc343"}}, {"type": "dnc_complaint", "id": "73fc189bbde52730e14707b2142bba87", "attributes": {"company-phone-number": "", "created-date": "2021-02-07 23:21:15", "violation-date": "2021-02-02 10:25:00", "consumer-city": "", "consumer-state": "Georgia", "consumer-area-code": "912", "subject": "Warranties  & protection plans", "recorded-message-or-robocall": "Y"}, "relationships": [], "meta": [], "links": {"self": "https://www.ftc.gov/v0/dnc-complaints/73fc189bbde52730e14707b2142bba87"}}, {"type": "dnc_complaint", "id": "73fc189bbde52730e14707b2142bae3d", "attributes": {"company-phone-number": "4693180872", "created-date": "2021-02-07 23:19:07", "violation-date": "2021-02-03 09:01:00", "consumer-city": "", "consumer-state": "California", "consumer-area-code": "209", "subject": "Other", "recorded-message-or-robocall": "Y"}, "relationships": [], "meta": [], "links": {"self": "https://www.ftc.gov/v0/dnc-complaints/73fc189bbde52730e14707b2142bae3d"}}, {"type": "dnc_complaint", "id": "73fc189bbde52730e14707b2142baa36", "attributes": {"company-phone-number": "8556937861", "created-date": "2021-02-07 23:18:26", "violation-date": "2021-02-05 18:26:00", "consumer-city": "Knoxville", "consumer-state": "Tennessee", "consumer-area-code": "865", "subject": "Calls pretending to be government, businesses, or family and friends", "recorded-message-or-robocall": "Y"}, "relationships": [], "meta": [], "links": {"self": "https://www.ftc.gov/v0/dnc-complaints/73fc189bbde52730e14707b2142baa36"}}, {"type": "dnc_complaint", "id": "73fc189bbde52730e14707b2142b9ced", "attributes": {"company-phone-number": "7179124332", "created-date": "2021-02-07 23:17:01", "violation-date": "2021-02-05 12:49:00", "consumer-city": "", "consumer-state": "Pennsylvania", "consumer-area-code": "717", "subject": "No Subject Provided", "recorded-message-or-robocall": ""}, "relationships": [], "meta": [], "links": {"self": "https://www.ftc.gov/v0/dnc-complaints/73fc189bbde52730e14707b2142b9ced"}}, {"type": "dnc_complaint", "id": "73fc189bbde52730e14707b2142b9d92", "attributes": {"company-phone-number": "7634250010", "created-date": "2021-02-07 23:16:03", "violation-date": "2021-02-06 11:39:00", "consumer-city": "Fort Worth", "consumer-state": "Texas", "consumer-area-code": "817", "subject": "Other", "recorded-message-or-robocall": "Y"}, "relationships": [], "meta": [], "links": {"self": "https://www.ftc.gov/v0/dnc-complaints/73fc189bbde52730e14707b2142b9d92"}}, {"type": "dnc_complaint", "id": "73fc189bbde52730e14707b2142b96cb", "attributes": {"company-phone-number": "6502963416", "created-date": "2021-02-07 23:14:59", "violation-date": "2021-02-07 22:25:00", "consumer-city": "", "consumer-state": "South Carolina", "consumer-area-code": "803", "subject": "No Subject Provided", "recorded-message-or-robocall": "Y"}, "relationships": [], "meta": [], "links": {"self": "https://www.ftc.gov/v0/dnc-complaints/73fc189bbde52730e14707b2142b96cb"}}, {"type": "dnc_complaint", "id": "73fc189bbde52730e14707b2142b9498", "attributes": {"company-phone-number": "5128541512", "created-date": "2021-02-07 23:13:13", "violation-date": "2021-02-01 12:56:00", "consumer-city": "", "consumer-state": "Texas", "consumer-area-code": "210", "subject": "Warranties  & protection plans", "recorded-message-or-robocall": "Y"}, "relationships": [], "meta": [], "links": {"self": "https://www.ftc.gov/v0/dnc-complaints/73fc189bbde52730e14707b2142b9498"}}], "meta": {"records-this-page": 50, "record-total": 2763}, "links": {"self": "https://www.ftc.gov/v0/dnc-complaints?created_date=%222021-02-07%22"}}