{"data": [{"type": "dnc_complaint", "id": "0a8f582c1d9f149e6f713a64964b9a41", "attributes": {"company-phone-number": "5752541012", "created-date": "2021-02-23 23:59:44", "violation-date": "2021-02-23 18:42:00", "consumer-city": "Bitely", "consumer-state": "Michigan", "consumer-area-code": "231", "subject": "Dropped call or no message", "recorded-message-or-robocall": "N"}, "relationships": [], "meta": [], "links": {"self": "https://www.ftc.gov/v0/dnc-complaints/0a8f582c1d9f149e6f713a64964b9a41"}}, {"type": "dnc_complaint", "id": "0a8f582c1d9f149e6f713a64964b82d6", "attributes": {"company-phone-number": "5084560147", "created-date": "2021-02-23 23:59:12", "violation-date": "2021-02-23 13:32:00", "consumer-city": "", "consumer-state": "Ohio", "consumer-area-code": "216", "subject": "No Subject Provided", "recorded-message-or-robocall": "N"}, "relationships": [], "meta": [], "links": {"self": "https://www.ftc.gov/v0/dnc-complaints/0a8f582c1d9f149e6f713a64964b82d6"}}, {"type": "dnc_complaint", "id": "0a8f582c1d9f149e6f713a64964b8a79", "attributes": {"company-phone-number": "", "created-date": "2021-02-23 23:58:52", "violation-date": "2021-02-10 12:00:00", "consumer-city": "Park Forest", "consumer-state": "Illinois", "consumer-area-code": "708", "subject": "Reducing your debt (credit cards, mortgage, student loans)", "recorded-message-or-robocall": "N"}, "relationships": [], "meta": [], "links": {"self": "https://www.ftc.gov/v0/dnc-complaints/0a8f582c1d9f149e6f713a64964b8a79"}}, {"type": "dnc_complaint", "id": "0a8f582c1d9f149e6f713a64964b7d6b", "attributes": {"company-phone-number": "6157631058", "created-date": "2021-02-23 23:58:35", "violation-date": "2021-02-23 10:57:00", "consumer-city": "`Cumberland Furnace", "consumer-state": "Tennessee", "consumer-area-code": "615", "subject": "Dropped call or no message", "recorded-message-or-robocall": "Y"}, "relationships": [], "meta": [], "links": {"self": "https://www.ftc.gov/v0/dnc-complaints/0a8f582c1d9f149e6f713a64964b7d6b"}}, {"type": "dnc_complaint", "id": "0a8f582c1d9f149e6f713a64964b6de8", "attributes": {"company-phone-number": "7322557897", "created-date": "2021-02-23 23:58:06", "violation-date": "2021-02-23 16:29:00", "consumer-city": "Toms River", "consumer-state": "New Jersey", "consumer-area-code": "732", "subject": "Dropped call or no message", "recorded-message-or-robocall": ""}, "relationships": [], "meta": [], "links": {"self": "https://www.ftc.gov/v0/dnc-complaints/0a8f582c1d9f149e6f713a64964b6de8"}}, {"type": "dnc_complaint", "id": "0a8f582c1d9f149e6f713a64964b5b56", "attributes": {"company-phone-number": "5026174076", "created-date": "2021-02-23 23:57:45", "violation-date": "2021-02-23 12:28:00", "consumer-city": "", "consumer-state": "Ohio", "consumer-area-code": "216", "subject": "No Subject Provided", "recorded-message-or-robocall": "N"}, "relationships": [], "meta": [], "links": {"self": "https://www.ftc.gov/v0/dnc-complaints/0a8f582c1d9f149e6f713a64964b5b56"}}, {"type": "dnc_complaint", "id": "0a8f582c1d9f149e6f713a64964b6978", "attributes": {"company-phone-number": "6157635198", "created-date": "2021-02-23 23:57:29", "violation-date": "2021-02-23 10:14:00", "consumer-city": "`Cumberland Furnace", "consumer-state": "Tennessee", "consumer-area-code": "615", "subject": "Dropped call or no message", "recorded-message-or-robocall": "Y"}, "relationships": [], "meta": [], "links": {"self": "https://www.ftc.gov/v0/dnc-complaints/0a8f582c1d9f149e6f713a64964b6978"}}, {"type": "dnc_complaint", "id": "0a8f582c1d9f149e6f713a64964b5d83", "attributes": {"company-phone-number": "7321352919", "created-date": "2021-02-23 23:57:23", "violation-date": "2021-02-23 17:50:00", "consumer-city": "Toms River", "consumer-state": "New Jersey", "consumer-area-code": "732", "subject": "Dropped call or no message", "recorded-message-or-robocall": ""}, "relationships": [], "meta": [], "links": {"self": "https://www.ftc.gov/v0/dnc-complaints/0a8f582c1d9f149e6f713a64964b5d83"}}, {"type": "dnc_complaint", "id": "0a8f582c1d9f149e6f713a64964b5382", "attributes": {"company-phone-number": "8335850791", "created-date": "2021-02-23 23:56:54", "violation-date": "2021-02-15 10:18:00", "consumer-city": "", "consumer-state": "Illinois", "consumer-area-code": "309", "subject": "No Subject Provided", "recorded-message-or-robocall": "Y"}, "relationships": [], "meta": [], "links": {"self": "https://www.ftc.gov/v0/dnc-complaints/0a8f582c1d9f149e6f713a64964b5382"}}, {"type": "dnc_complaint", "id": "0a8f582c1d9f149e6f713a64964b4cdf", "attributes": {"company-phone-number": "6157631453", "created-date": "2021-02-23 23:56:37", "violation-date": "2021-02-23 09:51:00", "consumer-city": "`Cumberland Furnace", "consumer-state": "Tennessee", "consumer-area-code": "615", "subject": "Dropped call or no message", "recorded-message-or-robocall": "Y"}, "relationships": [], "meta": [], "links": {"self": "https://www.ftc.gov/v0/dnc-complaints/0a8f582c1d9f149e6f713a64964b4cdf"}}, {"type": "dnc_complaint", "id": "0a8f582c1d9f149e6f713a64964b4270", "attributes": {"company-phone-number": "2163602103", "created-date": "2021-02-23 23:56:16", "violation-date": "2021-02-23 10:57:00", "consumer-city": "", "consumer-state": "Ohio", "consumer-area-code": "216", "subject": "No Subject Provided", "recorded-message-or-robocall": "N"}, "relationships": [], "meta": [], "links": {"self": "https://www.ftc.gov/v0/dnc-complaints/0a8f582c1d9f149e6f713a64964b4270"}}, {"type": "dnc_complaint", "id": "0a8f582c1d9f149e6f713a64964b3e00", "attributes": {"company-phone-number": "8165218529", "created-date": "2021-02-23 23:55:32", "violation-date": "2021-02-23 14:50:00", "consumer-city": "Kansas City", "consumer-state": "Missouri", "consumer-area-code": "816", "subject": "Other", "recorded-message-or-robocall": "N"}, "relationships": [], "meta": [], "links": {"self": "https://www.ftc.gov/v0/dnc-complaints/0a8f582c1d9f149e6f713a64964b3e00"}}, {"type": "dnc_complaint", "id": "0a8f582c1d9f149e6f713a64964b3701", "attributes": {"company-phone-number": "9093628969", "created-date": "2021-02-23 23:55:07", "violation-date": "2021-02-23 00:00:00", "consumer-city": "San Bernardino", "consumer-state": "California", "consumer-area-code": "213", "subject": "No Subject Provided", "recorded-message-or-robocall": ""}, "relationships": [], "meta": [], "links": {"self": "https://www.ftc.gov/v0/dnc-complaints/0a8f582c1d9f149e6f713a64964b3701"}}, {"type": "dnc_complaint", "id": "0a8f582c1d9f149e6f713a64964b27b4", "attributes": {"company-phone-number": "6304540381", "created-date": "2021-02-23 23:55:06", "violation-date": "2021-02-13 16:33:00", "consumer-city": "", "consumer-state": "Illinois", "consumer-area-code": "309", "subject": "No Subject Provided", "recorded-message-or-robocall": "Y"}, "relationships": [], "meta": [], "links": {"self": "https://www.ftc.gov/v0/dnc-complaints/0a8f582c1d9f149e6f713a64964b27b4"}}, {"type": "dnc_complaint", "id": "0a8f582c1d9f149e6f713a64964b0d5a", "attributes": {"company-phone-number": "8607099405", "created-date": "2021-02-23 23:54:51", "violation-date": "2021-02-23 09:20:00", "consumer-city": "", "consumer-state": "Ohio", "consumer-area-code": "216", "subject": "No Subject Provided", "recorded-message-or-robocall": "N"}, "relationships": [], "meta": [], "links": {"self": "https://www.ftc.gov/v0/dnc-complaints/0a8f582c1d9f149e6f713a64964b0d5a"}}, {"type": "dnc_complaint", "id": "0a8f582c1d9f149e6f713a64964b1e51", "attributes": {"company-phone-number": "8004893401", "created-date": "2021-02-23 23:54:47", "violation-date": "2021-02-23 15:32:00", "consumer-city": "", "consumer-state": "Florida", "consumer-area-code": "239", "subject": "Other", "recorded-message-or-robocall": "N"}, "relationships": [], "meta": [], "links": {"self": "https://www.ftc.gov/v0/dnc-complaints/0a8f582c1d9f149e6f713a64964b1e51"}}, {"type": "dnc_complaint", "id": "0a8f582c1d9f149e6f713a64964b135d", "attributes": {"company-phone-number": "8164304124", "created-date": "2021-02-23 23:54:22", "violation-date": "2021-02-23 14:30:00", "consumer-city": "Kansas City", "consumer-state": "Missouri", "consumer-area-code": "816", "subject": "Other", "recorded-message-or-robocall": "Y"}, "relationships": [], "meta": [], "links": {"self": "https://www.ftc.gov/v0/dnc-complaints/0a8f582c1d9f149e6f713a64964b135d"}}, {"type": "dnc_complaint", "id": "0a8f582c1d9f149e6f713a64964b04e9", "attributes": {"company-phone-number": "8009814627", "created-date": "2021-02-23 23:53:37", "violation-date": "2021-02-12 11:24:00", "consumer-city": "", "consumer-state": "Illinois", "consumer-area-code": "309", "subject": "No Subject Provided", "recorded-message-or-robocall": "Y"}, "relationships": [], "meta": [], "links": {"self": "https://www.ftc.gov/v0/dnc-complaints/0a8f582c1d9f149e6f713a64964b04e9"}}, {"type": "dnc_complaint", "id": "0a8f582c1d9f149e6f713a64964b00ea", "attributes": {"company-phone-number": "8165502578", "created-date": "2021-02-23 23:53:10", "violation-date": "2021-02-23 11:31:00", "consumer-city": "Kansas City", "consumer-state": "Missouri", "consumer-area-code": "816", "subject": "Other", "recorded-message-or-robocall": "N"}, "relationships": [], "meta": [], "links": {"self": "https://www.ftc.gov/v0/dnc-complaints/0a8f582c1d9f149e6f713a64964b00ea"}}, {"type": "dnc_complaint", "id": "0a8f582c1d9f149e6f713a64964af8fc", "attributes": {"company-phone-number": "5869977266", "created-date": "2021-02-23 23:53:04", "violation-date": "2021-02-23 14:28:00", "consumer-city": "Sterling Heights,", "consumer-state": "Michigan", "consumer-area-code": "586", "subject": "Other", "recorded-message-or-robocall": "N"}, "relationships": [], "meta": [], "links": {"self": "https://www.ftc.gov/v0/dnc-complaints/0a8f582c1d9f149e6f713a64964af8fc"}}, {"type": "dnc_complaint", "id": "0a8f582c1d9f149e6f713a64964ae9cf", "attributes": {"company-phone-number": "2674853089", "created-date": "2021-02-23 23:52:50", "violation-date": "2021-02-23 16:00:00", "consumer-city": "Columbus", "consumer-state": "Ohio", "consumer-area-code": "614", "subject": "Other", "recorded-message-or-robocall": "Y"}, "relationships": [], "meta": [], "links": {"self": "https://www.ftc.gov/v0/dnc-complaints/0a8f582c1d9f149e6f713a64964ae9cf"}}, {"type": "dnc_complaint", "id": "0a8f582c1d9f149e6f713a64964ae2a7", "attributes": {"company-phone-number": "5415263679", "created-date": "2021-02-23 23:52:36", "violation-date": "2021-02-23 00:00:00", "consumer-city": "San Bernardino", "consumer-state": "California", "consumer-area-code": "213", "subject": "No Subject Provided", "recorded-message-or-robocall": ""}, "relationships": [], "meta": [], "links": {"self": "https://www.ftc.gov/v0/dnc-complaints/0a8f582c1d9f149e6f713a64964ae2a7"}}, {"type": "dnc_complaint", "id": "0a8f582c1d9f149e6f713a64964adc4c", "attributes": {"company-phone-number": "3016365877", "created-date": "2021-02-23 23:52:34", "violation-date": "2021-02-23 23:49:00", "consumer-city": "Sparks Glencoe", "consumer-state": "Maryland", "consumer-area-code": "410", "subject": "Other", "recorded-message-or-robocall": "N"}, "relationships": [], "meta": [], "links": {"self": "https://www.ftc.gov/v0/dnc-complaints/0a8f582c1d9f149e6f713a64964adc4c"}}, {"type": "dnc_complaint", "id": "0a8f582c1d9f149e6f713a64964ad84c", "attributes": {"company-phone-number": "9133724583", "created-date": "2021-02-23 23:52:07", "violation-date": "2021-02-23 11:02:00", "consumer-city": "Kansas City", "consumer-state": "Missouri", "consumer-area-code": "816", "subject": "Other", "recorded-message-or-robocall": "Y"}, "relationships": [], "meta": [], "links": {"self": "https://www.ftc.gov/v0/dnc-complaints/0a8f582c1d9f149e6f713a64964ad84c"}}, {"type": "dnc_complaint", "id": "0a8f582c1d9f149e6f713a64964ad5b2", "attributes": {"company-phone-number": "3093137987", "created-date": "2021-02-23 23:51:54", "violation-date": "2021-02-12 09:38:00", "consumer-city": "", "consumer-state": "Illinois", "consumer-area-code": "309", "subject": "No Subject Provided", "recorded-message-or-robocall": "Y"}, "relationships": [], "meta": [], "links": {"self": "https://www.ftc.gov/v0/dnc-complaints/0a8f582c1d9f149e6f713a64964ad5b2"}}, {"type": "dnc_complaint", "id": "0a8f582c1d9f149e6f713a64964ac851", "attributes": {"company-phone-number": "8084443952", "created-date": "2021-02-23 23:51:54", "violation-date": "2021-02-23 00:00:00", "consumer-city": "San Bernardino", "consumer-state": "California", "consumer-area-code": "213", "subject": "No Subject Provided", "recorded-message-or-robocall": ""}, "relationships": [], "meta": [], "links": {"self": "https://www.ftc.gov/v0/dnc-complaints/0a8f582c1d9f149e6f713a64964ac851"}}, {"type": "dnc_complaint", "id": "0a8f582c1d9f149e6f713a64964ac193", "attributes": {"company-phone-number": "9712063779", "created-date": "2021-02-23 23:51:14", "violation-date": "2021-02-23 00:00:00", "consumer-city": "San Bernardino", "consumer-state": "California", "consumer-area-code": "213", "subject": "No Subject Provided", "recorded-message-or-robocall": ""}, "relationships": [], "meta": [], "links": {"self": "https://www.ftc.gov/v0/dnc-complaints/0a8f582c1d9f149e6f713a64964ac193"}}, {"type": "dnc_complaint", "id": "0a8f582c1d9f149e6f713a64964ab539", "attributes": {"company-phone-number": "6166910022", "created-date": "2021-02-23 23:51:07", "violation-date": "2021-02-23 18:46:00", "consumer-city": "Sterling Heights,", "consumer-state": "Michigan", "consumer-area-code": "586", "subject": "Energy, solar,  & utilities", "recorded-message-or-robocall": "N"}, "relationships": [], "meta": [], "links": {"self": "https://www.ftc.gov/v0/dnc-complaints/0a8f582c1d9f149e6f713a64964ab539"}}, {"type": "dnc_complaint", "id": "0a8f582c1d9f149e6f713a64964aaa37", "attributes": {"company-phone-number": "9204699844", "created-date": "2021-02-23 23:50:54", "violation-date": "2021-02-23 22:35:00", "consumer-city": "Appleton", "consumer-state": "Wisconsin", "consumer-area-code": "920", "subject": "Other", "recorded-message-or-robocall": "Y"}, "relationships": [], "meta": [], "links": {"self": "https://www.ftc.gov/v0/dnc-complaints/0a8f582c1d9f149e6f713a64964aaa37"}}, {"type": "dnc_complaint", "id": "0a8f582c1d9f149e6f713a64964a9cc5", "attributes": {"company-phone-number": "9038711114", "created-date": "2021-02-23 23:50:48", "violation-date": "2021-02-17 10:17:00", "consumer-city": "Spring", "consumer-state": "Texas", "consumer-area-code": "281", "subject": "Warranties  & protection plans", "recorded-message-or-robocall": "Y"}, "relationships": [], "meta": [], "links": {"self": "https://www.ftc.gov/v0/dnc-complaints/0a8f582c1d9f149e6f713a64964a9cc5"}}, {"type": "dnc_complaint", "id": "0a8f582c1d9f149e6f713a64964a9054", "attributes": {"company-phone-number": "7752512684", "created-date": "2021-02-23 23:50:32", "violation-date": "2021-02-23 00:00:00", "consumer-city": "San Bernardino", "consumer-state": "California", "consumer-area-code": "213", "subject": "No Subject Provided", "recorded-message-or-robocall": ""}, "relationships": [], "meta": [], "links": {"self": "https://www.ftc.gov/v0/dnc-complaints/0a8f582c1d9f149e6f713a64964a9054"}}, {"type": "dnc_complaint", "id": "0a8f582c1d9f149e6f713a64964a8102", "attributes": {"company-phone-number": "9709458305", "created-date": "2021-02-23 23:50:14", "violation-date": "2021-02-22 14:34:00", "consumer-city": "", "consumer-state": "California", "consumer-area-code": "619", "subject": "No Subject Provided", "recorded-message-or-robocall": ""}, "relationships": [], "meta": [], "links": {"self": "https://www.ftc.gov/v0/dnc-complaints/0a8f582c1d9f149e6f713a64964a8102"}}, {"type": "dnc_complaint", "id": "0a8f582c1d9f149e6f713a64964a7f03", "attributes": {"company-phone-number": "2172900545", "created-date": "2021-02-23 23:50:06", "violation-date": "2021-02-10 18:13:00", "consumer-city": "", "consumer-state": "Illinois", "consumer-area-code": "309", "subject": "No Subject Provided", "recorded-message-or-robocall": "Y"}, "relationships": [], "meta": [], "links": {"self": "https://www.ftc.gov/v0/dnc-complaints/0a8f582c1d9f149e6f713a64964a7f03"}}, {"type": "dnc_complaint", "id": "0a8f582c1d9f149e6f713a64964a71bd", "attributes": {"company-phone-number": "2696016473", "created-date": "2021-02-23 23:49:58", "violation-date": "2021-02-23 11:23:00", "consumer-city": "Montgomery", "consumer-state": "Alabama", "consumer-area-code": "334", "subject": "Other", "recorded-message-or-robocall": "Y"}, "relationships": [], "meta": [], "links": {"self": "https://www.ftc.gov/v0/dnc-complaints/0a8f582c1d9f149e6f713a64964a71bd"}}, {"type": "dnc_complaint", "id": "0a8f582c1d9f149e6f713a64964a7142", "attributes": {"company-phone-number": "9094068592", "created-date": "2021-02-23 23:49:54", "violation-date": "2021-02-23 00:00:00", "consumer-city": "San Bernardino", "consumer-state": "California", "consumer-area-code": "213", "subject": "No Subject Provided", "recorded-message-or-robocall": ""}, "relationships": [], "meta": [], "links": {"self": "https://www.ftc.gov/v0/dnc-complaints/0a8f582c1d9f149e6f713a64964a7142"}}, {"type": "dnc_complaint", "id": "0a8f582c1d9f149e6f713a64964a67d8", "attributes": {"company-phone-number": "5853048746", "created-date": "2021-02-23 23:49:30", "violation-date": "2021-02-23 16:27:00", "consumer-city": "New York", "consumer-state": "New York", "consumer-area-code": "212", "subject": "Other", "recorded-message-or-robocall": "Y"}, "relationships": [], "meta": [], "links": {"self": "https://www.ftc.gov/v0/dnc-complaints/0a8f582c1d9f149e6f713a64964a67d8"}}, {"type": "dnc_complaint", "id": "0a8f582c1d9f149e6f713a64964a603b", "attributes": {"company-phone-number": "2087422814", "created-date": "2021-02-23 23:49:06", "violation-date": "2021-02-23 00:00:00", "consumer-city": "San Bernardino", "consumer-state": "California", "consumer-area-code": "213", "subject": "No Subject Provided", "recorded-message-or-robocall": ""}, "relationships": [], "meta": [], "links": {"self": "https://www.ftc.gov/v0/dnc-complaints/0a8f582c1d9f149e6f713a64964a603b"}}, {"type": "dnc_complaint", "id": "0a8f582c1d9f149e6f713a64964a51fc", "attributes": {"company-phone-number": "8456862029", "created-date": "2021-02-23 23:48:59", "violation-date": "2021-02-23 23:29:00", "consumer-city": "", "consumer-state": "New York", "consumer-area-code": "845", "subject": "Other", "recorded-message-or-robocall": "Y"}, "relationships": [], "meta": [], "links": {"self": "https://www.ftc.gov/v0/dnc-complaints/0a8f582c1d9f149e6f713a64964a51fc"}}, {"type": "dnc_complaint", "id": "0a8f582c1d9f149e6f713a64964a431b", "attributes": {"company-phone-number": "2818145707", "created-date": "2021-02-23 23:48:46", "violation-date": "2021-02-23 15:48:00", "consumer-city": "Spring", "consumer-state": "Texas", "consumer-area-code": "281", "subject": "Dropped call or no message", "recorded-message-or-robocall": "Y"}, "relationships": [], "meta": [], "links": {"self": "https://www.ftc.gov/v0/dnc-complaints/0a8f582c1d9f149e6f713a64964a431b"}}, {"type": "dnc_complaint", "id": "0a8f582c1d9f149e6f713a64964a39cb", "attributes": {"company-phone-number": "8602373207", "created-date": "2021-02-23 23:48:37", "violation-date": "2021-02-23 13:00:00", "consumer-city": "New York", "consumer-state": "New York", "consumer-area-code": "212", "subject": "Other", "recorded-message-or-robocall": "Y"}, "relationships": [], "meta": [], "links": {"self": "https://www.ftc.gov/v0/dnc-complaints/0a8f582c1d9f149e6f713a64964a39cb"}}, {"type": "dnc_complaint", "id": "0a8f582c1d9f149e6f713a64964a2a7b", "attributes": {"company-phone-number": "3067716632", "created-date": "2021-02-23 23:48:31", "violation-date": "2021-02-20 12:42:00", "consumer-city": "Montgomery", "consumer-state": "Alabama", "consumer-area-code": "334", "subject": "Other", "recorded-message-or-robocall": "Y"}, "relationships": [], "meta": [], "links": {"self": "https://www.ftc.gov/v0/dnc-complaints/0a8f582c1d9f149e6f713a64964a2a7b"}}, {"type": "dnc_complaint", "id": "0a8f582c1d9f149e6f713a64964a2223", "attributes": {"company-phone-number": "3094462754", "created-date": "2021-02-23 23:48:14", "violation-date": "2021-02-10 14:17:00", "consumer-city": "", "consumer-state": "Illinois", "consumer-area-code": "309", "subject": "No Subject Provided", "recorded-message-or-robocall": "Y"}, "relationships": [], "meta": [], "links": {"self": "https://www.ftc.gov/v0/dnc-complaints/0a8f582c1d9f149e6f713a64964a2223"}}, {"type": "dnc_complaint", "id": "0a8f582c1d9f149e6f713a64964a1caf", "attributes": {"company-phone-number": "2137976561", "created-date": "2021-02-23 23:48:09", "violation-date": "2021-02-23 00:00:00", "consumer-city": "San Bernardino", "consumer-state": "California", "consumer-area-code": "213", "subject": "No Subject Provided", "recorded-message-or-robocall": ""}, "relationships": [], "meta": [], "links": {"self": "https://www.ftc.gov/v0/dnc-complaints/0a8f582c1d9f149e6f713a64964a1caf"}}, {"type": "dnc_complaint", "id": "0a8f582c1d9f149e6f713a64964a0d03", "attributes": {"company-phone-number": "8334262140", "created-date": "2021-02-23 23:47:54", "violation-date": "2021-02-22 18:23:00", "consumer-city": "Spring", "consumer-state": "Texas", "consumer-area-code": "281", "subject": "Dropped call or no message", "recorded-message-or-robocall": "Y"}, "relationships": [], "meta": [], "links": {"self": "https://www.ftc.gov/v0/dnc-complaints/0a8f582c1d9f149e6f713a64964a0d03"}}, {"type": "dnc_complaint", "id": "0a8f582c1d9f149e6f713a64964a004d", "attributes": {"company-phone-number": "5165708346", "created-date": "2021-02-23 23:47:46", "violation-date": "2021-02-23 12:51:00", "consumer-city": "New York", "consumer-state": "New York", "consumer-area-code": "212", "subject": "Calls pretending to be government, businesses, or family and friends", "recorded-message-or-robocall": "Y"}, "relationships": [], "meta": [], "links": {"self": "https://www.ftc.gov/v0/dnc-complaints/0a8f582c1d9f149e6f713a64964a004d"}}, {"type": "dnc_complaint", "id": "0a8f582c1d9f149e6f713a649649f071", "attributes": {"company-phone-number": "8176023766", "created-date": "2021-02-23 23:47:38", "violation-date": "2021-02-23 12:35:00", "consumer-city": "Arlington", "consumer-state": "Texas", "consumer-area-code": "817", "subject": "Computer  & technical support", "recorded-message-or-robocall": "Y"}, "relationships": [], "meta": [], "links": {"self": "https://www.ftc.gov/v0/dnc-complaints/0a8f582c1d9f149e6f713a649649f071"}}, {"type": "dnc_complaint", "id": "0a8f582c1d9f149e6f713a649649e449", "attributes": {"company-phone-number": "2059648765", "created-date": "2021-02-23 23:47:28", "violation-date": "2021-02-22 12:38:00", "consumer-city": "Montgomery", "consumer-state": "Alabama", "consumer-area-code": "334", "subject": "Other", "recorded-message-or-robocall": "Y"}, "relationships": [], "meta": [], "links": {"self": "https://www.ftc.gov/v0/dnc-complaints/0a8f582c1d9f149e6f713a649649e449"}}, {"type": "dnc_complaint", "id": "0a8f582c1d9f149e6f713a649649d6cc", "attributes": {"company-phone-number": "8082073581", "created-date": "2021-02-23 23:47:25", "violation-date": "2021-02-23 00:00:00", "consumer-city": "San Bernardino", "consumer-state": "California", "consumer-area-code": "213", "subject": "No Subject Provided", "recorded-message-or-robocall": ""}, "relationships": [], "meta": [], "links": {"self": "https://www.ftc.gov/v0/dnc-complaints/0a8f582c1d9f149e6f713a649649d6cc"}}, {"type": "dnc_complaint", "id": "0a8f582c1d9f149e6f713a649649d10b", "attributes": {"company-phone-number": "2813467774", "created-date": "2021-02-23 23:46:54", "violation-date": "2021-02-22 17:41:00", "consumer-city": "Spring", "consumer-state": "Texas", "consumer-area-code": "281", "subject": "Dropped call or no message", "recorded-message-or-robocall": "Y"}, "relationships": [], "meta": [], "links": {"self": "https://www.ftc.gov/v0/dnc-complaints/0a8f582c1d9f149e6f713a649649d10b"}}, {"type": "dnc_complaint", "id": "0a8f582c1d9f149e6f713a649649d073", "attributes": {"company-phone-number": "8452379386", "created-date": "2021-02-23 23:46:45", "violation-date": "2021-02-23 12:26:00", "consumer-city": "New York", "consumer-state": "New York", "consumer-area-code": "212", "subject": "Other", "recorded-message-or-robocall": "Y"}, "relationships": [], "meta": [], "links": {"self": "https://www.ftc.gov/v0/dnc-complaints/0a8f582c1d9f149e6f713a649649d073"}}], "meta": {"records-this-page": 50, "record-total": 16726}, "links": {"self": "https://www.ftc.gov/v0/dnc-complaints?created_date=%222021-02-23%22"}}