{"data": [{"type": "dnc_complaint", "id": "9d21dfb7dc294a975a13f31a0ba4ef9c", "attributes": {"company-phone-number": "3236395029", "created-date": "2021-02-18 23:58:41", "violation-date": "2021-02-18 13:53:00", "consumer-city": "Los Angeles", "consumer-state": "California", "consumer-area-code": "323", "subject": "Warranties  & protection plans", "recorded-message-or-robocall": "Y"}, "relationships": [], "meta": [], "links": {"self": "https://www.ftc.gov/v0/dnc-complaints/9d21dfb7dc294a975a13f31a0ba4ef9c"}}, {"type": "dnc_complaint", "id": "9d21dfb7dc294a975a13f31a0ba4e55f", "attributes": {"company-phone-number": "8188629249", "created-date": "2021-02-18 23:58:01", "violation-date": "2021-02-17 10:34:00", "consumer-city": "", "consumer-state": "California", "consumer-area-code": "818", "subject": "Other", "recorded-message-or-robocall": "N"}, "relationships": [], "meta": [], "links": {"self": "https://www.ftc.gov/v0/dnc-complaints/9d21dfb7dc294a975a13f31a0ba4e55f"}}, {"type": "dnc_complaint", "id": "9d21dfb7dc294a975a13f31a0ba4cc33", "attributes": {"company-phone-number": "9792328312", "created-date": "2021-02-18 23:57:13", "violation-date": "2021-02-16 13:29:00", "consumer-city": "", "consumer-state": "Texas", "consumer-area-code": "979", "subject": "No Subject Provided", "recorded-message-or-robocall": "N"}, "relationships": [], "meta": [], "links": {"self": "https://www.ftc.gov/v0/dnc-complaints/9d21dfb7dc294a975a13f31a0ba4cc33"}}, {"type": "dnc_complaint", "id": "9d21dfb7dc294a975a13f31a0ba4d837", "attributes": {"company-phone-number": "2088100280", "created-date": "2021-02-18 23:55:59", "violation-date": "2021-02-18 15:50:00", "consumer-city": "FLORENCE", "consumer-state": "Kentucky", "consumer-area-code": "859", "subject": "No Subject Provided", "recorded-message-or-robocall": ""}, "relationships": [], "meta": [], "links": {"self": "https://www.ftc.gov/v0/dnc-complaints/9d21dfb7dc294a975a13f31a0ba4d837"}}, {"type": "dnc_complaint", "id": "9d21dfb7dc294a975a13f31a0ba4bd7a", "attributes": {"company-phone-number": "6512087292", "created-date": "2021-02-18 23:55:48", "violation-date": "2021-02-18 20:55:00", "consumer-city": "KREMLIN", "consumer-state": "Oklahoma", "consumer-area-code": "580", "subject": "Other", "recorded-message-or-robocall": ""}, "relationships": [], "meta": [], "links": {"self": "https://www.ftc.gov/v0/dnc-complaints/9d21dfb7dc294a975a13f31a0ba4bd7a"}}, {"type": "dnc_complaint", "id": "9d21dfb7dc294a975a13f31a0ba4b4bb", "attributes": {"company-phone-number": "6157637081", "created-date": "2021-02-18 23:55:31", "violation-date": "2021-02-18 19:16:00", "consumer-city": "cumberland Furnace", "consumer-state": "Tennessee", "consumer-area-code": "615", "subject": "Dropped call or no message", "recorded-message-or-robocall": "Y"}, "relationships": [], "meta": [], "links": {"self": "https://www.ftc.gov/v0/dnc-complaints/9d21dfb7dc294a975a13f31a0ba4b4bb"}}, {"type": "dnc_complaint", "id": "9d21dfb7dc294a975a13f31a0ba4ab4d", "attributes": {"company-phone-number": "6032121313", "created-date": "2021-02-18 23:55:00", "violation-date": "2021-02-13 12:45:00", "consumer-city": "", "consumer-state": "Alaska", "consumer-area-code": "907", "subject": "Dropped call or no message", "recorded-message-or-robocall": ""}, "relationships": [], "meta": [], "links": {"self": "https://www.ftc.gov/v0/dnc-complaints/9d21dfb7dc294a975a13f31a0ba4ab4d"}}, {"type": "dnc_complaint", "id": "9d21dfb7dc294a975a13f31a0ba4a3cc", "attributes": {"company-phone-number": "9143392501", "created-date": "2021-02-18 23:54:42", "violation-date": "2021-02-02 00:00:00", "consumer-city": "", "consumer-state": "New York", "consumer-area-code": "917", "subject": "Vacation  & timeshares", "recorded-message-or-robocall": "Y"}, "relationships": [], "meta": [], "links": {"self": "https://www.ftc.gov/v0/dnc-complaints/9d21dfb7dc294a975a13f31a0ba4a3cc"}}, {"type": "dnc_complaint", "id": "9d21dfb7dc294a975a13f31a0ba49b3a", "attributes": {"company-phone-number": "8183344810", "created-date": "2021-02-18 23:54:39", "violation-date": "2021-02-17 15:13:00", "consumer-city": "", "consumer-state": "California", "consumer-area-code": "818", "subject": "Dropped call or no message", "recorded-message-or-robocall": "N"}, "relationships": [], "meta": [], "links": {"self": "https://www.ftc.gov/v0/dnc-complaints/9d21dfb7dc294a975a13f31a0ba49b3a"}}, {"type": "dnc_complaint", "id": "9d21dfb7dc294a975a13f31a0ba49020", "attributes": {"company-phone-number": "6157633055", "created-date": "2021-02-18 23:54:32", "violation-date": "2021-02-18 19:00:00", "consumer-city": "cumberland Furnace", "consumer-state": "Tennessee", "consumer-area-code": "615", "subject": "Dropped call or no message", "recorded-message-or-robocall": "Y"}, "relationships": [], "meta": [], "links": {"self": "https://www.ftc.gov/v0/dnc-complaints/9d21dfb7dc294a975a13f31a0ba49020"}}, {"type": "dnc_complaint", "id": "9d21dfb7dc294a975a13f31a0ba488ad", "attributes": {"company-phone-number": "8593803356", "created-date": "2021-02-18 23:54:04", "violation-date": "2021-02-18 11:20:00", "consumer-city": "FLORENCE", "consumer-state": "Kentucky", "consumer-area-code": "859", "subject": "No Subject Provided", "recorded-message-or-robocall": ""}, "relationships": [], "meta": [], "links": {"self": "https://www.ftc.gov/v0/dnc-complaints/9d21dfb7dc294a975a13f31a0ba488ad"}}, {"type": "dnc_complaint", "id": "9d21dfb7dc294a975a13f31a0ba478db", "attributes": {"company-phone-number": "6157637250", "created-date": "2021-02-18 23:53:33", "violation-date": "2021-02-18 18:36:00", "consumer-city": "cumberland Furnace", "consumer-state": "Tennessee", "consumer-area-code": "615", "subject": "Dropped call or no message", "recorded-message-or-robocall": "Y"}, "relationships": [], "meta": [], "links": {"self": "https://www.ftc.gov/v0/dnc-complaints/9d21dfb7dc294a975a13f31a0ba478db"}}, {"type": "dnc_complaint", "id": "9d21dfb7dc294a975a13f31a0ba46f78", "attributes": {"company-phone-number": "7033759347", "created-date": "2021-02-18 23:53:03", "violation-date": "2021-02-04 11:39:00", "consumer-city": "Columbia", "consumer-state": "Maryland", "consumer-area-code": "410", "subject": "No Subject Provided", "recorded-message-or-robocall": ""}, "relationships": [], "meta": [], "links": {"self": "https://www.ftc.gov/v0/dnc-complaints/9d21dfb7dc294a975a13f31a0ba46f78"}}, {"type": "dnc_complaint", "id": "9d21dfb7dc294a975a13f31a0ba45881", "attributes": {"company-phone-number": "9562476074", "created-date": "2021-02-18 23:52:49", "violation-date": "2021-02-16 11:44:00", "consumer-city": "", "consumer-state": "Texas", "consumer-area-code": "979", "subject": "No Subject Provided", "recorded-message-or-robocall": "N"}, "relationships": [], "meta": [], "links": {"self": "https://www.ftc.gov/v0/dnc-complaints/9d21dfb7dc294a975a13f31a0ba45881"}}, {"type": "dnc_complaint", "id": "9d21dfb7dc294a975a13f31a0ba46f11", "attributes": {"company-phone-number": "6157631062", "created-date": "2021-02-18 23:52:25", "violation-date": "2021-02-18 17:22:00", "consumer-city": "cumberland Furnace", "consumer-state": "Tennessee", "consumer-area-code": "615", "subject": "Dropped call or no message", "recorded-message-or-robocall": "Y"}, "relationships": [], "meta": [], "links": {"self": "https://www.ftc.gov/v0/dnc-complaints/9d21dfb7dc294a975a13f31a0ba46f11"}}, {"type": "dnc_complaint", "id": "9d21dfb7dc294a975a13f31a0ba4686f", "attributes": {"company-phone-number": "3862209718", "created-date": "2021-02-18 23:52:19", "violation-date": "2021-02-18 20:15:00", "consumer-city": "", "consumer-state": "California", "consumer-area-code": "818", "subject": "Dropped call or no message", "recorded-message-or-robocall": "N"}, "relationships": [], "meta": [], "links": {"self": "https://www.ftc.gov/v0/dnc-complaints/9d21dfb7dc294a975a13f31a0ba4686f"}}, {"type": "dnc_complaint", "id": "9d21dfb7dc294a975a13f31a0ba45c8b", "attributes": {"company-phone-number": "8006663353", "created-date": "2021-02-18 23:51:39", "violation-date": "2021-02-17 00:00:00", "consumer-city": "", "consumer-state": "New York", "consumer-area-code": "917", "subject": "Other", "recorded-message-or-robocall": "Y"}, "relationships": [], "meta": [], "links": {"self": "https://www.ftc.gov/v0/dnc-complaints/9d21dfb7dc294a975a13f31a0ba45c8b"}}, {"type": "dnc_complaint", "id": "9d21dfb7dc294a975a13f31a0ba452f3", "attributes": {"company-phone-number": "6157639488", "created-date": "2021-02-18 23:51:25", "violation-date": "2021-02-18 18:01:00", "consumer-city": "cumberland Furnace", "consumer-state": "Tennessee", "consumer-area-code": "615", "subject": "Dropped call or no message", "recorded-message-or-robocall": "Y"}, "relationships": [], "meta": [], "links": {"self": "https://www.ftc.gov/v0/dnc-complaints/9d21dfb7dc294a975a13f31a0ba452f3"}}, {"type": "dnc_complaint", "id": "9d21dfb7dc294a975a13f31a0ba44bae", "attributes": {"company-phone-number": "", "created-date": "2021-02-18 23:51:10", "violation-date": "2021-02-17 10:05:00", "consumer-city": "Conway Springs", "consumer-state": "Kansas", "consumer-area-code": "620", "subject": "Calls pretending to be government, businesses, or family and friends", "recorded-message-or-robocall": "Y"}, "relationships": [], "meta": [], "links": {"self": "https://www.ftc.gov/v0/dnc-complaints/9d21dfb7dc294a975a13f31a0ba44bae"}}, {"type": "dnc_complaint", "id": "9d21dfb7dc294a975a13f31a0ba4403d", "attributes": {"company-phone-number": "", "created-date": "2021-02-18 23:50:32", "violation-date": "2021-02-01 14:00:00", "consumer-city": "Kokomo", "consumer-state": "Indiana", "consumer-area-code": "765", "subject": "Other", "recorded-message-or-robocall": "N"}, "relationships": [], "meta": [], "links": {"self": "https://www.ftc.gov/v0/dnc-complaints/9d21dfb7dc294a975a13f31a0ba4403d"}}, {"type": "dnc_complaint", "id": "9d21dfb7dc294a975a13f31a0ba437e7", "attributes": {"company-phone-number": "7036031871", "created-date": "2021-02-18 23:50:27", "violation-date": "2021-02-03 16:53:00", "consumer-city": "Columbia", "consumer-state": "Maryland", "consumer-area-code": "410", "subject": "Other", "recorded-message-or-robocall": "Y"}, "relationships": [], "meta": [], "links": {"self": "https://www.ftc.gov/v0/dnc-complaints/9d21dfb7dc294a975a13f31a0ba437e7"}}, {"type": "dnc_complaint", "id": "9d21dfb7dc294a975a13f31a0ba42eaf", "attributes": {"company-phone-number": "6157633620", "created-date": "2021-02-18 23:50:18", "violation-date": "2021-02-18 17:34:00", "consumer-city": "cumberland Furnace", "consumer-state": "Tennessee", "consumer-area-code": "615", "subject": "Dropped call or no message", "recorded-message-or-robocall": "Y"}, "relationships": [], "meta": [], "links": {"self": "https://www.ftc.gov/v0/dnc-complaints/9d21dfb7dc294a975a13f31a0ba42eaf"}}, {"type": "dnc_complaint", "id": "9d21dfb7dc294a975a13f31a0ba42681", "attributes": {"company-phone-number": "2025177728", "created-date": "2021-02-18 23:49:49", "violation-date": "2021-02-18 10:01:00", "consumer-city": "Riverside", "consumer-state": "California", "consumer-area-code": "217", "subject": "Other", "recorded-message-or-robocall": "Y"}, "relationships": [], "meta": [], "links": {"self": "https://www.ftc.gov/v0/dnc-complaints/9d21dfb7dc294a975a13f31a0ba42681"}}, {"type": "dnc_complaint", "id": "9d21dfb7dc294a975a13f31a0ba42504", "attributes": {"company-phone-number": "2186737073", "created-date": "2021-02-18 23:49:35", "violation-date": "2021-02-18 14:59:00", "consumer-city": "", "consumer-state": "Minnesota", "consumer-area-code": "763", "subject": "Warranties  & protection plans", "recorded-message-or-robocall": ""}, "relationships": [], "meta": [], "links": {"self": "https://www.ftc.gov/v0/dnc-complaints/9d21dfb7dc294a975a13f31a0ba42504"}}, {"type": "dnc_complaint", "id": "9d21dfb7dc294a975a13f31a0ba41802", "attributes": {"company-phone-number": "6157632471", "created-date": "2021-02-18 23:49:19", "violation-date": "2021-02-18 16:43:00", "consumer-city": "cumberland Furnace", "consumer-state": "Tennessee", "consumer-area-code": "615", "subject": "Dropped call or no message", "recorded-message-or-robocall": "Y"}, "relationships": [], "meta": [], "links": {"self": "https://www.ftc.gov/v0/dnc-complaints/9d21dfb7dc294a975a13f31a0ba41802"}}, {"type": "dnc_complaint", "id": "9d21dfb7dc294a975a13f31a0ba41425", "attributes": {"company-phone-number": "7034519666", "created-date": "2021-02-18 23:49:19", "violation-date": "2021-02-03 16:07:00", "consumer-city": "Columbia", "consumer-state": "Maryland", "consumer-area-code": "410", "subject": "Other", "recorded-message-or-robocall": "Y"}, "relationships": [], "meta": [], "links": {"self": "https://www.ftc.gov/v0/dnc-complaints/9d21dfb7dc294a975a13f31a0ba41425"}}, {"type": "dnc_complaint", "id": "9d21dfb7dc294a975a13f31a0ba41238", "attributes": {"company-phone-number": "2172820649", "created-date": "2021-02-18 23:49:10", "violation-date": "2021-02-18 17:57:00", "consumer-city": "Riverside", "consumer-state": "California", "consumer-area-code": "217", "subject": "Other", "recorded-message-or-robocall": "Y"}, "relationships": [], "meta": [], "links": {"self": "https://www.ftc.gov/v0/dnc-complaints/9d21dfb7dc294a975a13f31a0ba41238"}}, {"type": "dnc_complaint", "id": "9d21dfb7dc294a975a13f31a0ba40ef1", "attributes": {"company-phone-number": "6157635174", "created-date": "2021-02-18 23:48:22", "violation-date": "2021-02-18 16:31:00", "consumer-city": "cumberland Furnace", "consumer-state": "Tennessee", "consumer-area-code": "615", "subject": "Dropped call or no message", "recorded-message-or-robocall": "Y"}, "relationships": [], "meta": [], "links": {"self": "https://www.ftc.gov/v0/dnc-complaints/9d21dfb7dc294a975a13f31a0ba40ef1"}}, {"type": "dnc_complaint", "id": "9d21dfb7dc294a975a13f31a0ba40c1b", "attributes": {"company-phone-number": "2705516311", "created-date": "2021-02-18 23:47:49", "violation-date": "2021-02-15 11:30:00", "consumer-city": "Henderson", "consumer-state": "Kentucky", "consumer-area-code": "270", "subject": "Other", "recorded-message-or-robocall": "Y"}, "relationships": [], "meta": [], "links": {"self": "https://www.ftc.gov/v0/dnc-complaints/9d21dfb7dc294a975a13f31a0ba40c1b"}}, {"type": "dnc_complaint", "id": "9d21dfb7dc294a975a13f31a0ba40aeb", "attributes": {"company-phone-number": "4105859177", "created-date": "2021-02-18 23:47:14", "violation-date": "2021-02-03 11:51:00", "consumer-city": "Columbia", "consumer-state": "Maryland", "consumer-area-code": "410", "subject": "Reducing your debt (credit cards, mortgage, student loans)", "recorded-message-or-robocall": "Y"}, "relationships": [], "meta": [], "links": {"self": "https://www.ftc.gov/v0/dnc-complaints/9d21dfb7dc294a975a13f31a0ba40aeb"}}, {"type": "dnc_complaint", "id": "9d21dfb7dc294a975a13f31a0ba40629", "attributes": {"company-phone-number": "8018777942", "created-date": "2021-02-18 23:47:03", "violation-date": "2021-02-10 00:00:00", "consumer-city": "", "consumer-state": "Alaska", "consumer-area-code": "907", "subject": "Dropped call or no message", "recorded-message-or-robocall": ""}, "relationships": [], "meta": [], "links": {"self": "https://www.ftc.gov/v0/dnc-complaints/9d21dfb7dc294a975a13f31a0ba40629"}}, {"type": "dnc_complaint", "id": "9d21dfb7dc294a975a13f31a0ba3ff2a", "attributes": {"company-phone-number": "6157638940", "created-date": "2021-02-18 23:46:58", "violation-date": "2021-02-18 16:19:00", "consumer-city": "cumberland Furnace", "consumer-state": "Tennessee", "consumer-area-code": "615", "subject": "Dropped call or no message", "recorded-message-or-robocall": "Y"}, "relationships": [], "meta": [], "links": {"self": "https://www.ftc.gov/v0/dnc-complaints/9d21dfb7dc294a975a13f31a0ba3ff2a"}}, {"type": "dnc_complaint", "id": "9d21dfb7dc294a975a13f31a0ba3f13f", "attributes": {"company-phone-number": "4105288165", "created-date": "2021-02-18 23:46:16", "violation-date": "2021-02-03 10:53:00", "consumer-city": "Columbia", "consumer-state": "Maryland", "consumer-area-code": "410", "subject": "Reducing your debt (credit cards, mortgage, student loans)", "recorded-message-or-robocall": "Y"}, "relationships": [], "meta": [], "links": {"self": "https://www.ftc.gov/v0/dnc-complaints/9d21dfb7dc294a975a13f31a0ba3f13f"}}, {"type": "dnc_complaint", "id": "9d21dfb7dc294a975a13f31a0ba3f0b9", "attributes": {"company-phone-number": "8665401044", "created-date": "2021-02-18 23:45:57", "violation-date": "2021-02-15 15:56:00", "consumer-city": "Henderson", "consumer-state": "Kentucky", "consumer-area-code": "270", "subject": "Other", "recorded-message-or-robocall": "Y"}, "relationships": [], "meta": [], "links": {"self": "https://www.ftc.gov/v0/dnc-complaints/9d21dfb7dc294a975a13f31a0ba3f0b9"}}, {"type": "dnc_complaint", "id": "9d21dfb7dc294a975a13f31a0ba3f095", "attributes": {"company-phone-number": "8335951058", "created-date": "2021-02-18 23:45:49", "violation-date": "2021-02-18 09:16:00", "consumer-city": "cumberland Furnace", "consumer-state": "Tennessee", "consumer-area-code": "615", "subject": "Dropped call or no message", "recorded-message-or-robocall": "Y"}, "relationships": [], "meta": [], "links": {"self": "https://www.ftc.gov/v0/dnc-complaints/9d21dfb7dc294a975a13f31a0ba3f095"}}, {"type": "dnc_complaint", "id": "9d21dfb7dc294a975a13f31a0ba3e6c5", "attributes": {"company-phone-number": "4103496375", "created-date": "2021-02-18 23:44:54", "violation-date": "2021-02-02 16:54:00", "consumer-city": "Columbia", "consumer-state": "Maryland", "consumer-area-code": "410", "subject": "Energy, solar,  & utilities", "recorded-message-or-robocall": "Y"}, "relationships": [], "meta": [], "links": {"self": "https://www.ftc.gov/v0/dnc-complaints/9d21dfb7dc294a975a13f31a0ba3e6c5"}}, {"type": "dnc_complaint", "id": "9d21dfb7dc294a975a13f31a0ba3dde0", "attributes": {"company-phone-number": "4232014163", "created-date": "2021-02-18 23:44:52", "violation-date": "2021-02-17 11:31:00", "consumer-city": "cumberland Furnace", "consumer-state": "Tennessee", "consumer-area-code": "615", "subject": "Dropped call or no message", "recorded-message-or-robocall": "Y"}, "relationships": [], "meta": [], "links": {"self": "https://www.ftc.gov/v0/dnc-complaints/9d21dfb7dc294a975a13f31a0ba3dde0"}}, {"type": "dnc_complaint", "id": "9d21dfb7dc294a975a13f31a0ba3ce7a", "attributes": {"company-phone-number": "2709549067", "created-date": "2021-02-18 23:44:13", "violation-date": "2021-02-18 12:11:00", "consumer-city": "Henderson", "consumer-state": "Kentucky", "consumer-area-code": "270", "subject": "Warranties  & protection plans", "recorded-message-or-robocall": "Y"}, "relationships": [], "meta": [], "links": {"self": "https://www.ftc.gov/v0/dnc-complaints/9d21dfb7dc294a975a13f31a0ba3ce7a"}}, {"type": "dnc_complaint", "id": "9d21dfb7dc294a975a13f31a0ba3c94b", "attributes": {"company-phone-number": "8335951058", "created-date": "2021-02-18 23:43:48", "violation-date": "2021-02-17 09:42:00", "consumer-city": "cumberland Furnace", "consumer-state": "Tennessee", "consumer-area-code": "615", "subject": "Dropped call or no message", "recorded-message-or-robocall": "Y"}, "relationships": [], "meta": [], "links": {"self": "https://www.ftc.gov/v0/dnc-complaints/9d21dfb7dc294a975a13f31a0ba3c94b"}}, {"type": "dnc_complaint", "id": "9d21dfb7dc294a975a13f31a0ba3bc20", "attributes": {"company-phone-number": "5863156862", "created-date": "2021-02-18 23:43:45", "violation-date": "2021-02-18 13:21:00", "consumer-city": "Sterling Heights,", "consumer-state": "Michigan", "consumer-area-code": "586", "subject": "Other", "recorded-message-or-robocall": "N"}, "relationships": [], "meta": [], "links": {"self": "https://www.ftc.gov/v0/dnc-complaints/9d21dfb7dc294a975a13f31a0ba3bc20"}}, {"type": "dnc_complaint", "id": "9d21dfb7dc294a975a13f31a0ba3bbef", "attributes": {"company-phone-number": "2628067158", "created-date": "2021-02-18 23:43:42", "violation-date": "2021-02-18 16:04:00", "consumer-city": "Springfield", "consumer-state": "Illinois", "consumer-area-code": "217", "subject": "No Subject Provided", "recorded-message-or-robocall": ""}, "relationships": [], "meta": [], "links": {"self": "https://www.ftc.gov/v0/dnc-complaints/9d21dfb7dc294a975a13f31a0ba3bbef"}}, {"type": "dnc_complaint", "id": "9d21dfb7dc294a975a13f31a0ba3ae18", "attributes": {"company-phone-number": "2083408273", "created-date": "2021-02-18 23:43:37", "violation-date": "2021-02-02 14:34:00", "consumer-city": "Columbia", "consumer-state": "Maryland", "consumer-area-code": "410", "subject": "No Subject Provided", "recorded-message-or-robocall": ""}, "relationships": [], "meta": [], "links": {"self": "https://www.ftc.gov/v0/dnc-complaints/9d21dfb7dc294a975a13f31a0ba3ae18"}}, {"type": "dnc_complaint", "id": "9d21dfb7dc294a975a13f31a0ba3ab1a", "attributes": {"company-phone-number": "5107469039", "created-date": "2021-02-18 23:43:19", "violation-date": "2021-02-18 09:01:00", "consumer-city": "Las Vegas", "consumer-state": "Nevada", "consumer-area-code": "510", "subject": "Vacation  & timeshares", "recorded-message-or-robocall": "Y"}, "relationships": [], "meta": [], "links": {"self": "https://www.ftc.gov/v0/dnc-complaints/9d21dfb7dc294a975a13f31a0ba3ab1a"}}, {"type": "dnc_complaint", "id": "9d21dfb7dc294a975a13f31a0ba3a61e", "attributes": {"company-phone-number": "5013587310", "created-date": "2021-02-18 23:43:15", "violation-date": "2021-02-18 00:00:00", "consumer-city": "Greenbrier", "consumer-state": "Arkansas", "consumer-area-code": "501", "subject": "Other", "recorded-message-or-robocall": "N"}, "relationships": [], "meta": [], "links": {"self": "https://www.ftc.gov/v0/dnc-complaints/9d21dfb7dc294a975a13f31a0ba3a61e"}}, {"type": "dnc_complaint", "id": "9d21dfb7dc294a975a13f31a0ba3a451", "attributes": {"company-phone-number": "2174883732", "created-date": "2021-02-18 23:43:03", "violation-date": "2021-02-18 10:40:00", "consumer-city": "Springfield", "consumer-state": "Illinois", "consumer-area-code": "217", "subject": "No Subject Provided", "recorded-message-or-robocall": ""}, "relationships": [], "meta": [], "links": {"self": "https://www.ftc.gov/v0/dnc-complaints/9d21dfb7dc294a975a13f31a0ba3a451"}}, {"type": "dnc_complaint", "id": "9d21dfb7dc294a975a13f31a0ba39e30", "attributes": {"company-phone-number": "8662016605", "created-date": "2021-02-18 23:42:44", "violation-date": "2021-02-17 09:03:00", "consumer-city": "", "consumer-state": "Washington", "consumer-area-code": "253", "subject": "Other", "recorded-message-or-robocall": "Y"}, "relationships": [], "meta": [], "links": {"self": "https://www.ftc.gov/v0/dnc-complaints/9d21dfb7dc294a975a13f31a0ba39e30"}}, {"type": "dnc_complaint", "id": "9d21dfb7dc294a975a13f31a0ba393db", "attributes": {"company-phone-number": "4109273622", "created-date": "2021-02-18 23:42:26", "violation-date": "2021-02-01 17:31:00", "consumer-city": "Columbia", "consumer-state": "Maryland", "consumer-area-code": "410", "subject": "No Subject Provided", "recorded-message-or-robocall": ""}, "relationships": [], "meta": [], "links": {"self": "https://www.ftc.gov/v0/dnc-complaints/9d21dfb7dc294a975a13f31a0ba393db"}}, {"type": "dnc_complaint", "id": "9d21dfb7dc294a975a13f31a0ba38b36", "attributes": {"company-phone-number": "2175293154", "created-date": "2021-02-18 23:42:20", "violation-date": "2021-02-17 15:19:00", "consumer-city": "Springfield", "consumer-state": "Illinois", "consumer-area-code": "217", "subject": "No Subject Provided", "recorded-message-or-robocall": ""}, "relationships": [], "meta": [], "links": {"self": "https://www.ftc.gov/v0/dnc-complaints/9d21dfb7dc294a975a13f31a0ba38b36"}}, {"type": "dnc_complaint", "id": "9d21dfb7dc294a975a13f31a0ba38608", "attributes": {"company-phone-number": "7144222843", "created-date": "2021-02-18 23:42:06", "violation-date": "2021-02-04 15:10:00", "consumer-city": "", "consumer-state": "Alaska", "consumer-area-code": "907", "subject": "Dropped call or no message", "recorded-message-or-robocall": ""}, "relationships": [], "meta": [], "links": {"self": "https://www.ftc.gov/v0/dnc-complaints/9d21dfb7dc294a975a13f31a0ba38608"}}, {"type": "dnc_complaint", "id": "9d21dfb7dc294a975a13f31a0ba37caf", "attributes": {"company-phone-number": "6368751228", "created-date": "2021-02-18 23:41:49", "violation-date": "2021-02-17 09:49:00", "consumer-city": "Muskogee", "consumer-state": "Oklahoma", "consumer-area-code": "918", "subject": "Warranties  & protection plans", "recorded-message-or-robocall": "Y"}, "relationships": [], "meta": [], "links": {"self": "https://www.ftc.gov/v0/dnc-complaints/9d21dfb7dc294a975a13f31a0ba37caf"}}], "meta": {"records-this-page": 50, "record-total": 18072}, "links": {"self": "https://www.ftc.gov/v0/dnc-complaints?created_date=%222021-02-18%22"}}