{"data": [{"type": "dnc_complaint", "id": "edb22cbf7fb8fdcc736f46a8d2c299d4", "attributes": {"company-phone-number": "+14438322013", "created-date": "2021-02-26 23:59:46", "violation-date": "2021-02-26 23:59:46", "consumer-city": "", "consumer-state": "Maryland", "consumer-area-code": "443", "subject": "No Subject Provided", "recorded-message-or-robocall": "Y"}, "relationships": [], "meta": [], "links": {"self": "https://www.ftc.gov/v0/dnc-complaints/edb22cbf7fb8fdcc736f46a8d2c299d4"}}, {"type": "dnc_complaint", "id": "edb22cbf7fb8fdcc736f46a8d2c26c2d", "attributes": {"company-phone-number": "+12108772448", "created-date": "2021-02-26 23:59:16", "violation-date": "2021-02-26 23:59:16", "consumer-city": "", "consumer-state": "Texas", "consumer-area-code": "210", "subject": "No Subject Provided", "recorded-message-or-robocall": "Y"}, "relationships": [], "meta": [], "links": {"self": "https://www.ftc.gov/v0/dnc-complaints/edb22cbf7fb8fdcc736f46a8d2c26c2d"}}, {"type": "dnc_complaint", "id": "edb22cbf7fb8fdcc736f46a8d2c23ecd", "attributes": {"company-phone-number": "+19498890091", "created-date": "2021-02-26 23:59:15", "violation-date": "2021-02-26 23:59:15", "consumer-city": "", "consumer-state": "Michigan", "consumer-area-code": "313", "subject": "No Subject Provided", "recorded-message-or-robocall": "Y"}, "relationships": [], "meta": [], "links": {"self": "https://www.ftc.gov/v0/dnc-complaints/edb22cbf7fb8fdcc736f46a8d2c23ecd"}}, {"type": "dnc_complaint", "id": "edb22cbf7fb8fdcc736f46a8d2c1f7cc", "attributes": {"company-phone-number": "3308004121", "created-date": "2021-02-26 23:59:13", "violation-date": "2021-02-26 23:59:13", "consumer-city": "", "consumer-state": "Washington", "consumer-area-code": "206", "subject": "No Subject Provided", "recorded-message-or-robocall": "Y"}, "relationships": [], "meta": [], "links": {"self": "https://www.ftc.gov/v0/dnc-complaints/edb22cbf7fb8fdcc736f46a8d2c1f7cc"}}, {"type": "dnc_complaint", "id": "edb22cbf7fb8fdcc736f46a8d2c2054f", "attributes": {"company-phone-number": "+16194521441", "created-date": "2021-02-26 23:59:06", "violation-date": "2021-02-26 23:59:06", "consumer-city": "", "consumer-state": "California", "consumer-area-code": "619", "subject": "No Subject Provided", "recorded-message-or-robocall": "Y"}, "relationships": [], "meta": [], "links": {"self": "https://www.ftc.gov/v0/dnc-complaints/edb22cbf7fb8fdcc736f46a8d2c2054f"}}, {"type": "dnc_complaint", "id": "edb22cbf7fb8fdcc736f46a8d2921e21", "attributes": {"company-phone-number": "", "created-date": "2021-02-26 23:58:18", "violation-date": "2021-02-23 14:16:00", "consumer-city": "Seattle", "consumer-state": "Washington", "consumer-area-code": "206", "subject": "Calls pretending to be government, businesses, or family and friends", "recorded-message-or-robocall": "Y"}, "relationships": [], "meta": [], "links": {"self": "https://www.ftc.gov/v0/dnc-complaints/edb22cbf7fb8fdcc736f46a8d2921e21"}}, {"type": "dnc_complaint", "id": "edb22cbf7fb8fdcc736f46a8d2c22cce", "attributes": {"company-phone-number": "8475970537", "created-date": "2021-02-26 23:57:46", "violation-date": "2021-02-26 23:57:46", "consumer-city": "", "consumer-state": "Illinois", "consumer-area-code": "847", "subject": "No Subject Provided", "recorded-message-or-robocall": "Y"}, "relationships": [], "meta": [], "links": {"self": "https://www.ftc.gov/v0/dnc-complaints/edb22cbf7fb8fdcc736f46a8d2c22cce"}}, {"type": "dnc_complaint", "id": "edb22cbf7fb8fdcc736f46a8d2c27700", "attributes": {"company-phone-number": "2094464899", "created-date": "2021-02-26 23:57:40", "violation-date": "2021-02-26 23:57:40", "consumer-city": "", "consumer-state": "California", "consumer-area-code": "925", "subject": "No Subject Provided", "recorded-message-or-robocall": "Y"}, "relationships": [], "meta": [], "links": {"self": "https://www.ftc.gov/v0/dnc-complaints/edb22cbf7fb8fdcc736f46a8d2c27700"}}, {"type": "dnc_complaint", "id": "edb22cbf7fb8fdcc736f46a8d2c218d7", "attributes": {"company-phone-number": "+17622245240", "created-date": "2021-02-26 23:57:00", "violation-date": "2021-02-26 23:57:00", "consumer-city": "", "consumer-state": "Georgia", "consumer-area-code": "404", "subject": "No Subject Provided", "recorded-message-or-robocall": "N"}, "relationships": [], "meta": [], "links": {"self": "https://www.ftc.gov/v0/dnc-complaints/edb22cbf7fb8fdcc736f46a8d2c218d7"}}, {"type": "dnc_complaint", "id": "edb22cbf7fb8fdcc736f46a8d2c22a8e", "attributes": {"company-phone-number": "+12063473947", "created-date": "2021-02-26 23:56:54", "violation-date": "2021-02-26 23:56:54", "consumer-city": "", "consumer-state": "Washington", "consumer-area-code": "206", "subject": "No Subject Provided", "recorded-message-or-robocall": "N"}, "relationships": [], "meta": [], "links": {"self": "https://www.ftc.gov/v0/dnc-complaints/edb22cbf7fb8fdcc736f46a8d2c22a8e"}}, {"type": "dnc_complaint", "id": "edb22cbf7fb8fdcc736f46a8d2c293ad", "attributes": {"company-phone-number": "2159548050", "created-date": "2021-02-26 23:56:47", "violation-date": "2021-02-26 23:56:47", "consumer-city": "", "consumer-state": "Pennsylvania", "consumer-area-code": "215", "subject": "No Subject Provided", "recorded-message-or-robocall": "Y"}, "relationships": [], "meta": [], "links": {"self": "https://www.ftc.gov/v0/dnc-complaints/edb22cbf7fb8fdcc736f46a8d2c293ad"}}, {"type": "dnc_complaint", "id": "edb22cbf7fb8fdcc736f46a8d2921c77", "attributes": {"company-phone-number": "", "created-date": "2021-02-26 23:56:46", "violation-date": "2021-02-24 11:15:00", "consumer-city": "Seattle", "consumer-state": "Washington", "consumer-area-code": "206", "subject": "Calls pretending to be government, businesses, or family and friends", "recorded-message-or-robocall": "Y"}, "relationships": [], "meta": [], "links": {"self": "https://www.ftc.gov/v0/dnc-complaints/edb22cbf7fb8fdcc736f46a8d2921c77"}}, {"type": "dnc_complaint", "id": "edb22cbf7fb8fdcc736f46a8d2c28428", "attributes": {"company-phone-number": "+13528051188", "created-date": "2021-02-26 23:56:45", "violation-date": "2021-02-26 23:56:45", "consumer-city": "", "consumer-state": "Florida", "consumer-area-code": "352", "subject": "No Subject Provided", "recorded-message-or-robocall": "Y"}, "relationships": [], "meta": [], "links": {"self": "https://www.ftc.gov/v0/dnc-complaints/edb22cbf7fb8fdcc736f46a8d2c28428"}}, {"type": "dnc_complaint", "id": "edb22cbf7fb8fdcc736f46a8d2c26a58", "attributes": {"company-phone-number": "+12063122400", "created-date": "2021-02-26 23:56:29", "violation-date": "2021-02-26 23:56:29", "consumer-city": "", "consumer-state": "Washington", "consumer-area-code": "206", "subject": "No Subject Provided", "recorded-message-or-robocall": "N"}, "relationships": [], "meta": [], "links": {"self": "https://www.ftc.gov/v0/dnc-complaints/edb22cbf7fb8fdcc736f46a8d2c26a58"}}, {"type": "dnc_complaint", "id": "edb22cbf7fb8fdcc736f46a8d2c25a93", "attributes": {"company-phone-number": "+15126715413", "created-date": "2021-02-26 23:56:29", "violation-date": "2021-02-26 23:56:29", "consumer-city": "", "consumer-state": "Texas", "consumer-area-code": "682", "subject": "No Subject Provided", "recorded-message-or-robocall": "Y"}, "relationships": [], "meta": [], "links": {"self": "https://www.ftc.gov/v0/dnc-complaints/edb22cbf7fb8fdcc736f46a8d2c25a93"}}, {"type": "dnc_complaint", "id": "edb22cbf7fb8fdcc736f46a8d2c27997", "attributes": {"company-phone-number": "+19703440226", "created-date": "2021-02-26 23:56:03", "violation-date": "2021-02-26 23:56:03", "consumer-city": "", "consumer-state": "Michigan", "consumer-area-code": "313", "subject": "No Subject Provided", "recorded-message-or-robocall": "Y"}, "relationships": [], "meta": [], "links": {"self": "https://www.ftc.gov/v0/dnc-complaints/edb22cbf7fb8fdcc736f46a8d2c27997"}}, {"type": "dnc_complaint", "id": "edb22cbf7fb8fdcc736f46a8d2c2a32c", "attributes": {"company-phone-number": "+19728296147", "created-date": "2021-02-26 23:55:42", "violation-date": "2021-02-26 23:55:42", "consumer-city": "", "consumer-state": "Texas", "consumer-area-code": "972", "subject": "No Subject Provided", "recorded-message-or-robocall": "N"}, "relationships": [], "meta": [], "links": {"self": "https://www.ftc.gov/v0/dnc-complaints/edb22cbf7fb8fdcc736f46a8d2c2a32c"}}, {"type": "dnc_complaint", "id": "edb22cbf7fb8fdcc736f46a8d2c244b7", "attributes": {"company-phone-number": "+19498890091", "created-date": "2021-02-26 23:55:41", "violation-date": "2021-02-26 23:55:41", "consumer-city": "", "consumer-state": "Michigan", "consumer-area-code": "313", "subject": "No Subject Provided", "recorded-message-or-robocall": "Y"}, "relationships": [], "meta": [], "links": {"self": "https://www.ftc.gov/v0/dnc-complaints/edb22cbf7fb8fdcc736f46a8d2c244b7"}}, {"type": "dnc_complaint", "id": "edb22cbf7fb8fdcc736f46a8d2c24b1f", "attributes": {"company-phone-number": "4698110089", "created-date": "2021-02-26 23:55:31", "violation-date": "2021-02-26 23:55:31", "consumer-city": "", "consumer-state": "Texas", "consumer-area-code": "469", "subject": "No Subject Provided", "recorded-message-or-robocall": "Y"}, "relationships": [], "meta": [], "links": {"self": "https://www.ftc.gov/v0/dnc-complaints/edb22cbf7fb8fdcc736f46a8d2c24b1f"}}, {"type": "dnc_complaint", "id": "edb22cbf7fb8fdcc736f46a8d2c23773", "attributes": {"company-phone-number": "+13612019864", "created-date": "2021-02-26 23:55:29", "violation-date": "2021-02-26 23:55:29", "consumer-city": "", "consumer-state": "Texas", "consumer-area-code": "972", "subject": "No Subject Provided", "recorded-message-or-robocall": "N"}, "relationships": [], "meta": [], "links": {"self": "https://www.ftc.gov/v0/dnc-complaints/edb22cbf7fb8fdcc736f46a8d2c23773"}}, {"type": "dnc_complaint", "id": "edb22cbf7fb8fdcc736f46a8d29217e3", "attributes": {"company-phone-number": "5622182612", "created-date": "2021-02-26 23:55:17", "violation-date": "2021-02-26 13:00:00", "consumer-city": "", "consumer-state": "California", "consumer-area-code": "949", "subject": "Warranties  & protection plans", "recorded-message-or-robocall": "Y"}, "relationships": [], "meta": [], "links": {"self": "https://www.ftc.gov/v0/dnc-complaints/edb22cbf7fb8fdcc736f46a8d29217e3"}}, {"type": "dnc_complaint", "id": "edb22cbf7fb8fdcc736f46a8d2c21191", "attributes": {"company-phone-number": "4693100936", "created-date": "2021-02-26 23:55:16", "violation-date": "2021-02-26 23:55:16", "consumer-city": "", "consumer-state": "Texas", "consumer-area-code": "469", "subject": "No Subject Provided", "recorded-message-or-robocall": "Y"}, "relationships": [], "meta": [], "links": {"self": "https://www.ftc.gov/v0/dnc-complaints/edb22cbf7fb8fdcc736f46a8d2c21191"}}, {"type": "dnc_complaint", "id": "edb22cbf7fb8fdcc736f46a8d2c1ee00", "attributes": {"company-phone-number": "+19726669273", "created-date": "2021-02-26 23:55:16", "violation-date": "2021-02-26 23:55:16", "consumer-city": "", "consumer-state": "Texas", "consumer-area-code": "972", "subject": "No Subject Provided", "recorded-message-or-robocall": "N"}, "relationships": [], "meta": [], "links": {"self": "https://www.ftc.gov/v0/dnc-complaints/edb22cbf7fb8fdcc736f46a8d2c1ee00"}}, {"type": "dnc_complaint", "id": "edb22cbf7fb8fdcc736f46a8d292084d", "attributes": {"company-phone-number": "9492844465", "created-date": "2021-02-26 23:55:09", "violation-date": "2021-02-26 10:58:00", "consumer-city": "Newport Beach", "consumer-state": "California", "consumer-area-code": "949", "subject": "Other", "recorded-message-or-robocall": "Y"}, "relationships": [], "meta": [], "links": {"self": "https://www.ftc.gov/v0/dnc-complaints/edb22cbf7fb8fdcc736f46a8d292084d"}}, {"type": "dnc_complaint", "id": "edb22cbf7fb8fdcc736f46a8d2c2271f", "attributes": {"company-phone-number": "+19724763241", "created-date": "2021-02-26 23:55:03", "violation-date": "2021-02-26 23:55:03", "consumer-city": "", "consumer-state": "Texas", "consumer-area-code": "972", "subject": "No Subject Provided", "recorded-message-or-robocall": "N"}, "relationships": [], "meta": [], "links": {"self": "https://www.ftc.gov/v0/dnc-complaints/edb22cbf7fb8fdcc736f46a8d2c2271f"}}, {"type": "dnc_complaint", "id": "edb22cbf7fb8fdcc736f46a8d2c1e78d", "attributes": {"company-phone-number": "+16319401873", "created-date": "2021-02-26 23:54:58", "violation-date": "2021-02-26 23:54:58", "consumer-city": "", "consumer-state": "Louisiana", "consumer-area-code": "985", "subject": "No Subject Provided", "recorded-message-or-robocall": "Y"}, "relationships": [], "meta": [], "links": {"self": "https://www.ftc.gov/v0/dnc-complaints/edb22cbf7fb8fdcc736f46a8d2c1e78d"}}, {"type": "dnc_complaint", "id": "edb22cbf7fb8fdcc736f46a8d2c2a86e", "attributes": {"company-phone-number": "+19722036373", "created-date": "2021-02-26 23:54:52", "violation-date": "2021-02-26 23:54:52", "consumer-city": "", "consumer-state": "Texas", "consumer-area-code": "972", "subject": "No Subject Provided", "recorded-message-or-robocall": "N"}, "relationships": [], "meta": [], "links": {"self": "https://www.ftc.gov/v0/dnc-complaints/edb22cbf7fb8fdcc736f46a8d2c2a86e"}}, {"type": "dnc_complaint", "id": "edb22cbf7fb8fdcc736f46a8d2c1dd08", "attributes": {"company-phone-number": "+19096261852", "created-date": "2021-02-26 23:54:49", "violation-date": "2021-02-26 23:54:49", "consumer-city": "", "consumer-state": "California", "consumer-area-code": "909", "subject": "No Subject Provided", "recorded-message-or-robocall": "Y"}, "relationships": [], "meta": [], "links": {"self": "https://www.ftc.gov/v0/dnc-complaints/edb22cbf7fb8fdcc736f46a8d2c1dd08"}}, {"type": "dnc_complaint", "id": "edb22cbf7fb8fdcc736f46a8d2c26d57", "attributes": {"company-phone-number": "8156356439", "created-date": "2021-02-26 23:54:32", "violation-date": "2021-02-26 23:54:32", "consumer-city": "", "consumer-state": "Illinois", "consumer-area-code": "815", "subject": "No Subject Provided", "recorded-message-or-robocall": "Y"}, "relationships": [], "meta": [], "links": {"self": "https://www.ftc.gov/v0/dnc-complaints/edb22cbf7fb8fdcc736f46a8d2c26d57"}}, {"type": "dnc_complaint", "id": "edb22cbf7fb8fdcc736f46a8d2c24e3d", "attributes": {"company-phone-number": "8158690173", "created-date": "2021-02-26 23:54:13", "violation-date": "2021-02-26 23:54:13", "consumer-city": "", "consumer-state": "Illinois", "consumer-area-code": "815", "subject": "No Subject Provided", "recorded-message-or-robocall": "Y"}, "relationships": [], "meta": [], "links": {"self": "https://www.ftc.gov/v0/dnc-complaints/edb22cbf7fb8fdcc736f46a8d2c24e3d"}}, {"type": "dnc_complaint", "id": "edb22cbf7fb8fdcc736f46a8d2c1a938", "attributes": {"company-phone-number": "6313068372", "created-date": "2021-02-26 23:53:06", "violation-date": "2021-02-26 23:53:06", "consumer-city": "", "consumer-state": "New York", "consumer-area-code": "631", "subject": "No Subject Provided", "recorded-message-or-robocall": "Y"}, "relationships": [], "meta": [], "links": {"self": "https://www.ftc.gov/v0/dnc-complaints/edb22cbf7fb8fdcc736f46a8d2c1a938"}}, {"type": "dnc_complaint", "id": "edb22cbf7fb8fdcc736f46a8d2920684", "attributes": {"company-phone-number": "5107882909", "created-date": "2021-02-26 23:52:28", "violation-date": "2021-02-26 09:30:00", "consumer-city": "Fremont", "consumer-state": "California", "consumer-area-code": "510", "subject": "Other", "recorded-message-or-robocall": "N"}, "relationships": [], "meta": [], "links": {"self": "https://www.ftc.gov/v0/dnc-complaints/edb22cbf7fb8fdcc736f46a8d2920684"}}, {"type": "dnc_complaint", "id": "edb22cbf7fb8fdcc736f46a8d291ffb6", "attributes": {"company-phone-number": "7196312703", "created-date": "2021-02-26 23:52:24", "violation-date": "2021-02-26 10:01:00", "consumer-city": "", "consumer-state": "Colorado", "consumer-area-code": "303", "subject": "Calls pretending to be government, businesses, or family and friends", "recorded-message-or-robocall": "Y"}, "relationships": [], "meta": [], "links": {"self": "https://www.ftc.gov/v0/dnc-complaints/edb22cbf7fb8fdcc736f46a8d291ffb6"}}, {"type": "dnc_complaint", "id": "edb22cbf7fb8fdcc736f46a8d2c18749", "attributes": {"company-phone-number": "3049032064", "created-date": "2021-02-26 23:51:42", "violation-date": "2021-02-26 23:51:42", "consumer-city": "", "consumer-state": "West Virginia", "consumer-area-code": "304", "subject": "No Subject Provided", "recorded-message-or-robocall": "Y"}, "relationships": [], "meta": [], "links": {"self": "https://www.ftc.gov/v0/dnc-complaints/edb22cbf7fb8fdcc736f46a8d2c18749"}}, {"type": "dnc_complaint", "id": "edb22cbf7fb8fdcc736f46a8d2c16f22", "attributes": {"company-phone-number": "+19549323861", "created-date": "2021-02-26 23:51:37", "violation-date": "2021-02-26 23:51:37", "consumer-city": "", "consumer-state": "Florida", "consumer-area-code": "786", "subject": "No Subject Provided", "recorded-message-or-robocall": "Y"}, "relationships": [], "meta": [], "links": {"self": "https://www.ftc.gov/v0/dnc-complaints/edb22cbf7fb8fdcc736f46a8d2c16f22"}}, {"type": "dnc_complaint", "id": "edb22cbf7fb8fdcc736f46a8d291fada", "attributes": {"company-phone-number": "2677263737", "created-date": "2021-02-26 23:51:35", "violation-date": "2021-02-25 12:06:00", "consumer-city": "Boulder City", "consumer-state": "Nevada", "consumer-area-code": "267", "subject": "Warranties  & protection plans", "recorded-message-or-robocall": "Y"}, "relationships": [], "meta": [], "links": {"self": "https://www.ftc.gov/v0/dnc-complaints/edb22cbf7fb8fdcc736f46a8d291fada"}}, {"type": "dnc_complaint", "id": "edb22cbf7fb8fdcc736f46a8d2c19d36", "attributes": {"company-phone-number": "3058880944", "created-date": "2021-02-26 23:51:22", "violation-date": "2021-02-26 23:51:22", "consumer-city": "", "consumer-state": "Florida", "consumer-area-code": "305", "subject": "No Subject Provided", "recorded-message-or-robocall": "Y"}, "relationships": [], "meta": [], "links": {"self": "https://www.ftc.gov/v0/dnc-complaints/edb22cbf7fb8fdcc736f46a8d2c19d36"}}, {"type": "dnc_complaint", "id": "edb22cbf7fb8fdcc736f46a8d2c1786e", "attributes": {"company-phone-number": "3058880944", "created-date": "2021-02-26 23:51:21", "violation-date": "2021-02-26 23:51:21", "consumer-city": "", "consumer-state": "Florida", "consumer-area-code": "305", "subject": "No Subject Provided", "recorded-message-or-robocall": "Y"}, "relationships": [], "meta": [], "links": {"self": "https://www.ftc.gov/v0/dnc-complaints/edb22cbf7fb8fdcc736f46a8d2c1786e"}}, {"type": "dnc_complaint", "id": "edb22cbf7fb8fdcc736f46a8d2c1632b", "attributes": {"company-phone-number": "3058880944", "created-date": "2021-02-26 23:51:20", "violation-date": "2021-02-26 23:51:20", "consumer-city": "", "consumer-state": "Florida", "consumer-area-code": "305", "subject": "No Subject Provided", "recorded-message-or-robocall": "Y"}, "relationships": [], "meta": [], "links": {"self": "https://www.ftc.gov/v0/dnc-complaints/edb22cbf7fb8fdcc736f46a8d2c1632b"}}, {"type": "dnc_complaint", "id": "edb22cbf7fb8fdcc736f46a8d2c18eae", "attributes": {"company-phone-number": "+15702071892", "created-date": "2021-02-26 23:50:28", "violation-date": "2021-02-26 23:50:28", "consumer-city": "", "consumer-state": "South Carolina", "consumer-area-code": "803", "subject": "No Subject Provided", "recorded-message-or-robocall": "N"}, "relationships": [], "meta": [], "links": {"self": "https://www.ftc.gov/v0/dnc-complaints/edb22cbf7fb8fdcc736f46a8d2c18eae"}}, {"type": "dnc_complaint", "id": "edb22cbf7fb8fdcc736f46a8d2c14e60", "attributes": {"company-phone-number": "4087771929", "created-date": "2021-02-26 23:50:20", "violation-date": "2021-02-26 23:50:20", "consumer-city": "", "consumer-state": "California", "consumer-area-code": "562", "subject": "No Subject Provided", "recorded-message-or-robocall": "Y"}, "relationships": [], "meta": [], "links": {"self": "https://www.ftc.gov/v0/dnc-complaints/edb22cbf7fb8fdcc736f46a8d2c14e60"}}, {"type": "dnc_complaint", "id": "edb22cbf7fb8fdcc736f46a8d291f871", "attributes": {"company-phone-number": "", "created-date": "2021-02-26 23:50:05", "violation-date": "2021-02-25 09:44:00", "consumer-city": "Seattle", "consumer-state": "Washington", "consumer-area-code": "206", "subject": "Calls pretending to be government, businesses, or family and friends", "recorded-message-or-robocall": "Y"}, "relationships": [], "meta": [], "links": {"self": "https://www.ftc.gov/v0/dnc-complaints/edb22cbf7fb8fdcc736f46a8d291f871"}}, {"type": "dnc_complaint", "id": "edb22cbf7fb8fdcc736f46a8d2c15e3c", "attributes": {"company-phone-number": "3105048149", "created-date": "2021-02-26 23:49:35", "violation-date": "2021-02-26 23:49:35", "consumer-city": "", "consumer-state": "California", "consumer-area-code": "310", "subject": "No Subject Provided", "recorded-message-or-robocall": "N"}, "relationships": [], "meta": [], "links": {"self": "https://www.ftc.gov/v0/dnc-complaints/edb22cbf7fb8fdcc736f46a8d2c15e3c"}}, {"type": "dnc_complaint", "id": "edb22cbf7fb8fdcc736f46a8d2c1d442", "attributes": {"company-phone-number": "3616887565", "created-date": "2021-02-26 23:48:55", "violation-date": "2021-02-26 23:48:55", "consumer-city": "", "consumer-state": "Texas", "consumer-area-code": "361", "subject": "No Subject Provided", "recorded-message-or-robocall": "Y"}, "relationships": [], "meta": [], "links": {"self": "https://www.ftc.gov/v0/dnc-complaints/edb22cbf7fb8fdcc736f46a8d2c1d442"}}, {"type": "dnc_complaint", "id": "edb22cbf7fb8fdcc736f46a8d291ef71", "attributes": {"company-phone-number": "", "created-date": "2021-02-26 23:48:41", "violation-date": "2021-02-25 10:45:00", "consumer-city": "Seattle", "consumer-state": "Washington", "consumer-area-code": "206", "subject": "Calls pretending to be government, businesses, or family and friends", "recorded-message-or-robocall": "Y"}, "relationships": [], "meta": [], "links": {"self": "https://www.ftc.gov/v0/dnc-complaints/edb22cbf7fb8fdcc736f46a8d291ef71"}}, {"type": "dnc_complaint", "id": "edb22cbf7fb8fdcc736f46a8d2c15467", "attributes": {"company-phone-number": "3616884542", "created-date": "2021-02-26 23:48:37", "violation-date": "2021-02-26 23:48:37", "consumer-city": "", "consumer-state": "Texas", "consumer-area-code": "361", "subject": "No Subject Provided", "recorded-message-or-robocall": "Y"}, "relationships": [], "meta": [], "links": {"self": "https://www.ftc.gov/v0/dnc-complaints/edb22cbf7fb8fdcc736f46a8d2c15467"}}, {"type": "dnc_complaint", "id": "edb22cbf7fb8fdcc736f46a8d2c1b956", "attributes": {"company-phone-number": "+15137805126", "created-date": "2021-02-26 23:48:32", "violation-date": "2021-02-26 23:48:32", "consumer-city": "", "consumer-state": "Ohio", "consumer-area-code": "513", "subject": "No Subject Provided", "recorded-message-or-robocall": "Y"}, "relationships": [], "meta": [], "links": {"self": "https://www.ftc.gov/v0/dnc-complaints/edb22cbf7fb8fdcc736f46a8d2c1b956"}}, {"type": "dnc_complaint", "id": "edb22cbf7fb8fdcc736f46a8d2c1c4a5", "attributes": {"company-phone-number": "3616885600", "created-date": "2021-02-26 23:48:23", "violation-date": "2021-02-26 23:48:23", "consumer-city": "", "consumer-state": "Texas", "consumer-area-code": "361", "subject": "No Subject Provided", "recorded-message-or-robocall": "Y"}, "relationships": [], "meta": [], "links": {"self": "https://www.ftc.gov/v0/dnc-complaints/edb22cbf7fb8fdcc736f46a8d2c1c4a5"}}, {"type": "dnc_complaint", "id": "edb22cbf7fb8fdcc736f46a8d2c1caa7", "attributes": {"company-phone-number": "+15127477162", "created-date": "2021-02-26 23:48:16", "violation-date": "2021-02-26 23:48:16", "consumer-city": "", "consumer-state": "Texas", "consumer-area-code": "512", "subject": "No Subject Provided", "recorded-message-or-robocall": "Y"}, "relationships": [], "meta": [], "links": {"self": "https://www.ftc.gov/v0/dnc-complaints/edb22cbf7fb8fdcc736f46a8d2c1caa7"}}, {"type": "dnc_complaint", "id": "edb22cbf7fb8fdcc736f46a8d291e164", "attributes": {"company-phone-number": "", "created-date": "2021-02-26 23:48:05", "violation-date": "2021-02-26 14:00:00", "consumer-city": "", "consumer-state": "Tennessee", "consumer-area-code": "865", "subject": "Warranties  & protection plans", "recorded-message-or-robocall": "Y"}, "relationships": [], "meta": [], "links": {"self": "https://www.ftc.gov/v0/dnc-complaints/edb22cbf7fb8fdcc736f46a8d291e164"}}], "meta": {"records-this-page": 50, "record-total": 18991}, "links": {"self": "https://www.ftc.gov/v0/dnc-complaints?created_date=%222021-02-26%22"}}