{"data": [{"type": "dnc_complaint", "id": "7c4a01e608bf5187a061f82fec517c71", "attributes": {"company-phone-number": "6026871518", "created-date": "2021-03-01 23:59:59", "violation-date": "2021-02-27 11:47:00", "consumer-city": "St Francisville", "consumer-state": "Louisiana", "consumer-area-code": "225", "subject": "Other", "recorded-message-or-robocall": "N"}, "relationships": [], "meta": [], "links": {"self": "https://www.ftc.gov/v0/dnc-complaints/7c4a01e608bf5187a061f82fec517c71"}}, {"type": "dnc_complaint", "id": "7c4a01e608bf5187a061f82fec516f12", "attributes": {"company-phone-number": "5185102143", "created-date": "2021-03-01 23:59:59", "violation-date": "2020-10-01 16:08:00", "consumer-city": "Palm Harbor", "consumer-state": "Florida", "consumer-area-code": "913", "subject": "Other", "recorded-message-or-robocall": "Y"}, "relationships": [], "meta": [], "links": {"self": "https://www.ftc.gov/v0/dnc-complaints/7c4a01e608bf5187a061f82fec516f12"}}, {"type": "dnc_complaint", "id": "7c4a01e608bf5187a061f82fec516d54", "attributes": {"company-phone-number": "4708373809", "created-date": "2021-03-01 23:59:32", "violation-date": "2021-02-28 15:56:00", "consumer-city": "Atlanta", "consumer-state": "Georgia", "consumer-area-code": "404", "subject": "Other", "recorded-message-or-robocall": "Y"}, "relationships": [], "meta": [], "links": {"self": "https://www.ftc.gov/v0/dnc-complaints/7c4a01e608bf5187a061f82fec516d54"}}, {"type": "dnc_complaint", "id": "7c4a01e608bf5187a061f82fec515fcd", "attributes": {"company-phone-number": "2027749832", "created-date": "2021-03-01 23:58:55", "violation-date": "2021-03-01 20:54:00", "consumer-city": "", "consumer-state": "North Carolina", "consumer-area-code": "336", "subject": "Other", "recorded-message-or-robocall": "Y"}, "relationships": [], "meta": [], "links": {"self": "https://www.ftc.gov/v0/dnc-complaints/7c4a01e608bf5187a061f82fec515fcd"}}, {"type": "dnc_complaint", "id": "7c4a01e608bf5187a061f82fec515ed4", "attributes": {"company-phone-number": "4708373809", "created-date": "2021-03-01 23:57:39", "violation-date": "2021-02-28 13:38:00", "consumer-city": "Atlanta", "consumer-state": "Georgia", "consumer-area-code": "404", "subject": "Other", "recorded-message-or-robocall": "Y"}, "relationships": [], "meta": [], "links": {"self": "https://www.ftc.gov/v0/dnc-complaints/7c4a01e608bf5187a061f82fec515ed4"}}, {"type": "dnc_complaint", "id": "7c4a01e608bf5187a061f82fec514f26", "attributes": {"company-phone-number": "6097335228", "created-date": "2021-03-01 23:57:33", "violation-date": "2020-10-02 09:54:00", "consumer-city": "", "consumer-state": "Hawaii", "consumer-area-code": "309", "subject": "Other", "recorded-message-or-robocall": "Y"}, "relationships": [], "meta": [], "links": {"self": "https://www.ftc.gov/v0/dnc-complaints/7c4a01e608bf5187a061f82fec514f26"}}, {"type": "dnc_complaint", "id": "7c4a01e608bf5187a061f82fec5141e6", "attributes": {"company-phone-number": "2015526735", "created-date": "2021-03-01 23:57:02", "violation-date": "2021-03-01 08:47:00", "consumer-city": "Buckley", "consumer-state": "Washington", "consumer-area-code": "253", "subject": "Calls pretending to be government, businesses, or family and friends", "recorded-message-or-robocall": "Y"}, "relationships": [], "meta": [], "links": {"self": "https://www.ftc.gov/v0/dnc-complaints/7c4a01e608bf5187a061f82fec5141e6"}}, {"type": "dnc_complaint", "id": "7c4a01e608bf5187a061f82fec5138c3", "attributes": {"company-phone-number": "5704215487", "created-date": "2021-03-01 23:56:56", "violation-date": "2021-03-01 17:09:00", "consumer-city": "", "consumer-state": "Pennsylvania", "consumer-area-code": "570", "subject": "Calls pretending to be government, businesses, or family and friends", "recorded-message-or-robocall": "Y"}, "relationships": [], "meta": [], "links": {"self": "https://www.ftc.gov/v0/dnc-complaints/7c4a01e608bf5187a061f82fec5138c3"}}, {"type": "dnc_complaint", "id": "7c4a01e608bf5187a061f82fec513302", "attributes": {"company-phone-number": "8005761031", "created-date": "2021-03-01 23:56:23", "violation-date": "2020-10-28 11:49:00", "consumer-city": "Palm Harbor", "consumer-state": "Florida", "consumer-area-code": "913", "subject": "Other", "recorded-message-or-robocall": "Y"}, "relationships": [], "meta": [], "links": {"self": "https://www.ftc.gov/v0/dnc-complaints/7c4a01e608bf5187a061f82fec513302"}}, {"type": "dnc_complaint", "id": "7c4a01e608bf5187a061f82fec513058", "attributes": {"company-phone-number": "2254330777", "created-date": "2021-03-01 23:56:10", "violation-date": "2021-02-26 09:57:00", "consumer-city": "St Francisville", "consumer-state": "Louisiana", "consumer-area-code": "225", "subject": "Other", "recorded-message-or-robocall": "N"}, "relationships": [], "meta": [], "links": {"self": "https://www.ftc.gov/v0/dnc-complaints/7c4a01e608bf5187a061f82fec513058"}}, {"type": "dnc_complaint", "id": "7c4a01e608bf5187a061f82fec51256c", "attributes": {"company-phone-number": "4708373809", "created-date": "2021-03-01 23:55:50", "violation-date": "2021-02-27 15:32:00", "consumer-city": "Atlanta", "consumer-state": "Georgia", "consumer-area-code": "404", "subject": "Other", "recorded-message-or-robocall": "Y"}, "relationships": [], "meta": [], "links": {"self": "https://www.ftc.gov/v0/dnc-complaints/7c4a01e608bf5187a061f82fec51256c"}}, {"type": "dnc_complaint", "id": "7c4a01e608bf5187a061f82fec5116c2", "attributes": {"company-phone-number": "5704217882", "created-date": "2021-03-01 23:55:49", "violation-date": "2021-03-01 15:43:00", "consumer-city": "", "consumer-state": "Pennsylvania", "consumer-area-code": "570", "subject": "Calls pretending to be government, businesses, or family and friends", "recorded-message-or-robocall": "Y"}, "relationships": [], "meta": [], "links": {"self": "https://www.ftc.gov/v0/dnc-complaints/7c4a01e608bf5187a061f82fec5116c2"}}, {"type": "dnc_complaint", "id": "7c4a01e608bf5187a061f82fec510fb1", "attributes": {"company-phone-number": "8188146863", "created-date": "2021-03-01 23:55:09", "violation-date": "2021-03-01 15:08:00", "consumer-city": "", "consumer-state": "California", "consumer-area-code": "818", "subject": "Dropped call or no message", "recorded-message-or-robocall": "Y"}, "relationships": [], "meta": [], "links": {"self": "https://www.ftc.gov/v0/dnc-complaints/7c4a01e608bf5187a061f82fec510fb1"}}, {"type": "dnc_complaint", "id": "7c4a01e608bf5187a061f82fec51033e", "attributes": {"company-phone-number": "", "created-date": "2021-03-01 23:54:54", "violation-date": "2021-02-26 09:30:00", "consumer-city": "Gilcrest", "consumer-state": "Colorado", "consumer-area-code": "970", "subject": "Other", "recorded-message-or-robocall": "N"}, "relationships": [], "meta": [], "links": {"self": "https://www.ftc.gov/v0/dnc-complaints/7c4a01e608bf5187a061f82fec51033e"}}, {"type": "dnc_complaint", "id": "7c4a01e608bf5187a061f82fec50f5a2", "attributes": {"company-phone-number": "5704216616", "created-date": "2021-03-01 23:54:18", "violation-date": "2021-03-01 15:19:00", "consumer-city": "", "consumer-state": "Pennsylvania", "consumer-area-code": "570", "subject": "Calls pretending to be government, businesses, or family and friends", "recorded-message-or-robocall": "Y"}, "relationships": [], "meta": [], "links": {"self": "https://www.ftc.gov/v0/dnc-complaints/7c4a01e608bf5187a061f82fec50f5a2"}}, {"type": "dnc_complaint", "id": "7c4a01e608bf5187a061f82fec50ee25", "attributes": {"company-phone-number": "8183741193", "created-date": "2021-03-01 23:54:18", "violation-date": "2021-03-01 12:14:00", "consumer-city": "", "consumer-state": "California", "consumer-area-code": "818", "subject": "Dropped call or no message", "recorded-message-or-robocall": "Y"}, "relationships": [], "meta": [], "links": {"self": "https://www.ftc.gov/v0/dnc-complaints/7c4a01e608bf5187a061f82fec50ee25"}}, {"type": "dnc_complaint", "id": "7c4a01e608bf5187a061f82fec50e4e9", "attributes": {"company-phone-number": "2674603781", "created-date": "2021-03-01 23:54:08", "violation-date": "2020-12-07 14:02:00", "consumer-city": "Granbury", "consumer-state": "Texas", "consumer-area-code": "817", "subject": "Reducing your debt (credit cards, mortgage, student loans)", "recorded-message-or-robocall": "Y"}, "relationships": [], "meta": [], "links": {"self": "https://www.ftc.gov/v0/dnc-complaints/7c4a01e608bf5187a061f82fec50e4e9"}}, {"type": "dnc_complaint", "id": "7c4a01e608bf5187a061f82fec50df83", "attributes": {"company-phone-number": "7754374465", "created-date": "2021-03-01 23:53:51", "violation-date": "2021-03-01 14:40:00", "consumer-city": "", "consumer-state": "Nevada", "consumer-area-code": "775", "subject": "No Subject Provided", "recorded-message-or-robocall": "Y"}, "relationships": [], "meta": [], "links": {"self": "https://www.ftc.gov/v0/dnc-complaints/7c4a01e608bf5187a061f82fec50df83"}}, {"type": "dnc_complaint", "id": "7c4a01e608bf5187a061f82fec50d45c", "attributes": {"company-phone-number": "8188218022", "created-date": "2021-03-01 23:53:47", "violation-date": "2021-03-01 10:11:00", "consumer-city": "", "consumer-state": "California", "consumer-area-code": "818", "subject": "Dropped call or no message", "recorded-message-or-robocall": "Y"}, "relationships": [], "meta": [], "links": {"self": "https://www.ftc.gov/v0/dnc-complaints/7c4a01e608bf5187a061f82fec50d45c"}}, {"type": "dnc_complaint", "id": "7c4a01e608bf5187a061f82fec50d07d", "attributes": {"company-phone-number": "2037796327", "created-date": "2021-03-01 23:53:09", "violation-date": "2021-03-01 15:09:00", "consumer-city": "", "consumer-state": "Connecticut", "consumer-area-code": "860", "subject": "No Subject Provided", "recorded-message-or-robocall": "Y"}, "relationships": [], "meta": [], "links": {"self": "https://www.ftc.gov/v0/dnc-complaints/7c4a01e608bf5187a061f82fec50d07d"}}, {"type": "dnc_complaint", "id": "7c4a01e608bf5187a061f82fec50cadf", "attributes": {"company-phone-number": "8188243568", "created-date": "2021-03-01 23:53:05", "violation-date": "2021-02-28 17:26:00", "consumer-city": "", "consumer-state": "California", "consumer-area-code": "818", "subject": "Dropped call or no message", "recorded-message-or-robocall": "Y"}, "relationships": [], "meta": [], "links": {"self": "https://www.ftc.gov/v0/dnc-complaints/7c4a01e608bf5187a061f82fec50cadf"}}, {"type": "dnc_complaint", "id": "7c4a01e608bf5187a061f82fec50ca59", "attributes": {"company-phone-number": "3055992600", "created-date": "2021-03-01 23:52:42", "violation-date": "2020-11-10 18:59:00", "consumer-city": "Palm Harbor", "consumer-state": "Florida", "consumer-area-code": "913", "subject": "Dropped call or no message", "recorded-message-or-robocall": "Y"}, "relationships": [], "meta": [], "links": {"self": "https://www.ftc.gov/v0/dnc-complaints/7c4a01e608bf5187a061f82fec50ca59"}}, {"type": "dnc_complaint", "id": "7c4a01e608bf5187a061f82fec50c7c7", "attributes": {"company-phone-number": "2256358458", "created-date": "2021-03-01 23:52:29", "violation-date": "2021-02-26 16:59:00", "consumer-city": "St Francisville", "consumer-state": "Louisiana", "consumer-area-code": "225", "subject": "Other", "recorded-message-or-robocall": "N"}, "relationships": [], "meta": [], "links": {"self": "https://www.ftc.gov/v0/dnc-complaints/7c4a01e608bf5187a061f82fec50c7c7"}}, {"type": "dnc_complaint", "id": "7c4a01e608bf5187a061f82fec50b9b0", "attributes": {"company-phone-number": "8188359810", "created-date": "2021-03-01 23:52:22", "violation-date": "2021-02-28 16:47:00", "consumer-city": "", "consumer-state": "California", "consumer-area-code": "818", "subject": "Dropped call or no message", "recorded-message-or-robocall": "Y"}, "relationships": [], "meta": [], "links": {"self": "https://www.ftc.gov/v0/dnc-complaints/7c4a01e608bf5187a061f82fec50b9b0"}}, {"type": "dnc_complaint", "id": "7c4a01e608bf5187a061f82fec50b5cb", "attributes": {"company-phone-number": "8143761219", "created-date": "2021-03-01 23:51:50", "violation-date": "2021-02-26 13:45:00", "consumer-city": "Whitehouse", "consumer-state": "Texas", "consumer-area-code": "814", "subject": "Medical  & prescriptions", "recorded-message-or-robocall": "Y"}, "relationships": [], "meta": [], "links": {"self": "https://www.ftc.gov/v0/dnc-complaints/7c4a01e608bf5187a061f82fec50b5cb"}}, {"type": "dnc_complaint", "id": "7c4a01e608bf5187a061f82fec50a98e", "attributes": {"company-phone-number": "8188385774", "created-date": "2021-03-01 23:51:46", "violation-date": "2021-02-28 14:57:00", "consumer-city": "", "consumer-state": "California", "consumer-area-code": "818", "subject": "Dropped call or no message", "recorded-message-or-robocall": "Y"}, "relationships": [], "meta": [], "links": {"self": "https://www.ftc.gov/v0/dnc-complaints/7c4a01e608bf5187a061f82fec50a98e"}}, {"type": "dnc_complaint", "id": "7c4a01e608bf5187a061f82fec50a6d8", "attributes": {"company-phone-number": "", "created-date": "2021-03-01 23:51:32", "violation-date": "2021-03-01 11:22:00", "consumer-city": "", "consumer-state": "Connecticut", "consumer-area-code": "860", "subject": "No Subject Provided", "recorded-message-or-robocall": "Y"}, "relationships": [], "meta": [], "links": {"self": "https://www.ftc.gov/v0/dnc-complaints/7c4a01e608bf5187a061f82fec50a6d8"}}, {"type": "dnc_complaint", "id": "7c4a01e608bf5187a061f82fec509c56", "attributes": {"company-phone-number": "8188146761", "created-date": "2021-03-01 23:51:16", "violation-date": "2021-02-28 12:06:00", "consumer-city": "", "consumer-state": "California", "consumer-area-code": "818", "subject": "Dropped call or no message", "recorded-message-or-robocall": "Y"}, "relationships": [], "meta": [], "links": {"self": "https://www.ftc.gov/v0/dnc-complaints/7c4a01e608bf5187a061f82fec509c56"}}, {"type": "dnc_complaint", "id": "7c4a01e608bf5187a061f82fec5098b6", "attributes": {"company-phone-number": "7252418845", "created-date": "2021-03-01 23:51:13", "violation-date": "2021-03-01 15:07:00", "consumer-city": "", "consumer-state": "Nevada", "consumer-area-code": "775", "subject": "No Subject Provided", "recorded-message-or-robocall": "Y"}, "relationships": [], "meta": [], "links": {"self": "https://www.ftc.gov/v0/dnc-complaints/7c4a01e608bf5187a061f82fec5098b6"}}, {"type": "dnc_complaint", "id": "7c4a01e608bf5187a061f82fec5088de", "attributes": {"company-phone-number": "7792043396", "created-date": "2021-03-01 23:51:12", "violation-date": "2020-12-15 12:19:00", "consumer-city": "Granbury", "consumer-state": "Texas", "consumer-area-code": "817", "subject": "Reducing your debt (credit cards, mortgage, student loans)", "recorded-message-or-robocall": "Y"}, "relationships": [], "meta": [], "links": {"self": "https://www.ftc.gov/v0/dnc-complaints/7c4a01e608bf5187a061f82fec5088de"}}, {"type": "dnc_complaint", "id": "7c4a01e608bf5187a061f82fec507b7f", "attributes": {"company-phone-number": "8188359243", "created-date": "2021-03-01 23:50:37", "violation-date": "2021-02-28 11:06:00", "consumer-city": "", "consumer-state": "California", "consumer-area-code": "818", "subject": "Dropped call or no message", "recorded-message-or-robocall": "Y"}, "relationships": [], "meta": [], "links": {"self": "https://www.ftc.gov/v0/dnc-complaints/7c4a01e608bf5187a061f82fec507b7f"}}, {"type": "dnc_complaint", "id": "7c4a01e608bf5187a061f82fec5077cd", "attributes": {"company-phone-number": "8884174024", "created-date": "2021-03-01 23:50:22", "violation-date": "2021-03-01 10:51:00", "consumer-city": "TUCSON", "consumer-state": "Arizona", "consumer-area-code": "520", "subject": "Calls pretending to be government, businesses, or family and friends", "recorded-message-or-robocall": "N"}, "relationships": [], "meta": [], "links": {"self": "https://www.ftc.gov/v0/dnc-complaints/7c4a01e608bf5187a061f82fec5077cd"}}, {"type": "dnc_complaint", "id": "7c4a01e608bf5187a061f82fec507206", "attributes": {"company-phone-number": "8603761277", "created-date": "2021-03-01 23:50:15", "violation-date": "2021-02-27 11:55:00", "consumer-city": "", "consumer-state": "Connecticut", "consumer-area-code": "860", "subject": "No Subject Provided", "recorded-message-or-robocall": "Y"}, "relationships": [], "meta": [], "links": {"self": "https://www.ftc.gov/v0/dnc-complaints/7c4a01e608bf5187a061f82fec507206"}}, {"type": "dnc_complaint", "id": "7c4a01e608bf5187a061f82fec50666e", "attributes": {"company-phone-number": "8188344898", "created-date": "2021-03-01 23:49:55", "violation-date": "2021-02-28 09:56:00", "consumer-city": "", "consumer-state": "California", "consumer-area-code": "818", "subject": "Other", "recorded-message-or-robocall": "Y"}, "relationships": [], "meta": [], "links": {"self": "https://www.ftc.gov/v0/dnc-complaints/7c4a01e608bf5187a061f82fec50666e"}}, {"type": "dnc_complaint", "id": "7c4a01e608bf5187a061f82fec50646d", "attributes": {"company-phone-number": "8596898102", "created-date": "2021-03-01 23:48:09", "violation-date": "2021-02-24 13:14:00", "consumer-city": "Palm Harbor", "consumer-state": "Florida", "consumer-area-code": "913", "subject": "Other", "recorded-message-or-robocall": "Y"}, "relationships": [], "meta": [], "links": {"self": "https://www.ftc.gov/v0/dnc-complaints/7c4a01e608bf5187a061f82fec50646d"}}, {"type": "dnc_complaint", "id": "7c4a01e608bf5187a061f82fec506079", "attributes": {"company-phone-number": "2538788583", "created-date": "2021-03-01 23:47:36", "violation-date": "2021-03-01 10:19:00", "consumer-city": "", "consumer-state": "Washington", "consumer-area-code": "253", "subject": "Other", "recorded-message-or-robocall": "N"}, "relationships": [], "meta": [], "links": {"self": "https://www.ftc.gov/v0/dnc-complaints/7c4a01e608bf5187a061f82fec506079"}}, {"type": "dnc_complaint", "id": "7c4a01e608bf5187a061f82fec505432", "attributes": {"company-phone-number": "4107592240", "created-date": "2021-03-01 23:47:16", "violation-date": "2021-03-01 16:55:00", "consumer-city": "", "consumer-state": "Maryland", "consumer-area-code": "410", "subject": "Dropped call or no message", "recorded-message-or-robocall": "Y"}, "relationships": [], "meta": [], "links": {"self": "https://www.ftc.gov/v0/dnc-complaints/7c4a01e608bf5187a061f82fec505432"}}, {"type": "dnc_complaint", "id": "7c4a01e608bf5187a061f82fec505381", "attributes": {"company-phone-number": "5106192252", "created-date": "2021-03-01 23:47:01", "violation-date": "2021-03-01 13:11:00", "consumer-city": "El Cerrito", "consumer-state": "California", "consumer-area-code": "510", "subject": "Warranties  & protection plans", "recorded-message-or-robocall": "Y"}, "relationships": [], "meta": [], "links": {"self": "https://www.ftc.gov/v0/dnc-complaints/7c4a01e608bf5187a061f82fec505381"}}, {"type": "dnc_complaint", "id": "7c4a01e608bf5187a061f82fec504810", "attributes": {"company-phone-number": "4107592240", "created-date": "2021-03-01 23:46:52", "violation-date": "2021-03-01 12:48:00", "consumer-city": "", "consumer-state": "Maryland", "consumer-area-code": "410", "subject": "Dropped call or no message", "recorded-message-or-robocall": "Y"}, "relationships": [], "meta": [], "links": {"self": "https://www.ftc.gov/v0/dnc-complaints/7c4a01e608bf5187a061f82fec504810"}}, {"type": "dnc_complaint", "id": "7c4a01e608bf5187a061f82fec50424b", "attributes": {"company-phone-number": "5125467722", "created-date": "2021-03-01 23:46:27", "violation-date": "2021-03-01 10:02:00", "consumer-city": "Austin", "consumer-state": "Texas", "consumer-area-code": "512", "subject": "Other", "recorded-message-or-robocall": "Y"}, "relationships": [], "meta": [], "links": {"self": "https://www.ftc.gov/v0/dnc-complaints/7c4a01e608bf5187a061f82fec50424b"}}, {"type": "dnc_complaint", "id": "7c4a01e608bf5187a061f82fec50406b", "attributes": {"company-phone-number": "7072860093", "created-date": "2021-03-01 23:46:27", "violation-date": "2021-03-01 14:04:00", "consumer-city": "", "consumer-state": "Maryland", "consumer-area-code": "707", "subject": "Warranties  & protection plans", "recorded-message-or-robocall": "Y"}, "relationships": [], "meta": [], "links": {"self": "https://www.ftc.gov/v0/dnc-complaints/7c4a01e608bf5187a061f82fec50406b"}}, {"type": "dnc_complaint", "id": "7c4a01e608bf5187a061f82fec5032ae", "attributes": {"company-phone-number": "8004739413x112", "created-date": "2021-03-01 23:46:23", "violation-date": "2020-12-14 12:00:00", "consumer-city": "Redondo Beach", "consumer-state": "California", "consumer-area-code": "310", "subject": "Other", "recorded-message-or-robocall": "N"}, "relationships": [], "meta": [], "links": {"self": "https://www.ftc.gov/v0/dnc-complaints/7c4a01e608bf5187a061f82fec5032ae"}}, {"type": "dnc_complaint", "id": "7c4a01e608bf5187a061f82fec50272b", "attributes": {"company-phone-number": "8554173343", "created-date": "2021-03-01 23:46:17", "violation-date": "2021-03-01 09:50:00", "consumer-city": "", "consumer-state": "Maryland", "consumer-area-code": "410", "subject": "Dropped call or no message", "recorded-message-or-robocall": "Y"}, "relationships": [], "meta": [], "links": {"self": "https://www.ftc.gov/v0/dnc-complaints/7c4a01e608bf5187a061f82fec50272b"}}, {"type": "dnc_complaint", "id": "7c4a01e608bf5187a061f82fec50179f", "attributes": {"company-phone-number": "9725630798", "created-date": "2021-03-01 23:45:51", "violation-date": "2021-02-10 00:00:00", "consumer-city": "Granbury", "consumer-state": "Texas", "consumer-area-code": "817", "subject": "Warranties  & protection plans", "recorded-message-or-robocall": "Y"}, "relationships": [], "meta": [], "links": {"self": "https://www.ftc.gov/v0/dnc-complaints/7c4a01e608bf5187a061f82fec50179f"}}, {"type": "dnc_complaint", "id": "7c4a01e608bf5187a061f82fec500f2b", "attributes": {"company-phone-number": "9099413419", "created-date": "2021-03-01 23:45:35", "violation-date": "2021-03-01 15:07:00", "consumer-city": "El Cerrito", "consumer-state": "California", "consumer-area-code": "510", "subject": "Other", "recorded-message-or-robocall": ""}, "relationships": [], "meta": [], "links": {"self": "https://www.ftc.gov/v0/dnc-complaints/7c4a01e608bf5187a061f82fec500f2b"}}, {"type": "dnc_complaint", "id": "7c4a01e608bf5187a061f82fec4fff93", "attributes": {"company-phone-number": "4107592240", "created-date": "2021-03-01 23:45:26", "violation-date": "2021-03-01 15:44:00", "consumer-city": "", "consumer-state": "Maryland", "consumer-area-code": "443", "subject": "Dropped call or no message", "recorded-message-or-robocall": "Y"}, "relationships": [], "meta": [], "links": {"self": "https://www.ftc.gov/v0/dnc-complaints/7c4a01e608bf5187a061f82fec4fff93"}}, {"type": "dnc_complaint", "id": "7c4a01e608bf5187a061f82fec4ffbb9", "attributes": {"company-phone-number": "5125467722", "created-date": "2021-03-01 23:44:39", "violation-date": "2021-03-01 10:02:00", "consumer-city": "Austin", "consumer-state": "Texas", "consumer-area-code": "512", "subject": "Other", "recorded-message-or-robocall": "Y"}, "relationships": [], "meta": [], "links": {"self": "https://www.ftc.gov/v0/dnc-complaints/7c4a01e608bf5187a061f82fec4ffbb9"}}, {"type": "dnc_complaint", "id": "7c4a01e608bf5187a061f82fec4ffaeb", "attributes": {"company-phone-number": "9155840744", "created-date": "2021-03-01 23:44:26", "violation-date": "2021-02-15 00:00:00", "consumer-city": "Granbury", "consumer-state": "Texas", "consumer-area-code": "817", "subject": "Warranties  & protection plans", "recorded-message-or-robocall": "Y"}, "relationships": [], "meta": [], "links": {"self": "https://www.ftc.gov/v0/dnc-complaints/7c4a01e608bf5187a061f82fec4ffaeb"}}, {"type": "dnc_complaint", "id": "7c4a01e608bf5187a061f82fec4ff70a", "attributes": {"company-phone-number": "8009557070", "created-date": "2021-03-01 23:44:13", "violation-date": "2020-12-22 09:14:00", "consumer-city": "", "consumer-state": "Hawaii", "consumer-area-code": "808", "subject": "No Subject Provided", "recorded-message-or-robocall": "N"}, "relationships": [], "meta": [], "links": {"self": "https://www.ftc.gov/v0/dnc-complaints/7c4a01e608bf5187a061f82fec4ff70a"}}, {"type": "dnc_complaint", "id": "7c4a01e608bf5187a061f82fec4fed84", "attributes": {"company-phone-number": "8083490101", "created-date": "2021-03-01 23:43:01", "violation-date": "2021-01-15 00:18:00", "consumer-city": "", "consumer-state": "Hawaii", "consumer-area-code": "808", "subject": "Other", "recorded-message-or-robocall": "N"}, "relationships": [], "meta": [], "links": {"self": "https://www.ftc.gov/v0/dnc-complaints/7c4a01e608bf5187a061f82fec4fed84"}}], "meta": {"records-this-page": 50, "record-total": 16829}, "links": {"self": "https://www.ftc.gov/v0/dnc-complaints?created_date=%222021-03-01%22"}}