{"data": [{"type": "dnc_complaint", "id": "8da7b0b6f321460ab330c11e895754a0", "attributes": {"company-phone-number": "4142611755", "created-date": "2021-02-24 23:59:55", "violation-date": "2021-02-24 12:19:00", "consumer-city": "", "consumer-state": "Wisconsin", "consumer-area-code": "715", "subject": "Other", "recorded-message-or-robocall": "Y"}, "relationships": [], "meta": [], "links": {"self": "https://www.ftc.gov/v0/dnc-complaints/8da7b0b6f321460ab330c11e895754a0"}}, {"type": "dnc_complaint", "id": "8da7b0b6f321460ab330c11e89574d5d", "attributes": {"company-phone-number": "5625294155", "created-date": "2021-02-24 23:59:54", "violation-date": "2021-02-24 14:00:00", "consumer-city": "Salinas", "consumer-state": "California", "consumer-area-code": "831", "subject": "Dropped call or no message", "recorded-message-or-robocall": "Y"}, "relationships": [], "meta": [], "links": {"self": "https://www.ftc.gov/v0/dnc-complaints/8da7b0b6f321460ab330c11e89574d5d"}}, {"type": "dnc_complaint", "id": "8da7b0b6f321460ab330c11e895744cc", "attributes": {"company-phone-number": "5164082765", "created-date": "2021-02-24 23:59:49", "violation-date": "2021-02-24 11:24:00", "consumer-city": "Morristown", "consumer-state": "New Jersey", "consumer-area-code": "973", "subject": "Calls pretending to be government, businesses, or family and friends", "recorded-message-or-robocall": "N"}, "relationships": [], "meta": [], "links": {"self": "https://www.ftc.gov/v0/dnc-complaints/8da7b0b6f321460ab330c11e895744cc"}}, {"type": "dnc_complaint", "id": "8da7b0b6f321460ab330c11e8957384b", "attributes": {"company-phone-number": "5053571825", "created-date": "2021-02-24 23:59:48", "violation-date": "2021-02-03 09:46:00", "consumer-city": "", "consumer-state": "Colorado", "consumer-area-code": "303", "subject": "Reducing your debt (credit cards, mortgage, student loans)", "recorded-message-or-robocall": "N"}, "relationships": [], "meta": [], "links": {"self": "https://www.ftc.gov/v0/dnc-complaints/8da7b0b6f321460ab330c11e8957384b"}}, {"type": "dnc_complaint", "id": "8da7b0b6f321460ab330c11e89572b92", "attributes": {"company-phone-number": "9128756319", "created-date": "2021-02-24 23:59:16", "violation-date": "2021-02-23 14:55:00", "consumer-city": "", "consumer-state": "Louisiana", "consumer-area-code": "337", "subject": "Other", "recorded-message-or-robocall": "Y"}, "relationships": [], "meta": [], "links": {"self": "https://www.ftc.gov/v0/dnc-complaints/8da7b0b6f321460ab330c11e89572b92"}}, {"type": "dnc_complaint", "id": "8da7b0b6f321460ab330c11e895721b7", "attributes": {"company-phone-number": "2134603588", "created-date": "2021-02-24 23:59:15", "violation-date": "2021-02-24 13:00:00", "consumer-city": "Salinas", "consumer-state": "California", "consumer-area-code": "831", "subject": "Dropped call or no message", "recorded-message-or-robocall": "Y"}, "relationships": [], "meta": [], "links": {"self": "https://www.ftc.gov/v0/dnc-complaints/8da7b0b6f321460ab330c11e895721b7"}}, {"type": "dnc_complaint", "id": "8da7b0b6f321460ab330c11e89571264", "attributes": {"company-phone-number": "6017780186", "created-date": "2021-02-24 23:58:25", "violation-date": "2021-02-24 11:39:00", "consumer-city": "Corpus Christi", "consumer-state": "Texas", "consumer-area-code": "361", "subject": "Other", "recorded-message-or-robocall": "Y"}, "relationships": [], "meta": [], "links": {"self": "https://www.ftc.gov/v0/dnc-complaints/8da7b0b6f321460ab330c11e89571264"}}, {"type": "dnc_complaint", "id": "8da7b0b6f321460ab330c11e89570301", "attributes": {"company-phone-number": "9284574514", "created-date": "2021-02-24 23:57:45", "violation-date": "2021-02-09 21:51:00", "consumer-city": "", "consumer-state": "Colorado", "consumer-area-code": "303", "subject": "Other", "recorded-message-or-robocall": "N"}, "relationships": [], "meta": [], "links": {"self": "https://www.ftc.gov/v0/dnc-complaints/8da7b0b6f321460ab330c11e89570301"}}, {"type": "dnc_complaint", "id": "8da7b0b6f321460ab330c11e8956fe6b", "attributes": {"company-phone-number": "6692134214", "created-date": "2021-02-24 23:57:40", "violation-date": "2021-02-24 16:32:00", "consumer-city": "EL PASO", "consumer-state": "Texas", "consumer-area-code": "812", "subject": "Calls pretending to be government, businesses, or family and friends", "recorded-message-or-robocall": "N"}, "relationships": [], "meta": [], "links": {"self": "https://www.ftc.gov/v0/dnc-complaints/8da7b0b6f321460ab330c11e8956fe6b"}}, {"type": "dnc_complaint", "id": "8da7b0b6f321460ab330c11e8956ef0a", "attributes": {"company-phone-number": "5099499426", "created-date": "2021-02-24 23:57:36", "violation-date": "2021-02-24 16:45:00", "consumer-city": "Moses Lake", "consumer-state": "Washington", "consumer-area-code": "509", "subject": "Other", "recorded-message-or-robocall": ""}, "relationships": [], "meta": [], "links": {"self": "https://www.ftc.gov/v0/dnc-complaints/8da7b0b6f321460ab330c11e8956ef0a"}}, {"type": "dnc_complaint", "id": "8da7b0b6f321460ab330c11e8956e147", "attributes": {"company-phone-number": "6055503211", "created-date": "2021-02-24 23:56:43", "violation-date": "2021-02-24 14:58:00", "consumer-city": "Moses Lake", "consumer-state": "Washington", "consumer-area-code": "509", "subject": "Other", "recorded-message-or-robocall": ""}, "relationships": [], "meta": [], "links": {"self": "https://www.ftc.gov/v0/dnc-complaints/8da7b0b6f321460ab330c11e8956e147"}}, {"type": "dnc_complaint", "id": "8da7b0b6f321460ab330c11e8956d1b8", "attributes": {"company-phone-number": "3618481458", "created-date": "2021-02-24 23:56:40", "violation-date": "2021-02-24 12:08:00", "consumer-city": "Corpus Christi", "consumer-state": "Texas", "consumer-area-code": "361", "subject": "Other", "recorded-message-or-robocall": "Y"}, "relationships": [], "meta": [], "links": {"self": "https://www.ftc.gov/v0/dnc-complaints/8da7b0b6f321460ab330c11e8956d1b8"}}, {"type": "dnc_complaint", "id": "8da7b0b6f321460ab330c11e8956cb32", "attributes": {"company-phone-number": "4158698275", "created-date": "2021-02-24 23:56:39", "violation-date": "2021-02-22 15:30:00", "consumer-city": "Colorado Springs", "consumer-state": "Colorado", "consumer-area-code": "719", "subject": "Calls pretending to be government, businesses, or family and friends", "recorded-message-or-robocall": "Y"}, "relationships": [], "meta": [], "links": {"self": "https://www.ftc.gov/v0/dnc-complaints/8da7b0b6f321460ab330c11e8956cb32"}}, {"type": "dnc_complaint", "id": "8da7b0b6f321460ab330c11e8956c427", "attributes": {"company-phone-number": "3036962036", "created-date": "2021-02-24 23:56:37", "violation-date": "2021-02-10 15:08:00", "consumer-city": "", "consumer-state": "Colorado", "consumer-area-code": "303", "subject": "Warranties  & protection plans", "recorded-message-or-robocall": "N"}, "relationships": [], "meta": [], "links": {"self": "https://www.ftc.gov/v0/dnc-complaints/8da7b0b6f321460ab330c11e8956c427"}}, {"type": "dnc_complaint", "id": "8da7b0b6f321460ab330c11e8956be57", "attributes": {"company-phone-number": "9255203137", "created-date": "2021-02-24 23:55:39", "violation-date": "2021-02-24 15:10:00", "consumer-city": "Tujunga", "consumer-state": "California", "consumer-area-code": "925", "subject": "Other", "recorded-message-or-robocall": "N"}, "relationships": [], "meta": [], "links": {"self": "https://www.ftc.gov/v0/dnc-complaints/8da7b0b6f321460ab330c11e8956be57"}}, {"type": "dnc_complaint", "id": "8da7b0b6f321460ab330c11e8956b601", "attributes": {"company-phone-number": "3605836205", "created-date": "2021-02-24 23:55:33", "violation-date": "2021-02-24 13:12:00", "consumer-city": "Moses Lake", "consumer-state": "Washington", "consumer-area-code": "509", "subject": "Other", "recorded-message-or-robocall": ""}, "relationships": [], "meta": [], "links": {"self": "https://www.ftc.gov/v0/dnc-complaints/8da7b0b6f321460ab330c11e8956b601"}}, {"type": "dnc_complaint", "id": "8da7b0b6f321460ab330c11e8956a967", "attributes": {"company-phone-number": "4155018758", "created-date": "2021-02-24 23:54:40", "violation-date": "2021-02-24 15:11:00", "consumer-city": "San Jacinto", "consumer-state": "California", "consumer-area-code": "951", "subject": "Warranties  & protection plans", "recorded-message-or-robocall": "Y"}, "relationships": [], "meta": [], "links": {"self": "https://www.ftc.gov/v0/dnc-complaints/8da7b0b6f321460ab330c11e8956a967"}}, {"type": "dnc_complaint", "id": "8da7b0b6f321460ab330c11e8956a520", "attributes": {"company-phone-number": "5097654102", "created-date": "2021-02-24 23:54:38", "violation-date": "2021-02-24 08:02:00", "consumer-city": "Moses Lake", "consumer-state": "Washington", "consumer-area-code": "509", "subject": "Other", "recorded-message-or-robocall": ""}, "relationships": [], "meta": [], "links": {"self": "https://www.ftc.gov/v0/dnc-complaints/8da7b0b6f321460ab330c11e8956a520"}}, {"type": "dnc_complaint", "id": "8da7b0b6f321460ab330c11e895697f7", "attributes": {"company-phone-number": "3615004314", "created-date": "2021-02-24 23:54:13", "violation-date": "2021-02-24 12:23:00", "consumer-city": "Corpus Christi", "consumer-state": "Texas", "consumer-area-code": "361", "subject": "Other", "recorded-message-or-robocall": "Y"}, "relationships": [], "meta": [], "links": {"self": "https://www.ftc.gov/v0/dnc-complaints/8da7b0b6f321460ab330c11e895697f7"}}, {"type": "dnc_complaint", "id": "8da7b0b6f321460ab330c11e8956907c", "attributes": {"company-phone-number": "2796150826", "created-date": "2021-02-24 23:53:53", "violation-date": "2021-02-24 00:00:00", "consumer-city": "Sacramento, CA", "consumer-state": "California", "consumer-area-code": "279", "subject": "Other", "recorded-message-or-robocall": "Y"}, "relationships": [], "meta": [], "links": {"self": "https://www.ftc.gov/v0/dnc-complaints/8da7b0b6f321460ab330c11e8956907c"}}, {"type": "dnc_complaint", "id": "8da7b0b6f321460ab330c11e89568b15", "attributes": {"company-phone-number": "2035145089", "created-date": "2021-02-24 23:52:44", "violation-date": "2021-02-23 18:53:00", "consumer-city": "", "consumer-state": "Connecticut", "consumer-area-code": "860", "subject": "No Subject Provided", "recorded-message-or-robocall": "Y"}, "relationships": [], "meta": [], "links": {"self": "https://www.ftc.gov/v0/dnc-complaints/8da7b0b6f321460ab330c11e89568b15"}}, {"type": "dnc_complaint", "id": "8da7b0b6f321460ab330c11e8956888a", "attributes": {"company-phone-number": "8036152928", "created-date": "2021-02-24 23:52:09", "violation-date": "2021-02-12 08:56:00", "consumer-city": "", "consumer-state": "Colorado", "consumer-area-code": "303", "subject": "Other", "recorded-message-or-robocall": "N"}, "relationships": [], "meta": [], "links": {"self": "https://www.ftc.gov/v0/dnc-complaints/8da7b0b6f321460ab330c11e8956888a"}}, {"type": "dnc_complaint", "id": "8da7b0b6f321460ab330c11e89568447", "attributes": {"company-phone-number": "2677747966", "created-date": "2021-02-24 23:52:04", "violation-date": "2021-02-24 13:15:00", "consumer-city": "", "consumer-state": "Texas", "consumer-area-code": "956", "subject": "Other", "recorded-message-or-robocall": "Y"}, "relationships": [], "meta": [], "links": {"self": "https://www.ftc.gov/v0/dnc-complaints/8da7b0b6f321460ab330c11e89568447"}}, {"type": "dnc_complaint", "id": "8da7b0b6f321460ab330c11e89567dd1", "attributes": {"company-phone-number": "2184844296", "created-date": "2021-02-24 23:51:47", "violation-date": "2021-02-24 15:01:00", "consumer-city": "Corpus Christi", "consumer-state": "Texas", "consumer-area-code": "361", "subject": "Other", "recorded-message-or-robocall": "Y"}, "relationships": [], "meta": [], "links": {"self": "https://www.ftc.gov/v0/dnc-complaints/8da7b0b6f321460ab330c11e89567dd1"}}, {"type": "dnc_complaint", "id": "8da7b0b6f321460ab330c11e8956767b", "attributes": {"company-phone-number": "8882130154", "created-date": "2021-02-24 23:51:31", "violation-date": "2021-02-24 15:03:00", "consumer-city": "San Jacinto", "consumer-state": "California", "consumer-area-code": "951", "subject": "Other", "recorded-message-or-robocall": "Y"}, "relationships": [], "meta": [], "links": {"self": "https://www.ftc.gov/v0/dnc-complaints/8da7b0b6f321460ab330c11e8956767b"}}, {"type": "dnc_complaint", "id": "8da7b0b6f321460ab330c11e89565de9", "attributes": {"company-phone-number": "8336781822", "created-date": "2021-02-24 23:51:23", "violation-date": "2021-02-21 11:30:00", "consumer-city": "", "consumer-state": "New Jersey", "consumer-area-code": "908", "subject": "No Subject Provided", "recorded-message-or-robocall": ""}, "relationships": [], "meta": [], "links": {"self": "https://www.ftc.gov/v0/dnc-complaints/8da7b0b6f321460ab330c11e89565de9"}}, {"type": "dnc_complaint", "id": "8da7b0b6f321460ab330c11e89567659", "attributes": {"company-phone-number": "6203198134", "created-date": "2021-02-24 23:51:13", "violation-date": "2021-02-24 14:18:00", "consumer-city": "New Brunswick", "consumer-state": "New Jersey", "consumer-area-code": "408", "subject": "Other", "recorded-message-or-robocall": "Y"}, "relationships": [], "meta": [], "links": {"self": "https://www.ftc.gov/v0/dnc-complaints/8da7b0b6f321460ab330c11e89567659"}}, {"type": "dnc_complaint", "id": "8da7b0b6f321460ab330c11e895674b9", "attributes": {"company-phone-number": "9255578932", "created-date": "2021-02-24 23:50:50", "violation-date": "2021-02-18 13:57:00", "consumer-city": "", "consumer-state": "Colorado", "consumer-area-code": "303", "subject": "Reducing your debt (credit cards, mortgage, student loans)", "recorded-message-or-robocall": "N"}, "relationships": [], "meta": [], "links": {"self": "https://www.ftc.gov/v0/dnc-complaints/8da7b0b6f321460ab330c11e895674b9"}}, {"type": "dnc_complaint", "id": "8da7b0b6f321460ab330c11e89566861", "attributes": {"company-phone-number": "", "created-date": "2021-02-24 23:50:45", "violation-date": "2021-02-23 14:53:00", "consumer-city": "", "consumer-state": "Connecticut", "consumer-area-code": "860", "subject": "No Subject Provided", "recorded-message-or-robocall": "Y"}, "relationships": [], "meta": [], "links": {"self": "https://www.ftc.gov/v0/dnc-complaints/8da7b0b6f321460ab330c11e89566861"}}, {"type": "dnc_complaint", "id": "8da7b0b6f321460ab330c11e89565af2", "attributes": {"company-phone-number": "4014680253", "created-date": "2021-02-24 23:49:35", "violation-date": "2021-02-18 14:05:00", "consumer-city": "", "consumer-state": "Colorado", "consumer-area-code": "303", "subject": "Warranties  & protection plans", "recorded-message-or-robocall": "N"}, "relationships": [], "meta": [], "links": {"self": "https://www.ftc.gov/v0/dnc-complaints/8da7b0b6f321460ab330c11e89565af2"}}, {"type": "dnc_complaint", "id": "8da7b0b6f321460ab330c11e89564c83", "attributes": {"company-phone-number": "2024804690", "created-date": "2021-02-24 23:49:32", "violation-date": "2021-02-24 16:52:00", "consumer-city": "Ashtabula", "consumer-state": "Ohio", "consumer-area-code": "440", "subject": "Calls pretending to be government, businesses, or family and friends", "recorded-message-or-robocall": "Y"}, "relationships": [], "meta": [], "links": {"self": "https://www.ftc.gov/v0/dnc-complaints/8da7b0b6f321460ab330c11e89564c83"}}, {"type": "dnc_complaint", "id": "8da7b0b6f321460ab330c11e89563fc1", "attributes": {"company-phone-number": "9412694712", "created-date": "2021-02-24 23:49:18", "violation-date": "2021-02-23 03:55:00", "consumer-city": "venice", "consumer-state": "Florida", "consumer-area-code": "941", "subject": "Other", "recorded-message-or-robocall": "Y"}, "relationships": [], "meta": [], "links": {"self": "https://www.ftc.gov/v0/dnc-complaints/8da7b0b6f321460ab330c11e89563fc1"}}, {"type": "dnc_complaint", "id": "8da7b0b6f321460ab330c11e895632bb", "attributes": {"company-phone-number": "2524680057", "created-date": "2021-02-24 23:49:07", "violation-date": "2021-02-24 16:07:00", "consumer-city": "", "consumer-state": "Connecticut", "consumer-area-code": "860", "subject": "No Subject Provided", "recorded-message-or-robocall": "Y"}, "relationships": [], "meta": [], "links": {"self": "https://www.ftc.gov/v0/dnc-complaints/8da7b0b6f321460ab330c11e895632bb"}}, {"type": "dnc_complaint", "id": "8da7b0b6f321460ab330c11e89563000", "attributes": {"company-phone-number": "8339328712", "created-date": "2021-02-24 23:48:43", "violation-date": "2021-02-20 10:02:00", "consumer-city": "", "consumer-state": "New Jersey", "consumer-area-code": "908", "subject": "No Subject Provided", "recorded-message-or-robocall": ""}, "relationships": [], "meta": [], "links": {"self": "https://www.ftc.gov/v0/dnc-complaints/8da7b0b6f321460ab330c11e89563000"}}, {"type": "dnc_complaint", "id": "8da7b0b6f321460ab330c11e8956322f", "attributes": {"company-phone-number": "3619473889", "created-date": "2021-02-24 23:48:10", "violation-date": "2021-02-24 17:47:00", "consumer-city": "Corpus Christi", "consumer-state": "Texas", "consumer-area-code": "361", "subject": "Other", "recorded-message-or-robocall": "Y"}, "relationships": [], "meta": [], "links": {"self": "https://www.ftc.gov/v0/dnc-complaints/8da7b0b6f321460ab330c11e8956322f"}}, {"type": "dnc_complaint", "id": "8da7b0b6f321460ab330c11e89563219", "attributes": {"company-phone-number": "", "created-date": "2021-02-24 23:47:56", "violation-date": "2021-02-22 04:32:00", "consumer-city": "venice", "consumer-state": "Florida", "consumer-area-code": "941", "subject": "Other", "recorded-message-or-robocall": "N"}, "relationships": [], "meta": [], "links": {"self": "https://www.ftc.gov/v0/dnc-complaints/8da7b0b6f321460ab330c11e89563219"}}, {"type": "dnc_complaint", "id": "8da7b0b6f321460ab330c11e89562cb2", "attributes": {"company-phone-number": "9378481088", "created-date": "2021-02-24 23:47:03", "violation-date": "2021-02-24 13:35:00", "consumer-city": "warrensburg", "consumer-state": "Missouri", "consumer-area-code": "618", "subject": "Calls pretending to be government, businesses, or family and friends", "recorded-message-or-robocall": "Y"}, "relationships": [], "meta": [], "links": {"self": "https://www.ftc.gov/v0/dnc-complaints/8da7b0b6f321460ab330c11e89562cb2"}}, {"type": "dnc_complaint", "id": "8da7b0b6f321460ab330c11e89561d1a", "attributes": {"company-phone-number": "4087594108", "created-date": "2021-02-24 23:46:05", "violation-date": "2021-02-18 15:13:00", "consumer-city": "", "consumer-state": "California", "consumer-area-code": "408", "subject": "Other", "recorded-message-or-robocall": "N"}, "relationships": [], "meta": [], "links": {"self": "https://www.ftc.gov/v0/dnc-complaints/8da7b0b6f321460ab330c11e89561d1a"}}, {"type": "dnc_complaint", "id": "8da7b0b6f321460ab330c11e89561ac8", "attributes": {"company-phone-number": "8132120019", "created-date": "2021-02-24 23:45:50", "violation-date": "2021-02-23 00:00:00", "consumer-city": "venice", "consumer-state": "Florida", "consumer-area-code": "207", "subject": "Dropped call or no message", "recorded-message-or-robocall": "Y"}, "relationships": [], "meta": [], "links": {"self": "https://www.ftc.gov/v0/dnc-complaints/8da7b0b6f321460ab330c11e89561ac8"}}, {"type": "dnc_complaint", "id": "8da7b0b6f321460ab330c11e8956180b", "attributes": {"company-phone-number": "8339694795", "created-date": "2021-02-24 23:45:38", "violation-date": "2021-02-21 17:02:00", "consumer-city": "", "consumer-state": "New Jersey", "consumer-area-code": "908", "subject": "No Subject Provided", "recorded-message-or-robocall": "Y"}, "relationships": [], "meta": [], "links": {"self": "https://www.ftc.gov/v0/dnc-complaints/8da7b0b6f321460ab330c11e8956180b"}}, {"type": "dnc_complaint", "id": "8da7b0b6f321460ab330c11e89560bc4", "attributes": {"company-phone-number": "9285752663", "created-date": "2021-02-24 23:44:54", "violation-date": "2021-02-23 12:32:00", "consumer-city": "Colorado Springs", "consumer-state": "Colorado", "consumer-area-code": "719", "subject": "Calls pretending to be government, businesses, or family and friends", "recorded-message-or-robocall": "Y"}, "relationships": [], "meta": [], "links": {"self": "https://www.ftc.gov/v0/dnc-complaints/8da7b0b6f321460ab330c11e89560bc4"}}, {"type": "dnc_complaint", "id": "8da7b0b6f321460ab330c11e895602af", "attributes": {"company-phone-number": "9288881226", "created-date": "2021-02-24 23:42:27", "violation-date": "2021-02-24 15:27:00", "consumer-city": "Boonville", "consumer-state": "California", "consumer-area-code": "707", "subject": "Other", "recorded-message-or-robocall": "Y"}, "relationships": [], "meta": [], "links": {"self": "https://www.ftc.gov/v0/dnc-complaints/8da7b0b6f321460ab330c11e895602af"}}, {"type": "dnc_complaint", "id": "8da7b0b6f321460ab330c11e8955fe06", "attributes": {"company-phone-number": "1928533568", "created-date": "2021-02-24 23:42:08", "violation-date": "2021-02-24 09:05:00", "consumer-city": "Colorado Springs", "consumer-state": "Colorado", "consumer-area-code": "719", "subject": "Calls pretending to be government, businesses, or family and friends", "recorded-message-or-robocall": "Y"}, "relationships": [], "meta": [], "links": {"self": "https://www.ftc.gov/v0/dnc-complaints/8da7b0b6f321460ab330c11e8955fe06"}}, {"type": "dnc_complaint", "id": "8da7b0b6f321460ab330c11e8955f226", "attributes": {"company-phone-number": "1909724314", "created-date": "2021-02-24 23:41:54", "violation-date": "2021-02-18 10:06:00", "consumer-city": "Tucson", "consumer-state": "Arizona", "consumer-area-code": "520", "subject": "Other", "recorded-message-or-robocall": "Y"}, "relationships": [], "meta": [], "links": {"self": "https://www.ftc.gov/v0/dnc-complaints/8da7b0b6f321460ab330c11e8955f226"}}, {"type": "dnc_complaint", "id": "8da7b0b6f321460ab330c11e8955e332", "attributes": {"company-phone-number": "9379161415", "created-date": "2021-02-24 23:41:24", "violation-date": "2021-02-24 16:18:00", "consumer-city": "", "consumer-state": "Ohio", "consumer-area-code": "937", "subject": "No Subject Provided", "recorded-message-or-robocall": "N"}, "relationships": [], "meta": [], "links": {"self": "https://www.ftc.gov/v0/dnc-complaints/8da7b0b6f321460ab330c11e8955e332"}}, {"type": "dnc_complaint", "id": "8da7b0b6f321460ab330c11e8955d5b3", "attributes": {"company-phone-number": "2342188457", "created-date": "2021-02-24 23:40:52", "violation-date": "2021-02-24 14:24:00", "consumer-city": "HURON", "consumer-state": "Ohio", "consumer-area-code": "419", "subject": "Other", "recorded-message-or-robocall": "Y"}, "relationships": [], "meta": [], "links": {"self": "https://www.ftc.gov/v0/dnc-complaints/8da7b0b6f321460ab330c11e8955d5b3"}}, {"type": "dnc_complaint", "id": "8da7b0b6f321460ab330c11e8955d024", "attributes": {"company-phone-number": "9372310835", "created-date": "2021-02-24 23:40:20", "violation-date": "2021-02-24 15:32:00", "consumer-city": "", "consumer-state": "Ohio", "consumer-area-code": "937", "subject": "No Subject Provided", "recorded-message-or-robocall": "N"}, "relationships": [], "meta": [], "links": {"self": "https://www.ftc.gov/v0/dnc-complaints/8da7b0b6f321460ab330c11e8955d024"}}, {"type": "dnc_complaint", "id": "8da7b0b6f321460ab330c11e8955c37e", "attributes": {"company-phone-number": "7344037596", "created-date": "2021-02-24 23:40:08", "violation-date": "2021-02-18 09:53:00", "consumer-city": "Tucson", "consumer-state": "Arizona", "consumer-area-code": "520", "subject": "Other", "recorded-message-or-robocall": "Y"}, "relationships": [], "meta": [], "links": {"self": "https://www.ftc.gov/v0/dnc-complaints/8da7b0b6f321460ab330c11e8955c37e"}}, {"type": "dnc_complaint", "id": "8da7b0b6f321460ab330c11e8955bece", "attributes": {"company-phone-number": "9374942318", "created-date": "2021-02-24 23:40:07", "violation-date": "2021-02-19 14:05:00", "consumer-city": "springfield", "consumer-state": "Ohio", "consumer-area-code": "937", "subject": "Other", "recorded-message-or-robocall": "Y"}, "relationships": [], "meta": [], "links": {"self": "https://www.ftc.gov/v0/dnc-complaints/8da7b0b6f321460ab330c11e8955bece"}}, {"type": "dnc_complaint", "id": "8da7b0b6f321460ab330c11e8955bb38", "attributes": {"company-phone-number": "5302406847", "created-date": "2021-02-24 23:39:53", "violation-date": "2021-02-24 12:00:00", "consumer-city": "Chico", "consumer-state": "California", "consumer-area-code": "530", "subject": "Calls pretending to be government, businesses, or family and friends", "recorded-message-or-robocall": "N"}, "relationships": [], "meta": [], "links": {"self": "https://www.ftc.gov/v0/dnc-complaints/8da7b0b6f321460ab330c11e8955bb38"}}], "meta": {"records-this-page": 50, "record-total": 16699}, "links": {"self": "https://www.ftc.gov/v0/dnc-complaints?created_date=%222021-02-24%22"}}