{"data": [{"type": "dnc_complaint", "id": "6b6d9d41fa3021852d9784cad1a96e24", "attributes": {"company-phone-number": "2815297484", "created-date": "2021-02-27 23:59:39", "violation-date": "2021-02-26 09:42:00", "consumer-city": "", "consumer-state": "Texas", "consumer-area-code": "281", "subject": "No Subject Provided", "recorded-message-or-robocall": ""}, "relationships": [], "meta": [], "links": {"self": "https://www.ftc.gov/v0/dnc-complaints/6b6d9d41fa3021852d9784cad1a96e24"}}, {"type": "dnc_complaint", "id": "6b6d9d41fa3021852d9784cad1ced572", "attributes": {"company-phone-number": "+16317091611", "created-date": "2021-02-27 23:59:12", "violation-date": "2021-02-27 23:59:12", "consumer-city": "", "consumer-state": "New York", "consumer-area-code": "631", "subject": "No Subject Provided", "recorded-message-or-robocall": "Y"}, "relationships": [], "meta": [], "links": {"self": "https://www.ftc.gov/v0/dnc-complaints/6b6d9d41fa3021852d9784cad1ced572"}}, {"type": "dnc_complaint", "id": "6b6d9d41fa3021852d9784cad1a969be", "attributes": {"company-phone-number": "2407703128", "created-date": "2021-02-27 23:59:07", "violation-date": "2021-02-26 10:30:00", "consumer-city": "silver spring", "consumer-state": "Maryland", "consumer-area-code": "240", "subject": "Reducing your debt (credit cards, mortgage, student loans)", "recorded-message-or-robocall": "Y"}, "relationships": [], "meta": [], "links": {"self": "https://www.ftc.gov/v0/dnc-complaints/6b6d9d41fa3021852d9784cad1a969be"}}, {"type": "dnc_complaint", "id": "6b6d9d41fa3021852d9784cad1a95c9b", "attributes": {"company-phone-number": "4233700046", "created-date": "2021-02-27 23:58:49", "violation-date": "2021-02-26 12:34:00", "consumer-city": "Chattanooga", "consumer-state": "Tennessee", "consumer-area-code": "423", "subject": "Warranties  & protection plans", "recorded-message-or-robocall": "Y"}, "relationships": [], "meta": [], "links": {"self": "https://www.ftc.gov/v0/dnc-complaints/6b6d9d41fa3021852d9784cad1a95c9b"}}, {"type": "dnc_complaint", "id": "6b6d9d41fa3021852d9784cad1a94fc5", "attributes": {"company-phone-number": "4048422867", "created-date": "2021-02-27 23:58:49", "violation-date": "2021-02-22 10:36:00", "consumer-city": "Douglasville", "consumer-state": "Georgia", "consumer-area-code": "404", "subject": "Warranties  & protection plans", "recorded-message-or-robocall": "Y"}, "relationships": [], "meta": [], "links": {"self": "https://www.ftc.gov/v0/dnc-complaints/6b6d9d41fa3021852d9784cad1a94fc5"}}, {"type": "dnc_complaint", "id": "6b6d9d41fa3021852d9784cad1a94ba4", "attributes": {"company-phone-number": "", "created-date": "2021-02-27 23:58:44", "violation-date": "2021-02-27 00:00:00", "consumer-city": "", "consumer-state": "New York", "consumer-area-code": "845", "subject": "No Subject Provided", "recorded-message-or-robocall": "Y"}, "relationships": [], "meta": [], "links": {"self": "https://www.ftc.gov/v0/dnc-complaints/6b6d9d41fa3021852d9784cad1a94ba4"}}, {"type": "dnc_complaint", "id": "6b6d9d41fa3021852d9784cad1cee352", "attributes": {"company-phone-number": "8477860709", "created-date": "2021-02-27 23:58:12", "violation-date": "2021-02-27 23:58:12", "consumer-city": "", "consumer-state": "Illinois", "consumer-area-code": "847", "subject": "No Subject Provided", "recorded-message-or-robocall": "Y"}, "relationships": [], "meta": [], "links": {"self": "https://www.ftc.gov/v0/dnc-complaints/6b6d9d41fa3021852d9784cad1cee352"}}, {"type": "dnc_complaint", "id": "6b6d9d41fa3021852d9784cad1a94201", "attributes": {"company-phone-number": "4232217371", "created-date": "2021-02-27 23:57:18", "violation-date": "2021-02-27 14:17:00", "consumer-city": "", "consumer-state": "Tennessee", "consumer-area-code": "423", "subject": "Warranties  & protection plans", "recorded-message-or-robocall": "Y"}, "relationships": [], "meta": [], "links": {"self": "https://www.ftc.gov/v0/dnc-complaints/6b6d9d41fa3021852d9784cad1a94201"}}, {"type": "dnc_complaint", "id": "6b6d9d41fa3021852d9784cad1a9350d", "attributes": {"company-phone-number": "8004448333", "created-date": "2021-02-27 23:56:59", "violation-date": "2021-02-27 08:33:00", "consumer-city": "Belleville", "consumer-state": "Illinois", "consumer-area-code": "618", "subject": "Other", "recorded-message-or-robocall": "N"}, "relationships": [], "meta": [], "links": {"self": "https://www.ftc.gov/v0/dnc-complaints/6b6d9d41fa3021852d9784cad1a9350d"}}, {"type": "dnc_complaint", "id": "6b6d9d41fa3021852d9784cad1a93080", "attributes": {"company-phone-number": "8509953314", "created-date": "2021-02-27 23:55:41", "violation-date": "2021-02-27 11:54:00", "consumer-city": "Belmont", "consumer-state": "North Carolina", "consumer-area-code": "704", "subject": "Other", "recorded-message-or-robocall": "Y"}, "relationships": [], "meta": [], "links": {"self": "https://www.ftc.gov/v0/dnc-complaints/6b6d9d41fa3021852d9784cad1a93080"}}, {"type": "dnc_complaint", "id": "6b6d9d41fa3021852d9784cad1a92553", "attributes": {"company-phone-number": "8332489080", "created-date": "2021-02-27 23:55:34", "violation-date": "2021-02-12 08:59:00", "consumer-city": "San Francisco", "consumer-state": "California", "consumer-area-code": "833", "subject": "Other", "recorded-message-or-robocall": "Y"}, "relationships": [], "meta": [], "links": {"self": "https://www.ftc.gov/v0/dnc-complaints/6b6d9d41fa3021852d9784cad1a92553"}}, {"type": "dnc_complaint", "id": "6b6d9d41fa3021852d9784cad1a91682", "attributes": {"company-phone-number": "2133202789", "created-date": "2021-02-27 23:55:31", "violation-date": "2021-01-13 13:20:00", "consumer-city": "Ferndale", "consumer-state": "Colorado", "consumer-area-code": "719", "subject": "Other", "recorded-message-or-robocall": "Y"}, "relationships": [], "meta": [], "links": {"self": "https://www.ftc.gov/v0/dnc-complaints/6b6d9d41fa3021852d9784cad1a91682"}}, {"type": "dnc_complaint", "id": "6b6d9d41fa3021852d9784cad1cedd21", "attributes": {"company-phone-number": "+14232055101", "created-date": "2021-02-27 23:54:42", "violation-date": "2021-02-27 23:54:42", "consumer-city": "", "consumer-state": "Michigan", "consumer-area-code": "810", "subject": "No Subject Provided", "recorded-message-or-robocall": "Y"}, "relationships": [], "meta": [], "links": {"self": "https://www.ftc.gov/v0/dnc-complaints/6b6d9d41fa3021852d9784cad1cedd21"}}, {"type": "dnc_complaint", "id": "6b6d9d41fa3021852d9784cad1a912e2", "attributes": {"company-phone-number": "41041255941", "created-date": "2021-02-27 23:54:26", "violation-date": "2021-02-23 01:27:00", "consumer-city": "", "consumer-state": "Maryland", "consumer-area-code": "410", "subject": "Warranties  & protection plans", "recorded-message-or-robocall": "Y"}, "relationships": [], "meta": [], "links": {"self": "https://www.ftc.gov/v0/dnc-complaints/6b6d9d41fa3021852d9784cad1a912e2"}}, {"type": "dnc_complaint", "id": "6b6d9d41fa3021852d9784cad1a90644", "attributes": {"company-phone-number": "8599081181", "created-date": "2021-02-27 23:52:52", "violation-date": "2021-02-27 10:57:00", "consumer-city": "Huntsville", "consumer-state": "Alabama", "consumer-area-code": "256", "subject": "Warranties  & protection plans", "recorded-message-or-robocall": "Y"}, "relationships": [], "meta": [], "links": {"self": "https://www.ftc.gov/v0/dnc-complaints/6b6d9d41fa3021852d9784cad1a90644"}}, {"type": "dnc_complaint", "id": "6b6d9d41fa3021852d9784cad1cec62e", "attributes": {"company-phone-number": "+14257729761", "created-date": "2021-02-27 23:52:47", "violation-date": "2021-02-27 23:52:47", "consumer-city": "", "consumer-state": "Washington", "consumer-area-code": "425", "subject": "No Subject Provided", "recorded-message-or-robocall": "Y"}, "relationships": [], "meta": [], "links": {"self": "https://www.ftc.gov/v0/dnc-complaints/6b6d9d41fa3021852d9784cad1cec62e"}}, {"type": "dnc_complaint", "id": "6b6d9d41fa3021852d9784cad1cec1ff", "attributes": {"company-phone-number": "8607460133", "created-date": "2021-02-27 23:52:35", "violation-date": "2021-02-27 23:52:35", "consumer-city": "", "consumer-state": "Connecticut", "consumer-area-code": "860", "subject": "No Subject Provided", "recorded-message-or-robocall": "Y"}, "relationships": [], "meta": [], "links": {"self": "https://www.ftc.gov/v0/dnc-complaints/6b6d9d41fa3021852d9784cad1cec1ff"}}, {"type": "dnc_complaint", "id": "6b6d9d41fa3021852d9784cad1a904f8", "attributes": {"company-phone-number": "4028520176", "created-date": "2021-02-27 23:52:33", "violation-date": "2021-02-22 15:45:00", "consumer-city": "Ashland", "consumer-state": "Nebraska", "consumer-area-code": "402", "subject": "Other", "recorded-message-or-robocall": "N"}, "relationships": [], "meta": [], "links": {"self": "https://www.ftc.gov/v0/dnc-complaints/6b6d9d41fa3021852d9784cad1a904f8"}}, {"type": "dnc_complaint", "id": "6b6d9d41fa3021852d9784cad1a9028d", "attributes": {"company-phone-number": "3232198052", "created-date": "2021-02-27 23:52:14", "violation-date": "2020-11-09 17:02:00", "consumer-city": "San Francisco", "consumer-state": "California", "consumer-area-code": "323", "subject": "Other", "recorded-message-or-robocall": "Y"}, "relationships": [], "meta": [], "links": {"self": "https://www.ftc.gov/v0/dnc-complaints/6b6d9d41fa3021852d9784cad1a9028d"}}, {"type": "dnc_complaint", "id": "6b6d9d41fa3021852d9784cad1ceab83", "attributes": {"company-phone-number": "3105046786", "created-date": "2021-02-27 23:51:56", "violation-date": "2021-02-27 23:51:56", "consumer-city": "", "consumer-state": "California", "consumer-area-code": "310", "subject": "No Subject Provided", "recorded-message-or-robocall": "Y"}, "relationships": [], "meta": [], "links": {"self": "https://www.ftc.gov/v0/dnc-complaints/6b6d9d41fa3021852d9784cad1ceab83"}}, {"type": "dnc_complaint", "id": "6b6d9d41fa3021852d9784cad1cea299", "attributes": {"company-phone-number": "8607353026", "created-date": "2021-02-27 23:51:53", "violation-date": "2021-02-27 23:51:53", "consumer-city": "", "consumer-state": "Connecticut", "consumer-area-code": "860", "subject": "No Subject Provided", "recorded-message-or-robocall": "N"}, "relationships": [], "meta": [], "links": {"self": "https://www.ftc.gov/v0/dnc-complaints/6b6d9d41fa3021852d9784cad1cea299"}}, {"type": "dnc_complaint", "id": "6b6d9d41fa3021852d9784cad1a8f431", "attributes": {"company-phone-number": "", "created-date": "2021-02-27 23:51:30", "violation-date": "2021-02-26 14:03:00", "consumer-city": "", "consumer-state": "Maryland", "consumer-area-code": "301", "subject": "Reducing your debt (credit cards, mortgage, student loans)", "recorded-message-or-robocall": "Y"}, "relationships": [], "meta": [], "links": {"self": "https://www.ftc.gov/v0/dnc-complaints/6b6d9d41fa3021852d9784cad1a8f431"}}, {"type": "dnc_complaint", "id": "6b6d9d41fa3021852d9784cad1a8f006", "attributes": {"company-phone-number": "2134043302", "created-date": "2021-02-27 23:50:27", "violation-date": "2021-02-09 10:38:00", "consumer-city": "Los Angeles", "consumer-state": "California", "consumer-area-code": "213", "subject": "Warranties  & protection plans", "recorded-message-or-robocall": "Y"}, "relationships": [], "meta": [], "links": {"self": "https://www.ftc.gov/v0/dnc-complaints/6b6d9d41fa3021852d9784cad1a8f006"}}, {"type": "dnc_complaint", "id": "6b6d9d41fa3021852d9784cad1a8e2a7", "attributes": {"company-phone-number": "4077797273", "created-date": "2021-02-27 23:50:00", "violation-date": "2020-11-20 09:34:00", "consumer-city": "Orlando", "consumer-state": "Florida", "consumer-area-code": "407", "subject": "Medical  & prescriptions", "recorded-message-or-robocall": "Y"}, "relationships": [], "meta": [], "links": {"self": "https://www.ftc.gov/v0/dnc-complaints/6b6d9d41fa3021852d9784cad1a8e2a7"}}, {"type": "dnc_complaint", "id": "6b6d9d41fa3021852d9784cad1a8dd01", "attributes": {"company-phone-number": "5613176104", "created-date": "2021-02-27 23:49:51", "violation-date": "2021-02-26 12:45:00", "consumer-city": "New York", "consumer-state": "New York", "consumer-area-code": "561", "subject": "Warranties  & protection plans", "recorded-message-or-robocall": "Y"}, "relationships": [], "meta": [], "links": {"self": "https://www.ftc.gov/v0/dnc-complaints/6b6d9d41fa3021852d9784cad1a8dd01"}}, {"type": "dnc_complaint", "id": "6b6d9d41fa3021852d9784cad1a8d5eb", "attributes": {"company-phone-number": "8663351335", "created-date": "2021-02-27 23:49:47", "violation-date": "2020-10-29 15:05:00", "consumer-city": "San Francisco", "consumer-state": "California", "consumer-area-code": "866", "subject": "Other", "recorded-message-or-robocall": "Y"}, "relationships": [], "meta": [], "links": {"self": "https://www.ftc.gov/v0/dnc-complaints/6b6d9d41fa3021852d9784cad1a8d5eb"}}, {"type": "dnc_complaint", "id": "6b6d9d41fa3021852d9784cad1ceb897", "attributes": {"company-phone-number": "+18124744502", "created-date": "2021-02-27 23:49:16", "violation-date": "2021-02-27 23:49:16", "consumer-city": "", "consumer-state": "Washington", "consumer-area-code": "206", "subject": "No Subject Provided", "recorded-message-or-robocall": "Y"}, "relationships": [], "meta": [], "links": {"self": "https://www.ftc.gov/v0/dnc-complaints/6b6d9d41fa3021852d9784cad1ceb897"}}, {"type": "dnc_complaint", "id": "6b6d9d41fa3021852d9784cad1a8cacf", "attributes": {"company-phone-number": "8559372813", "created-date": "2021-02-27 23:48:17", "violation-date": "2021-02-27 11:48:00", "consumer-city": "", "consumer-state": "Nevada", "consumer-area-code": "702", "subject": "No Subject Provided", "recorded-message-or-robocall": "N"}, "relationships": [], "meta": [], "links": {"self": "https://www.ftc.gov/v0/dnc-complaints/6b6d9d41fa3021852d9784cad1a8cacf"}}, {"type": "dnc_complaint", "id": "6b6d9d41fa3021852d9784cad1a8d2f8", "attributes": {"company-phone-number": "2076377310", "created-date": "2021-02-27 23:47:50", "violation-date": "2021-02-18 14:49:00", "consumer-city": "Lawrence", "consumer-state": "Kansas", "consumer-area-code": "207", "subject": "Warranties  & protection plans", "recorded-message-or-robocall": "Y"}, "relationships": [], "meta": [], "links": {"self": "https://www.ftc.gov/v0/dnc-complaints/6b6d9d41fa3021852d9784cad1a8d2f8"}}, {"type": "dnc_complaint", "id": "6b6d9d41fa3021852d9784cad1ce896e", "attributes": {"company-phone-number": "+19543148017", "created-date": "2021-02-27 23:47:14", "violation-date": "2021-02-27 23:47:14", "consumer-city": "", "consumer-state": "Florida", "consumer-area-code": "954", "subject": "No Subject Provided", "recorded-message-or-robocall": "Y"}, "relationships": [], "meta": [], "links": {"self": "https://www.ftc.gov/v0/dnc-complaints/6b6d9d41fa3021852d9784cad1ce896e"}}, {"type": "dnc_complaint", "id": "6b6d9d41fa3021852d9784cad1a8c039", "attributes": {"company-phone-number": "7077382842", "created-date": "2021-02-27 23:47:13", "violation-date": "2021-02-27 00:00:00", "consumer-city": "", "consumer-state": "California", "consumer-area-code": "707", "subject": "No Subject Provided", "recorded-message-or-robocall": "Y"}, "relationships": [], "meta": [], "links": {"self": "https://www.ftc.gov/v0/dnc-complaints/6b6d9d41fa3021852d9784cad1a8c039"}}, {"type": "dnc_complaint", "id": "6b6d9d41fa3021852d9784cad1ce8980", "attributes": {"company-phone-number": "8882804331", "created-date": "2021-02-27 23:47:12", "violation-date": "2021-02-27 23:47:12", "consumer-city": "", "consumer-state": "New York", "consumer-area-code": "917", "subject": "No Subject Provided", "recorded-message-or-robocall": "Y"}, "relationships": [], "meta": [], "links": {"self": "https://www.ftc.gov/v0/dnc-complaints/6b6d9d41fa3021852d9784cad1ce8980"}}, {"type": "dnc_complaint", "id": "6b6d9d41fa3021852d9784cad1ce9bae", "attributes": {"company-phone-number": "2122729166", "created-date": "2021-02-27 23:46:45", "violation-date": "2021-02-27 23:46:45", "consumer-city": "", "consumer-state": "New York", "consumer-area-code": "917", "subject": "No Subject Provided", "recorded-message-or-robocall": "Y"}, "relationships": [], "meta": [], "links": {"self": "https://www.ftc.gov/v0/dnc-complaints/6b6d9d41fa3021852d9784cad1ce9bae"}}, {"type": "dnc_complaint", "id": "6b6d9d41fa3021852d9784cad1a8b865", "attributes": {"company-phone-number": "3232198052", "created-date": "2021-02-27 23:46:39", "violation-date": "2020-11-11 17:02:00", "consumer-city": "San Francisco", "consumer-state": "California", "consumer-area-code": "323", "subject": "Calls pretending to be government, businesses, or family and friends", "recorded-message-or-robocall": "Y"}, "relationships": [], "meta": [], "links": {"self": "https://www.ftc.gov/v0/dnc-complaints/6b6d9d41fa3021852d9784cad1a8b865"}}, {"type": "dnc_complaint", "id": "6b6d9d41fa3021852d9784cad1a8b7f7", "attributes": {"company-phone-number": "8029592959", "created-date": "2021-02-27 23:46:38", "violation-date": "2021-01-11 16:12:00", "consumer-city": "South Burlington", "consumer-state": "Vermont", "consumer-area-code": "802", "subject": "Other", "recorded-message-or-robocall": "Y"}, "relationships": [], "meta": [], "links": {"self": "https://www.ftc.gov/v0/dnc-complaints/6b6d9d41fa3021852d9784cad1a8b7f7"}}, {"type": "dnc_complaint", "id": "6b6d9d41fa3021852d9784cad1a8adff", "attributes": {"company-phone-number": "2261808066", "created-date": "2021-02-27 23:46:31", "violation-date": "2021-02-27 15:08:00", "consumer-city": "", "consumer-state": "California", "consumer-area-code": "707", "subject": "No Subject Provided", "recorded-message-or-robocall": "Y"}, "relationships": [], "meta": [], "links": {"self": "https://www.ftc.gov/v0/dnc-complaints/6b6d9d41fa3021852d9784cad1a8adff"}}, {"type": "dnc_complaint", "id": "6b6d9d41fa3021852d9784cad1a8acac", "attributes": {"company-phone-number": "2482199715", "created-date": "2021-02-27 23:45:31", "violation-date": "2021-02-24 13:31:00", "consumer-city": "Redford", "consumer-state": "Michigan", "consumer-area-code": "248", "subject": "Warranties  & protection plans", "recorded-message-or-robocall": "N"}, "relationships": [], "meta": [], "links": {"self": "https://www.ftc.gov/v0/dnc-complaints/6b6d9d41fa3021852d9784cad1a8acac"}}, {"type": "dnc_complaint", "id": "6b6d9d41fa3021852d9784cad1a8928b", "attributes": {"company-phone-number": "4252290941", "created-date": "2021-02-27 23:45:30", "violation-date": "2021-02-26 15:36:00", "consumer-city": "", "consumer-state": "Pennsylvania", "consumer-area-code": "570", "subject": "No Subject Provided", "recorded-message-or-robocall": "N"}, "relationships": [], "meta": [], "links": {"self": "https://www.ftc.gov/v0/dnc-complaints/6b6d9d41fa3021852d9784cad1a8928b"}}, {"type": "dnc_complaint", "id": "6b6d9d41fa3021852d9784cad1a8a110", "attributes": {"company-phone-number": "", "created-date": "2021-02-27 23:45:20", "violation-date": "2021-02-27 00:00:00", "consumer-city": "", "consumer-state": "Indiana", "consumer-area-code": "812", "subject": "No Subject Provided", "recorded-message-or-robocall": "Y"}, "relationships": [], "meta": [], "links": {"self": "https://www.ftc.gov/v0/dnc-complaints/6b6d9d41fa3021852d9784cad1a8a110"}}, {"type": "dnc_complaint", "id": "6b6d9d41fa3021852d9784cad1a89937", "attributes": {"company-phone-number": "7077387206", "created-date": "2021-02-27 23:45:19", "violation-date": "2021-02-27 14:59:00", "consumer-city": "", "consumer-state": "California", "consumer-area-code": "707", "subject": "Other", "recorded-message-or-robocall": "Y"}, "relationships": [], "meta": [], "links": {"self": "https://www.ftc.gov/v0/dnc-complaints/6b6d9d41fa3021852d9784cad1a89937"}}, {"type": "dnc_complaint", "id": "6b6d9d41fa3021852d9784cad1a892a3", "attributes": {"company-phone-number": "5303165813", "created-date": "2021-02-27 23:45:16", "violation-date": "2021-02-25 09:06:00", "consumer-city": "Bend", "consumer-state": "Oregon", "consumer-area-code": "530", "subject": "Warranties  & protection plans", "recorded-message-or-robocall": "Y"}, "relationships": [], "meta": [], "links": {"self": "https://www.ftc.gov/v0/dnc-complaints/6b6d9d41fa3021852d9784cad1a892a3"}}, {"type": "dnc_complaint", "id": "6b6d9d41fa3021852d9784cad1a889de", "attributes": {"company-phone-number": "3179601530", "created-date": "2021-02-27 23:44:45", "violation-date": "2021-02-27 08:11:00", "consumer-city": "San Pedro", "consumer-state": "California", "consumer-area-code": "310", "subject": "Reducing your debt (credit cards, mortgage, student loans)", "recorded-message-or-robocall": "Y"}, "relationships": [], "meta": [], "links": {"self": "https://www.ftc.gov/v0/dnc-complaints/6b6d9d41fa3021852d9784cad1a889de"}}, {"type": "dnc_complaint", "id": "6b6d9d41fa3021852d9784cad1a87ebf", "attributes": {"company-phone-number": "7204095472", "created-date": "2021-02-27 23:44:34", "violation-date": "2021-01-08 10:20:00", "consumer-city": "Buena Vista", "consumer-state": "Colorado", "consumer-area-code": "303", "subject": "Warranties  & protection plans", "recorded-message-or-robocall": "Y"}, "relationships": [], "meta": [], "links": {"self": "https://www.ftc.gov/v0/dnc-complaints/6b6d9d41fa3021852d9784cad1a87ebf"}}, {"type": "dnc_complaint", "id": "6b6d9d41fa3021852d9784cad1a87683", "attributes": {"company-phone-number": "7603877649", "created-date": "2021-02-27 23:44:18", "violation-date": "2021-02-22 14:37:00", "consumer-city": "", "consumer-state": "California", "consumer-area-code": "760", "subject": "Warranties  & protection plans", "recorded-message-or-robocall": "Y"}, "relationships": [], "meta": [], "links": {"self": "https://www.ftc.gov/v0/dnc-complaints/6b6d9d41fa3021852d9784cad1a87683"}}, {"type": "dnc_complaint", "id": "6b6d9d41fa3021852d9784cad1a86b2b", "attributes": {"company-phone-number": "2482199407", "created-date": "2021-02-27 23:44:18", "violation-date": "2021-02-24 13:19:00", "consumer-city": "Redford", "consumer-state": "Michigan", "consumer-area-code": "248", "subject": "Warranties  & protection plans", "recorded-message-or-robocall": "N"}, "relationships": [], "meta": [], "links": {"self": "https://www.ftc.gov/v0/dnc-complaints/6b6d9d41fa3021852d9784cad1a86b2b"}}, {"type": "dnc_complaint", "id": "6b6d9d41fa3021852d9784cad1ce8eed", "attributes": {"company-phone-number": "9726304941", "created-date": "2021-02-27 23:43:42", "violation-date": "2021-02-27 23:43:42", "consumer-city": "", "consumer-state": "Texas", "consumer-area-code": "214", "subject": "No Subject Provided", "recorded-message-or-robocall": "Y"}, "relationships": [], "meta": [], "links": {"self": "https://www.ftc.gov/v0/dnc-complaints/6b6d9d41fa3021852d9784cad1ce8eed"}}, {"type": "dnc_complaint", "id": "6b6d9d41fa3021852d9784cad1a84c58", "attributes": {"company-phone-number": "6316906104", "created-date": "2021-02-27 23:43:39", "violation-date": "2021-02-26 19:05:00", "consumer-city": "", "consumer-state": "Pennsylvania", "consumer-area-code": "570", "subject": "No Subject Provided", "recorded-message-or-robocall": "N"}, "relationships": [], "meta": [], "links": {"self": "https://www.ftc.gov/v0/dnc-complaints/6b6d9d41fa3021852d9784cad1a84c58"}}, {"type": "dnc_complaint", "id": "6b6d9d41fa3021852d9784cad1a85bfe", "attributes": {"company-phone-number": "2482193623", "created-date": "2021-02-27 23:43:01", "violation-date": "2021-02-24 11:16:00", "consumer-city": "Redford", "consumer-state": "Michigan", "consumer-area-code": "248", "subject": "Warranties  & protection plans", "recorded-message-or-robocall": "N"}, "relationships": [], "meta": [], "links": {"self": "https://www.ftc.gov/v0/dnc-complaints/6b6d9d41fa3021852d9784cad1a85bfe"}}, {"type": "dnc_complaint", "id": "6b6d9d41fa3021852d9784cad1d34dab", "attributes": {"company-phone-number": "9786201152", "created-date": "2021-02-27 23:42:56", "violation-date": "2021-02-27 22:38:00", "consumer-city": "", "consumer-state": "Arkansas", "consumer-area-code": "870", "subject": "No Subject Provided", "recorded-message-or-robocall": "Y"}, "relationships": [], "meta": [], "links": {"self": "https://www.ftc.gov/v0/dnc-complaints/6b6d9d41fa3021852d9784cad1d34dab"}}, {"type": "dnc_complaint", "id": "6b6d9d41fa3021852d9784cad1a843b5", "attributes": {"company-phone-number": "9073627471", "created-date": "2021-02-27 23:41:45", "violation-date": "2021-01-29 12:36:00", "consumer-city": "Springdale", "consumer-state": "Arkansas", "consumer-area-code": "501", "subject": "Calls pretending to be government, businesses, or family and friends", "recorded-message-or-robocall": "Y"}, "relationships": [], "meta": [], "links": {"self": "https://www.ftc.gov/v0/dnc-complaints/6b6d9d41fa3021852d9784cad1a843b5"}}], "meta": {"records-this-page": 50, "record-total": 8533}, "links": {"self": "https://www.ftc.gov/v0/dnc-complaints?created_date=%222021-02-27%22"}}