{"data": [{"type": "dnc_complaint", "id": "b21299ea8e370b12c1c3779b690f87e2", "attributes": {"company-phone-number": "4152398480", "created-date": "2021-02-11 23:59:47", "violation-date": "2021-01-11 11:17:00", "consumer-city": "", "consumer-state": "California", "consumer-area-code": "951", "subject": "Warranties  & protection plans", "recorded-message-or-robocall": "Y"}, "relationships": [], "meta": [], "links": {"self": "https://www.ftc.gov/v0/dnc-complaints/b21299ea8e370b12c1c3779b690f87e2"}}, {"type": "dnc_complaint", "id": "b21299ea8e370b12c1c3779b690f7c53", "attributes": {"company-phone-number": "4056899241", "created-date": "2021-02-11 23:59:32", "violation-date": "2021-02-10 14:05:00", "consumer-city": "Oklahoma City", "consumer-state": "Oklahoma", "consumer-area-code": "405", "subject": "Dropped call or no message", "recorded-message-or-robocall": "Y"}, "relationships": [], "meta": [], "links": {"self": "https://www.ftc.gov/v0/dnc-complaints/b21299ea8e370b12c1c3779b690f7c53"}}, {"type": "dnc_complaint", "id": "b21299ea8e370b12c1c3779b690f6dc1", "attributes": {"company-phone-number": "2055650606", "created-date": "2021-02-11 23:59:26", "violation-date": "2021-02-11 14:46:00", "consumer-city": "Bessemer", "consumer-state": "Alabama", "consumer-area-code": "205", "subject": "Calls pretending to be government, businesses, or family and friends", "recorded-message-or-robocall": "Y"}, "relationships": [], "meta": [], "links": {"self": "https://www.ftc.gov/v0/dnc-complaints/b21299ea8e370b12c1c3779b690f6dc1"}}, {"type": "dnc_complaint", "id": "b21299ea8e370b12c1c3779b690f5e50", "attributes": {"company-phone-number": "9495449509", "created-date": "2021-02-11 23:59:10", "violation-date": "2021-02-11 10:10:00", "consumer-city": "Mission Viejo", "consumer-state": "California", "consumer-area-code": "949", "subject": "Other", "recorded-message-or-robocall": "N"}, "relationships": [], "meta": [], "links": {"self": "https://www.ftc.gov/v0/dnc-complaints/b21299ea8e370b12c1c3779b690f5e50"}}, {"type": "dnc_complaint", "id": "b21299ea8e370b12c1c3779b690f57b6", "attributes": {"company-phone-number": "7026309914", "created-date": "2021-02-11 23:58:52", "violation-date": "2021-02-10 15:00:00", "consumer-city": "Oklahoma City", "consumer-state": "Oklahoma", "consumer-area-code": "405", "subject": "Dropped call or no message", "recorded-message-or-robocall": "Y"}, "relationships": [], "meta": [], "links": {"self": "https://www.ftc.gov/v0/dnc-complaints/b21299ea8e370b12c1c3779b690f57b6"}}, {"type": "dnc_complaint", "id": "b21299ea8e370b12c1c3779b690f517e", "attributes": {"company-phone-number": "7073060478", "created-date": "2021-02-11 23:58:36", "violation-date": "2021-02-10 11:38:00", "consumer-city": "Springfield", "consumer-state": "Illinois", "consumer-area-code": "217", "subject": "No Subject Provided", "recorded-message-or-robocall": ""}, "relationships": [], "meta": [], "links": {"self": "https://www.ftc.gov/v0/dnc-complaints/b21299ea8e370b12c1c3779b690f517e"}}, {"type": "dnc_complaint", "id": "b21299ea8e370b12c1c3779b690f506f", "attributes": {"company-phone-number": "7194243045", "created-date": "2021-02-11 23:58:19", "violation-date": "2021-02-11 20:35:00", "consumer-city": "LITTLETON", "consumer-state": "Colorado", "consumer-area-code": "303", "subject": "Charities", "recorded-message-or-robocall": "Y"}, "relationships": [], "meta": [], "links": {"self": "https://www.ftc.gov/v0/dnc-complaints/b21299ea8e370b12c1c3779b690f506f"}}, {"type": "dnc_complaint", "id": "b21299ea8e370b12c1c3779b690f4527", "attributes": {"company-phone-number": "4053390339", "created-date": "2021-02-11 23:58:09", "violation-date": "2021-02-10 16:51:00", "consumer-city": "Oklahoma City", "consumer-state": "Oklahoma", "consumer-area-code": "405", "subject": "Dropped call or no message", "recorded-message-or-robocall": "Y"}, "relationships": [], "meta": [], "links": {"self": "https://www.ftc.gov/v0/dnc-complaints/b21299ea8e370b12c1c3779b690f4527"}}, {"type": "dnc_complaint", "id": "b21299ea8e370b12c1c3779b690f3df8", "attributes": {"company-phone-number": "4014145446", "created-date": "2021-02-11 23:58:04", "violation-date": "2021-02-11 20:49:00", "consumer-city": "", "consumer-state": "California", "consumer-area-code": "559", "subject": "Calls pretending to be government, businesses, or family and friends", "recorded-message-or-robocall": "N"}, "relationships": [], "meta": [], "links": {"self": "https://www.ftc.gov/v0/dnc-complaints/b21299ea8e370b12c1c3779b690f3df8"}}, {"type": "dnc_complaint", "id": "b21299ea8e370b12c1c3779b690f3211", "attributes": {"company-phone-number": "5716852066", "created-date": "2021-02-11 23:57:59", "violation-date": "2021-02-10 10:49:00", "consumer-city": "Springfield", "consumer-state": "Illinois", "consumer-area-code": "217", "subject": "No Subject Provided", "recorded-message-or-robocall": ""}, "relationships": [], "meta": [], "links": {"self": "https://www.ftc.gov/v0/dnc-complaints/b21299ea8e370b12c1c3779b690f3211"}}, {"type": "dnc_complaint", "id": "b21299ea8e370b12c1c3779b690f2d55", "attributes": {"company-phone-number": "8048187144", "created-date": "2021-02-11 23:57:30", "violation-date": "2021-02-10 16:58:00", "consumer-city": "Oklahoma City", "consumer-state": "Oklahoma", "consumer-area-code": "405", "subject": "Dropped call or no message", "recorded-message-or-robocall": "Y"}, "relationships": [], "meta": [], "links": {"self": "https://www.ftc.gov/v0/dnc-complaints/b21299ea8e370b12c1c3779b690f2d55"}}, {"type": "dnc_complaint", "id": "b21299ea8e370b12c1c3779b690f210f", "attributes": {"company-phone-number": "4049632020", "created-date": "2021-02-11 23:57:25", "violation-date": "2021-02-09 15:58:00", "consumer-city": "Warner Robins", "consumer-state": "Georgia", "consumer-area-code": "478", "subject": "Warranties  & protection plans", "recorded-message-or-robocall": "Y"}, "relationships": [], "meta": [], "links": {"self": "https://www.ftc.gov/v0/dnc-complaints/b21299ea8e370b12c1c3779b690f210f"}}, {"type": "dnc_complaint", "id": "b21299ea8e370b12c1c3779b690f1eca", "attributes": {"company-phone-number": "3037849021", "created-date": "2021-02-11 23:57:23", "violation-date": "2021-02-11 17:24:00", "consumer-city": "LITTLETON", "consumer-state": "Colorado", "consumer-area-code": "303", "subject": "Energy, solar,  & utilities", "recorded-message-or-robocall": "Y"}, "relationships": [], "meta": [], "links": {"self": "https://www.ftc.gov/v0/dnc-complaints/b21299ea8e370b12c1c3779b690f1eca"}}, {"type": "dnc_complaint", "id": "b21299ea8e370b12c1c3779b690f1963", "attributes": {"company-phone-number": "6016811776", "created-date": "2021-02-11 23:57:16", "violation-date": "2021-02-09 17:34:00", "consumer-city": "Springfield", "consumer-state": "Illinois", "consumer-area-code": "217", "subject": "No Subject Provided", "recorded-message-or-robocall": ""}, "relationships": [], "meta": [], "links": {"self": "https://www.ftc.gov/v0/dnc-complaints/b21299ea8e370b12c1c3779b690f1963"}}, {"type": "dnc_complaint", "id": "b21299ea8e370b12c1c3779b690f0fc7", "attributes": {"company-phone-number": "6018000664", "created-date": "2021-02-11 23:56:57", "violation-date": "2021-02-06 15:35:00", "consumer-city": "", "consumer-state": "California", "consumer-area-code": "805", "subject": "Other", "recorded-message-or-robocall": "Y"}, "relationships": [], "meta": [], "links": {"self": "https://www.ftc.gov/v0/dnc-complaints/b21299ea8e370b12c1c3779b690f0fc7"}}, {"type": "dnc_complaint", "id": "b21299ea8e370b12c1c3779b690f04d4", "attributes": {"company-phone-number": "4057490333", "created-date": "2021-02-11 23:56:34", "violation-date": "2021-02-11 14:54:00", "consumer-city": "Oklahoma City", "consumer-state": "Oklahoma", "consumer-area-code": "405", "subject": "Dropped call or no message", "recorded-message-or-robocall": "Y"}, "relationships": [], "meta": [], "links": {"self": "https://www.ftc.gov/v0/dnc-complaints/b21299ea8e370b12c1c3779b690f04d4"}}, {"type": "dnc_complaint", "id": "b21299ea8e370b12c1c3779b690ef9b5", "attributes": {"company-phone-number": "2176589827", "created-date": "2021-02-11 23:56:33", "violation-date": "2021-02-09 10:31:00", "consumer-city": "Springfield", "consumer-state": "Illinois", "consumer-area-code": "217", "subject": "No Subject Provided", "recorded-message-or-robocall": ""}, "relationships": [], "meta": [], "links": {"self": "https://www.ftc.gov/v0/dnc-complaints/b21299ea8e370b12c1c3779b690ef9b5"}}, {"type": "dnc_complaint", "id": "b21299ea8e370b12c1c3779b690ef0f3", "attributes": {"company-phone-number": "9092184969", "created-date": "2021-02-11 23:56:21", "violation-date": "2021-02-11 15:40:00", "consumer-city": "SONORA", "consumer-state": "California", "consumer-area-code": "209", "subject": "Warranties  & protection plans", "recorded-message-or-robocall": "Y"}, "relationships": [], "meta": [], "links": {"self": "https://www.ftc.gov/v0/dnc-complaints/b21299ea8e370b12c1c3779b690ef0f3"}}, {"type": "dnc_complaint", "id": "b21299ea8e370b12c1c3779b690ee494", "attributes": {"company-phone-number": "9492588639", "created-date": "2021-02-11 23:55:55", "violation-date": "2021-01-29 09:08:00", "consumer-city": "", "consumer-state": "California", "consumer-area-code": "951", "subject": "Warranties  & protection plans", "recorded-message-or-robocall": "Y"}, "relationships": [], "meta": [], "links": {"self": "https://www.ftc.gov/v0/dnc-complaints/b21299ea8e370b12c1c3779b690ee494"}}, {"type": "dnc_complaint", "id": "b21299ea8e370b12c1c3779b690edbde", "attributes": {"company-phone-number": "5152198543", "created-date": "2021-02-11 23:55:48", "violation-date": "2021-02-09 09:33:00", "consumer-city": "Springfield", "consumer-state": "Illinois", "consumer-area-code": "217", "subject": "No Subject Provided", "recorded-message-or-robocall": ""}, "relationships": [], "meta": [], "links": {"self": "https://www.ftc.gov/v0/dnc-complaints/b21299ea8e370b12c1c3779b690edbde"}}, {"type": "dnc_complaint", "id": "b21299ea8e370b12c1c3779b690ed96e", "attributes": {"company-phone-number": "7043573071", "created-date": "2021-02-11 23:55:33", "violation-date": "2021-02-08 09:03:00", "consumer-city": "", "consumer-state": "California", "consumer-area-code": "805", "subject": "Other", "recorded-message-or-robocall": "Y"}, "relationships": [], "meta": [], "links": {"self": "https://www.ftc.gov/v0/dnc-complaints/b21299ea8e370b12c1c3779b690ed96e"}}, {"type": "dnc_complaint", "id": "b21299ea8e370b12c1c3779b690ec9ce", "attributes": {"company-phone-number": "5758257510", "created-date": "2021-02-11 23:54:00", "violation-date": "2021-02-08 15:30:00", "consumer-city": "", "consumer-state": "California", "consumer-area-code": "805", "subject": "Charities", "recorded-message-or-robocall": "Y"}, "relationships": [], "meta": [], "links": {"self": "https://www.ftc.gov/v0/dnc-complaints/b21299ea8e370b12c1c3779b690ec9ce"}}, {"type": "dnc_complaint", "id": "b21299ea8e370b12c1c3779b690ebd38", "attributes": {"company-phone-number": "4199229562", "created-date": "2021-02-11 23:53:10", "violation-date": "2021-02-10 12:00:00", "consumer-city": "san francisco", "consumer-state": "California", "consumer-area-code": "415", "subject": "Calls pretending to be government, businesses, or family and friends", "recorded-message-or-robocall": "Y"}, "relationships": [], "meta": [], "links": {"self": "https://www.ftc.gov/v0/dnc-complaints/b21299ea8e370b12c1c3779b690ebd38"}}, {"type": "dnc_complaint", "id": "b21299ea8e370b12c1c3779b690eafc5", "attributes": {"company-phone-number": "7852848490", "created-date": "2021-02-11 23:53:08", "violation-date": "2021-02-11 11:25:00", "consumer-city": "", "consumer-state": "Kansas", "consumer-area-code": "785", "subject": "No Subject Provided", "recorded-message-or-robocall": ""}, "relationships": [], "meta": [], "links": {"self": "https://www.ftc.gov/v0/dnc-complaints/b21299ea8e370b12c1c3779b690eafc5"}}, {"type": "dnc_complaint", "id": "b21299ea8e370b12c1c3779b690ea60d", "attributes": {"company-phone-number": "9733810907", "created-date": "2021-02-11 23:53:02", "violation-date": "2021-02-10 10:17:00", "consumer-city": "San Antonio", "consumer-state": "Texas", "consumer-area-code": "210", "subject": "Calls pretending to be government, businesses, or family and friends", "recorded-message-or-robocall": "Y"}, "relationships": [], "meta": [], "links": {"self": "https://www.ftc.gov/v0/dnc-complaints/b21299ea8e370b12c1c3779b690ea60d"}}, {"type": "dnc_complaint", "id": "b21299ea8e370b12c1c3779b690e99bc", "attributes": {"company-phone-number": "8285288368", "created-date": "2021-02-11 23:52:43", "violation-date": "2021-02-11 14:00:00", "consumer-city": "", "consumer-state": "North Carolina", "consumer-area-code": "828", "subject": "Warranties  & protection plans", "recorded-message-or-robocall": "Y"}, "relationships": [], "meta": [], "links": {"self": "https://www.ftc.gov/v0/dnc-complaints/b21299ea8e370b12c1c3779b690e99bc"}}, {"type": "dnc_complaint", "id": "b21299ea8e370b12c1c3779b690e9914", "attributes": {"company-phone-number": "7852038588", "created-date": "2021-02-11 23:52:37", "violation-date": "2021-02-11 12:06:00", "consumer-city": "", "consumer-state": "Kansas", "consumer-area-code": "785", "subject": "No Subject Provided", "recorded-message-or-robocall": ""}, "relationships": [], "meta": [], "links": {"self": "https://www.ftc.gov/v0/dnc-complaints/b21299ea8e370b12c1c3779b690e9914"}}, {"type": "dnc_complaint", "id": "b21299ea8e370b12c1c3779b690e965b", "attributes": {"company-phone-number": "9492859469", "created-date": "2021-02-11 23:52:24", "violation-date": "2021-02-10 13:07:00", "consumer-city": "Mission Viejo", "consumer-state": "California", "consumer-area-code": "949", "subject": "Other", "recorded-message-or-robocall": ""}, "relationships": [], "meta": [], "links": {"self": "https://www.ftc.gov/v0/dnc-complaints/b21299ea8e370b12c1c3779b690e965b"}}, {"type": "dnc_complaint", "id": "b21299ea8e370b12c1c3779b690e90a8", "attributes": {"company-phone-number": "3166613689", "created-date": "2021-02-11 23:52:09", "violation-date": "2021-02-11 13:00:00", "consumer-city": "", "consumer-state": "Kansas", "consumer-area-code": "785", "subject": "No Subject Provided", "recorded-message-or-robocall": ""}, "relationships": [], "meta": [], "links": {"self": "https://www.ftc.gov/v0/dnc-complaints/b21299ea8e370b12c1c3779b690e90a8"}}, {"type": "dnc_complaint", "id": "b21299ea8e370b12c1c3779b690e8860", "attributes": {"company-phone-number": "2013469857", "created-date": "2021-02-11 23:52:09", "violation-date": "2021-02-11 07:21:00", "consumer-city": "", "consumer-state": "California", "consumer-area-code": "805", "subject": "Other", "recorded-message-or-robocall": "Y"}, "relationships": [], "meta": [], "links": {"self": "https://www.ftc.gov/v0/dnc-complaints/b21299ea8e370b12c1c3779b690e8860"}}, {"type": "dnc_complaint", "id": "b21299ea8e370b12c1c3779b690e8337", "attributes": {"company-phone-number": "3166613748", "created-date": "2021-02-11 23:51:43", "violation-date": "2021-02-11 15:00:00", "consumer-city": "", "consumer-state": "Kansas", "consumer-area-code": "785", "subject": "No Subject Provided", "recorded-message-or-robocall": ""}, "relationships": [], "meta": [], "links": {"self": "https://www.ftc.gov/v0/dnc-complaints/b21299ea8e370b12c1c3779b690e8337"}}, {"type": "dnc_complaint", "id": "b21299ea8e370b12c1c3779b690e7a44", "attributes": {"company-phone-number": "3165318098", "created-date": "2021-02-11 23:51:13", "violation-date": "2021-02-11 16:01:00", "consumer-city": "", "consumer-state": "Kansas", "consumer-area-code": "785", "subject": "No Subject Provided", "recorded-message-or-robocall": ""}, "relationships": [], "meta": [], "links": {"self": "https://www.ftc.gov/v0/dnc-complaints/b21299ea8e370b12c1c3779b690e7a44"}}, {"type": "dnc_complaint", "id": "b21299ea8e370b12c1c3779b690e7662", "attributes": {"company-phone-number": "7852038588", "created-date": "2021-02-11 23:50:47", "violation-date": "2021-02-11 16:08:00", "consumer-city": "", "consumer-state": "Kansas", "consumer-area-code": "785", "subject": "No Subject Provided", "recorded-message-or-robocall": ""}, "relationships": [], "meta": [], "links": {"self": "https://www.ftc.gov/v0/dnc-complaints/b21299ea8e370b12c1c3779b690e7662"}}, {"type": "dnc_complaint", "id": "b21299ea8e370b12c1c3779b690e6816", "attributes": {"company-phone-number": "2028705442", "created-date": "2021-02-11 23:50:37", "violation-date": "2021-02-11 11:48:00", "consumer-city": "", "consumer-state": "California", "consumer-area-code": "805", "subject": "Other", "recorded-message-or-robocall": "Y"}, "relationships": [], "meta": [], "links": {"self": "https://www.ftc.gov/v0/dnc-complaints/b21299ea8e370b12c1c3779b690e6816"}}, {"type": "dnc_complaint", "id": "b21299ea8e370b12c1c3779b690e6069", "attributes": {"company-phone-number": "8332333481", "created-date": "2021-02-11 23:50:27", "violation-date": "2021-02-11 18:22:00", "consumer-city": "Porter Ranch", "consumer-state": "California", "consumer-area-code": "310", "subject": "Other", "recorded-message-or-robocall": "N"}, "relationships": [], "meta": [], "links": {"self": "https://www.ftc.gov/v0/dnc-complaints/b21299ea8e370b12c1c3779b690e6069"}}, {"type": "dnc_complaint", "id": "b21299ea8e370b12c1c3779b690e5674", "attributes": {"company-phone-number": "", "created-date": "2021-02-11 23:50:19", "violation-date": "2021-02-11 10:49:00", "consumer-city": "", "consumer-state": "Louisiana", "consumer-area-code": "337", "subject": "Calls pretending to be government, businesses, or family and friends", "recorded-message-or-robocall": "Y"}, "relationships": [], "meta": [], "links": {"self": "https://www.ftc.gov/v0/dnc-complaints/b21299ea8e370b12c1c3779b690e5674"}}, {"type": "dnc_complaint", "id": "b21299ea8e370b12c1c3779b690e4e10", "attributes": {"company-phone-number": "3165318098", "created-date": "2021-02-11 23:50:17", "violation-date": "2021-02-11 18:05:00", "consumer-city": "", "consumer-state": "Kansas", "consumer-area-code": "785", "subject": "No Subject Provided", "recorded-message-or-robocall": ""}, "relationships": [], "meta": [], "links": {"self": "https://www.ftc.gov/v0/dnc-complaints/b21299ea8e370b12c1c3779b690e4e10"}}, {"type": "dnc_complaint", "id": "b21299ea8e370b12c1c3779b690e4c41", "attributes": {"company-phone-number": "3166613748", "created-date": "2021-02-11 23:49:48", "violation-date": "2021-02-11 18:30:00", "consumer-city": "", "consumer-state": "Kansas", "consumer-area-code": "785", "subject": "No Subject Provided", "recorded-message-or-robocall": ""}, "relationships": [], "meta": [], "links": {"self": "https://www.ftc.gov/v0/dnc-complaints/b21299ea8e370b12c1c3779b690e4c41"}}, {"type": "dnc_complaint", "id": "b21299ea8e370b12c1c3779b690e3dc6", "attributes": {"company-phone-number": "3045190508", "created-date": "2021-02-11 23:49:32", "violation-date": "2021-02-11 12:58:00", "consumer-city": "", "consumer-state": "California", "consumer-area-code": "805", "subject": "Other", "recorded-message-or-robocall": "Y"}, "relationships": [], "meta": [], "links": {"self": "https://www.ftc.gov/v0/dnc-complaints/b21299ea8e370b12c1c3779b690e3dc6"}}, {"type": "dnc_complaint", "id": "b21299ea8e370b12c1c3779b690e3c0a", "attributes": {"company-phone-number": "5673341001", "created-date": "2021-02-11 23:49:20", "violation-date": "2021-02-11 12:34:00", "consumer-city": "FREMONT", "consumer-state": "Ohio", "consumer-area-code": "567", "subject": "Other", "recorded-message-or-robocall": "Y"}, "relationships": [], "meta": [], "links": {"self": "https://www.ftc.gov/v0/dnc-complaints/b21299ea8e370b12c1c3779b690e3c0a"}}, {"type": "dnc_complaint", "id": "b21299ea8e370b12c1c3779b690e393b", "attributes": {"company-phone-number": "3166008102", "created-date": "2021-02-11 23:49:03", "violation-date": "2021-02-11 08:35:00", "consumer-city": "", "consumer-state": "Kansas", "consumer-area-code": "785", "subject": "No Subject Provided", "recorded-message-or-robocall": ""}, "relationships": [], "meta": [], "links": {"self": "https://www.ftc.gov/v0/dnc-complaints/b21299ea8e370b12c1c3779b690e393b"}}, {"type": "dnc_complaint", "id": "b21299ea8e370b12c1c3779b690e35e6", "attributes": {"company-phone-number": "3166613748", "created-date": "2021-02-11 23:48:25", "violation-date": "2021-02-10 18:33:00", "consumer-city": "", "consumer-state": "Kansas", "consumer-area-code": "785", "subject": "No Subject Provided", "recorded-message-or-robocall": ""}, "relationships": [], "meta": [], "links": {"self": "https://www.ftc.gov/v0/dnc-complaints/b21299ea8e370b12c1c3779b690e35e6"}}, {"type": "dnc_complaint", "id": "b21299ea8e370b12c1c3779b690e281d", "attributes": {"company-phone-number": "3165318098", "created-date": "2021-02-11 23:47:50", "violation-date": "2021-02-10 17:12:00", "consumer-city": "", "consumer-state": "Kansas", "consumer-area-code": "785", "subject": "No Subject Provided", "recorded-message-or-robocall": ""}, "relationships": [], "meta": [], "links": {"self": "https://www.ftc.gov/v0/dnc-complaints/b21299ea8e370b12c1c3779b690e281d"}}, {"type": "dnc_complaint", "id": "b21299ea8e370b12c1c3779b690e2559", "attributes": {"company-phone-number": "7852038588", "created-date": "2021-02-11 23:47:10", "violation-date": "2021-02-10 16:45:00", "consumer-city": "", "consumer-state": "Kansas", "consumer-area-code": "785", "subject": "No Subject Provided", "recorded-message-or-robocall": ""}, "relationships": [], "meta": [], "links": {"self": "https://www.ftc.gov/v0/dnc-complaints/b21299ea8e370b12c1c3779b690e2559"}}, {"type": "dnc_complaint", "id": "b21299ea8e370b12c1c3779b690e1f2c", "attributes": {"company-phone-number": "5163993986", "created-date": "2021-02-11 23:46:57", "violation-date": "2021-02-11 19:27:00", "consumer-city": "Gainesville", "consumer-state": "Florida", "consumer-area-code": "352", "subject": "Other", "recorded-message-or-robocall": "N"}, "relationships": [], "meta": [], "links": {"self": "https://www.ftc.gov/v0/dnc-complaints/b21299ea8e370b12c1c3779b690e1f2c"}}, {"type": "dnc_complaint", "id": "b21299ea8e370b12c1c3779b690e196f", "attributes": {"company-phone-number": "3167127232", "created-date": "2021-02-11 23:46:36", "violation-date": "2021-02-10 15:43:00", "consumer-city": "", "consumer-state": "Kansas", "consumer-area-code": "785", "subject": "No Subject Provided", "recorded-message-or-robocall": ""}, "relationships": [], "meta": [], "links": {"self": "https://www.ftc.gov/v0/dnc-complaints/b21299ea8e370b12c1c3779b690e196f"}}, {"type": "dnc_complaint", "id": "b21299ea8e370b12c1c3779b690e0a1d", "attributes": {"company-phone-number": "9418157753", "created-date": "2021-02-11 23:46:10", "violation-date": "2021-02-11 12:29:00", "consumer-city": "", "consumer-state": "Washington", "consumer-area-code": "253", "subject": "Calls pretending to be government, businesses, or family and friends", "recorded-message-or-robocall": "Y"}, "relationships": [], "meta": [], "links": {"self": "https://www.ftc.gov/v0/dnc-complaints/b21299ea8e370b12c1c3779b690e0a1d"}}, {"type": "dnc_complaint", "id": "b21299ea8e370b12c1c3779b690e055d", "attributes": {"company-phone-number": "7852023242", "created-date": "2021-02-11 23:46:00", "violation-date": "2021-02-10 15:36:00", "consumer-city": "", "consumer-state": "Kansas", "consumer-area-code": "785", "subject": "No Subject Provided", "recorded-message-or-robocall": ""}, "relationships": [], "meta": [], "links": {"self": "https://www.ftc.gov/v0/dnc-complaints/b21299ea8e370b12c1c3779b690e055d"}}, {"type": "dnc_complaint", "id": "b21299ea8e370b12c1c3779b690e036b", "attributes": {"company-phone-number": "1234567890", "created-date": "2021-02-11 23:45:59", "violation-date": "2021-02-11 18:12:00", "consumer-city": "Ashland", "consumer-state": "Oregon", "consumer-area-code": "541", "subject": "Vacation  & timeshares", "recorded-message-or-robocall": "Y"}, "relationships": [], "meta": [], "links": {"self": "https://www.ftc.gov/v0/dnc-complaints/b21299ea8e370b12c1c3779b690e036b"}}, {"type": "dnc_complaint", "id": "b21299ea8e370b12c1c3779b690df777", "attributes": {"company-phone-number": "4194497683", "created-date": "2021-02-11 23:45:34", "violation-date": "2021-02-11 13:21:00", "consumer-city": "FREMONT", "consumer-state": "Ohio", "consumer-area-code": "419", "subject": "Other", "recorded-message-or-robocall": "Y"}, "relationships": [], "meta": [], "links": {"self": "https://www.ftc.gov/v0/dnc-complaints/b21299ea8e370b12c1c3779b690df777"}}], "meta": {"records-this-page": 50, "record-total": 17348}, "links": {"self": "https://www.ftc.gov/v0/dnc-complaints?created_date=%222021-02-11%22"}}