{"data": [{"id": "5de4f2d44aaa49ba3f3bf7fb8238398d", "number": "2679542859", "area-code": "516"}, {"id": "5de4f2d44aaa49ba3f3bf7fb82382b6b", "number": "5160519822", "area-code": "516"}, {"id": "5de4f2d44aaa49ba3f3bf7fb82381d30", "number": "5162172474", "area-code": "516"}, {"id": "5de4f2d44aaa49ba3f3bf7fb82381048", "number": "8044728668", "area-code": "843"}, {"id": "5de4f2d44aaa49ba3f3bf7fb823809da", "number": "5162172474", "area-code": "516"}, {"id": "5de4f2d44aaa49ba3f3bf7fb8237fa60", "number": "", "area-code": "508"}, {"id": "5de4f2d44aaa49ba3f3bf7fb8237f5a0", "number": "6202221863", "area-code": "620"}, {"id": "5de4f2d44aaa49ba3f3bf7fb8237f445", "number": "5162172449", "area-code": "516"}, {"id": "5de4f2d44aaa49ba3f3bf7fb8237e477", "number": "6206606551", "area-code": "620"}, {"id": "5de4f2d44aaa49ba3f3bf7fb8237dfa1", "number": "6202036474", "area-code": "620"}, {"id": "5de4f2d44aaa49ba3f3bf7fb8237d62b", "number": "6206603716", "area-code": "620"}, {"id": "5de4f2d44aaa49ba3f3bf7fb8237d81c", "number": "3039271529", "area-code": "303"}, {"id": "5de4f2d44aaa49ba3f3bf7fb8237d586", "number": "7182404778", "area-code": "516"}, {"id": "5de4f2d44aaa49ba3f3bf7fb8237c61f", "number": "6206601069", "area-code": "620"}, {"id": "5de4f2d44aaa49ba3f3bf7fb8237be80", "number": "6082386070", "area-code": "608"}, {"id": "5de4f2d44aaa49ba3f3bf7fb8237b238", "number": "4087416586", "area-code": "408"}, {"id": "5de4f2d44aaa49ba3f3bf7fb8237b12f", "number": "5123717143", "area-code": "973"}, {"id": "5de4f2d44aaa49ba3f3bf7fb8237a138", "number": "4153354595", "area-code": "620"}, {"id": "5de4f2d44aaa49ba3f3bf7fb82379245", "number": "9202892790", "area-code": "608"}, {"id": "5de4f2d44aaa49ba3f3bf7fb82378e33", "number": "6206606775", "area-code": "620"}, {"id": "5de4f2d44aaa49ba3f3bf7fb823788f7", "number": "6083470979", "area-code": "608"}, {"id": "5de4f2d44aaa49ba3f3bf7fb82377a6d", "number": "5597755761", "area-code": "559"}, {"id": "5de4f2d44aaa49ba3f3bf7fb82377a22", "number": "9496624617", "area-code": "602"}, {"id": "5de4f2d44aaa49ba3f3bf7fb82376d7e", "number": "9202892836", "area-code": "608"}, {"id": "5de4f2d44aaa49ba3f3bf7fb8237668a", "number": "6084905170", "area-code": "608"}, {"id": "5de4f2d44aaa49ba3f3bf7fb82375c4d", "number": "9726932251", "area-code": "214"}, {"id": "5de4f2d44aaa49ba3f3bf7fb823755f5", "number": "6088481671", "area-code": "920"}, {"id": "5de4f2d44aaa49ba3f3bf7fb82374aef", "number": "6088482072", "area-code": "920"}, {"id": "5de4f2d44aaa49ba3f3bf7fb823742f7", "number": "2679542859", "area-code": "302"}, {"id": "5de4f2d44aaa49ba3f3bf7fb8237425e", "number": "6154882089", "area-code": "615"}, {"id": "5de4f2d44aaa49ba3f3bf7fb823738a7", "number": "2312653919", "area-code": "205"}, {"id": "5de4f2d44aaa49ba3f3bf7fb82373661", "number": "2052732275", "area-code": "205"}, {"id": "5de4f2d44aaa49ba3f3bf7fb823735ec", "number": "2082031090", "area-code": "801"}, {"id": "5de4f2d44aaa49ba3f3bf7fb8237312e", "number": "3953124", "area-code": "503"}, {"id": "5de4f2d44aaa49ba3f3bf7fb82372921", "number": "7622013898", "area-code": "205"}, {"id": "5de4f2d44aaa49ba3f3bf7fb82371c67", "number": "8042154780", "area-code": "205"}, {"id": "5de4f2d44aaa49ba3f3bf7fb82371498", "number": "5941220113", "area-code": "941"}, {"id": "5de4f2d44aaa49ba3f3bf7fb8237125a", "number": "8722049056", "area-code": "205"}, {"id": "5de4f2d44aaa49ba3f3bf7fb823706e7", "number": "2057109152", "area-code": "205"}, {"id": "5de4f2d44aaa49ba3f3bf7fb82370100", "number": "8004904388", "area-code": "205"}, {"id": "5de4f2d44aaa49ba3f3bf7fb8236ffd6", "number": "8009225498", "area-code": "435"}, {"id": "5de4f2d44aaa49ba3f3bf7fb8236f8ab", "number": "8324001086", "area-code": "205"}, {"id": "5de4f2d44aaa49ba3f3bf7fb8236ee85", "number": "7016666978", "area-code": "205"}, {"id": "5de4f2d44aaa49ba3f3bf7fb8236ece1", "number": "2052727849", "area-code": "205"}, {"id": "5de4f2d44aaa49ba3f3bf7fb8236e6f1", "number": "2058522659", "area-code": "205"}, {"id": "5de4f2d44aaa49ba3f3bf7fb8236e4bd", "number": "8666654384", "area-code": "205"}, {"id": "5de4f2d44aaa49ba3f3bf7fb8236dcd7", "number": "8004483543", "area-code": "205"}, {"id": "5de4f2d44aaa49ba3f3bf7fb8236d3d7", "number": "8666654384", "area-code": "205"}, {"id": "5de4f2d44aaa49ba3f3bf7fb8236d2bb", "number": "8707822751", "area-code": "205"}, {"id": "5de4f2d44aaa49ba3f3bf7fb8236c7ee", "number": "6162166798", "area-code": "616"}]}