{"data": [{"id": "2c5ebfe10d4d1d48c8fb698316dd9c9f", "number": "9713583276", "area-code": "503"}, {"id": "2c5ebfe10d4d1d48c8fb698316dd9c22", "number": "8005706233", "area-code": "601"}, {"id": "2c5ebfe10d4d1d48c8fb698316dd9230", "number": "5129435821", "area-code": "512"}, {"id": "2c5ebfe10d4d1d48c8fb698316dd8e10", "number": "3603261189", "area-code": "509"}, {"id": "2c5ebfe10d4d1d48c8fb698316dd85a1", "number": "7149873150", "area-code": "714"}, {"id": "2c5ebfe10d4d1d48c8fb698316dd7af8", "number": "5097655829", "area-code": "509"}, {"id": "2c5ebfe10d4d1d48c8fb698316dd77bc", "number": "5097312654", "area-code": "509"}, {"id": "2c5ebfe10d4d1d48c8fb698316dd6ac8", "number": "6159301660", "area-code": "415"}, {"id": "2c5ebfe10d4d1d48c8fb698316dd66b2", "number": "7736932289", "area-code": "773"}, {"id": "2c5ebfe10d4d1d48c8fb698316dd5954", "number": "4802338080", "area-code": "480"}, {"id": "2c5ebfe10d4d1d48c8fb698316dd5444", "number": "8884225654", "area-code": "360"}, {"id": "2c5ebfe10d4d1d48c8fb698316dd4578", "number": "5633875124", "area-code": "480"}, {"id": "2c5ebfe10d4d1d48c8fb698316dd381a", "number": "7256668296", "area-code": "206"}, {"id": "2c5ebfe10d4d1d48c8fb698316dd2d23", "number": "8777708065", "area-code": "210"}, {"id": "2c5ebfe10d4d1d48c8fb698316dd2295", "number": "8777708065", "area-code": "210"}, {"id": "2c5ebfe10d4d1d48c8fb698316dd176b", "number": "7256668297", "area-code": "206"}, {"id": "2c5ebfe10d4d1d48c8fb698316dd131a", "number": "6094459773", "area-code": "609"}, {"id": "2c5ebfe10d4d1d48c8fb698316dd04e5", "number": "8005420624", "area-code": "360"}, {"id": "2c5ebfe10d4d1d48c8fb698316dd0b81", "number": "7867469843", "area-code": "210"}, {"id": "2c5ebfe10d4d1d48c8fb698316dceead", "number": "7146706772", "area-code": "714"}, {"id": "2c5ebfe10d4d1d48c8fb698316dcfe65", "number": "8552390495", "area-code": "210"}, {"id": "2c5ebfe10d4d1d48c8fb698316dce4f8", "number": "8662407046", "area-code": "210"}, {"id": "2c5ebfe10d4d1d48c8fb698316dcdf81", "number": "7162702684", "area-code": "917"}, {"id": "2c5ebfe10d4d1d48c8fb698316dcdc4e", "number": "8777708065", "area-code": "210"}, {"id": "2c5ebfe10d4d1d48c8fb698316dccd8e", "number": "7863053023", "area-code": "775"}, {"id": "2c5ebfe10d4d1d48c8fb698316dca4da", "number": "6577329340", "area-code": "714"}, {"id": "2c5ebfe10d4d1d48c8fb698316dcc24e", "number": "8764049600", "area-code": "334"}, {"id": "2c5ebfe10d4d1d48c8fb698316dcb86d", "number": "2106506137", "area-code": "210"}, {"id": "2c5ebfe10d4d1d48c8fb698316dcb1d5", "number": "7162702684", "area-code": "917"}, {"id": "2c5ebfe10d4d1d48c8fb698316dc9920", "number": "5856479208", "area-code": "585"}, {"id": "2c5ebfe10d4d1d48c8fb698316dc8fd7", "number": "8777708065", "area-code": "210"}, {"id": "2c5ebfe10d4d1d48c8fb698316dc844a", "number": "5129152255", "area-code": "512"}, {"id": "2c5ebfe10d4d1d48c8fb698316dc8333", "number": "4126002787", "area-code": "412"}, {"id": "2c5ebfe10d4d1d48c8fb698316dc7053", "number": "3147247186", "area-code": "314"}, {"id": "2c5ebfe10d4d1d48c8fb698316dc7d12", "number": "8008324602", "area-code": "210"}, {"id": "2c5ebfe10d4d1d48c8fb698316dc54b2", "number": "7148453993", "area-code": "714"}, {"id": "2c5ebfe10d4d1d48c8fb698316dc6884", "number": "3103031375", "area-code": "530"}, {"id": "2c5ebfe10d4d1d48c8fb698316dc6092", "number": "8777708065", "area-code": "210"}, {"id": "2c5ebfe10d4d1d48c8fb698316dc575d", "number": "", "area-code": "480"}, {"id": "2c5ebfe10d4d1d48c8fb698316dc4f24", "number": "8889924573", "area-code": "210"}, {"id": "2c5ebfe10d4d1d48c8fb698316dc4782", "number": "3603261189", "area-code": "509"}, {"id": "2c5ebfe10d4d1d48c8fb698316dc3917", "number": "8889924573", "area-code": "210"}, {"id": "2c5ebfe10d4d1d48c8fb698316dc2cde", "number": "2624297872", "area-code": "715"}, {"id": "2c5ebfe10d4d1d48c8fb698316dc2bcf", "number": "2142989632", "area-code": "214"}, {"id": "2c5ebfe10d4d1d48c8fb698316dc28b3", "number": "8662422064", "area-code": "210"}, {"id": "2c5ebfe10d4d1d48c8fb698316dc1ad1", "number": "9703026133", "area-code": "970"}, {"id": "2c5ebfe10d4d1d48c8fb698316dbefd6", "number": "7146701798", "area-code": "714"}, {"id": "2c5ebfe10d4d1d48c8fb698316dc0cc5", "number": "5207835586", "area-code": "520"}, {"id": "2c5ebfe10d4d1d48c8fb698316dc0af1", "number": "6513749724", "area-code": "763"}, {"id": "2c5ebfe10d4d1d48c8fb698316dbfdc3", "number": "7575688798", "area-code": "619"}]}