{"data": [{"id": "ed1de944edafa89e143a05a4eb399fc5", "number": "9014481466", "area-code": "559"}, {"id": "ed1de944edafa89e143a05a4eb399be3", "number": "7329531257", "area-code": "703"}, {"id": "ed1de944edafa89e143a05a4eb39967f", "number": "", "area-code": "833"}, {"id": "ed1de944edafa89e143a05a4eb398a9f", "number": "5598381806", "area-code": "559"}, {"id": "ed1de944edafa89e143a05a4eb39876a", "number": "", "area-code": "650"}, {"id": "ed1de944edafa89e143a05a4eb3984d0", "number": "5596649330", "area-code": "559"}, {"id": "ed1de944edafa89e143a05a4eb397f0e", "number": "8144060394", "area-code": "850"}, {"id": "ed1de944edafa89e143a05a4eb39728d", "number": "7323443567", "area-code": "703"}, {"id": "ed1de944edafa89e143a05a4eb3966b3", "number": "9703405363", "area-code": "757"}, {"id": "ed1de944edafa89e143a05a4eb395f82", "number": "8165041721", "area-code": "402"}, {"id": "ed1de944edafa89e143a05a4eb39539e", "number": "7327084006", "area-code": "703"}, {"id": "ed1de944edafa89e143a05a4eb3949f4", "number": "2393475259", "area-code": "850"}, {"id": "ed1de944edafa89e143a05a4eb3940ba", "number": "6362595523", "area-code": "724"}, {"id": "ed1de944edafa89e143a05a4eb3930fe", "number": "2139368582", "area-code": "920"}, {"id": "ed1de944edafa89e143a05a4eb392f40", "number": "8165422713", "area-code": "816"}, {"id": "ed1de944edafa89e143a05a4eb392de5", "number": "9494958127", "area-code": "231"}, {"id": "ed1de944edafa89e143a05a4eb392bfd", "number": "8004012924", "area-code": "530"}, {"id": "ed1de944edafa89e143a05a4eb39221b", "number": "3239486833", "area-code": "619"}, {"id": "ed1de944edafa89e143a05a4eb391b4a", "number": "9256719955", "area-code": "925"}, {"id": "ed1de944edafa89e143a05a4eb3911aa", "number": "8773783265", "area-code": "239"}, {"id": "ed1de944edafa89e143a05a4eb390b5f", "number": "2028972650", "area-code": "619"}, {"id": "ed1de944edafa89e143a05a4eb3908bc", "number": "", "area-code": "860"}, {"id": "ed1de944edafa89e143a05a4eb390703", "number": "5094380833", "area-code": "509"}, {"id": "ed1de944edafa89e143a05a4eb38fcbc", "number": "9093234421", "area-code": "909"}, {"id": "ed1de944edafa89e143a05a4eb38dedd", "number": "3373248171", "area-code": "337"}, {"id": "ed1de944edafa89e143a05a4eb38eeeb", "number": "9093234421", "area-code": "909"}, {"id": "ed1de944edafa89e143a05a4eb38e09a", "number": "3133156807", "area-code": "734"}, {"id": "ed1de944edafa89e143a05a4eb38d5a1", "number": "9094062861", "area-code": "909"}, {"id": "ed1de944edafa89e143a05a4eb38ce38", "number": "3133156807", "area-code": "734"}, {"id": "ed1de944edafa89e143a05a4eb38b13b", "number": "", "area-code": "337"}, {"id": "ed1de944edafa89e143a05a4eb38bec0", "number": "6264883147", "area-code": "909"}, {"id": "ed1de944edafa89e143a05a4eb38a3cc", "number": "2142564997", "area-code": "530"}, {"id": "ed1de944edafa89e143a05a4eb38982d", "number": "8165422713", "area-code": "850"}, {"id": "ed1de944edafa89e143a05a4eb389599", "number": "8055529035", "area-code": "909"}, {"id": "ed1de944edafa89e143a05a4eb3894cd", "number": "7818245000", "area-code": "860"}, {"id": "ed1de944edafa89e143a05a4eb389022", "number": "4044002838", "area-code": "714"}, {"id": "ed1de944edafa89e143a05a4eb386d3f", "number": "3373248171", "area-code": "337"}, {"id": "ed1de944edafa89e143a05a4eb38881a", "number": "6067775747", "area-code": "606"}, {"id": "ed1de944edafa89e143a05a4eb3884cf", "number": "8127751495", "area-code": "909"}, {"id": "ed1de944edafa89e143a05a4eb388355", "number": "5863310665", "area-code": "586"}, {"id": "ed1de944edafa89e143a05a4eb387c95", "number": "9092638884", "area-code": "909"}, {"id": "ed1de944edafa89e143a05a4eb38665b", "number": "7348581570", "area-code": "734"}, {"id": "ed1de944edafa89e143a05a4eb3856f1", "number": "7202489104", "area-code": "303"}, {"id": "ed1de944edafa89e143a05a4eb384efa", "number": "9098230582", "area-code": "909"}, {"id": "ed1de944edafa89e143a05a4eb3843b4", "number": "9094874866", "area-code": "909"}, {"id": "ed1de944edafa89e143a05a4eb383708", "number": "6315104024", "area-code": "631"}, {"id": "ed1de944edafa89e143a05a4eb3835f2", "number": "7348581575", "area-code": "734"}, {"id": "ed1de944edafa89e143a05a4eb382df7", "number": "4196054040", "area-code": "909"}, {"id": "ed1de944edafa89e143a05a4eb382493", "number": "7149008244", "area-code": "714"}, {"id": "ed1de944edafa89e143a05a4eb38209a", "number": "2312275599", "area-code": "281"}]}