{"data": [{"id": "32d898745aa6fefc2dedc0c4bd7a06d7", "number": "6055930699", "area-code": "970"}, {"id": "32d898745aa6fefc2dedc0c4bd79fdb9", "number": "8888379714", "area-code": "402"}, {"id": "32d898745aa6fefc2dedc0c4bd79f267", "number": "6089273845", "area-code": "970"}, {"id": "32d898745aa6fefc2dedc0c4bd79e3d4", "number": "4152401499", "area-code": "415"}, {"id": "32d898745aa6fefc2dedc0c4bd79dc23", "number": "3609394353", "area-code": "360"}, {"id": "32d898745aa6fefc2dedc0c4bd79d12d", "number": "6622462311", "area-code": "970"}, {"id": "32d898745aa6fefc2dedc0c4bd79ca59", "number": "4152401499", "area-code": "415"}, {"id": "32d898745aa6fefc2dedc0c4bd79c5da", "number": "5159797392", "area-code": "515"}, {"id": "32d898745aa6fefc2dedc0c4bd79c269", "number": "3609393976", "area-code": "360"}, {"id": "32d898745aa6fefc2dedc0c4bd79c0ee", "number": "4047927226", "area-code": "408"}, {"id": "32d898745aa6fefc2dedc0c4bd79b258", "number": "8885733226", "area-code": "402"}, {"id": "32d898745aa6fefc2dedc0c4bd79b16b", "number": "2067953521", "area-code": "360"}, {"id": "32d898745aa6fefc2dedc0c4bd79a2f0", "number": "3023573682", "area-code": "302"}, {"id": "32d898745aa6fefc2dedc0c4bd79a05d", "number": "9702338450", "area-code": "970"}, {"id": "32d898745aa6fefc2dedc0c4bd799f0b", "number": "5512258560", "area-code": "302"}, {"id": "32d898745aa6fefc2dedc0c4bd799c5a", "number": "8643839131", "area-code": "864"}, {"id": "32d898745aa6fefc2dedc0c4bd7996b1", "number": "3022024074", "area-code": "302"}, {"id": "32d898745aa6fefc2dedc0c4bd799249", "number": "2182824116", "area-code": "507"}, {"id": "32d898745aa6fefc2dedc0c4bd798684", "number": "4153105514", "area-code": "415"}, {"id": "32d898745aa6fefc2dedc0c4bd797ab7", "number": "2029003983", "area-code": "302"}, {"id": "32d898745aa6fefc2dedc0c4bd7978e8", "number": "4804974239", "area-code": "847"}, {"id": "32d898745aa6fefc2dedc0c4bd796a69", "number": "2028581358", "area-code": "801"}, {"id": "32d898745aa6fefc2dedc0c4bd7965d5", "number": "8882247531", "area-code": "732"}, {"id": "32d898745aa6fefc2dedc0c4bd795bdb", "number": "8043680490", "area-code": "804"}, {"id": "32d898745aa6fefc2dedc0c4bd794cdd", "number": "6014199580", "area-code": "804"}, {"id": "32d898745aa6fefc2dedc0c4bd79478c", "number": "7588710074", "area-code": "804"}, {"id": "32d898745aa6fefc2dedc0c4bd794566", "number": "7758425004", "area-code": "775"}, {"id": "32d898745aa6fefc2dedc0c4bd79421b", "number": "7312035498", "area-code": "804"}, {"id": "32d898745aa6fefc2dedc0c4bd793fae", "number": "2675694892", "area-code": "480"}, {"id": "32d898745aa6fefc2dedc0c4bd793267", "number": "8669080406", "area-code": "805"}, {"id": "32d898745aa6fefc2dedc0c4bd792a99", "number": "", "area-code": "803"}, {"id": "32d898745aa6fefc2dedc0c4bd792041", "number": "8439680315", "area-code": "803"}, {"id": "32d898745aa6fefc2dedc0c4bd791ba5", "number": "2078316780", "area-code": "207"}, {"id": "32d898745aa6fefc2dedc0c4bd790c87", "number": "8607864744", "area-code": "919"}, {"id": "32d898745aa6fefc2dedc0c4bd790c31", "number": "2483721136", "area-code": "248"}, {"id": "32d898745aa6fefc2dedc0c4bd78fe88", "number": "8004234343", "area-code": "661"}, {"id": "32d898745aa6fefc2dedc0c4bd78eb52", "number": "5620717521", "area-code": "510"}, {"id": "32d898745aa6fefc2dedc0c4bd78fb11", "number": "8665669780", "area-code": "216"}, {"id": "32d898745aa6fefc2dedc0c4bd78efdc", "number": "9725029193", "area-code": "214"}, {"id": "32d898745aa6fefc2dedc0c4bd78e09f", "number": "4049418189", "area-code": "404"}, {"id": "32d898745aa6fefc2dedc0c4bd78d5d5", "number": "2483727927", "area-code": "248"}, {"id": "32d898745aa6fefc2dedc0c4bd78ce22", "number": "7203068829", "area-code": "661"}, {"id": "32d898745aa6fefc2dedc0c4bd78c3df", "number": "8502947057", "area-code": "850"}, {"id": "32d898745aa6fefc2dedc0c4bd78c228", "number": "6307488870", "area-code": "630"}, {"id": "32d898745aa6fefc2dedc0c4bd78b61d", "number": "3124508182", "area-code": "312"}, {"id": "32d898745aa6fefc2dedc0c4bd78b20e", "number": "2097899176", "area-code": "661"}, {"id": "32d898745aa6fefc2dedc0c4bd78a597", "number": "4077052679", "area-code": "850"}, {"id": "32d898745aa6fefc2dedc0c4bd789ef0", "number": "5106940587", "area-code": "510"}, {"id": "32d898745aa6fefc2dedc0c4bd788f52", "number": "2483726557", "area-code": "248"}, {"id": "32d898745aa6fefc2dedc0c4bd78823a", "number": "8337430333", "area-code": "703"}]}