{"data": [{"id": "b1db9abea42aaaefab2e5acc6b84fadb", "number": "4408272247", "area-code": "808"}, {"id": "b1db9abea42aaaefab2e5acc6b8502ee", "number": "2819730497", "area-code": "281"}, {"id": "b1db9abea42aaaefab2e5acc6b84f1ac", "number": "2814451100", "area-code": "281"}, {"id": "b1db9abea42aaaefab2e5acc6b84e367", "number": "4752756220", "area-code": "860"}, {"id": "b1db9abea42aaaefab2e5acc6b84d90d", "number": "7327719789", "area-code": "585"}, {"id": "b1db9abea42aaaefab2e5acc6b84d554", "number": "6692850109", "area-code": "281"}, {"id": "b1db9abea42aaaefab2e5acc6b84d168", "number": "8154652196", "area-code": "281"}, {"id": "b1db9abea42aaaefab2e5acc6b84cbcb", "number": "7248190137", "area-code": "281"}, {"id": "b1db9abea42aaaefab2e5acc6b84bdfb", "number": "9861319002", "area-code": "986"}, {"id": "b1db9abea42aaaefab2e5acc6b84b806", "number": "8046163006", "area-code": "434"}, {"id": "b1db9abea42aaaefab2e5acc6b84b02d", "number": "8664195000", "area-code": "415"}, {"id": "b1db9abea42aaaefab2e5acc6b84ac6f", "number": "2148014513", "area-code": "214"}, {"id": "b1db9abea42aaaefab2e5acc6b84a785", "number": "4343868198", "area-code": "434"}, {"id": "b1db9abea42aaaefab2e5acc6b84a4b6", "number": "8000661916", "area-code": "336"}, {"id": "b1db9abea42aaaefab2e5acc6b84982f", "number": "4343869263", "area-code": "434"}, {"id": "b1db9abea42aaaefab2e5acc6b84895d", "number": "4234088444", "area-code": "949"}, {"id": "b1db9abea42aaaefab2e5acc6b847cbf", "number": "3042151632", "area-code": "224"}, {"id": "b1db9abea42aaaefab2e5acc6b84700c", "number": "4343864741", "area-code": "434"}, {"id": "b1db9abea42aaaefab2e5acc6b8469f7", "number": "6508788627", "area-code": "650"}, {"id": "b1db9abea42aaaefab2e5acc6b84686a", "number": "7014024444", "area-code": "224"}, {"id": "b1db9abea42aaaefab2e5acc6b845caa", "number": "2012043023", "area-code": "951"}, {"id": "b1db9abea42aaaefab2e5acc6b844f21", "number": "6197989835", "area-code": "650"}, {"id": "b1db9abea42aaaefab2e5acc6b84449e", "number": "2029321047", "area-code": "585"}, {"id": "b1db9abea42aaaefab2e5acc6b843e3f", "number": "9512219888", "area-code": "951"}, {"id": "b1db9abea42aaaefab2e5acc6b8439f2", "number": "", "area-code": "505"}, {"id": "b1db9abea42aaaefab2e5acc6b84365b", "number": "5853123064", "area-code": "585"}, {"id": "b1db9abea42aaaefab2e5acc6b842b42", "number": "8666654386", "area-code": "865"}, {"id": "b1db9abea42aaaefab2e5acc6b8429e4", "number": "5856632719", "area-code": "585"}, {"id": "b1db9abea42aaaefab2e5acc6b84233f", "number": "3186148036", "area-code": "585"}, {"id": "b1db9abea42aaaefab2e5acc6b84225a", "number": "7275609916", "area-code": "727"}, {"id": "b1db9abea42aaaefab2e5acc6b842134", "number": "", "area-code": "310"}, {"id": "b1db9abea42aaaefab2e5acc6b841932", "number": "8443625474", "area-code": "210"}, {"id": "b1db9abea42aaaefab2e5acc6b840ebc", "number": "9724171714", "area-code": "972"}, {"id": "b1db9abea42aaaefab2e5acc6b840c24", "number": "", "area-code": "269"}, {"id": "b1db9abea42aaaefab2e5acc6b840665", "number": "8449891007", "area-code": "419"}, {"id": "b1db9abea42aaaefab2e5acc6b83fc64", "number": "2104640960", "area-code": "510"}, {"id": "b1db9abea42aaaefab2e5acc6b83f264", "number": "3866618806", "area-code": "407"}, {"id": "b1db9abea42aaaefab2e5acc6b83e3b6", "number": "8448742921", "area-code": "661"}, {"id": "b1db9abea42aaaefab2e5acc6b83d966", "number": "00000056", "area-code": "269"}, {"id": "b1db9abea42aaaefab2e5acc6b83cf68", "number": "6172537829", "area-code": "617"}, {"id": "b1db9abea42aaaefab2e5acc6b83c3a1", "number": "4692484512", "area-code": "740"}, {"id": "b1db9abea42aaaefab2e5acc6b83b5d8", "number": "2122741003", "area-code": "617"}, {"id": "b1db9abea42aaaefab2e5acc6b83b318", "number": "2012008154", "area-code": "213"}, {"id": "b1db9abea42aaaefab2e5acc6b83ab49", "number": "9206820500", "area-code": "208"}, {"id": "b1db9abea42aaaefab2e5acc6b83a88c", "number": "8884375378", "area-code": "702"}, {"id": "b1db9abea42aaaefab2e5acc6b83a2cb", "number": "2023801947", "area-code": "310"}, {"id": "b1db9abea42aaaefab2e5acc6b839807", "number": "5053055297", "area-code": "505"}, {"id": "b1db9abea42aaaefab2e5acc6b8394e8", "number": "4025503365", "area-code": "213"}, {"id": "b1db9abea42aaaefab2e5acc6b838ba1", "number": "4083572674", "area-code": "310"}, {"id": "b1db9abea42aaaefab2e5acc6b8389e3", "number": "6052914607", "area-code": "808"}]}