{"data": [{"id": "ac162b8a55c2caace9b79b4a190429d3", "number": "8002532322", "area-code": "509"}, {"id": "ac162b8a55c2caace9b79b4a1904240d", "number": "2068098928", "area-code": "509"}, {"id": "ac162b8a55c2caace9b79b4a190418a6", "number": "2516254534", "area-code": "509"}, {"id": "ac162b8a55c2caace9b79b4a19040c4b", "number": "4057085043", "area-code": "405"}, {"id": "ac162b8a55c2caace9b79b4a190408fc", "number": "6512122823", "area-code": "320"}, {"id": "ac162b8a55c2caace9b79b4a19040003", "number": "2142831316", "area-code": "334"}, {"id": "ac162b8a55c2caace9b79b4a1903f0bf", "number": "8478290333", "area-code": "480"}, {"id": "ac162b8a55c2caace9b79b4a1903efbe", "number": "8172104059", "area-code": "817"}, {"id": "ac162b8a55c2caace9b79b4a1903ed5e", "number": "8172104059", "area-code": "817"}, {"id": "ac162b8a55c2caace9b79b4a1903e1c2", "number": "8004961081", "area-code": "719"}, {"id": "ac162b8a55c2caace9b79b4a1903d90e", "number": "7172968876", "area-code": "215"}, {"id": "ac162b8a55c2caace9b79b4a1903cc5f", "number": "6782249761", "area-code": "678"}, {"id": "ac162b8a55c2caace9b79b4a1903c9ee", "number": "9095344982", "area-code": "909"}, {"id": "ac162b8a55c2caace9b79b4a1903c402", "number": "5202105982", "area-code": "520"}, {"id": "ac162b8a55c2caace9b79b4a1903be9e", "number": "", "area-code": "844"}, {"id": "ac162b8a55c2caace9b79b4a1903b00c", "number": "5202105981", "area-code": "520"}, {"id": "ac162b8a55c2caace9b79b4a1903aa3d", "number": "5202105980", "area-code": "520"}, {"id": "ac162b8a55c2caace9b79b4a1903a049", "number": "9408593530", "area-code": "940"}, {"id": "ac162b8a55c2caace9b79b4a19039115", "number": "5202105986", "area-code": "520"}, {"id": "ac162b8a55c2caace9b79b4a190387ac", "number": "9492466115", "area-code": "702"}, {"id": "ac162b8a55c2caace9b79b4a19037e09", "number": "7752423421", "area-code": "808"}, {"id": "ac162b8a55c2caace9b79b4a19037154", "number": "5203407003", "area-code": "520"}, {"id": "ac162b8a55c2caace9b79b4a190363af", "number": "5188527581", "area-code": "347"}, {"id": "ac162b8a55c2caace9b79b4a19035c28", "number": "", "area-code": "251"}, {"id": "ac162b8a55c2caace9b79b4a19034c9f", "number": "7175532308", "area-code": "847"}, {"id": "ac162b8a55c2caace9b79b4a19034bf5", "number": "6318862688", "area-code": "847"}, {"id": "ac162b8a55c2caace9b79b4a1903484b", "number": "8478233637", "area-code": "847"}, {"id": "ac162b8a55c2caace9b79b4a19033c78", "number": "5624015940", "area-code": "916"}, {"id": "ac162b8a55c2caace9b79b4a19032e2e", "number": "6308932441", "area-code": "847"}, {"id": "ac162b8a55c2caace9b79b4a1903234e", "number": "4242071494", "area-code": "310"}, {"id": "ac162b8a55c2caace9b79b4a19031e7c", "number": "7145379953", "area-code": "847"}, {"id": "ac162b8a55c2caace9b79b4a19031a85", "number": "8474600664", "area-code": "847"}, {"id": "ac162b8a55c2caace9b79b4a1903124e", "number": "8472422329", "area-code": "847"}, {"id": "ac162b8a55c2caace9b79b4a19030c91", "number": "5162607569", "area-code": "516"}, {"id": "ac162b8a55c2caace9b79b4a1903031c", "number": "5162172455", "area-code": "516"}, {"id": "ac162b8a55c2caace9b79b4a1902f3c5", "number": "8475061450", "area-code": "847"}, {"id": "ac162b8a55c2caace9b79b4a1902f328", "number": "7027463223", "area-code": "317"}, {"id": "ac162b8a55c2caace9b79b4a1902ebdf", "number": "5162607569", "area-code": "516"}, {"id": "ac162b8a55c2caace9b79b4a1902e08a", "number": "5633801376", "area-code": "516"}, {"id": "ac162b8a55c2caace9b79b4a1902ddfa", "number": "8778080050", "area-code": "434"}, {"id": "ac162b8a55c2caace9b79b4a1902cea7", "number": "5165596549", "area-code": "516"}, {"id": "ac162b8a55c2caace9b79b4a1902c5bf", "number": "5165486090", "area-code": "516"}, {"id": "ac162b8a55c2caace9b79b4a1902c4a0", "number": "5165595111", "area-code": "516"}, {"id": "ac162b8a55c2caace9b79b4a1902b999", "number": "7652336545", "area-code": "407"}, {"id": "ac162b8a55c2caace9b79b4a1902b0f0", "number": "9593351094", "area-code": "516"}, {"id": "ac162b8a55c2caace9b79b4a1902a2b5", "number": "4012384253", "area-code": "401"}, {"id": "ac162b8a55c2caace9b79b4a19029e75", "number": "8649469336", "area-code": "516"}, {"id": "ac162b8a55c2caace9b79b4a19029206", "number": "5162080546", "area-code": "516"}, {"id": "ac162b8a55c2caace9b79b4a190282ce", "number": "3619002945", "area-code": "516"}, {"id": "ac162b8a55c2caace9b79b4a190276bf", "number": "7632009605", "area-code": "801"}]}