{"data": [{"id": "8a1ecbfe4ea64a9fb88e65e6315defe3", "number": "", "area-code": "803"}, {"id": "8a1ecbfe4ea64a9fb88e65e6315de13b", "number": "", "area-code": "513"}, {"id": "8a1ecbfe4ea64a9fb88e65e6315dd38b", "number": "7203986704", "area-code": "303"}, {"id": "8a1ecbfe4ea64a9fb88e65e631615581", "number": "+14242071509", "area-code": "817"}, {"id": "8a1ecbfe4ea64a9fb88e65e6315dce00", "number": "", "area-code": "516"}, {"id": "8a1ecbfe4ea64a9fb88e65e6315dbfd0", "number": "", "area-code": "617"}, {"id": "8a1ecbfe4ea64a9fb88e65e6315db90a", "number": "5403857814", "area-code": "617"}, {"id": "8a1ecbfe4ea64a9fb88e65e6315dac6f", "number": "3149254403", "area-code": "617"}, {"id": "8a1ecbfe4ea64a9fb88e65e6315da15b", "number": "9713230416", "area-code": "804"}, {"id": "8a1ecbfe4ea64a9fb88e65e6315d9b30", "number": "9153835276", "area-code": "915"}, {"id": "8a1ecbfe4ea64a9fb88e65e6315d8c57", "number": "6312010827", "area-code": "617"}, {"id": "8a1ecbfe4ea64a9fb88e65e6315d8438", "number": "6503983834", "area-code": "617"}, {"id": "8a1ecbfe4ea64a9fb88e65e6315d81f5", "number": "8632244633", "area-code": "386"}, {"id": "8a1ecbfe4ea64a9fb88e65e6315d795a", "number": "2025171330", "area-code": "513"}, {"id": "8a1ecbfe4ea64a9fb88e65e6315d6bf0", "number": "2026022404", "area-code": "425"}, {"id": "8a1ecbfe4ea64a9fb88e65e6315d6117", "number": "2029150006", "area-code": "425"}, {"id": "8a1ecbfe4ea64a9fb88e65e6315d5ef4", "number": "6503983834", "area-code": "617"}, {"id": "8a1ecbfe4ea64a9fb88e65e6315d50b6", "number": "2027690057", "area-code": "425"}, {"id": "8a1ecbfe4ea64a9fb88e65e6315d4ec1", "number": "2029150989", "area-code": "425"}, {"id": "8a1ecbfe4ea64a9fb88e65e6315d4c08", "number": "6312010827", "area-code": "617"}, {"id": "8a1ecbfe4ea64a9fb88e65e6315d4894", "number": "3802350202", "area-code": "617"}, {"id": "8a1ecbfe4ea64a9fb88e65e6315d3fe7", "number": "2029184751", "area-code": "425"}, {"id": "8a1ecbfe4ea64a9fb88e65e6315d3142", "number": "6172779313", "area-code": "617"}, {"id": "8a1ecbfe4ea64a9fb88e65e6315d2639", "number": "4154801073", "area-code": "302"}, {"id": "8a1ecbfe4ea64a9fb88e65e6315d216d", "number": "8006768312", "area-code": "916"}, {"id": "8a1ecbfe4ea64a9fb88e65e6315d1cb4", "number": "9194402224", "area-code": "919"}, {"id": "8a1ecbfe4ea64a9fb88e65e6315d0cf0", "number": "9194402002", "area-code": "919"}, {"id": "8a1ecbfe4ea64a9fb88e65e6315d08b8", "number": "4062834333", "area-code": "478"}, {"id": "8a1ecbfe4ea64a9fb88e65e6315cfbf2", "number": "4022604194", "area-code": "419"}, {"id": "8a1ecbfe4ea64a9fb88e65e6315cf6b0", "number": "4787462718", "area-code": "478"}, {"id": "8a1ecbfe4ea64a9fb88e65e6315cf172", "number": "8763497847", "area-code": "337"}, {"id": "8a1ecbfe4ea64a9fb88e65e6315ce1e4", "number": "9854477711", "area-code": "985"}, {"id": "8a1ecbfe4ea64a9fb88e65e6315cd8fc", "number": "2349738686", "area-code": "919"}, {"id": "8a1ecbfe4ea64a9fb88e65e6315ccd13", "number": "8604001809", "area-code": "302"}, {"id": "8a1ecbfe4ea64a9fb88e65e6315cc1f7", "number": "8052915812", "area-code": "302"}, {"id": "8a1ecbfe4ea64a9fb88e65e6315cb41e", "number": "8086573484", "area-code": "541"}, {"id": "8a1ecbfe4ea64a9fb88e65e6315ca4a9", "number": "9194404418", "area-code": "919"}, {"id": "8a1ecbfe4ea64a9fb88e65e6315ca3a0", "number": "4788390963", "area-code": "478"}, {"id": "8a1ecbfe4ea64a9fb88e65e6315c9cfc", "number": "3028449940", "area-code": "302"}, {"id": "8a1ecbfe4ea64a9fb88e65e6315c94bf", "number": "5632040198", "area-code": "319"}, {"id": "8a1ecbfe4ea64a9fb88e65e6315c8e17", "number": "9194402059", "area-code": "919"}, {"id": "8a1ecbfe4ea64a9fb88e65e6315c891a", "number": "6789488909", "area-code": "319"}, {"id": "8a1ecbfe4ea64a9fb88e65e6315c8256", "number": "", "area-code": "402"}, {"id": "8a1ecbfe4ea64a9fb88e65e6315c772d", "number": "4806862588", "area-code": "480"}, {"id": "8a1ecbfe4ea64a9fb88e65e6315c676f", "number": "3199882601", "area-code": "319"}, {"id": "8a1ecbfe4ea64a9fb88e65e6315c605f", "number": "9194402854", "area-code": "919"}, {"id": "8a1ecbfe4ea64a9fb88e65e6315c5b2c", "number": "3195693648", "area-code": "319"}, {"id": "8a1ecbfe4ea64a9fb88e65e6315c5707", "number": "4782155867", "area-code": "478"}, {"id": "8a1ecbfe4ea64a9fb88e65e6315c56f2", "number": "7243135690", "area-code": "209"}, {"id": "8a1ecbfe4ea64a9fb88e65e6315c5203", "number": "8003403922", "area-code": "360"}]}