{"data": [{"id": "ac162b8a55c2caace9b79b4a19ab0309", "number": "6043324312", "area-code": "302"}, {"id": "ac162b8a55c2caace9b79b4a19aafdf3", "number": "7136926032", "area-code": "281"}, {"id": "ac162b8a55c2caace9b79b4a19aaf0bb", "number": "8324469987", "area-code": "281"}, {"id": "ac162b8a55c2caace9b79b4a19aae458", "number": "8006929843", "area-code": "703"}, {"id": "ac162b8a55c2caace9b79b4a19aad4fe", "number": "7372734721", "area-code": "281"}, {"id": "ac162b8a55c2caace9b79b4a19aacb35", "number": "3202169637", "area-code": "251"}, {"id": "ac162b8a55c2caace9b79b4a19aac30d", "number": "7372734725", "area-code": "281"}, {"id": "ac162b8a55c2caace9b79b4a19aabb9c", "number": "2029150993", "area-code": "316"}, {"id": "ac162b8a55c2caace9b79b4a19aab27c", "number": "", "area-code": "775"}, {"id": "ac162b8a55c2caace9b79b4a19aaab4a", "number": "3202169637", "area-code": "251"}, {"id": "ac162b8a55c2caace9b79b4a19aa9fd7", "number": "2512923370", "area-code": "251"}, {"id": "ac162b8a55c2caace9b79b4a19aa9cab", "number": "5203797882", "area-code": "520"}, {"id": "ac162b8a55c2caace9b79b4a19aa9838", "number": "2029150995", "area-code": "580"}, {"id": "ac162b8a55c2caace9b79b4a19aa93c0", "number": "5809520871", "area-code": "580"}, {"id": "ac162b8a55c2caace9b79b4a19aa87cd", "number": "6788929469", "area-code": "251"}, {"id": "ac162b8a55c2caace9b79b4a19aa83d1", "number": "5802384950", "area-code": "580"}, {"id": "ac162b8a55c2caace9b79b4a19aa811c", "number": "2029150968", "area-code": "580"}, {"id": "ac162b8a55c2caace9b79b4a19aa79c8", "number": "5804163497", "area-code": "580"}, {"id": "ac162b8a55c2caace9b79b4a19aa6c45", "number": "7272960265", "area-code": "727"}, {"id": "ac162b8a55c2caace9b79b4a19aa5d59", "number": "5802078327", "area-code": "580"}, {"id": "ac162b8a55c2caace9b79b4a19aa59a9", "number": "5803079532", "area-code": "580"}, {"id": "ac162b8a55c2caace9b79b4a19aa4bba", "number": "4324267919", "area-code": "281"}, {"id": "ac162b8a55c2caace9b79b4a19aa457f", "number": "4097662990", "area-code": "281"}, {"id": "ac162b8a55c2caace9b79b4a19aa4382", "number": "3147737497", "area-code": "314"}, {"id": "ac162b8a55c2caace9b79b4a19aa387d", "number": "9379544363", "area-code": "216"}, {"id": "ac162b8a55c2caace9b79b4a19aa431d", "number": "4242894637", "area-code": "310"}, {"id": "ac162b8a55c2caace9b79b4a19aa2f30", "number": "3108691104", "area-code": "310"}, {"id": "ac162b8a55c2caace9b79b4a19aa2508", "number": "8144672444", "area-code": "440"}, {"id": "ac162b8a55c2caace9b79b4a19aa2ea3", "number": "4242528806", "area-code": "310"}, {"id": "ac162b8a55c2caace9b79b4a19aa19ca", "number": "3108696103", "area-code": "310"}, {"id": "ac162b8a55c2caace9b79b4a19aa1873", "number": "5072003751", "area-code": "303"}, {"id": "ac162b8a55c2caace9b79b4a19aa09f4", "number": "6184318950", "area-code": "303"}, {"id": "ac162b8a55c2caace9b79b4a19a9fbaa", "number": "6184318953", "area-code": "303"}, {"id": "ac162b8a55c2caace9b79b4a19a9f23e", "number": "8188397106", "area-code": "310"}, {"id": "ac162b8a55c2caace9b79b4a19a9e260", "number": "2512504723", "area-code": "303"}, {"id": "ac162b8a55c2caace9b79b4a19a9d42b", "number": "6089273848", "area-code": "303"}, {"id": "ac162b8a55c2caace9b79b4a19a9cd11", "number": "7012485729", "area-code": "303"}, {"id": "ac162b8a55c2caace9b79b4a19a9cbdb", "number": "7602395166", "area-code": "310"}, {"id": "ac162b8a55c2caace9b79b4a19a9c06f", "number": "8188395551", "area-code": "310"}, {"id": "ac162b8a55c2caace9b79b4a19a9b228", "number": "3108697757", "area-code": "310"}, {"id": "ac162b8a55c2caace9b79b4a19a9b1fd", "number": "4153196852", "area-code": "808"}, {"id": "ac162b8a55c2caace9b79b4a19a9a545", "number": "3479233907", "area-code": "718"}, {"id": "ac162b8a55c2caace9b79b4a19a9a4c6", "number": "2028435014", "area-code": "510"}, {"id": "ac162b8a55c2caace9b79b4a19a9a1ef", "number": "6179968876", "area-code": "951"}, {"id": "ac162b8a55c2caace9b79b4a19a99681", "number": "7603444774", "area-code": "510"}, {"id": "ac162b8a55c2caace9b79b4a19a98a9b", "number": "3479233907", "area-code": "718"}, {"id": "ac162b8a55c2caace9b79b4a19a9807e", "number": "5103700081", "area-code": "510"}, {"id": "ac162b8a55c2caace9b79b4a19a977d9", "number": "9733828211", "area-code": "973"}, {"id": "ac162b8a55c2caace9b79b4a19a96ae1", "number": "2674972296", "area-code": "267"}, {"id": "ac162b8a55c2caace9b79b4a19a960e3", "number": "5095844133", "area-code": "509"}]}