{"data": [{"id": "8a9c6cdfd12efbb588d3501e52ee7476", "number": "8884056069", "area-code": "716"}, {"id": "8a9c6cdfd12efbb588d3501e52ee64b4", "number": "2172109509", "area-code": "217"}, {"id": "8a9c6cdfd12efbb588d3501e52ee5ed5", "number": "2026018001", "area-code": "217"}, {"id": "8a9c6cdfd12efbb588d3501e52ee556a", "number": "2177711619", "area-code": "217"}, {"id": "8a9c6cdfd12efbb588d3501e52ee4e8f", "number": "7862450565", "area-code": "323"}, {"id": "8a9c6cdfd12efbb588d3501e52ee45f0", "number": "2545279007", "area-code": "254"}, {"id": "8a9c6cdfd12efbb588d3501e52ee3fa5", "number": "2542468086", "area-code": "254"}, {"id": "8a9c6cdfd12efbb588d3501e52ee3dc1", "number": "8559483811", "area-code": "928"}, {"id": "8a9c6cdfd12efbb588d3501e52ee3253", "number": "9285504310", "area-code": "928"}, {"id": "8a9c6cdfd12efbb588d3501e52ee30a2", "number": "8559483811", "area-code": "928"}, {"id": "8a9c6cdfd12efbb588d3501e52ee242f", "number": "8187991925", "area-code": "310"}, {"id": "8a9c6cdfd12efbb588d3501e52ee1ead", "number": "9853143016", "area-code": "310"}, {"id": "8a9c6cdfd12efbb588d3501e52ee18c5", "number": "2053688101", "area-code": "310"}, {"id": "8a9c6cdfd12efbb588d3501e52ee1319", "number": "3232404296", "area-code": "310"}, {"id": "8a9c6cdfd12efbb588d3501e52ee0778", "number": "4085835185", "area-code": "310"}, {"id": "8a9c6cdfd12efbb588d3501e52edfd9c", "number": "7866540292", "area-code": "305"}, {"id": "8a9c6cdfd12efbb588d3501e52edf34f", "number": "5133925225", "area-code": "305"}, {"id": "8a9c6cdfd12efbb588d3501e52ede78f", "number": "6268610535", "area-code": "310"}, {"id": "8a9c6cdfd12efbb588d3501e52eddba6", "number": "8886859364", "area-code": "510"}, {"id": "8a9c6cdfd12efbb588d3501e52edd819", "number": "7866540751", "area-code": "305"}, {"id": "8a9c6cdfd12efbb588d3501e52edc8d2", "number": "7868296514", "area-code": "305"}, {"id": "8a9c6cdfd12efbb588d3501e52edb955", "number": "9162497569", "area-code": "310"}, {"id": "8a9c6cdfd12efbb588d3501e52edb7a0", "number": "5133925225", "area-code": "305"}, {"id": "8a9c6cdfd12efbb588d3501e52edae7e", "number": "4066921777", "area-code": "406"}, {"id": "8a9c6cdfd12efbb588d3501e52eda365", "number": "7866865973", "area-code": "305"}, {"id": "8a9c6cdfd12efbb588d3501e52eda2bc", "number": "3059210182", "area-code": "305"}, {"id": "8a9c6cdfd12efbb588d3501e52ed9abb", "number": "7025059747", "area-code": "305"}, {"id": "8a9c6cdfd12efbb588d3501e52ed8f6a", "number": "7868471255", "area-code": "305"}, {"id": "8a9c6cdfd12efbb588d3501e52ed87cb", "number": "3057126988", "area-code": "305"}, {"id": "8a9c6cdfd12efbb588d3501e52ed7951", "number": "3054947199", "area-code": "305"}, {"id": "8a9c6cdfd12efbb588d3501e52ed768d", "number": "4195958970", "area-code": "305"}, {"id": "8a9c6cdfd12efbb588d3501e52ed6ba4", "number": "", "area-code": "617"}, {"id": "8a9c6cdfd12efbb588d3501e52ed5c3b", "number": "4075658465", "area-code": "305"}, {"id": "8a9c6cdfd12efbb588d3501e52ed4ce6", "number": "8006278372", "area-code": "540"}, {"id": "8a9c6cdfd12efbb588d3501e52ed414e", "number": "2766864576", "area-code": "540"}, {"id": "8a9c6cdfd12efbb588d3501e52ed34ce", "number": "5402399176", "area-code": "540"}, {"id": "8a9c6cdfd12efbb588d3501e52ed2bb7", "number": "3107958122", "area-code": "310"}, {"id": "8a9c6cdfd12efbb588d3501e52ed293a", "number": "2762284494", "area-code": "540"}, {"id": "8a9c6cdfd12efbb588d3501e52ed1ec5", "number": "3125030071", "area-code": "412"}, {"id": "8a9c6cdfd12efbb588d3501e52ed13fb", "number": "6614909720", "area-code": "805"}, {"id": "8a9c6cdfd12efbb588d3501e52ed12c1", "number": "6087643503", "area-code": "805"}, {"id": "8a9c6cdfd12efbb588d3501e52ed0ba6", "number": "3128094615", "area-code": "412"}, {"id": "8a9c6cdfd12efbb588d3501e52ed047e", "number": "8774343768", "area-code": "805"}, {"id": "8a9c6cdfd12efbb588d3501e52ecf7d1", "number": "9252043492", "area-code": "805"}, {"id": "8a9c6cdfd12efbb588d3501e52ecf680", "number": "4803827875", "area-code": "602"}, {"id": "8a9c6cdfd12efbb588d3501e52ecf5a6", "number": "8313187095", "area-code": "805"}, {"id": "8a9c6cdfd12efbb588d3501e52ece973", "number": "6028335317", "area-code": "602"}, {"id": "8a9c6cdfd12efbb588d3501e52ecdde9", "number": "3121037028", "area-code": "412"}, {"id": "8a9c6cdfd12efbb588d3501e52ecce63", "number": "4805270722", "area-code": "602"}, {"id": "8a9c6cdfd12efbb588d3501e52eccdb8", "number": "2673529270", "area-code": "541"}]}