{"data": [{"id": "6ce38d040c3aefcfbfa8d1ad542c90e7", "number": "8052579916", "area-code": "805"}, {"id": "6ce38d040c3aefcfbfa8d1ad542c858a", "number": "9173922121", "area-code": "650"}, {"id": "6ce38d040c3aefcfbfa8d1ad542c7acb", "number": "2087854261", "area-code": "208"}, {"id": "6ce38d040c3aefcfbfa8d1ad542c7385", "number": "9016410051", "area-code": "901"}, {"id": "6ce38d040c3aefcfbfa8d1ad542c6ac8", "number": "7752295422", "area-code": "775"}, {"id": "6ce38d040c3aefcfbfa8d1ad542c6287", "number": "9792328280", "area-code": "214"}, {"id": "6ce38d040c3aefcfbfa8d1ad542c57e1", "number": "9493371432", "area-code": "949"}, {"id": "6ce38d040c3aefcfbfa8d1ad542c4d48", "number": "8184017249", "area-code": "310"}, {"id": "6ce38d040c3aefcfbfa8d1ad542c4338", "number": "9733311773", "area-code": "973"}, {"id": "6ce38d040c3aefcfbfa8d1ad542c3fef", "number": "6509647686", "area-code": "650"}, {"id": "6ce38d040c3aefcfbfa8d1ad542c32ca", "number": "6193235127", "area-code": "208"}, {"id": "6ce38d040c3aefcfbfa8d1ad542c23d2", "number": "9034052520", "area-code": "903"}, {"id": "6ce38d040c3aefcfbfa8d1ad542c16d1", "number": "2013634700", "area-code": "973"}, {"id": "6ce38d040c3aefcfbfa8d1ad542c0f85", "number": "9731801837", "area-code": "973"}, {"id": "6ce38d040c3aefcfbfa8d1ad542c0145", "number": "8184027249", "area-code": "310"}, {"id": "6ce38d040c3aefcfbfa8d1ad542bf93c", "number": "8052579916", "area-code": "805"}, {"id": "6ce38d040c3aefcfbfa8d1ad542bf10a", "number": "2083255253", "area-code": "208"}, {"id": "6ce38d040c3aefcfbfa8d1ad542be998", "number": "9497742959", "area-code": "916"}, {"id": "6ce38d040c3aefcfbfa8d1ad542be584", "number": "", "area-code": "808"}, {"id": "6ce38d040c3aefcfbfa8d1ad542be254", "number": "9288518109", "area-code": "603"}, {"id": "6ce38d040c3aefcfbfa8d1ad542bd4a1", "number": "4053090831", "area-code": "405"}, {"id": "6ce38d040c3aefcfbfa8d1ad542bd2a0", "number": "7072984499", "area-code": "951"}, {"id": "6ce38d040c3aefcfbfa8d1ad542bcb46", "number": "4057665283", "area-code": "405"}, {"id": "6ce38d040c3aefcfbfa8d1ad542bc3b0", "number": "8106731101", "area-code": "281"}, {"id": "6ce38d040c3aefcfbfa8d1ad542bbaa5", "number": "3252463413", "area-code": "281"}, {"id": "6ce38d040c3aefcfbfa8d1ad542baf05", "number": "8663809745", "area-code": "920"}, {"id": "6ce38d040c3aefcfbfa8d1ad542ba722", "number": "7723484579", "area-code": "281"}, {"id": "6ce38d040c3aefcfbfa8d1ad542ba3f2", "number": "8774343716", "area-code": "920"}, {"id": "6ce38d040c3aefcfbfa8d1ad542ba062", "number": "5852154036", "area-code": "585"}, {"id": "6ce38d040c3aefcfbfa8d1ad542b9871", "number": "2813503632", "area-code": "281"}, {"id": "6ce38d040c3aefcfbfa8d1ad542b9712", "number": "8772653922", "area-code": "920"}, {"id": "6ce38d040c3aefcfbfa8d1ad542b8d73", "number": "7622005317", "area-code": "404"}, {"id": "6ce38d040c3aefcfbfa8d1ad542b7e54", "number": "5102164312", "area-code": "925"}, {"id": "6ce38d040c3aefcfbfa8d1ad542b77f7", "number": "8772111300", "area-code": "281"}, {"id": "6ce38d040c3aefcfbfa8d1ad542b7125", "number": "2815728475", "area-code": "281"}, {"id": "6ce38d040c3aefcfbfa8d1ad542b63fe", "number": "9292033719", "area-code": "925"}, {"id": "6ce38d040c3aefcfbfa8d1ad542b59c5", "number": "3236138094", "area-code": "281"}, {"id": "6ce38d040c3aefcfbfa8d1ad542b4a16", "number": "3044545267", "area-code": "317"}, {"id": "6ce38d040c3aefcfbfa8d1ad542b3e09", "number": "2057280103", "area-code": "281"}, {"id": "6ce38d040c3aefcfbfa8d1ad542b33b8", "number": "8003718345", "area-code": "352"}, {"id": "6ce38d040c3aefcfbfa8d1ad542b2fb1", "number": "8318441667", "area-code": "925"}, {"id": "6ce38d040c3aefcfbfa8d1ad542b256c", "number": "8127548841", "area-code": "405"}, {"id": "6ce38d040c3aefcfbfa8d1ad542b1e63", "number": "8449891702", "area-code": "949"}, {"id": "6ce38d040c3aefcfbfa8d1ad542b162b", "number": "", "area-code": "646"}, {"id": "6ce38d040c3aefcfbfa8d1ad542b12a1", "number": "2095548087", "area-code": "208"}, {"id": "6ce38d040c3aefcfbfa8d1ad542b08f6", "number": "9493371432", "area-code": "949"}, {"id": "6ce38d040c3aefcfbfa8d1ad542b03cd", "number": "7077694739", "area-code": "262"}, {"id": "6ce38d040c3aefcfbfa8d1ad542afa04", "number": "3392161439", "area-code": "708"}, {"id": "6ce38d040c3aefcfbfa8d1ad542aec0e", "number": "8339883445", "area-code": "773"}, {"id": "6ce38d040c3aefcfbfa8d1ad542adf99", "number": "8007435000", "area-code": "714"}]}