{"data": [{"id": "5de4f2d44aaa49ba3f3bf7fb82136b11", "number": "7074715929", "area-code": "707"}, {"id": "5de4f2d44aaa49ba3f3bf7fb82136778", "number": "7072406081", "area-code": "707"}, {"id": "5de4f2d44aaa49ba3f3bf7fb82136228", "number": "2137121390", "area-code": "707"}, {"id": "5de4f2d44aaa49ba3f3bf7fb82135d34", "number": "5107220427", "area-code": "707"}, {"id": "5de4f2d44aaa49ba3f3bf7fb82135515", "number": "5107220494", "area-code": "707"}, {"id": "5de4f2d44aaa49ba3f3bf7fb82134c14", "number": "8775667226", "area-code": "336"}, {"id": "5de4f2d44aaa49ba3f3bf7fb8218b50b", "number": "+12137846045", "area-code": "323"}, {"id": "5de4f2d44aaa49ba3f3bf7fb821346e8", "number": "3193189082", "area-code": "319"}, {"id": "5de4f2d44aaa49ba3f3bf7fb821340d6", "number": "4805752002", "area-code": "602"}, {"id": "5de4f2d44aaa49ba3f3bf7fb8213339b", "number": "4193322685", "area-code": "419"}, {"id": "5de4f2d44aaa49ba3f3bf7fb82132b9c", "number": "3193189082", "area-code": "319"}, {"id": "5de4f2d44aaa49ba3f3bf7fb82131c8e", "number": "7042515695", "area-code": "319"}, {"id": "5de4f2d44aaa49ba3f3bf7fb8218b475", "number": "+19492397422", "area-code": "501"}, {"id": "5de4f2d44aaa49ba3f3bf7fb82131bb3", "number": "6052224770", "area-code": "605"}, {"id": "5de4f2d44aaa49ba3f3bf7fb821311dd", "number": "8968768721", "area-code": "609"}, {"id": "5de4f2d44aaa49ba3f3bf7fb82130fcc", "number": "4244506771", "area-code": "314"}, {"id": "5de4f2d44aaa49ba3f3bf7fb821303e6", "number": "6073041505", "area-code": "607"}, {"id": "5de4f2d44aaa49ba3f3bf7fb82130355", "number": "3055749452", "area-code": "386"}, {"id": "5de4f2d44aaa49ba3f3bf7fb8212fd63", "number": "8174359540", "area-code": "817"}, {"id": "5de4f2d44aaa49ba3f3bf7fb8212f1bb", "number": "6182170323", "area-code": "847"}, {"id": "5de4f2d44aaa49ba3f3bf7fb8212ea0e", "number": "4046569389", "area-code": "404"}, {"id": "5de4f2d44aaa49ba3f3bf7fb8212e9d9", "number": "3607485442", "area-code": "360"}, {"id": "5de4f2d44aaa49ba3f3bf7fb8212e3b0", "number": "4254055198", "area-code": "360"}, {"id": "5de4f2d44aaa49ba3f3bf7fb8212dc53", "number": "4242044290", "area-code": "915"}, {"id": "5de4f2d44aaa49ba3f3bf7fb8212d531", "number": "2073124219", "area-code": "808"}, {"id": "5de4f2d44aaa49ba3f3bf7fb8212c724", "number": "3522684969", "area-code": "360"}, {"id": "5de4f2d44aaa49ba3f3bf7fb8212c6f8", "number": "3609454505", "area-code": "360"}, {"id": "5de4f2d44aaa49ba3f3bf7fb8212b6fc", "number": "7148121371", "area-code": "210"}, {"id": "5de4f2d44aaa49ba3f3bf7fb8218ac0c", "number": "+12052890781", "area-code": "678"}, {"id": "5de4f2d44aaa49ba3f3bf7fb8218accd", "number": "7609159032", "area-code": "760"}, {"id": "5de4f2d44aaa49ba3f3bf7fb8212b0b4", "number": "9034487745", "area-code": "808"}, {"id": "5de4f2d44aaa49ba3f3bf7fb8212abb7", "number": "9039371415", "area-code": "808"}, {"id": "5de4f2d44aaa49ba3f3bf7fb8212a747", "number": "8442203655", "area-code": "808"}, {"id": "5de4f2d44aaa49ba3f3bf7fb82129d0d", "number": "7632871356", "area-code": "507"}, {"id": "5de4f2d44aaa49ba3f3bf7fb82129527", "number": "7153823272", "area-code": "715"}, {"id": "5de4f2d44aaa49ba3f3bf7fb82129318", "number": "6088508197", "area-code": "813"}, {"id": "5de4f2d44aaa49ba3f3bf7fb82128d55", "number": "9704321552", "area-code": "702"}, {"id": "5de4f2d44aaa49ba3f3bf7fb82128988", "number": "8559853616", "area-code": "518"}, {"id": "5de4f2d44aaa49ba3f3bf7fb8218a959", "number": "8883433547", "area-code": "518"}, {"id": "5de4f2d44aaa49ba3f3bf7fb821284ad", "number": "9045199535", "area-code": "904"}, {"id": "5de4f2d44aaa49ba3f3bf7fb821276aa", "number": "2312411586", "area-code": "269"}, {"id": "5de4f2d44aaa49ba3f3bf7fb82126c10", "number": "8087841457", "area-code": "808"}, {"id": "5de4f2d44aaa49ba3f3bf7fb8218a7cc", "number": "+12512766513", "area-code": "623"}, {"id": "5de4f2d44aaa49ba3f3bf7fb8212680b", "number": "6162362007", "area-code": "269"}, {"id": "5de4f2d44aaa49ba3f3bf7fb82125fdb", "number": "8087841457", "area-code": "808"}, {"id": "5de4f2d44aaa49ba3f3bf7fb82125a0c", "number": "", "area-code": "812"}, {"id": "5de4f2d44aaa49ba3f3bf7fb82124da9", "number": "2028082980", "area-code": "808"}, {"id": "5de4f2d44aaa49ba3f3bf7fb82123e3d", "number": "7602278076", "area-code": "760"}, {"id": "5de4f2d44aaa49ba3f3bf7fb82123295", "number": "8087872169", "area-code": "808"}, {"id": "5de4f2d44aaa49ba3f3bf7fb82122dc9", "number": "5018978725", "area-code": "808"}]}