{"data": [{"id": "d538582034c86e78eeac33bbbcdfeb78", "number": "3074211038", "area-code": "702"}, {"id": "d538582034c86e78eeac33bbbcdfdcfe", "number": "5622327713", "area-code": "408"}, {"id": "d538582034c86e78eeac33bbbcdfd9c3", "number": "8774883538", "area-code": "805"}, {"id": "d538582034c86e78eeac33bbbcdfd754", "number": "4085499367", "area-code": "408"}, {"id": "d538582034c86e78eeac33bbbcdfc8d5", "number": "8552457098", "area-code": "805"}, {"id": "d538582034c86e78eeac33bbbcdfc4e1", "number": "8053309810", "area-code": "805"}, {"id": "d538582034c86e78eeac33bbbcdfb8f3", "number": "6573788273", "area-code": "570"}, {"id": "d538582034c86e78eeac33bbbcdfb85e", "number": "6054681887", "area-code": "605"}, {"id": "d538582034c86e78eeac33bbbcdfb63c", "number": "8445850488", "area-code": "503"}, {"id": "d538582034c86e78eeac33bbbcdfa99b", "number": "9182033045", "area-code": "310"}, {"id": "d538582034c86e78eeac33bbbcdfa4cd", "number": "8775667226", "area-code": "336"}, {"id": "d538582034c86e78eeac33bbbcdfa12a", "number": "7026024027", "area-code": "702"}, {"id": "d538582034c86e78eeac33bbbcdf98e4", "number": "7753892603", "area-code": "702"}, {"id": "d538582034c86e78eeac33bbbcdf8eb6", "number": "3016685224", "area-code": "301"}, {"id": "d538582034c86e78eeac33bbbcdf84e5", "number": "7753892603", "area-code": "702"}, {"id": "d538582034c86e78eeac33bbbcdf763f", "number": "", "area-code": "216"}, {"id": "d538582034c86e78eeac33bbbcdf7601", "number": "6172037779", "area-code": "301"}, {"id": "d538582034c86e78eeac33bbbcdf70af", "number": "3015741850", "area-code": "301"}, {"id": "d538582034c86e78eeac33bbbcdf6193", "number": "5038257498", "area-code": "503"}, {"id": "d538582034c86e78eeac33bbbcdf547b", "number": "3019483892", "area-code": "301"}, {"id": "d538582034c86e78eeac33bbbcdf50bc", "number": "5416626044", "area-code": "503"}, {"id": "d538582034c86e78eeac33bbbcdf4c21", "number": "6313647753", "area-code": "718"}, {"id": "d538582034c86e78eeac33bbbcdf495d", "number": "4108447077", "area-code": "301"}, {"id": "d538582034c86e78eeac33bbbcdf48eb", "number": "7208287357", "area-code": "303"}, {"id": "d538582034c86e78eeac33bbbcdf407e", "number": "7208287357", "area-code": "303"}, {"id": "d538582034c86e78eeac33bbbcdf3e81", "number": "7208260461", "area-code": "303"}, {"id": "d538582034c86e78eeac33bbbcdf37d2", "number": "7206398086", "area-code": "303"}, {"id": "d538582034c86e78eeac33bbbcdf2ef4", "number": "6573788273", "area-code": "570"}, {"id": "d538582034c86e78eeac33bbbcdf2a08", "number": "2026304831", "area-code": "734"}, {"id": "d538582034c86e78eeac33bbbcdf1f2a", "number": "8317095076", "area-code": "650"}, {"id": "d538582034c86e78eeac33bbbcdf1e94", "number": "2482899305", "area-code": "305"}, {"id": "d538582034c86e78eeac33bbbcdf1237", "number": "7206398086", "area-code": "303"}, {"id": "d538582034c86e78eeac33bbbcdf0edb", "number": "7206398086", "area-code": "303"}, {"id": "d538582034c86e78eeac33bbbcdf0595", "number": "7206398086", "area-code": "303"}, {"id": "d538582034c86e78eeac33bbbcdef928", "number": "5034613363", "area-code": "503"}, {"id": "d538582034c86e78eeac33bbbcdef4c0", "number": "7084379798", "area-code": "650"}, {"id": "d538582034c86e78eeac33bbbcdeee85", "number": "9547877756", "area-code": "954"}, {"id": "d538582034c86e78eeac33bbbcdee109", "number": "7182134949", "area-code": "858"}, {"id": "d538582034c86e78eeac33bbbcdeda3d", "number": "8474963564", "area-code": "708"}, {"id": "d538582034c86e78eeac33bbbcded671", "number": "8025001768", "area-code": "978"}, {"id": "d538582034c86e78eeac33bbbcded409", "number": "5392049692", "area-code": "301"}, {"id": "d538582034c86e78eeac33bbbcded260", "number": "8002927508", "area-code": "301"}, {"id": "d538582034c86e78eeac33bbbcdece74", "number": "6507432749", "area-code": "650"}, {"id": "d538582034c86e78eeac33bbbcdec367", "number": "4062834340", "area-code": "301"}, {"id": "d538582034c86e78eeac33bbbcdeb4fa", "number": "2084925636", "area-code": "208"}, {"id": "d538582034c86e78eeac33bbbcdeb421", "number": "3607959738", "area-code": "360"}, {"id": "d538582034c86e78eeac33bbbcdeabfa", "number": "2088444116", "area-code": "208"}, {"id": "d538582034c86e78eeac33bbbcde9ed2", "number": "3202475066", "area-code": "978"}, {"id": "d538582034c86e78eeac33bbbcde920c", "number": "3607956987", "area-code": "360"}, {"id": "d538582034c86e78eeac33bbbcde9163", "number": "9893081975", "area-code": "650"}]}