{"data": [{"id": "9f0bf3cdede1db04fb1bb19433a9d0c2", "number": "2604147829", "area-code": "260"}, {"id": "9f0bf3cdede1db04fb1bb19433a9c659", "number": "2526403412", "area-code": "336"}, {"id": "9f0bf3cdede1db04fb1bb19433a9bfa5", "number": "3213403509", "area-code": "302"}, {"id": "9f0bf3cdede1db04fb1bb19433a9bf8d", "number": "4075658366", "area-code": "302"}, {"id": "9f0bf3cdede1db04fb1bb19433a9b44f", "number": "9492765617", "area-code": "650"}, {"id": "9f0bf3cdede1db04fb1bb19433a9a597", "number": "2063336373", "area-code": "302"}, {"id": "9f0bf3cdede1db04fb1bb19433a9975b", "number": "8009996661", "area-code": "870"}, {"id": "9f0bf3cdede1db04fb1bb19433a9910f", "number": "2673100065", "area-code": "925"}, {"id": "9f0bf3cdede1db04fb1bb19433a98151", "number": "8887806225", "area-code": "415"}, {"id": "9f0bf3cdede1db04fb1bb19433ae6ad6", "number": "+14014909531", "area-code": "401"}, {"id": "9f0bf3cdede1db04fb1bb19433a97816", "number": "3202809102", "area-code": "320"}, {"id": "9f0bf3cdede1db04fb1bb19433a97689", "number": "8153401729", "area-code": "815"}, {"id": "9f0bf3cdede1db04fb1bb19433a97169", "number": "2022496037", "area-code": "281"}, {"id": "9f0bf3cdede1db04fb1bb19433a96dd7", "number": "2819624191", "area-code": "281"}, {"id": "9f0bf3cdede1db04fb1bb19433a96a44", "number": "7372734723", "area-code": "281"}, {"id": "9f0bf3cdede1db04fb1bb19433a969be", "number": "9515256732", "area-code": "805"}, {"id": "9f0bf3cdede1db04fb1bb19433a9697e", "number": "7079288436", "area-code": "805"}, {"id": "9f0bf3cdede1db04fb1bb19433a963d0", "number": "7372734704", "area-code": "281"}, {"id": "9f0bf3cdede1db04fb1bb19433a961ca", "number": "8888996650", "area-code": "805"}, {"id": "9f0bf3cdede1db04fb1bb19433a953a3", "number": "8056377456", "area-code": "917"}, {"id": "9f0bf3cdede1db04fb1bb19433a949be", "number": "8552457098", "area-code": "805"}, {"id": "9f0bf3cdede1db04fb1bb19433a9452e", "number": "5622842570", "area-code": "805"}, {"id": "9f0bf3cdede1db04fb1bb19433a94242", "number": "7079288436", "area-code": "805"}, {"id": "9f0bf3cdede1db04fb1bb19433a940f8", "number": "8056377456", "area-code": "917"}, {"id": "9f0bf3cdede1db04fb1bb19433a94046", "number": "8339320911", "area-code": "917"}, {"id": "9f0bf3cdede1db04fb1bb19433a93cd6", "number": "5709274515", "area-code": "917"}, {"id": "9f0bf3cdede1db04fb1bb19433a92e68", "number": "8007693571", "area-code": "917"}, {"id": "9f0bf3cdede1db04fb1bb19433a91ed0", "number": "5302328451", "area-code": "530"}, {"id": "9f0bf3cdede1db04fb1bb19433a91d20", "number": "6196598157", "area-code": "818"}, {"id": "9f0bf3cdede1db04fb1bb19433ae5e41", "number": "8027643024", "area-code": "443"}, {"id": "9f0bf3cdede1db04fb1bb19433a90e0b", "number": "", "area-code": "530"}, {"id": "9f0bf3cdede1db04fb1bb19433a904b7", "number": "7602237121", "area-code": "530"}, {"id": "9f0bf3cdede1db04fb1bb19433a8f71a", "number": "4809674242", "area-code": "480"}, {"id": "9f0bf3cdede1db04fb1bb19433a8ee99", "number": "4807370337", "area-code": "915"}, {"id": "9f0bf3cdede1db04fb1bb19433a8df3d", "number": "8334542642", "area-code": "801"}, {"id": "9f0bf3cdede1db04fb1bb19433a8d1b3", "number": "3109877951", "area-code": "816"}, {"id": "9f0bf3cdede1db04fb1bb19433a8ce84", "number": "4086855917", "area-code": "408"}, {"id": "9f0bf3cdede1db04fb1bb19433a8c66e", "number": "8008472911", "area-code": "408"}, {"id": "9f0bf3cdede1db04fb1bb19433a8bcb0", "number": "8604716443", "area-code": "860"}, {"id": "9f0bf3cdede1db04fb1bb19433a8ad28", "number": "3166484988", "area-code": "316"}, {"id": "9f0bf3cdede1db04fb1bb19433a8a0fe", "number": "8662419938", "area-code": "952"}, {"id": "9f0bf3cdede1db04fb1bb19433a8a044", "number": "2099575481", "area-code": "408"}, {"id": "9f0bf3cdede1db04fb1bb19433ae589c", "number": "+13053283252", "area-code": "305"}, {"id": "9f0bf3cdede1db04fb1bb19433ae49fa", "number": "24323", "area-code": "817"}, {"id": "9f0bf3cdede1db04fb1bb19433a892a9", "number": "7402377232", "area-code": "760"}, {"id": "9f0bf3cdede1db04fb1bb19433a890c4", "number": "2094385619", "area-code": "408"}, {"id": "9f0bf3cdede1db04fb1bb19433a88450", "number": "5163833479", "area-code": "315"}, {"id": "9f0bf3cdede1db04fb1bb19433a8819e", "number": "4083885462", "area-code": "408"}, {"id": "9f0bf3cdede1db04fb1bb19433a87943", "number": "8008693557", "area-code": "954"}, {"id": "9f0bf3cdede1db04fb1bb19433a878f8", "number": "8005588472", "area-code": "609"}]}