{"data": [{"id": "5de4f2d44aaa49ba3f3bf7fb82e0e9dc", "number": "5093599089", "area-code": "509"}, {"id": "5de4f2d44aaa49ba3f3bf7fb82e0e57d", "number": "2679542859", "area-code": "623"}, {"id": "5de4f2d44aaa49ba3f3bf7fb82e0db1c", "number": "9808331782", "area-code": "704"}, {"id": "5de4f2d44aaa49ba3f3bf7fb82e0d734", "number": "7136479942", "area-code": "281"}, {"id": "5de4f2d44aaa49ba3f3bf7fb82e0ce03", "number": "8135488911", "area-code": "727"}, {"id": "5de4f2d44aaa49ba3f3bf7fb82e0cb28", "number": "7025693506", "area-code": "702"}, {"id": "5de4f2d44aaa49ba3f3bf7fb82e0c163", "number": "", "area-code": "760"}, {"id": "5de4f2d44aaa49ba3f3bf7fb82e0b2e9", "number": "8665543966", "area-code": "573"}, {"id": "5de4f2d44aaa49ba3f3bf7fb82e0a52e", "number": "5629814315", "area-code": "714"}, {"id": "5de4f2d44aaa49ba3f3bf7fb82e09b18", "number": "5613485148", "area-code": "561"}, {"id": "5de4f2d44aaa49ba3f3bf7fb82e098c6", "number": "", "area-code": "573"}, {"id": "5de4f2d44aaa49ba3f3bf7fb82e08f2f", "number": "7144090899", "area-code": "714"}, {"id": "5de4f2d44aaa49ba3f3bf7fb82e08b28", "number": "9412201139", "area-code": "561"}, {"id": "5de4f2d44aaa49ba3f3bf7fb82e087d9", "number": "9422458485", "area-code": "301"}, {"id": "5de4f2d44aaa49ba3f3bf7fb82e081c2", "number": "5852087070", "area-code": "585"}, {"id": "5de4f2d44aaa49ba3f3bf7fb82e08197", "number": "7577854368", "area-code": "757"}, {"id": "5de4f2d44aaa49ba3f3bf7fb82e07ce5", "number": "", "area-code": "318"}, {"id": "5de4f2d44aaa49ba3f3bf7fb82e06e1e", "number": "5406424575", "area-code": "845"}, {"id": "5de4f2d44aaa49ba3f3bf7fb82e06317", "number": "7089691303", "area-code": "708"}, {"id": "5de4f2d44aaa49ba3f3bf7fb82e06006", "number": "4439032201", "area-code": "443"}, {"id": "5de4f2d44aaa49ba3f3bf7fb82e0519f", "number": "3014534133", "area-code": "443"}, {"id": "5de4f2d44aaa49ba3f3bf7fb82e049d1", "number": "7143079124", "area-code": "443"}, {"id": "5de4f2d44aaa49ba3f3bf7fb82e043e6", "number": "4047995936", "area-code": "425"}, {"id": "5de4f2d44aaa49ba3f3bf7fb82e042dc", "number": "4047991111", "area-code": "425"}, {"id": "5de4f2d44aaa49ba3f3bf7fb82e040fc", "number": "2679542859", "area-code": "858"}, {"id": "5de4f2d44aaa49ba3f3bf7fb82e040f4", "number": "4046389151", "area-code": "425"}, {"id": "5de4f2d44aaa49ba3f3bf7fb82e03e7b", "number": "7085086949", "area-code": "708"}, {"id": "5de4f2d44aaa49ba3f3bf7fb82e03a2d", "number": "8016093634", "area-code": "801"}, {"id": "5de4f2d44aaa49ba3f3bf7fb82e0301b", "number": "8775667226", "area-code": "336"}, {"id": "5de4f2d44aaa49ba3f3bf7fb82e02275", "number": "8327536464", "area-code": "512"}, {"id": "5de4f2d44aaa49ba3f3bf7fb82e01f4f", "number": "8187938918", "area-code": "818"}, {"id": "5de4f2d44aaa49ba3f3bf7fb82e01ba7", "number": "8182232195", "area-code": "818"}, {"id": "5de4f2d44aaa49ba3f3bf7fb82e01b8e", "number": "8477218003", "area-code": "847"}, {"id": "5de4f2d44aaa49ba3f3bf7fb82e01786", "number": "7072546121", "area-code": "818"}, {"id": "5de4f2d44aaa49ba3f3bf7fb82e00b90", "number": "8775667226", "area-code": "336"}, {"id": "5de4f2d44aaa49ba3f3bf7fb82e00395", "number": "7147845627", "area-code": "808"}, {"id": "5de4f2d44aaa49ba3f3bf7fb82e00352", "number": "8507717953", "area-code": "850"}, {"id": "5de4f2d44aaa49ba3f3bf7fb82dff6de", "number": "4054126227", "area-code": "405"}, {"id": "5de4f2d44aaa49ba3f3bf7fb82dfefde", "number": "8475972223", "area-code": "850"}, {"id": "5de4f2d44aaa49ba3f3bf7fb82dfe5fa", "number": "4056253286", "area-code": "405"}, {"id": "5de4f2d44aaa49ba3f3bf7fb82dfdd07", "number": "8502785773", "area-code": "850"}, {"id": "5de4f2d44aaa49ba3f3bf7fb82dfcf34", "number": "4059396642", "area-code": "405"}, {"id": "5de4f2d44aaa49ba3f3bf7fb82dfc6fc", "number": "6013080769", "area-code": "850"}, {"id": "5de4f2d44aaa49ba3f3bf7fb82dfb7c7", "number": "2105462582", "area-code": "210"}, {"id": "5de4f2d44aaa49ba3f3bf7fb82dfa8b9", "number": "4069442563", "area-code": "406"}, {"id": "5de4f2d44aaa49ba3f3bf7fb82df9ea5", "number": "8509483773", "area-code": "850"}, {"id": "5de4f2d44aaa49ba3f3bf7fb82df9b69", "number": "8186020006", "area-code": "213"}, {"id": "5de4f2d44aaa49ba3f3bf7fb82df8a83", "number": "9093132321", "area-code": "858"}, {"id": "5de4f2d44aaa49ba3f3bf7fb82df9464", "number": "8503883543", "area-code": "850"}, {"id": "5de4f2d44aaa49ba3f3bf7fb82df8fc7", "number": "5137527045", "area-code": "513"}]}