{"data": [{"id": "ed1de944edafa89e143a05a4eb36760c", "number": "2022244124", "area-code": "205"}, {"id": "ed1de944edafa89e143a05a4eb366e67", "number": "7572804425", "area-code": "757"}, {"id": "ed1de944edafa89e143a05a4eb366ab9", "number": "9738871616", "area-code": "973"}, {"id": "ed1de944edafa89e143a05a4eb3669eb", "number": "8778064893", "area-code": "973"}, {"id": "ed1de944edafa89e143a05a4eb36617c", "number": "7632949360", "area-code": "763"}, {"id": "ed1de944edafa89e143a05a4eb36577c", "number": "2022244124", "area-code": "205"}, {"id": "ed1de944edafa89e143a05a4eb36551d", "number": "9738908577", "area-code": "973"}, {"id": "ed1de944edafa89e143a05a4eb3654f0", "number": "8326968529", "area-code": "617"}, {"id": "ed1de944edafa89e143a05a4eb36485f", "number": "8622579241", "area-code": "973"}, {"id": "ed1de944edafa89e143a05a4eb364752", "number": "7022621235", "area-code": "702"}, {"id": "ed1de944edafa89e143a05a4eb3643fe", "number": "5715367271", "area-code": "757"}, {"id": "ed1de944edafa89e143a05a4eb363c66", "number": "6162292239", "area-code": "616"}, {"id": "ed1de944edafa89e143a05a4eb363c4f", "number": "", "area-code": "682"}, {"id": "ed1de944edafa89e143a05a4eb362f87", "number": "7329031800", "area-code": "973"}, {"id": "ed1de944edafa89e143a05a4eb362182", "number": "6193546271", "area-code": "619"}, {"id": "ed1de944edafa89e143a05a4eb3618b1", "number": "9735734979", "area-code": "973"}, {"id": "ed1de944edafa89e143a05a4eb360dce", "number": "8303398461", "area-code": "972"}, {"id": "ed1de944edafa89e143a05a4eb36097d", "number": "9735548651", "area-code": "973"}, {"id": "ed1de944edafa89e143a05a4eb35fbdb", "number": "6262992804", "area-code": "415"}, {"id": "ed1de944edafa89e143a05a4eb35f739", "number": "5202441402", "area-code": "973"}, {"id": "ed1de944edafa89e143a05a4eb35f62f", "number": "6282571143", "area-code": "415"}, {"id": "ed1de944edafa89e143a05a4eb35ed89", "number": "3618671589", "area-code": "702"}, {"id": "ed1de944edafa89e143a05a4eb35ded4", "number": "4245676987", "area-code": "812"}, {"id": "ed1de944edafa89e143a05a4eb35d18a", "number": "7027234347", "area-code": "702"}, {"id": "ed1de944edafa89e143a05a4eb35c9f3", "number": "7029568952", "area-code": "702"}, {"id": "ed1de944edafa89e143a05a4eb35c880", "number": "8123265291", "area-code": "812"}, {"id": "ed1de944edafa89e143a05a4eb35ba85", "number": "6308368837", "area-code": "815"}, {"id": "ed1de944edafa89e143a05a4eb35b423", "number": "2393105701", "area-code": "619"}, {"id": "ed1de944edafa89e143a05a4eb35a489", "number": "8124370050", "area-code": "812"}, {"id": "ed1de944edafa89e143a05a4eb3599ae", "number": "6822989166", "area-code": "817"}, {"id": "ed1de944edafa89e143a05a4eb3596e5", "number": "6193546271", "area-code": "619"}, {"id": "ed1de944edafa89e143a05a4eb3592a1", "number": "3618671589", "area-code": "702"}, {"id": "ed1de944edafa89e143a05a4eb358341", "number": "8123088535", "area-code": "812"}, {"id": "ed1de944edafa89e143a05a4eb3574d6", "number": "6672427895", "area-code": "909"}, {"id": "ed1de944edafa89e143a05a4eb357239", "number": "2105916205", "area-code": "210"}, {"id": "ed1de944edafa89e143a05a4eb356adc", "number": "6513599326", "area-code": "402"}, {"id": "ed1de944edafa89e143a05a4eb356041", "number": "", "area-code": "940"}, {"id": "ed1de944edafa89e143a05a4eb355bb7", "number": "8122863329", "area-code": "812"}, {"id": "ed1de944edafa89e143a05a4eb355045", "number": "8122478982", "area-code": "812"}, {"id": "ed1de944edafa89e143a05a4eb354c95", "number": "2107394818", "area-code": "210"}, {"id": "ed1de944edafa89e143a05a4eb354453", "number": "8884694520", "area-code": "720"}, {"id": "ed1de944edafa89e143a05a4eb35395c", "number": "3128714241", "area-code": "802"}, {"id": "ed1de944edafa89e143a05a4eb3537d7", "number": "8283740533", "area-code": "919"}, {"id": "ed1de944edafa89e143a05a4eb35327f", "number": "9842291175", "area-code": "314"}, {"id": "ed1de944edafa89e143a05a4eb352623", "number": "9162696580", "area-code": "530"}, {"id": "ed1de944edafa89e143a05a4eb351bc7", "number": "6282571143", "area-code": "805"}, {"id": "ed1de944edafa89e143a05a4eb3511fc", "number": "2192442504", "area-code": "219"}, {"id": "ed1de944edafa89e143a05a4eb350ece", "number": "7609748770", "area-code": "714"}, {"id": "ed1de944edafa89e143a05a4eb34f8ce", "number": "", "area-code": "214"}, {"id": "ed1de944edafa89e143a05a4eb350130", "number": "6056594045", "area-code": "605"}]}