{"data": [{"id": "ed1de944edafa89e143a05a4eb1b549a", "number": "", "area-code": "602"}, {"id": "ed1de944edafa89e143a05a4eb1b4b2e", "number": "6084213034", "area-code": "312"}, {"id": "ed1de944edafa89e143a05a4eb1b3cf8", "number": "800225593580086935", "area-code": "281"}, {"id": "ed1de944edafa89e143a05a4eb1b2f75", "number": "5173012504", "area-code": "517"}, {"id": "ed1de944edafa89e143a05a4eb1b2431", "number": "3132177416", "area-code": "586"}, {"id": "ed1de944edafa89e143a05a4eb1b1814", "number": "9403536485", "area-code": "940"}, {"id": "ed1de944edafa89e143a05a4eb1b1805", "number": "9382382739", "area-code": "973"}, {"id": "ed1de944edafa89e143a05a4eb1aa5c8", "number": "4052330984", "area-code": "405"}, {"id": "ed1de944edafa89e143a05a4eb1b0a4a", "number": "8006222580", "area-code": "925"}, {"id": "ed1de944edafa89e143a05a4eb1b0294", "number": "3523530961", "area-code": "352"}, {"id": "ed1de944edafa89e143a05a4eb1afc24", "number": "2025400954", "area-code": "304"}, {"id": "ed1de944edafa89e143a05a4eb1aedb9", "number": "7042695538", "area-code": "704"}, {"id": "ed1de944edafa89e143a05a4eb1ae2c9", "number": "8885444877", "area-code": "610"}, {"id": "ed1de944edafa89e143a05a4eb1ad69f", "number": "3132074866", "area-code": "313"}, {"id": "ed1de944edafa89e143a05a4eb1ac87a", "number": "8083004247", "area-code": "808"}, {"id": "ed1de944edafa89e143a05a4eb1ac6a0", "number": "5174012352", "area-code": "517"}, {"id": "ed1de944edafa89e143a05a4eb1abda5", "number": "8649002045", "area-code": "864"}, {"id": "ed1de944edafa89e143a05a4eb1abd27", "number": "", "area-code": "929"}, {"id": "ed1de944edafa89e143a05a4eb1aaf01", "number": "4696935706", "area-code": "469"}, {"id": "ed1de944edafa89e143a05a4eb1a9ab4", "number": "5619359054", "area-code": "352"}, {"id": "ed1de944edafa89e143a05a4eb1a904d", "number": "2105808378", "area-code": "210"}, {"id": "ed1de944edafa89e143a05a4eb1a900a", "number": "9739408287", "area-code": "973"}, {"id": "ed1de944edafa89e143a05a4eb1a86b3", "number": "2144627463", "area-code": "817"}, {"id": "ed1de944edafa89e143a05a4eb1a83a5", "number": "8564302102", "area-code": "856"}, {"id": "ed1de944edafa89e143a05a4eb1a7f47", "number": "2482793480", "area-code": "616"}, {"id": "ed1de944edafa89e143a05a4eb1a70bd", "number": "5172367153", "area-code": "517"}, {"id": "ed1de944edafa89e143a05a4eb1a6172", "number": "8773120509", "area-code": "808"}, {"id": "ed1de944edafa89e143a05a4eb1a5a82", "number": "4783185267", "area-code": "470"}, {"id": "ed1de944edafa89e143a05a4eb1a3e8d", "number": "4052330984", "area-code": "405"}, {"id": "ed1de944edafa89e143a05a4eb1a5595", "number": "5673317585", "area-code": "567"}, {"id": "ed1de944edafa89e143a05a4eb1a5402", "number": "9038651893", "area-code": "610"}, {"id": "ed1de944edafa89e143a05a4eb1a4e87", "number": "3179736563", "area-code": "651"}, {"id": "ed1de944edafa89e143a05a4eb1a4de6", "number": "4407622104", "area-code": "937"}, {"id": "ed1de944edafa89e143a05a4eb1a49e3", "number": "8778057744", "area-code": "704"}, {"id": "ed1de944edafa89e143a05a4eb1a409f", "number": "6026416322", "area-code": "704"}, {"id": "ed1de944edafa89e143a05a4eb1a33e8", "number": "", "area-code": "518"}, {"id": "ed1de944edafa89e143a05a4eb1a3255", "number": "8087465977", "area-code": "808"}, {"id": "ed1de944edafa89e143a05a4eb1a26f6", "number": "5173051787", "area-code": "516"}, {"id": "ed1de944edafa89e143a05a4eb1a1e63", "number": "3132076668", "area-code": "313"}, {"id": "ed1de944edafa89e143a05a4eb1a1085", "number": "760264013", "area-code": "760"}, {"id": "ed1de944edafa89e143a05a4eb1a0f73", "number": "5623583720", "area-code": "626"}, {"id": "ed1de944edafa89e143a05a4eb1a0a29", "number": "9253296268", "area-code": "925"}, {"id": "ed1de944edafa89e143a05a4eb1a07f4", "number": "5707134220", "area-code": "718"}, {"id": "ed1de944edafa89e143a05a4eb1a049c", "number": "9199180657", "area-code": "704"}, {"id": "ed1de944edafa89e143a05a4eb19f63c", "number": "5673776006", "area-code": "567"}, {"id": "ed1de944edafa89e143a05a4eb19ee20", "number": "2623966117", "area-code": "702"}, {"id": "ed1de944edafa89e143a05a4eb19e947", "number": "8047818887", "area-code": "540"}, {"id": "ed1de944edafa89e143a05a4eb19e3d7", "number": "8662836635", "area-code": "352"}, {"id": "ed1de944edafa89e143a05a4eb19d61c", "number": "8649002045", "area-code": "864"}, {"id": "ed1de944edafa89e143a05a4eb19ca38", "number": "522841045256", "area-code": "979"}]}