{"data": [{"id": "2c5ebfe10d4d1d48c8fb698316ff474e", "number": "7722644599", "area-code": "772"}, {"id": "2c5ebfe10d4d1d48c8fb698316ff3cb7", "number": "7732073095", "area-code": "773"}, {"id": "2c5ebfe10d4d1d48c8fb698316ff2f5a", "number": "2818719508", "area-code": "281"}, {"id": "2c5ebfe10d4d1d48c8fb698316ff283b", "number": "3213266496", "area-code": "321"}, {"id": "2c5ebfe10d4d1d48c8fb698316ff1940", "number": "7043855228", "area-code": "615"}, {"id": "2c5ebfe10d4d1d48c8fb698316ff0a43", "number": "5955014474", "area-code": "440"}, {"id": "2c5ebfe10d4d1d48c8fb698316ff090f", "number": "7706327434", "area-code": "770"}, {"id": "2c5ebfe10d4d1d48c8fb698316feff3b", "number": "8607342626", "area-code": "860"}, {"id": "2c5ebfe10d4d1d48c8fb698316fef958", "number": "5043800149", "area-code": "917"}, {"id": "2c5ebfe10d4d1d48c8fb698316fef5c2", "number": "8623032926", "area-code": "570"}, {"id": "2c5ebfe10d4d1d48c8fb698316fee8ac", "number": "8328649204", "area-code": "832"}, {"id": "2c5ebfe10d4d1d48c8fb698316fedb8e", "number": "2023243000", "area-code": "801"}, {"id": "2c5ebfe10d4d1d48c8fb698316fed7ca", "number": "7152863107", "area-code": "715"}, {"id": "2c5ebfe10d4d1d48c8fb698316fed0ab", "number": "7709215366", "area-code": "770"}, {"id": "2c5ebfe10d4d1d48c8fb698316fec0e0", "number": "3163309763", "area-code": "316"}, {"id": "2c5ebfe10d4d1d48c8fb698316feb16a", "number": "5072036160", "area-code": "860"}, {"id": "2c5ebfe10d4d1d48c8fb698316fea3c1", "number": "7816568456", "area-code": "802"}, {"id": "2c5ebfe10d4d1d48c8fb698316fea1d8", "number": "7039401219", "area-code": "816"}, {"id": "2c5ebfe10d4d1d48c8fb698316fe9979", "number": "3015840230", "area-code": "410"}, {"id": "2c5ebfe10d4d1d48c8fb698316fe8b8f", "number": "9416286779", "area-code": "941"}, {"id": "2c5ebfe10d4d1d48c8fb698316fe87ab", "number": "8445642915", "area-code": "281"}, {"id": "2c5ebfe10d4d1d48c8fb698316fe78f6", "number": "8666136855", "area-code": "504"}, {"id": "2c5ebfe10d4d1d48c8fb698316fe7813", "number": "2542339564", "area-code": "254"}, {"id": "2c5ebfe10d4d1d48c8fb698316fe77fb", "number": "2679549716", "area-code": "321"}, {"id": "2c5ebfe10d4d1d48c8fb698316fe72bb", "number": "7622254300", "area-code": "678"}, {"id": "2c5ebfe10d4d1d48c8fb698316fe6e5f", "number": "7574776383", "area-code": "757"}, {"id": "2c5ebfe10d4d1d48c8fb698316fe66a6", "number": "9156712592", "area-code": "915"}, {"id": "2c5ebfe10d4d1d48c8fb698316fe5977", "number": "8555059394", "area-code": "510"}, {"id": "2c5ebfe10d4d1d48c8fb698316fe4bb3", "number": "8666136855", "area-code": "504"}, {"id": "2c5ebfe10d4d1d48c8fb698316fe49f9", "number": "8554439285", "area-code": "405"}, {"id": "2c5ebfe10d4d1d48c8fb698316fe4850", "number": "4045742717", "area-code": "919"}, {"id": "2c5ebfe10d4d1d48c8fb698316fe4103", "number": "3301818953", "area-code": "330"}, {"id": "2c5ebfe10d4d1d48c8fb698316fe32d7", "number": "4056488905", "area-code": "910"}, {"id": "2c5ebfe10d4d1d48c8fb698316fe3176", "number": "8305222427", "area-code": "210"}, {"id": "2c5ebfe10d4d1d48c8fb698316fe298d", "number": "6573844861", "area-code": "315"}, {"id": "2c5ebfe10d4d1d48c8fb698316fe1a8c", "number": "5593153520", "area-code": "410"}, {"id": "2c5ebfe10d4d1d48c8fb698316fe19da", "number": "7085223813", "area-code": "708"}, {"id": "2c5ebfe10d4d1d48c8fb698316fe0a12", "number": "8308500502", "area-code": "605"}, {"id": "2c5ebfe10d4d1d48c8fb698316fe053f", "number": "8335711264", "area-code": "516"}, {"id": "2c5ebfe10d4d1d48c8fb698316fdfa20", "number": "7039401219", "area-code": "816"}, {"id": "2c5ebfe10d4d1d48c8fb698316fdf0d2", "number": "2542339577", "area-code": "254"}, {"id": "2c5ebfe10d4d1d48c8fb698316fdeb91", "number": "5302966041", "area-code": "620"}, {"id": "2c5ebfe10d4d1d48c8fb698316fde804", "number": "4809658435", "area-code": "615"}, {"id": "2c5ebfe10d4d1d48c8fb698316fdddfa", "number": "9014724241", "area-code": "614"}, {"id": "2c5ebfe10d4d1d48c8fb698316fdd1ae", "number": "5512499994", "area-code": "323"}, {"id": "2c5ebfe10d4d1d48c8fb698316fdcad0", "number": "8772523761", "area-code": "305"}, {"id": "2c5ebfe10d4d1d48c8fb698316fdc32d", "number": "", "area-code": "646"}, {"id": "2c5ebfe10d4d1d48c8fb698316fdb633", "number": "6313074609", "area-code": "631"}, {"id": "2c5ebfe10d4d1d48c8fb698316fdaaae", "number": "3305746143", "area-code": "330"}, {"id": "2c5ebfe10d4d1d48c8fb698316fda0d4", "number": "9034465434", "area-code": "615"}]}