{"data": [{"id": "2c5ebfe10d4d1d48c8fb698316fd9a9b", "number": "2602714624", "area-code": "260"}, {"id": "2c5ebfe10d4d1d48c8fb698316fd94e7", "number": "2074775374", "area-code": "207"}, {"id": "2c5ebfe10d4d1d48c8fb698316fd8777", "number": "4103731387", "area-code": "410"}, {"id": "2c5ebfe10d4d1d48c8fb698316fd7a03", "number": "5043707013", "area-code": "504"}, {"id": "2c5ebfe10d4d1d48c8fb698316fd6dd5", "number": "2253045186", "area-code": "614"}, {"id": "2c5ebfe10d4d1d48c8fb698316fd6257", "number": "3163309763", "area-code": "316"}, {"id": "2c5ebfe10d4d1d48c8fb698316fd6223", "number": "4705707168", "area-code": "405"}, {"id": "2c5ebfe10d4d1d48c8fb698316fd5bcc", "number": "4405977032", "area-code": "803"}, {"id": "2c5ebfe10d4d1d48c8fb698316fd5b80", "number": "9142171798", "area-code": "914"}, {"id": "2c5ebfe10d4d1d48c8fb698316fd4e50", "number": "7042280097", "area-code": "910"}, {"id": "2c5ebfe10d4d1d48c8fb698316fd4195", "number": "3608863789", "area-code": "360"}, {"id": "2c5ebfe10d4d1d48c8fb698316fd3232", "number": "7274728021", "area-code": "941"}, {"id": "2c5ebfe10d4d1d48c8fb698316fd28f1", "number": "5164303709", "area-code": "757"}, {"id": "2c5ebfe10d4d1d48c8fb698316fd2508", "number": "4807954566", "area-code": "520"}, {"id": "2c5ebfe10d4d1d48c8fb698316fd1614", "number": "8907379454", "area-code": "717"}, {"id": "2c5ebfe10d4d1d48c8fb698316fd1029", "number": "7866526620", "area-code": "305"}, {"id": "2c5ebfe10d4d1d48c8fb698316fd00ec", "number": "8056377456", "area-code": "973"}, {"id": "2c5ebfe10d4d1d48c8fb698316fcfad2", "number": "4192728832", "area-code": "330"}, {"id": "2c5ebfe10d4d1d48c8fb698316fcf4a0", "number": "4105259532", "area-code": "410"}, {"id": "2c5ebfe10d4d1d48c8fb698316fce8db", "number": "9102924439", "area-code": "910"}, {"id": "2c5ebfe10d4d1d48c8fb698316fcdd53", "number": "2675943569", "area-code": "267"}, {"id": "2c5ebfe10d4d1d48c8fb698316fcd821", "number": "7254000112", "area-code": "586"}, {"id": "2c5ebfe10d4d1d48c8fb698316fccaa1", "number": "2253045186", "area-code": "614"}, {"id": "2c5ebfe10d4d1d48c8fb698316fcca94", "number": "8003441362", "area-code": "401"}, {"id": "2c5ebfe10d4d1d48c8fb698316fcc60e", "number": "5802105342", "area-code": "580"}, {"id": "2c5ebfe10d4d1d48c8fb698316fcbb20", "number": "3168442781", "area-code": "316"}, {"id": "2c5ebfe10d4d1d48c8fb698316fcb3f2", "number": "8884425654", "area-code": "520"}, {"id": "2c5ebfe10d4d1d48c8fb698316fcb123", "number": "5088240823", "area-code": "508"}, {"id": "2c5ebfe10d4d1d48c8fb698316fca399", "number": "8709678526", "area-code": "479"}, {"id": "2c5ebfe10d4d1d48c8fb698316fca326", "number": "4693100420", "area-code": "214"}, {"id": "2c5ebfe10d4d1d48c8fb698316fc991e", "number": "6023697027", "area-code": "513"}, {"id": "2c5ebfe10d4d1d48c8fb698316fc8d1c", "number": "8563633856", "area-code": "856"}, {"id": "2c5ebfe10d4d1d48c8fb698316fc7da1", "number": "2025397891", "area-code": "405"}, {"id": "2c5ebfe10d4d1d48c8fb698316fc7285", "number": "2797779960", "area-code": "325"}, {"id": "2c5ebfe10d4d1d48c8fb698316fc6ffb", "number": "9735246402", "area-code": "843"}, {"id": "2c5ebfe10d4d1d48c8fb698316fc6def", "number": "5203372615", "area-code": "520"}, {"id": "2c5ebfe10d4d1d48c8fb698316fc62a3", "number": "3302226904", "area-code": "614"}, {"id": "2c5ebfe10d4d1d48c8fb698316fc591d", "number": "8005669780", "area-code": "216"}, {"id": "2c5ebfe10d4d1d48c8fb698316fc4c5f", "number": "6023697137", "area-code": "513"}, {"id": "2c5ebfe10d4d1d48c8fb698316fc3fe1", "number": "2035833443", "area-code": "203"}, {"id": "2c5ebfe10d4d1d48c8fb698316fc36da", "number": "7274604649", "area-code": "727"}, {"id": "2c5ebfe10d4d1d48c8fb698316fc3466", "number": "8664842614", "area-code": "520"}, {"id": "2c5ebfe10d4d1d48c8fb698316fc2e2d", "number": "2813754163", "area-code": "214"}, {"id": "2c5ebfe10d4d1d48c8fb698316fc292c", "number": "2698750401", "area-code": "269"}, {"id": "2c5ebfe10d4d1d48c8fb698316fc212b", "number": "8762928436", "area-code": "270"}, {"id": "2c5ebfe10d4d1d48c8fb698316fc1a75", "number": "6023694290", "area-code": "513"}, {"id": "2c5ebfe10d4d1d48c8fb698316fc18b3", "number": "9099665937", "area-code": "909"}, {"id": "2c5ebfe10d4d1d48c8fb698316fc0ffe", "number": "5706895612", "area-code": "570"}, {"id": "2c5ebfe10d4d1d48c8fb698316fc08d3", "number": "8032274228", "area-code": "803"}, {"id": "2c5ebfe10d4d1d48c8fb698316fc00d2", "number": "8005318722", "area-code": "479"}]}