{"data": [{"id": "2c5ebfe10d4d1d48c8fb698316fbfeaa", "number": "5203947077", "area-code": "520"}, {"id": "2c5ebfe10d4d1d48c8fb698316fbfb43", "number": "7042695532", "area-code": "704"}, {"id": "2c5ebfe10d4d1d48c8fb698316fbf6c2", "number": "9378303048", "area-code": "937"}, {"id": "2c5ebfe10d4d1d48c8fb698316fbe7ee", "number": "7572557509", "area-code": "757"}, {"id": "2c5ebfe10d4d1d48c8fb698316fb7c6d", "number": "3522171000", "area-code": "352"}, {"id": "2c5ebfe10d4d1d48c8fb698316fbe111", "number": "2408261730", "area-code": "919"}, {"id": "2c5ebfe10d4d1d48c8fb698316fbda29", "number": "8884425654", "area-code": "520"}, {"id": "2c5ebfe10d4d1d48c8fb698316fbd815", "number": "9176157644", "area-code": "914"}, {"id": "2c5ebfe10d4d1d48c8fb698316fbd3e8", "number": "8507706233", "area-code": "727"}, {"id": "2c5ebfe10d4d1d48c8fb698316fbc96a", "number": "7327439345", "area-code": "732"}, {"id": "2c5ebfe10d4d1d48c8fb698316fbc949", "number": "8665805802", "area-code": "401"}, {"id": "2c5ebfe10d4d1d48c8fb698316fbc4e6", "number": "9495005855", "area-code": "240"}, {"id": "2c5ebfe10d4d1d48c8fb698316fbc200", "number": "9735287760", "area-code": "973"}, {"id": "2c5ebfe10d4d1d48c8fb698316fbb6d1", "number": "", "area-code": "516"}, {"id": "2c5ebfe10d4d1d48c8fb698316fbae89", "number": "5202573953", "area-code": "520"}, {"id": "2c5ebfe10d4d1d48c8fb698316fba56a", "number": "2027548028", "area-code": "216"}, {"id": "2c5ebfe10d4d1d48c8fb698316fb9c9f", "number": "7432127856", "area-code": "781"}, {"id": "2c5ebfe10d4d1d48c8fb698316fb90fc", "number": "7702684804", "area-code": "479"}, {"id": "2c5ebfe10d4d1d48c8fb698316fb8edd", "number": "8137308419", "area-code": "813"}, {"id": "2c5ebfe10d4d1d48c8fb698316fb8af9", "number": "6018513450", "area-code": "601"}, {"id": "2c5ebfe10d4d1d48c8fb698316fb7a1a", "number": "9842408550", "area-code": "937"}, {"id": "2c5ebfe10d4d1d48c8fb698316fb6b9a", "number": "4023101922", "area-code": "402"}, {"id": "2c5ebfe10d4d1d48c8fb698316fb64b1", "number": "8762928436", "area-code": "270"}, {"id": "2c5ebfe10d4d1d48c8fb698316fb614d", "number": "4109077264", "area-code": "410"}, {"id": "2c5ebfe10d4d1d48c8fb698316fb5a6c", "number": "8554439285", "area-code": "828"}, {"id": "2c5ebfe10d4d1d48c8fb698316fb4df3", "number": "8888839824", "area-code": "520"}, {"id": "2c5ebfe10d4d1d48c8fb698316fb4988", "number": "8778057744", "area-code": "401"}, {"id": "2c5ebfe10d4d1d48c8fb698316fb3f71", "number": "5092436802", "area-code": "303"}, {"id": "2c5ebfe10d4d1d48c8fb698316fb31ef", "number": "5202626868", "area-code": "520"}, {"id": "2c5ebfe10d4d1d48c8fb698316fb2df2", "number": "5036573085", "area-code": "727"}, {"id": "2c5ebfe10d4d1d48c8fb698316fb246b", "number": "9192611207", "area-code": "919"}, {"id": "2c5ebfe10d4d1d48c8fb698316fb1d22", "number": "4053527932", "area-code": "405"}, {"id": "2c5ebfe10d4d1d48c8fb698316fb19e0", "number": "6232507700", "area-code": "520"}, {"id": "2c5ebfe10d4d1d48c8fb698316fb0dc9", "number": "", "area-code": "224"}, {"id": "2c5ebfe10d4d1d48c8fb698316fb0267", "number": "8705682435", "area-code": "479"}, {"id": "2c5ebfe10d4d1d48c8fb698316faf872", "number": "7275604517", "area-code": "727"}, {"id": "2c5ebfe10d4d1d48c8fb698316faf2dc", "number": "5202622360", "area-code": "520"}, {"id": "2c5ebfe10d4d1d48c8fb698316faecd8", "number": "9592078908", "area-code": "860"}, {"id": "2c5ebfe10d4d1d48c8fb698316fae75a", "number": "8558951681", "area-code": "828"}, {"id": "2c5ebfe10d4d1d48c8fb698316fae4e2", "number": "6232304474", "area-code": "520"}, {"id": "2c5ebfe10d4d1d48c8fb698316fad6e7", "number": "2172792777", "area-code": "216"}, {"id": "2c5ebfe10d4d1d48c8fb698316face60", "number": "", "area-code": "316"}, {"id": "2c5ebfe10d4d1d48c8fb698316facce4", "number": "4075855548", "area-code": "863"}, {"id": "2c5ebfe10d4d1d48c8fb698316fabefa", "number": "9043414170", "area-code": "727"}, {"id": "2c5ebfe10d4d1d48c8fb698316fab7b7", "number": "9045951128", "area-code": "512"}, {"id": "2c5ebfe10d4d1d48c8fb698316faac84", "number": "2029140914", "area-code": "440"}, {"id": "2c5ebfe10d4d1d48c8fb698316fa9ca3", "number": "8042945367", "area-code": "804"}, {"id": "2c5ebfe10d4d1d48c8fb698316fa97e1", "number": "5714156311", "area-code": "434"}, {"id": "2c5ebfe10d4d1d48c8fb698316fa886d", "number": "5402107650", "area-code": "540"}, {"id": "2c5ebfe10d4d1d48c8fb698316fa7f82", "number": "6572375982", "area-code": "206"}]}