{"data": [{"id": "2c5ebfe10d4d1d48c8fb698316f71f92", "number": "7124499634", "area-code": "712"}, {"id": "2c5ebfe10d4d1d48c8fb698316f71da9", "number": "4134226714", "area-code": "336"}, {"id": "2c5ebfe10d4d1d48c8fb698316f70e7e", "number": "888295540", "area-code": "201"}, {"id": "2c5ebfe10d4d1d48c8fb698316f6ffea", "number": "4179081273", "area-code": "417"}, {"id": "2c5ebfe10d4d1d48c8fb698316f6f08c", "number": "2029007121", "area-code": "601"}, {"id": "2c5ebfe10d4d1d48c8fb698316f6e6b9", "number": "2566492364", "area-code": "225"}, {"id": "2c5ebfe10d4d1d48c8fb698316f6e407", "number": "8609626931", "area-code": "860"}, {"id": "2c5ebfe10d4d1d48c8fb698316f6d4da", "number": "8139094721", "area-code": "813"}, {"id": "2c5ebfe10d4d1d48c8fb698316f6d0d3", "number": "8174683279", "area-code": "817"}, {"id": "2c5ebfe10d4d1d48c8fb698316f6d090", "number": "8594572586", "area-code": "859"}, {"id": "2c5ebfe10d4d1d48c8fb698316f6c4a3", "number": "3253085052", "area-code": "214"}, {"id": "2c5ebfe10d4d1d48c8fb698316f6c117", "number": "3852698945", "area-code": "978"}, {"id": "2c5ebfe10d4d1d48c8fb698316f6bb0e", "number": "8457015503", "area-code": "215"}, {"id": "2c5ebfe10d4d1d48c8fb698316f6ab3b", "number": "8602546074", "area-code": "860"}, {"id": "2c5ebfe10d4d1d48c8fb698316f6a2b1", "number": "2399320282", "area-code": "850"}, {"id": "2c5ebfe10d4d1d48c8fb698316f696f8", "number": "8335510677", "area-code": "919"}, {"id": "2c5ebfe10d4d1d48c8fb698316f6965f", "number": "3137710452", "area-code": "313"}, {"id": "2c5ebfe10d4d1d48c8fb698316f68cca", "number": "2402612094", "area-code": "240"}, {"id": "2c5ebfe10d4d1d48c8fb698316f68ca0", "number": "8336150731", "area-code": "732"}, {"id": "2c5ebfe10d4d1d48c8fb698316f67852", "number": "", "area-code": "860"}, {"id": "2c5ebfe10d4d1d48c8fb698316f683be", "number": "9102349283", "area-code": "479"}, {"id": "2c5ebfe10d4d1d48c8fb698316f67ce8", "number": "8595127905", "area-code": "859"}, {"id": "2c5ebfe10d4d1d48c8fb698316f6709c", "number": "", "area-code": "214"}, {"id": "2c5ebfe10d4d1d48c8fb698316f66a4f", "number": "5732018142", "area-code": "215"}, {"id": "2c5ebfe10d4d1d48c8fb698316f664a1", "number": "8042038545", "area-code": "804"}, {"id": "2c5ebfe10d4d1d48c8fb698316f65d78", "number": "3256033616", "area-code": "325"}, {"id": "2c5ebfe10d4d1d48c8fb698316f65bb4", "number": "5399990268", "area-code": "586"}, {"id": "2c5ebfe10d4d1d48c8fb698316f6508c", "number": "7242788572", "area-code": "724"}, {"id": "2c5ebfe10d4d1d48c8fb698316f64b17", "number": "116155763074", "area-code": "615"}, {"id": "2c5ebfe10d4d1d48c8fb698316f63d99", "number": "", "area-code": "214"}, {"id": "2c5ebfe10d4d1d48c8fb698316f63c13", "number": "5128569591", "area-code": "818"}, {"id": "2c5ebfe10d4d1d48c8fb698316f637fa", "number": "8009851624", "area-code": "510"}, {"id": "2c5ebfe10d4d1d48c8fb698316f62b93", "number": "2023217325", "area-code": "301"}, {"id": "2c5ebfe10d4d1d48c8fb698316f628c4", "number": "4842634021", "area-code": "313"}, {"id": "2c5ebfe10d4d1d48c8fb698316f61f1d", "number": "8602546074", "area-code": "860"}, {"id": "2c5ebfe10d4d1d48c8fb698316f6173b", "number": "8885667321", "area-code": "508"}, {"id": "2c5ebfe10d4d1d48c8fb698316f609ff", "number": "8004969471", "area-code": "401"}, {"id": "2c5ebfe10d4d1d48c8fb698316f5fc43", "number": "6282567468", "area-code": "818"}, {"id": "2c5ebfe10d4d1d48c8fb698316f5f32a", "number": "6823018143", "area-code": "859"}, {"id": "2c5ebfe10d4d1d48c8fb698316f5ebe1", "number": "4406381076", "area-code": "440"}, {"id": "2c5ebfe10d4d1d48c8fb698316f5e582", "number": "7572644843", "area-code": "747"}, {"id": "2c5ebfe10d4d1d48c8fb698316f5dddc", "number": "6105690094", "area-code": "215"}, {"id": "2c5ebfe10d4d1d48c8fb698316f5dbfd", "number": "4103226555", "area-code": "410"}, {"id": "2c5ebfe10d4d1d48c8fb698316f5d7da", "number": "", "area-code": "817"}, {"id": "2c5ebfe10d4d1d48c8fb698316f5d67f", "number": "6157688836", "area-code": "615"}, {"id": "2c5ebfe10d4d1d48c8fb698316f5cbac", "number": "4084755746", "area-code": "818"}, {"id": "2c5ebfe10d4d1d48c8fb698316f5bdd3", "number": "8032918094", "area-code": "910"}, {"id": "2c5ebfe10d4d1d48c8fb698316f5b6a2", "number": "", "area-code": "443"}, {"id": "2c5ebfe10d4d1d48c8fb698316f5b40a", "number": "2547623655", "area-code": "214"}, {"id": "2c5ebfe10d4d1d48c8fb698316f5aa74", "number": "5734030451", "area-code": "973"}]}