{"data": [{"id": "ed1de944edafa89e143a05a4eb19c1f9", "number": "7042695538", "area-code": "704"}, {"id": "ed1de944edafa89e143a05a4eb19b6ad", "number": "2482703480", "area-code": "616"}, {"id": "ed1de944edafa89e143a05a4eb19aa29", "number": "6104574310", "area-code": "610"}, {"id": "ed1de944edafa89e143a05a4eb199a49", "number": "6503595158", "area-code": "650"}, {"id": "ed1de944edafa89e143a05a4eb199893", "number": "3143289055", "area-code": "314"}, {"id": "ed1de944edafa89e143a05a4eb19903d", "number": "7759810138", "area-code": "702"}, {"id": "ed1de944edafa89e143a05a4eb198b52", "number": "5302876467", "area-code": "718"}, {"id": "ed1de944edafa89e143a05a4eb19881b", "number": "6313240181", "area-code": "631"}, {"id": "ed1de944edafa89e143a05a4eb197dca", "number": "522841045256", "area-code": "979"}, {"id": "ed1de944edafa89e143a05a4eb1966ff", "number": "9497099803", "area-code": "314"}, {"id": "ed1de944edafa89e143a05a4eb197d90", "number": "6265936588", "area-code": "626"}, {"id": "ed1de944edafa89e143a05a4eb196f3b", "number": "9803994837", "area-code": "704"}, {"id": "ed1de944edafa89e143a05a4eb196188", "number": "9176595721", "area-code": "917"}, {"id": "ed1de944edafa89e143a05a4eb1953a0", "number": "8006904316", "area-code": "567"}, {"id": "ed1de944edafa89e143a05a4eb195194", "number": "3302943185", "area-code": "850"}, {"id": "ed1de944edafa89e143a05a4eb194e4b", "number": "4693122887", "area-code": "972"}, {"id": "ed1de944edafa89e143a05a4eb1945c7", "number": "2015542803", "area-code": "760"}, {"id": "ed1de944edafa89e143a05a4eb194507", "number": "7404433265", "area-code": "919"}, {"id": "ed1de944edafa89e143a05a4eb1935e7", "number": "9712537992", "area-code": "541"}, {"id": "ed1de944edafa89e143a05a4eb192762", "number": "9803994165", "area-code": "646"}, {"id": "ed1de944edafa89e143a05a4eb191a72", "number": "4808284417", "area-code": "480"}, {"id": "ed1de944edafa89e143a05a4eb191984", "number": "7023538925", "area-code": "702"}, {"id": "ed1de944edafa89e143a05a4eb190a16", "number": "3605364431", "area-code": "253"}, {"id": "ed1de944edafa89e143a05a4eb18e5ea", "number": "9497099803", "area-code": "314"}, {"id": "ed1de944edafa89e143a05a4eb190680", "number": "8662367806", "area-code": "618"}, {"id": "ed1de944edafa89e143a05a4eb18fc76", "number": "3603232248", "area-code": "206"}, {"id": "ed1de944edafa89e143a05a4eb18f943", "number": "2028660116", "area-code": "314"}, {"id": "ed1de944edafa89e143a05a4eb18f940", "number": "8002532322", "area-code": "919"}, {"id": "ed1de944edafa89e143a05a4eb18f772", "number": "9199180627", "area-code": "704"}, {"id": "ed1de944edafa89e143a05a4eb18ef8e", "number": "7181489585", "area-code": "718"}, {"id": "ed1de944edafa89e143a05a4eb185a94", "number": "8448097717", "area-code": "724"}, {"id": "ed1de944edafa89e143a05a4eb18e0bf", "number": "4083516705", "area-code": "408"}, {"id": "ed1de944edafa89e143a05a4eb18d491", "number": "5093187926", "area-code": "317"}, {"id": "ed1de944edafa89e143a05a4eb1859e0", "number": "8002770257", "area-code": "215"}, {"id": "ed1de944edafa89e143a05a4eb18c5b3", "number": "7547044361", "area-code": "347"}, {"id": "ed1de944edafa89e143a05a4eb18c59b", "number": "4694552483", "area-code": "469"}, {"id": "ed1de944edafa89e143a05a4eb18bdd6", "number": "9094621031", "area-code": "312"}, {"id": "ed1de944edafa89e143a05a4eb18bc91", "number": "6812883246", "area-code": "813"}, {"id": "ed1de944edafa89e143a05a4eb18b068", "number": "3152774748", "area-code": "631"}, {"id": "ed1de944edafa89e143a05a4eb18af22", "number": "7180278460", "area-code": "718"}, {"id": "ed1de944edafa89e143a05a4eb18ac50", "number": "8452983891", "area-code": "845"}, {"id": "ed1de944edafa89e143a05a4eb18a85c", "number": "2841045256", "area-code": "979"}, {"id": "ed1de944edafa89e143a05a4eb18a5bf", "number": "8002532322", "area-code": "919"}, {"id": "ed1de944edafa89e143a05a4eb18a529", "number": "8189461187", "area-code": "760"}, {"id": "ed1de944edafa89e143a05a4eb1896c5", "number": "2122417568", "area-code": "360"}, {"id": "ed1de944edafa89e143a05a4eb188d09", "number": "5615236049", "area-code": "561"}, {"id": "ed1de944edafa89e143a05a4eb18826f", "number": "9803994838", "area-code": "704"}, {"id": "ed1de944edafa89e143a05a4eb187904", "number": "9512992254", "area-code": "208"}, {"id": "ed1de944edafa89e143a05a4eb186b9c", "number": "7027234239", "area-code": "718"}, {"id": "ed1de944edafa89e143a05a4eb18644c", "number": "2024087996", "area-code": "301"}]}