{"data": [{"id": "2c5ebfe10d4d1d48c8fb698316efe78b", "number": "8006859334", "area-code": "631"}, {"id": "2c5ebfe10d4d1d48c8fb698316efdab7", "number": "5403298782", "area-code": "804"}, {"id": "2c5ebfe10d4d1d48c8fb698316efcbba", "number": "8652385830", "area-code": "865"}, {"id": "2c5ebfe10d4d1d48c8fb698316efc6a0", "number": "3018222189", "area-code": "301"}, {"id": "2c5ebfe10d4d1d48c8fb698316efbc3d", "number": "3124603947", "area-code": "520"}, {"id": "2c5ebfe10d4d1d48c8fb698316efae80", "number": "8327826871", "area-code": "832"}, {"id": "2c5ebfe10d4d1d48c8fb698316efa455", "number": "8029920479", "area-code": "603"}, {"id": "2c5ebfe10d4d1d48c8fb698316ef9854", "number": "8789990665", "area-code": "570"}, {"id": "2c5ebfe10d4d1d48c8fb698316ef9128", "number": "3017804229", "area-code": "301"}, {"id": "2c5ebfe10d4d1d48c8fb698316ef8d1b", "number": "3362285695", "area-code": "336"}, {"id": "2c5ebfe10d4d1d48c8fb698316ef7fa0", "number": "", "area-code": "971"}, {"id": "2c5ebfe10d4d1d48c8fb698316ef7139", "number": "9203286952", "area-code": "920"}, {"id": "2c5ebfe10d4d1d48c8fb698316ef683a", "number": "8029920479", "area-code": "603"}, {"id": "2c5ebfe10d4d1d48c8fb698316ef6544", "number": "", "area-code": "561"}, {"id": "2c5ebfe10d4d1d48c8fb698316ef575d", "number": "7816949000", "area-code": "603"}, {"id": "2c5ebfe10d4d1d48c8fb698316ef511a", "number": "6674005032", "area-code": "443"}, {"id": "2c5ebfe10d4d1d48c8fb698316ef4d2a", "number": "8882955540", "area-code": "570"}, {"id": "2c5ebfe10d4d1d48c8fb698316ef3e3c", "number": "8887180165", "area-code": "919"}, {"id": "2c5ebfe10d4d1d48c8fb698316ef30b0", "number": "2029263280", "area-code": "301"}, {"id": "2c5ebfe10d4d1d48c8fb698316ef231e", "number": "5203373620", "area-code": "520"}, {"id": "2c5ebfe10d4d1d48c8fb698316ef2191", "number": "3015857936", "area-code": "301"}, {"id": "2c5ebfe10d4d1d48c8fb698316ef133e", "number": "7165667713", "area-code": "716"}, {"id": "2c5ebfe10d4d1d48c8fb698316ef084e", "number": "3133970720", "area-code": "856"}, {"id": "2c5ebfe10d4d1d48c8fb698316eefd41", "number": "6412011836", "area-code": "602"}, {"id": "2c5ebfe10d4d1d48c8fb698316eef312", "number": "4152976814", "area-code": "832"}, {"id": "2c5ebfe10d4d1d48c8fb698316eeee1e", "number": "9545975986", "area-code": "229"}, {"id": "2c5ebfe10d4d1d48c8fb698316eee2c2", "number": "7867566083", "area-code": "330"}, {"id": "2c5ebfe10d4d1d48c8fb698316eee0a0", "number": "8604978280", "area-code": "248"}, {"id": "2c5ebfe10d4d1d48c8fb698316eed99a", "number": "9193354237", "area-code": "919"}, {"id": "2c5ebfe10d4d1d48c8fb698316eed80d", "number": "5702068269", "area-code": "570"}, {"id": "2c5ebfe10d4d1d48c8fb698316eeccf1", "number": "", "area-code": "732"}, {"id": "2c5ebfe10d4d1d48c8fb698316eebe84", "number": "4023821529", "area-code": "210"}, {"id": "2c5ebfe10d4d1d48c8fb698316eeaf76", "number": "8643399545", "area-code": "864"}, {"id": "2c5ebfe10d4d1d48c8fb698316eeaec4", "number": "8564787607", "area-code": "856"}, {"id": "2c5ebfe10d4d1d48c8fb698316eea8e8", "number": "2179559689", "area-code": "248"}, {"id": "2c5ebfe10d4d1d48c8fb698316ee9b0b", "number": "2399320282", "area-code": "239"}, {"id": "2c5ebfe10d4d1d48c8fb698316ee9587", "number": "5709198255", "area-code": "570"}, {"id": "2c5ebfe10d4d1d48c8fb698316ee8cae", "number": "7039401219", "area-code": "804"}, {"id": "2c5ebfe10d4d1d48c8fb698316ee85fc", "number": "4062260597", "area-code": "210"}, {"id": "2c5ebfe10d4d1d48c8fb698316ee7a52", "number": "5135996985", "area-code": "330"}, {"id": "2c5ebfe10d4d1d48c8fb698316ee708b", "number": "2393253408", "area-code": "856"}, {"id": "2c5ebfe10d4d1d48c8fb698316ee7078", "number": "8006222580", "area-code": "516"}, {"id": "2c5ebfe10d4d1d48c8fb698316ee6ddc", "number": "3017929421", "area-code": "301"}, {"id": "2c5ebfe10d4d1d48c8fb698316ee5ee2", "number": "8883613944", "area-code": "703"}, {"id": "2c5ebfe10d4d1d48c8fb698316ee5ac9", "number": "8335510677", "area-code": "978"}, {"id": "2c5ebfe10d4d1d48c8fb698316ee4ad1", "number": "4082583667", "area-code": "757"}, {"id": "2c5ebfe10d4d1d48c8fb698316ee476f", "number": "3017804613", "area-code": "301"}, {"id": "2c5ebfe10d4d1d48c8fb698316ee3ebd", "number": "3312399016", "area-code": "703"}, {"id": "2c5ebfe10d4d1d48c8fb698316ee3c8e", "number": "2109716131", "area-code": "210"}, {"id": "2c5ebfe10d4d1d48c8fb698316ee30a7", "number": "5179995724", "area-code": "248"}]}