{"data": [{"id": "2c5ebfe10d4d1d48c8fb698316ee22e7", "number": "6096149648", "area-code": "859"}, {"id": "2c5ebfe10d4d1d48c8fb698316ee1634", "number": "", "area-code": "469"}, {"id": "2c5ebfe10d4d1d48c8fb698316ee1030", "number": "2483018503", "area-code": "248"}, {"id": "2c5ebfe10d4d1d48c8fb698316ee0656", "number": "3017804613", "area-code": "301"}, {"id": "2c5ebfe10d4d1d48c8fb698316ee03fd", "number": "5139126148", "area-code": "856"}, {"id": "2c5ebfe10d4d1d48c8fb698316ee009c", "number": "3308127812", "area-code": "330"}, {"id": "2c5ebfe10d4d1d48c8fb698316edfcf6", "number": "9183933966", "area-code": "989"}, {"id": "2c5ebfe10d4d1d48c8fb698316edfa4b", "number": "7657906686", "area-code": "210"}, {"id": "2c5ebfe10d4d1d48c8fb698316ededbb", "number": "7574188181", "area-code": "757"}, {"id": "2c5ebfe10d4d1d48c8fb698316eded53", "number": "5034614666", "area-code": "503"}, {"id": "2c5ebfe10d4d1d48c8fb698316ede95b", "number": "8443023341", "area-code": "978"}, {"id": "2c5ebfe10d4d1d48c8fb698316edda7b", "number": "2486577384", "area-code": "248"}, {"id": "2c5ebfe10d4d1d48c8fb698316edd72e", "number": "2158532366", "area-code": "215"}, {"id": "2c5ebfe10d4d1d48c8fb698316edd4ef", "number": "2029263280", "area-code": "301"}, {"id": "2c5ebfe10d4d1d48c8fb698316edd204", "number": "7028277746", "area-code": "203"}, {"id": "2c5ebfe10d4d1d48c8fb698316edc737", "number": "2036415539", "area-code": "203"}, {"id": "2c5ebfe10d4d1d48c8fb698316edb8f7", "number": "3155155852", "area-code": "315"}, {"id": "2c5ebfe10d4d1d48c8fb698316edb04f", "number": "2484796828", "area-code": "248"}, {"id": "2c5ebfe10d4d1d48c8fb698316eda34b", "number": "2293479452", "area-code": "229"}, {"id": "2c5ebfe10d4d1d48c8fb698316ed9ae8", "number": "3156403703", "area-code": "516"}, {"id": "2c5ebfe10d4d1d48c8fb698316ed9395", "number": "8568672827", "area-code": "856"}, {"id": "2c5ebfe10d4d1d48c8fb698316ed8990", "number": "3018222401", "area-code": "301"}, {"id": "2c5ebfe10d4d1d48c8fb698316ed7d97", "number": "3308068683", "area-code": "330"}, {"id": "2c5ebfe10d4d1d48c8fb698316ed75af", "number": "2029355545", "area-code": "859"}, {"id": "2c5ebfe10d4d1d48c8fb698316ed75a9", "number": "5182680260", "area-code": "310"}, {"id": "2c5ebfe10d4d1d48c8fb698316ed69d8", "number": "", "area-code": "866"}, {"id": "2c5ebfe10d4d1d48c8fb698316ed5b38", "number": "6178120164", "area-code": "203"}, {"id": "2c5ebfe10d4d1d48c8fb698316ed4c0a", "number": "3154173773", "area-code": "315"}, {"id": "2c5ebfe10d4d1d48c8fb698316ed4400", "number": "2293476717", "area-code": "229"}, {"id": "2c5ebfe10d4d1d48c8fb698316ed3f6a", "number": "4106223667", "area-code": "301"}, {"id": "2c5ebfe10d4d1d48c8fb698316ed3b69", "number": "3109553047", "area-code": "310"}, {"id": "2c5ebfe10d4d1d48c8fb698316ed391b", "number": "4022755607", "area-code": "856"}, {"id": "2c5ebfe10d4d1d48c8fb698316ed37ca", "number": "3304278602", "area-code": "330"}, {"id": "2c5ebfe10d4d1d48c8fb698316ed309d", "number": "3018248133", "area-code": "301"}, {"id": "2c5ebfe10d4d1d48c8fb698316ed2ae9", "number": "8442155409", "area-code": "516"}, {"id": "2c5ebfe10d4d1d48c8fb698316ed29a8", "number": "6146431723", "area-code": "859"}, {"id": "2c5ebfe10d4d1d48c8fb698316ed21f2", "number": "4122066424", "area-code": "267"}, {"id": "2c5ebfe10d4d1d48c8fb698316ed1c1a", "number": "6466703493", "area-code": "507"}, {"id": "2c5ebfe10d4d1d48c8fb698316ed0cb8", "number": "8002663113", "area-code": "248"}, {"id": "2c5ebfe10d4d1d48c8fb698316ecfe90", "number": "5593325309", "area-code": "908"}, {"id": "2c5ebfe10d4d1d48c8fb698316eceebb", "number": "4106223667", "area-code": "301"}, {"id": "2c5ebfe10d4d1d48c8fb698316ece7c1", "number": "6197451622", "area-code": "716"}, {"id": "2c5ebfe10d4d1d48c8fb698316ecdd08", "number": "9712732039", "area-code": "248"}, {"id": "2c5ebfe10d4d1d48c8fb698316ecd097", "number": "2025397950", "area-code": "410"}, {"id": "2c5ebfe10d4d1d48c8fb698316eccd2e", "number": "8163930498", "area-code": "413"}, {"id": "2c5ebfe10d4d1d48c8fb698316ecc878", "number": "2602174239", "area-code": "734"}, {"id": "2c5ebfe10d4d1d48c8fb698316ecc034", "number": "5312355342", "area-code": "248"}, {"id": "2c5ebfe10d4d1d48c8fb698316ecba81", "number": "8563333973", "area-code": "856"}, {"id": "2c5ebfe10d4d1d48c8fb698316ecb4b6", "number": "2814771056", "area-code": "301"}, {"id": "2c5ebfe10d4d1d48c8fb698316ecaf5a", "number": "9803683477", "area-code": "336"}]}