{"data": [{"id": "2c5ebfe10d4d1d48c8fb698316ecadf5", "number": "4124303876", "area-code": "301"}, {"id": "2c5ebfe10d4d1d48c8fb698316ecac9e", "number": "7262357510", "area-code": "919"}, {"id": "2c5ebfe10d4d1d48c8fb698316ecac68", "number": "7039401219", "area-code": "908"}, {"id": "2c5ebfe10d4d1d48c8fb698316ecac17", "number": "6204980782", "area-code": "785"}, {"id": "2c5ebfe10d4d1d48c8fb698316eca256", "number": "6183560664", "area-code": "515"}, {"id": "2c5ebfe10d4d1d48c8fb698316ec96e4", "number": "4109342339", "area-code": "301"}, {"id": "2c5ebfe10d4d1d48c8fb698316ec96c1", "number": "8054299530", "area-code": "508"}, {"id": "2c5ebfe10d4d1d48c8fb698316ec9662", "number": "7862619804", "area-code": "786"}, {"id": "2c5ebfe10d4d1d48c8fb698316ec8f98", "number": "8668848055", "area-code": "919"}, {"id": "2c5ebfe10d4d1d48c8fb698316ec819b", "number": "3016582817", "area-code": "301"}, {"id": "2c5ebfe10d4d1d48c8fb698316ec799d", "number": "7736071325", "area-code": "954"}, {"id": "2c5ebfe10d4d1d48c8fb698316ec7943", "number": "8137789498", "area-code": "813"}, {"id": "2c5ebfe10d4d1d48c8fb698316ec6f14", "number": "7276107485", "area-code": "919"}, {"id": "2c5ebfe10d4d1d48c8fb698316ec6c9d", "number": "6204980782", "area-code": "785"}, {"id": "2c5ebfe10d4d1d48c8fb698316ec60b7", "number": "9183878449", "area-code": "919"}, {"id": "2c5ebfe10d4d1d48c8fb698316ec51dc", "number": "5086800225", "area-code": "201"}, {"id": "2c5ebfe10d4d1d48c8fb698316ec46a8", "number": "3136210606", "area-code": "586"}, {"id": "2c5ebfe10d4d1d48c8fb698316ec40d1", "number": "3018764456", "area-code": "301"}, {"id": "2c5ebfe10d4d1d48c8fb698316ec3941", "number": "8003521714", "area-code": "860"}, {"id": "2c5ebfe10d4d1d48c8fb698316ec2c66", "number": "7016585778", "area-code": "919"}, {"id": "2c5ebfe10d4d1d48c8fb698316ec29c8", "number": "9782397006", "area-code": "978"}, {"id": "2c5ebfe10d4d1d48c8fb698316ec287e", "number": "8282480796", "area-code": "919"}, {"id": "2c5ebfe10d4d1d48c8fb698316ec1c77", "number": "6185070020", "area-code": "515"}, {"id": "2c5ebfe10d4d1d48c8fb698316ec0d8c", "number": "8324219998", "area-code": "314"}, {"id": "2c5ebfe10d4d1d48c8fb698316ec00fd", "number": "6204980782", "area-code": "785"}, {"id": "2c5ebfe10d4d1d48c8fb698316ebf62f", "number": "4237021575", "area-code": "781"}, {"id": "2c5ebfe10d4d1d48c8fb698316ebf144", "number": "2406216911", "area-code": "301"}, {"id": "2c5ebfe10d4d1d48c8fb698316ebef2e", "number": "9197286709", "area-code": "919"}, {"id": "2c5ebfe10d4d1d48c8fb698316ebeae8", "number": "8647278468", "area-code": "978"}, {"id": "2c5ebfe10d4d1d48c8fb698316ebe8ae", "number": "4237158245", "area-code": "423"}, {"id": "2c5ebfe10d4d1d48c8fb698316ebe856", "number": "9198998108", "area-code": "919"}, {"id": "2c5ebfe10d4d1d48c8fb698316ebdbb0", "number": "3016912447", "area-code": "301"}, {"id": "2c5ebfe10d4d1d48c8fb698316ebd4bb", "number": "8602223415", "area-code": "516"}, {"id": "2c5ebfe10d4d1d48c8fb698316ebc821", "number": "9549809704", "area-code": "954"}, {"id": "2c5ebfe10d4d1d48c8fb698316ebbe21", "number": "5402158853", "area-code": "540"}, {"id": "2c5ebfe10d4d1d48c8fb698316ebbaa7", "number": "6033896018", "area-code": "859"}, {"id": "2c5ebfe10d4d1d48c8fb698316ebb239", "number": "6038201592", "area-code": "828"}, {"id": "2c5ebfe10d4d1d48c8fb698316ebab19", "number": "6822679206", "area-code": "989"}, {"id": "2c5ebfe10d4d1d48c8fb698316eb9db2", "number": "7128003366", "area-code": "515"}, {"id": "2c5ebfe10d4d1d48c8fb698316eb9613", "number": "6206340966", "area-code": "785"}, {"id": "2c5ebfe10d4d1d48c8fb698316eb9310", "number": "8284923058", "area-code": "919"}, {"id": "2c5ebfe10d4d1d48c8fb698316eb88ed", "number": "9137218662", "area-code": "614"}, {"id": "2c5ebfe10d4d1d48c8fb698316eb7a85", "number": "3015852776", "area-code": "301"}, {"id": "2c5ebfe10d4d1d48c8fb698316eb72bd", "number": "3364778134", "area-code": "919"}, {"id": "2c5ebfe10d4d1d48c8fb698316eb6fd5", "number": "9787241793", "area-code": "617"}, {"id": "2c5ebfe10d4d1d48c8fb698316eb6b6b", "number": "4124303876", "area-code": "301"}, {"id": "2c5ebfe10d4d1d48c8fb698316eb6b09", "number": "7042280096", "area-code": "919"}, {"id": "2c5ebfe10d4d1d48c8fb698316eb5fd9", "number": "6073031857", "area-code": "770"}, {"id": "2c5ebfe10d4d1d48c8fb698316eb57c6", "number": "8003563477", "area-code": "410"}, {"id": "2c5ebfe10d4d1d48c8fb698316eb50a3", "number": "7432128043", "area-code": "860"}]}