{"data": [{"id": "2c5ebfe10d4d1d48c8fb698316eb4a61", "number": "9182030964", "area-code": "919"}, {"id": "2c5ebfe10d4d1d48c8fb698316eb4150", "number": "7273618218", "area-code": "502"}, {"id": "2c5ebfe10d4d1d48c8fb698316eb3ad2", "number": "8598543522", "area-code": "270"}, {"id": "2c5ebfe10d4d1d48c8fb698316eb39cd", "number": "2029263280", "area-code": "301"}, {"id": "2c5ebfe10d4d1d48c8fb698316eb2f66", "number": "7063974753", "area-code": "919"}, {"id": "2c5ebfe10d4d1d48c8fb698316eb242e", "number": "3056523183", "area-code": "502"}, {"id": "2c5ebfe10d4d1d48c8fb698316eb239d", "number": "4075378598", "area-code": "407"}, {"id": "2c5ebfe10d4d1d48c8fb698316eb1993", "number": "3017150122", "area-code": "301"}, {"id": "2c5ebfe10d4d1d48c8fb698316eb0c1b", "number": "8314606586", "area-code": "302"}, {"id": "2c5ebfe10d4d1d48c8fb698316eb075b", "number": "5025322945", "area-code": "502"}, {"id": "2c5ebfe10d4d1d48c8fb698316eaf81d", "number": "7078199986", "area-code": "828"}, {"id": "2c5ebfe10d4d1d48c8fb698316eaf33d", "number": "8137558730", "area-code": "919"}, {"id": "2c5ebfe10d4d1d48c8fb698316eae9be", "number": "7276140023", "area-code": "215"}, {"id": "2c5ebfe10d4d1d48c8fb698316eadf22", "number": "2109127904", "area-code": "210"}, {"id": "2c5ebfe10d4d1d48c8fb698316ead09a", "number": "7276140024", "area-code": "203"}, {"id": "2c5ebfe10d4d1d48c8fb698316eacd09", "number": "2075202283", "area-code": "407"}, {"id": "2c5ebfe10d4d1d48c8fb698316eaca2b", "number": "5024094257", "area-code": "502"}, {"id": "2c5ebfe10d4d1d48c8fb698316eac72e", "number": "7742509374", "area-code": "248"}, {"id": "2c5ebfe10d4d1d48c8fb698316eab924", "number": "7066075685", "area-code": "919"}, {"id": "2c5ebfe10d4d1d48c8fb698316eaafa5", "number": "2409367463", "area-code": "301"}, {"id": "2c5ebfe10d4d1d48c8fb698316eaa246", "number": "8888299436", "area-code": "239"}, {"id": "2c5ebfe10d4d1d48c8fb698316ea9492", "number": "5732018142", "area-code": "828"}, {"id": "2c5ebfe10d4d1d48c8fb698316ea8c66", "number": "2702756267", "area-code": "502"}, {"id": "2c5ebfe10d4d1d48c8fb698316ea8188", "number": "8186964641", "area-code": "704"}, {"id": "2c5ebfe10d4d1d48c8fb698316ea727a", "number": "4249038988", "area-code": "561"}, {"id": "2c5ebfe10d4d1d48c8fb698316ea6adb", "number": "6187676249", "area-code": "515"}, {"id": "2c5ebfe10d4d1d48c8fb698316ea636f", "number": "5163575198", "area-code": "516"}, {"id": "2c5ebfe10d4d1d48c8fb698316ea58a2", "number": "5203826554", "area-code": "630"}, {"id": "2c5ebfe10d4d1d48c8fb698316ea56c5", "number": "8509055692", "area-code": "407"}, {"id": "2c5ebfe10d4d1d48c8fb698316ea498d", "number": "7036915725", "area-code": "703"}, {"id": "2c5ebfe10d4d1d48c8fb698316ea4415", "number": "3014337940", "area-code": "301"}, {"id": "2c5ebfe10d4d1d48c8fb698316ea4036", "number": "8664957049", "area-code": "832"}, {"id": "2c5ebfe10d4d1d48c8fb698316ea3cc8", "number": "9166209350", "area-code": "916"}, {"id": "2c5ebfe10d4d1d48c8fb698316ea2f5d", "number": "3044138126", "area-code": "919"}, {"id": "2c5ebfe10d4d1d48c8fb698316e9f43c", "number": "4436627419", "area-code": "208"}, {"id": "2c5ebfe10d4d1d48c8fb698316ea2b89", "number": "2134633403", "area-code": "917"}, {"id": "2c5ebfe10d4d1d48c8fb698316ea2488", "number": "8568613250", "area-code": "407"}, {"id": "2c5ebfe10d4d1d48c8fb698316ea1b3a", "number": "2392999614", "area-code": "239"}, {"id": "2c5ebfe10d4d1d48c8fb698316ea10c4", "number": "2029263280", "area-code": "301"}, {"id": "2c5ebfe10d4d1d48c8fb698316ea07be", "number": "4086853029", "area-code": "650"}, {"id": "2c5ebfe10d4d1d48c8fb698316e9fa55", "number": "8887180165", "area-code": "248"}, {"id": "2c5ebfe10d4d1d48c8fb698316e9e5ed", "number": "5167384320", "area-code": "815"}, {"id": "2c5ebfe10d4d1d48c8fb698316e9e3d9", "number": "4073400043", "area-code": "407"}, {"id": "2c5ebfe10d4d1d48c8fb698316e9d5da", "number": "", "area-code": "610"}, {"id": "2c5ebfe10d4d1d48c8fb698316e9c616", "number": "2023018241", "area-code": "239"}, {"id": "2c5ebfe10d4d1d48c8fb698316e9c2c0", "number": "6674014589", "area-code": "301"}, {"id": "2c5ebfe10d4d1d48c8fb698316e9c280", "number": "2028643589", "area-code": "407"}, {"id": "2c5ebfe10d4d1d48c8fb698316e9bc5f", "number": "2088757762", "area-code": "407"}, {"id": "2c5ebfe10d4d1d48c8fb698316e9b676", "number": "7024461204", "area-code": "407"}, {"id": "2c5ebfe10d4d1d48c8fb698316e9a92f", "number": "8888931773", "area-code": "941"}]}