{"data": [{"id": "2c5ebfe10d4d1d48c8fb698316e53aa6", "number": "", "area-code": "724"}, {"id": "2c5ebfe10d4d1d48c8fb698316e53099", "number": "4015587512", "area-code": "401"}, {"id": "2c5ebfe10d4d1d48c8fb698316e52a82", "number": "6192684156", "area-code": "323"}, {"id": "2c5ebfe10d4d1d48c8fb698316e5259c", "number": "", "area-code": "215"}, {"id": "2c5ebfe10d4d1d48c8fb698316e52319", "number": "7032154222", "area-code": "703"}, {"id": "2c5ebfe10d4d1d48c8fb698316e52146", "number": "6303135559", "area-code": "630"}, {"id": "2c5ebfe10d4d1d48c8fb698316e520dc", "number": "4015581383", "area-code": "401"}, {"id": "2c5ebfe10d4d1d48c8fb698316e5117f", "number": "2814143605", "area-code": "281"}, {"id": "2c5ebfe10d4d1d48c8fb698316e50683", "number": "9093243488", "area-code": "909"}, {"id": "2c5ebfe10d4d1d48c8fb698316e4f875", "number": "4016526746", "area-code": "401"}, {"id": "2c5ebfe10d4d1d48c8fb698316e4f2a0", "number": "6014192137", "area-code": "818"}, {"id": "2c5ebfe10d4d1d48c8fb698316e4f0fe", "number": "6303487226", "area-code": "630"}, {"id": "2c5ebfe10d4d1d48c8fb698316e4e761", "number": "9016180246", "area-code": "440"}, {"id": "2c5ebfe10d4d1d48c8fb698316e4db3e", "number": "2086759162", "area-code": "208"}, {"id": "2c5ebfe10d4d1d48c8fb698316e4d7e0", "number": "8448097717", "area-code": "703"}, {"id": "2c5ebfe10d4d1d48c8fb698316e4d689", "number": "6305877700", "area-code": "630"}, {"id": "2c5ebfe10d4d1d48c8fb698316e4c898", "number": "2814141782", "area-code": "281"}, {"id": "2c5ebfe10d4d1d48c8fb698316e4bc6f", "number": "3363085329", "area-code": "301"}, {"id": "2c5ebfe10d4d1d48c8fb698316e4b937", "number": "5519874151", "area-code": "626"}, {"id": "2c5ebfe10d4d1d48c8fb698316e4af15", "number": "7792183074", "area-code": "703"}, {"id": "2c5ebfe10d4d1d48c8fb698316e4a672", "number": "4155708337", "area-code": "415"}, {"id": "2c5ebfe10d4d1d48c8fb698316e49a8b", "number": "9416217983", "area-code": "941"}, {"id": "2c5ebfe10d4d1d48c8fb698316e49590", "number": "2394709470", "area-code": "239"}, {"id": "2c5ebfe10d4d1d48c8fb698316e48d0d", "number": "5185099740", "area-code": "518"}, {"id": "2c5ebfe10d4d1d48c8fb698316e487cb", "number": "2022254376", "area-code": "703"}, {"id": "2c5ebfe10d4d1d48c8fb698316e48696", "number": "7206734120", "area-code": "720"}, {"id": "2c5ebfe10d4d1d48c8fb698316e47bf1", "number": "", "area-code": "740"}, {"id": "2c5ebfe10d4d1d48c8fb698316e46de1", "number": "8663506089", "area-code": "404"}, {"id": "2c5ebfe10d4d1d48c8fb698316e460f3", "number": "3049370575", "area-code": "703"}, {"id": "2c5ebfe10d4d1d48c8fb698316e45faa", "number": "8302029988", "area-code": "830"}, {"id": "2c5ebfe10d4d1d48c8fb698316e45aae", "number": "3523295931", "area-code": "714"}, {"id": "2c5ebfe10d4d1d48c8fb698316e44fc0", "number": "7172760531", "area-code": "352"}, {"id": "2c5ebfe10d4d1d48c8fb698316e44180", "number": "3127360524", "area-code": "352"}, {"id": "2c5ebfe10d4d1d48c8fb698316e44089", "number": "8006222580", "area-code": "718"}, {"id": "2c5ebfe10d4d1d48c8fb698316e432fc", "number": "6177830112", "area-code": "781"}, {"id": "2c5ebfe10d4d1d48c8fb698316e426d9", "number": "8006222580", "area-code": "718"}, {"id": "2c5ebfe10d4d1d48c8fb698316e41760", "number": "9036466597", "area-code": "903"}, {"id": "2c5ebfe10d4d1d48c8fb698316e409d9", "number": "", "area-code": "903"}, {"id": "2c5ebfe10d4d1d48c8fb698316e40489", "number": "3253023111", "area-code": "260"}, {"id": "2c5ebfe10d4d1d48c8fb698316e3f574", "number": "7198005556", "area-code": "260"}, {"id": "2c5ebfe10d4d1d48c8fb698316e3ef44", "number": "2199247471", "area-code": "219"}, {"id": "2c5ebfe10d4d1d48c8fb698316e3e44d", "number": "5744983081", "area-code": "260"}, {"id": "2c5ebfe10d4d1d48c8fb698316e3d8ac", "number": "2193001294", "area-code": "260"}, {"id": "2c5ebfe10d4d1d48c8fb698316e3c8c6", "number": "2602504424", "area-code": "260"}, {"id": "2c5ebfe10d4d1d48c8fb698316e3ba7b", "number": "4109054162", "area-code": "410"}, {"id": "2c5ebfe10d4d1d48c8fb698316e3ac58", "number": "9084605682", "area-code": "732"}, {"id": "2c5ebfe10d4d1d48c8fb698316e3a778", "number": "", "area-code": "512"}, {"id": "2c5ebfe10d4d1d48c8fb698316e39c9a", "number": "4106091924", "area-code": "410"}, {"id": "2c5ebfe10d4d1d48c8fb698316e39a7d", "number": "8662039560", "area-code": "408"}, {"id": "2c5ebfe10d4d1d48c8fb698316e38f33", "number": "", "area-code": "919"}]}