{"data": [{"id": "ed1de944edafa89e143a05a4eb185eb9", "number": "8665849773", "area-code": "513"}, {"id": "ed1de944edafa89e143a05a4eb185758", "number": "8189461187", "area-code": "760"}, {"id": "ed1de944edafa89e143a05a4eb184c88", "number": "8002827541", "area-code": "512"}, {"id": "ed1de944edafa89e143a05a4eb184ab7", "number": "2513053899", "area-code": "251"}, {"id": "ed1de944edafa89e143a05a4eb184a4d", "number": "5402694072", "area-code": "540"}, {"id": "ed1de944edafa89e143a05a4eb1843b7", "number": "8002555935", "area-code": "773"}, {"id": "ed1de944edafa89e143a05a4eb18358c", "number": "", "area-code": "562"}, {"id": "ed1de944edafa89e143a05a4eb182827", "number": "3129879133", "area-code": "312"}, {"id": "ed1de944edafa89e143a05a4eb181fec", "number": "2702971768", "area-code": "718"}, {"id": "ed1de944edafa89e143a05a4eb181928", "number": "6099977416", "area-code": "609"}, {"id": "ed1de944edafa89e143a05a4eb18187e", "number": "3019410900", "area-code": "301"}, {"id": "ed1de944edafa89e143a05a4eb180f68", "number": "6313650586", "area-code": "631"}, {"id": "ed1de944edafa89e143a05a4eb180492", "number": "2025398284", "area-code": "469"}, {"id": "ed1de944edafa89e143a05a4eb1803dc", "number": "8189461187", "area-code": "760"}, {"id": "ed1de944edafa89e143a05a4eb17f5a6", "number": "2105278759", "area-code": "502"}, {"id": "ed1de944edafa89e143a05a4eb17f257", "number": "7752437309", "area-code": "317"}, {"id": "ed1de944edafa89e143a05a4eb17ef10", "number": "2405028569", "area-code": "301"}, {"id": "ed1de944edafa89e143a05a4eb17e4c5", "number": "8002428721", "area-code": "770"}, {"id": "ed1de944edafa89e143a05a4eb17d54c", "number": "8557077328", "area-code": "718"}, {"id": "ed1de944edafa89e143a05a4eb179f5d", "number": "4054074998", "area-code": "405"}, {"id": "ed1de944edafa89e143a05a4eb17cdbb", "number": "2082620000", "area-code": "918"}, {"id": "ed1de944edafa89e143a05a4eb17ca45", "number": "4243171909", "area-code": "424"}, {"id": "ed1de944edafa89e143a05a4eb17c6cd", "number": "7024692043", "area-code": "702"}, {"id": "ed1de944edafa89e143a05a4eb17bc2e", "number": "8008693557", "area-code": "732"}, {"id": "ed1de944edafa89e143a05a4eb17b415", "number": "7036814534", "area-code": "206"}, {"id": "ed1de944edafa89e143a05a4eb17af79", "number": "6997952259", "area-code": "813"}, {"id": "ed1de944edafa89e143a05a4eb17a4c7", "number": "9519999840", "area-code": "407"}, {"id": "ed1de944edafa89e143a05a4eb179c6f", "number": "3017150122", "area-code": "301"}, {"id": "ed1de944edafa89e143a05a4eb179406", "number": "4844147208", "area-code": "713"}, {"id": "ed1de944edafa89e143a05a4eb178d33", "number": "8339202413", "area-code": "928"}, {"id": "ed1de944edafa89e143a05a4eb1783c9", "number": "5188218224", "area-code": "518"}, {"id": "ed1de944edafa89e143a05a4eb177c37", "number": "2393105701", "area-code": "501"}, {"id": "ed1de944edafa89e143a05a4eb177127", "number": "6313240181", "area-code": "631"}, {"id": "ed1de944edafa89e143a05a4eb176d85", "number": "8765567890", "area-code": "212"}, {"id": "ed1de944edafa89e143a05a4eb176871", "number": "7086588404", "area-code": "847"}, {"id": "ed1de944edafa89e143a05a4eb176130", "number": "5134366116", "area-code": "440"}, {"id": "ed1de944edafa89e143a05a4eb175c78", "number": "3344903474", "area-code": "770"}, {"id": "ed1de944edafa89e143a05a4eb174d18", "number": "4243127019", "area-code": "424"}, {"id": "ed1de944edafa89e143a05a4eb1744f7", "number": "8002752273", "area-code": "505"}, {"id": "ed1de944edafa89e143a05a4eb173939", "number": "7132875138", "area-code": "915"}, {"id": "ed1de944edafa89e143a05a4eb173782", "number": "9803994838", "area-code": "704"}, {"id": "ed1de944edafa89e143a05a4eb173707", "number": "3183830967", "area-code": "318"}, {"id": "ed1de944edafa89e143a05a4eb172dcf", "number": "2015638112", "area-code": "201"}, {"id": "ed1de944edafa89e143a05a4eb17291a", "number": "5402100305", "area-code": "540"}, {"id": "ed1de944edafa89e143a05a4eb1721bf", "number": "8664869758", "area-code": "914"}, {"id": "ed1de944edafa89e143a05a4eb171b4d", "number": "9165201994", "area-code": "847"}, {"id": "ed1de944edafa89e143a05a4eb171530", "number": "3014849372", "area-code": "410"}, {"id": "ed1de944edafa89e143a05a4eb170e87", "number": "3862459370", "area-code": "386"}, {"id": "ed1de944edafa89e143a05a4eb17003a", "number": "2082620000", "area-code": "918"}, {"id": "ed1de944edafa89e143a05a4eb16fcee", "number": "2025242415", "area-code": "469"}]}