{"data": [{"id": "2c5ebfe10d4d1d48c8fb698316e1ffeb", "number": "5512788208", "area-code": "862"}, {"id": "2c5ebfe10d4d1d48c8fb698316e1f86a", "number": "5087130065", "area-code": "310"}, {"id": "2c5ebfe10d4d1d48c8fb698316e1eedd", "number": "", "area-code": "602"}, {"id": "2c5ebfe10d4d1d48c8fb698316e1ec47", "number": "", "area-code": "610"}, {"id": "2c5ebfe10d4d1d48c8fb698316e1e474", "number": "4155323864", "area-code": "760"}, {"id": "2c5ebfe10d4d1d48c8fb698316e1d71d", "number": "6467062922", "area-code": "212"}, {"id": "2c5ebfe10d4d1d48c8fb698316e1ce88", "number": "", "area-code": "469"}, {"id": "2c5ebfe10d4d1d48c8fb698316e1c5d8", "number": "6465241604", "area-code": "212"}, {"id": "2c5ebfe10d4d1d48c8fb698316e1ba69", "number": "8446050645", "area-code": "901"}, {"id": "2c5ebfe10d4d1d48c8fb698316e1b3f2", "number": "9522501386", "area-code": "612"}, {"id": "2c5ebfe10d4d1d48c8fb698316e1ad22", "number": "6462682520", "area-code": "212"}, {"id": "2c5ebfe10d4d1d48c8fb698316e1a81b", "number": "2128899184", "area-code": "212"}, {"id": "2c5ebfe10d4d1d48c8fb698316e19ffd", "number": "8662039560", "area-code": "951"}, {"id": "2c5ebfe10d4d1d48c8fb698316e19ae7", "number": "4899230755", "area-code": "480"}, {"id": "2c5ebfe10d4d1d48c8fb698316e18e84", "number": "4807190755", "area-code": "480"}, {"id": "2c5ebfe10d4d1d48c8fb698316e18d8f", "number": "9519252482", "area-code": "951"}, {"id": "2c5ebfe10d4d1d48c8fb698316e17da9", "number": "4805657648", "area-code": "480"}, {"id": "2c5ebfe10d4d1d48c8fb698316e17c6a", "number": "4805657848", "area-code": "480"}, {"id": "2c5ebfe10d4d1d48c8fb698316e17167", "number": "4806862201", "area-code": "480"}, {"id": "2c5ebfe10d4d1d48c8fb698316e16d35", "number": "4433962947", "area-code": "210"}, {"id": "2c5ebfe10d4d1d48c8fb698316e16d2a", "number": "7259007567", "area-code": "773"}, {"id": "2c5ebfe10d4d1d48c8fb698316e16955", "number": "4403904836", "area-code": "773"}, {"id": "2c5ebfe10d4d1d48c8fb698316e15c2f", "number": "4403904836", "area-code": "773"}, {"id": "2c5ebfe10d4d1d48c8fb698316e15842", "number": "7752776935", "area-code": "773"}, {"id": "2c5ebfe10d4d1d48c8fb698316e14fe6", "number": "8556556645", "area-code": "925"}, {"id": "2c5ebfe10d4d1d48c8fb698316e14f89", "number": "4848702027", "area-code": "773"}, {"id": "2c5ebfe10d4d1d48c8fb698316e14282", "number": "7752776935", "area-code": "775"}, {"id": "2c5ebfe10d4d1d48c8fb698316e13651", "number": "7259007567", "area-code": "725"}, {"id": "2c5ebfe10d4d1d48c8fb698316e1341d", "number": "8052884633", "area-code": "661"}, {"id": "2c5ebfe10d4d1d48c8fb698316e12ee6", "number": "2195000396", "area-code": "630"}, {"id": "2c5ebfe10d4d1d48c8fb698316e1247d", "number": "4848702027", "area-code": "484"}, {"id": "2c5ebfe10d4d1d48c8fb698316e123ca", "number": "2564192574", "area-code": "302"}, {"id": "2c5ebfe10d4d1d48c8fb698316e1193d", "number": "4194644236", "area-code": "419"}, {"id": "2c5ebfe10d4d1d48c8fb698316e111ff", "number": "4192433581", "area-code": "419"}, {"id": "2c5ebfe10d4d1d48c8fb698316e10dc0", "number": "4199379848", "area-code": "419"}, {"id": "2c5ebfe10d4d1d48c8fb698316e10236", "number": "4195733258", "area-code": "419"}, {"id": "2c5ebfe10d4d1d48c8fb698316e0f678", "number": "2019486786", "area-code": "616"}, {"id": "2c5ebfe10d4d1d48c8fb698316e0f507", "number": "8765802734", "area-code": "808"}, {"id": "2c5ebfe10d4d1d48c8fb698316e0ed55", "number": "2184538599", "area-code": "623"}, {"id": "2c5ebfe10d4d1d48c8fb698316e0e70d", "number": "2525472390", "area-code": "925"}, {"id": "2c5ebfe10d4d1d48c8fb698316e0dd4d", "number": "8138045792", "area-code": "925"}, {"id": "2c5ebfe10d4d1d48c8fb698316e0da95", "number": "5302036144", "area-code": "925"}, {"id": "2c5ebfe10d4d1d48c8fb698316e0d91a", "number": "8665805802", "area-code": "925"}, {"id": "2c5ebfe10d4d1d48c8fb698316e0d813", "number": "", "area-code": "475"}, {"id": "2c5ebfe10d4d1d48c8fb698316e0d09c", "number": "8443692701", "area-code": "937"}, {"id": "2c5ebfe10d4d1d48c8fb698316e0cefb", "number": "7205525526", "area-code": "303"}, {"id": "2c5ebfe10d4d1d48c8fb698316e0cea8", "number": "6192663599", "area-code": "562"}, {"id": "2c5ebfe10d4d1d48c8fb698316e0c130", "number": "4027188836", "area-code": "712"}, {"id": "2c5ebfe10d4d1d48c8fb698316e0be07", "number": "2815648320", "area-code": "281"}, {"id": "2c5ebfe10d4d1d48c8fb698316e0b7f6", "number": "6183638392", "area-code": "618"}]}