{"data": [{"id": "2c5ebfe10d4d1d48c8fb698316df21bc", "number": "3392056187", "area-code": "617"}, {"id": "2c5ebfe10d4d1d48c8fb698316df1c4c", "number": "4808319139", "area-code": "480"}, {"id": "2c5ebfe10d4d1d48c8fb698316df38e8", "number": "2195000396", "area-code": "602"}, {"id": "2c5ebfe10d4d1d48c8fb698316df1aeb", "number": "4122670759", "area-code": "903"}, {"id": "2c5ebfe10d4d1d48c8fb698316df0ee7", "number": "3392056187", "area-code": "617"}, {"id": "2c5ebfe10d4d1d48c8fb698316df0ec2", "number": "2027324646", "area-code": "860"}, {"id": "2c5ebfe10d4d1d48c8fb698316df0ac0", "number": "4808318146", "area-code": "480"}, {"id": "2c5ebfe10d4d1d48c8fb698316df05f0", "number": "9546946495", "area-code": "602"}, {"id": "2c5ebfe10d4d1d48c8fb698316defe12", "number": "4808318146", "area-code": "480"}, {"id": "2c5ebfe10d4d1d48c8fb698316def835", "number": "9282680927", "area-code": "602"}, {"id": "2c5ebfe10d4d1d48c8fb698316def6dc", "number": "9129946958", "area-code": "808"}, {"id": "2c5ebfe10d4d1d48c8fb698316df316b", "number": "4758977743", "area-code": "216"}, {"id": "2c5ebfe10d4d1d48c8fb698316dee9ad", "number": "9496375581", "area-code": "501"}, {"id": "2c5ebfe10d4d1d48c8fb698316dee709", "number": "5012982320", "area-code": "501"}, {"id": "2c5ebfe10d4d1d48c8fb698316ded872", "number": "5625016491", "area-code": "520"}, {"id": "2c5ebfe10d4d1d48c8fb698316ded5d3", "number": "8002752273", "area-code": "714"}, {"id": "2c5ebfe10d4d1d48c8fb698316ded0f0", "number": "8008634785", "area-code": "713"}, {"id": "2c5ebfe10d4d1d48c8fb698316decc4c", "number": "2082620000", "area-code": "650"}, {"id": "2c5ebfe10d4d1d48c8fb698316decb4f", "number": "3237940725", "area-code": "661"}, {"id": "2c5ebfe10d4d1d48c8fb698316debf76", "number": "8008634785", "area-code": "713"}, {"id": "2c5ebfe10d4d1d48c8fb698316debcea", "number": "2082620000", "area-code": "650"}, {"id": "2c5ebfe10d4d1d48c8fb698316deb98b", "number": "6185028535", "area-code": "908"}, {"id": "2c5ebfe10d4d1d48c8fb698316deaa6a", "number": "6205820726", "area-code": "817"}, {"id": "2c5ebfe10d4d1d48c8fb698316dea6a7", "number": "4198747428", "area-code": "614"}, {"id": "2c5ebfe10d4d1d48c8fb698316dea357", "number": "3179736803", "area-code": "817"}, {"id": "2c5ebfe10d4d1d48c8fb698316de9bbf", "number": "9013733198", "area-code": "901"}, {"id": "2c5ebfe10d4d1d48c8fb698316de9bbc", "number": "8335880737", "area-code": "708"}, {"id": "2c5ebfe10d4d1d48c8fb698316de9085", "number": "4783370132", "area-code": "817"}, {"id": "2c5ebfe10d4d1d48c8fb698316de87ef", "number": "9013779843", "area-code": "901"}, {"id": "2c5ebfe10d4d1d48c8fb698316de840a", "number": "7026731465", "area-code": "702"}, {"id": "2c5ebfe10d4d1d48c8fb698316de7e2c", "number": "2298895249", "area-code": "229"}, {"id": "2c5ebfe10d4d1d48c8fb698316de77aa", "number": "119013845765", "area-code": "901"}, {"id": "2c5ebfe10d4d1d48c8fb698316de76ef", "number": "7813122246", "area-code": "817"}, {"id": "2c5ebfe10d4d1d48c8fb698316de71b3", "number": "8176195896", "area-code": "817"}, {"id": "2c5ebfe10d4d1d48c8fb698316de6586", "number": "2298893050", "area-code": "229"}, {"id": "2c5ebfe10d4d1d48c8fb698316de62a6", "number": "6573916018", "area-code": "215"}, {"id": "2c5ebfe10d4d1d48c8fb698316de56be", "number": "8178578962", "area-code": "817"}, {"id": "2c5ebfe10d4d1d48c8fb698316de4e3d", "number": "9085894878", "area-code": "215"}, {"id": "2c5ebfe10d4d1d48c8fb698316de40e0", "number": "2157133476", "area-code": "215"}, {"id": "2c5ebfe10d4d1d48c8fb698316de3212", "number": "2109669751", "area-code": "215"}, {"id": "2c5ebfe10d4d1d48c8fb698316de30f0", "number": "4086772214", "area-code": "408"}, {"id": "2c5ebfe10d4d1d48c8fb698316de24ac", "number": "4159557493", "area-code": "916"}, {"id": "2c5ebfe10d4d1d48c8fb698316de1fa6", "number": "2109669751", "area-code": "215"}, {"id": "2c5ebfe10d4d1d48c8fb698316de1334", "number": "8665359492", "area-code": "281"}, {"id": "2c5ebfe10d4d1d48c8fb698316de1086", "number": "", "area-code": "866"}, {"id": "2c5ebfe10d4d1d48c8fb698316de09d0", "number": "8052865544", "area-code": "501"}, {"id": "2c5ebfe10d4d1d48c8fb698316de05c2", "number": "4842554303", "area-code": "215"}, {"id": "2c5ebfe10d4d1d48c8fb698316ddfd13", "number": "2029498127", "area-code": "408"}, {"id": "2c5ebfe10d4d1d48c8fb698316ddf3ec", "number": "2676097985", "area-code": "215"}, {"id": "2c5ebfe10d4d1d48c8fb698316dded76", "number": "5412723657", "area-code": "541"}]}