{"data": [{"id": "2c5ebfe10d4d1d48c8fb698316ddde4a", "number": "8705688263", "area-code": "541"}, {"id": "2c5ebfe10d4d1d48c8fb698316ddcf07", "number": "8552457098", "area-code": "215"}, {"id": "2c5ebfe10d4d1d48c8fb698316ddc83e", "number": "5412069251", "area-code": "541"}, {"id": "2c5ebfe10d4d1d48c8fb698316ddc029", "number": "9495326808", "area-code": "215"}, {"id": "2c5ebfe10d4d1d48c8fb698316ddbe55", "number": "2673610344", "area-code": "954"}, {"id": "2c5ebfe10d4d1d48c8fb698316ddbd9d", "number": "5412402697", "area-code": "541"}, {"id": "2c5ebfe10d4d1d48c8fb698316ddbb6c", "number": "9495631547", "area-code": "215"}, {"id": "2c5ebfe10d4d1d48c8fb698316ddb5a5", "number": "2293291324", "area-code": "229"}, {"id": "2c5ebfe10d4d1d48c8fb698316ddb342", "number": "5412402697", "area-code": "541"}, {"id": "2c5ebfe10d4d1d48c8fb698316dda627", "number": "", "area-code": "215"}, {"id": "2c5ebfe10d4d1d48c8fb698316dd9ca0", "number": "2676094620", "area-code": "215"}]}