{"data": [{"id": "ed1de944edafa89e143a05a4eb16fb0d", "number": "7027455312", "area-code": "718"}, {"id": "ed1de944edafa89e143a05a4eb16f068", "number": "6313240181", "area-code": "631"}, {"id": "ed1de944edafa89e143a05a4eb16e1ae", "number": "5133154127", "area-code": "513"}, {"id": "ed1de944edafa89e143a05a4eb16d9de", "number": "8772298724", "area-code": "734"}, {"id": "ed1de944edafa89e143a05a4eb16d032", "number": "2139574756", "area-code": "949"}, {"id": "ed1de944edafa89e143a05a4eb16c792", "number": "7818136816", "area-code": "501"}, {"id": "ed1de944edafa89e143a05a4eb16c44e", "number": "8669685789", "area-code": "918"}, {"id": "ed1de944edafa89e143a05a4eb16b6dc", "number": "6503373994", "area-code": "610"}, {"id": "ed1de944edafa89e143a05a4eb16ad19", "number": "8667590326", "area-code": "501"}, {"id": "ed1de944edafa89e143a05a4eb167c03", "number": "4052330984", "area-code": "405"}, {"id": "ed1de944edafa89e143a05a4eb16a091", "number": "7026735103", "area-code": "718"}, {"id": "ed1de944edafa89e143a05a4eb169103", "number": "2676807177", "area-code": "360"}, {"id": "ed1de944edafa89e143a05a4eb16909b", "number": "6263763297", "area-code": "626"}, {"id": "ed1de944edafa89e143a05a4eb168ece", "number": "8553194453", "area-code": "423"}, {"id": "ed1de944edafa89e143a05a4eb1687c9", "number": "6826518470", "area-code": "309"}, {"id": "ed1de944edafa89e143a05a4eb16718f", "number": "8662385658", "area-code": "618"}, {"id": "ed1de944edafa89e143a05a4eb16645f", "number": "8029920686", "area-code": "802"}, {"id": "ed1de944edafa89e143a05a4eb165d11", "number": "4439528259", "area-code": "610"}, {"id": "ed1de944edafa89e143a05a4eb165b55", "number": "4693511218", "area-code": "469"}, {"id": "ed1de944edafa89e143a05a4eb165411", "number": "7184285831", "area-code": "718"}, {"id": "ed1de944edafa89e143a05a4eb16442c", "number": "8664916392", "area-code": "310"}, {"id": "ed1de944edafa89e143a05a4eb1635c3", "number": "6313240181", "area-code": "631"}, {"id": "ed1de944edafa89e143a05a4eb160431", "number": "9094874866", "area-code": "323"}, {"id": "ed1de944edafa89e143a05a4eb1629b2", "number": "7746122731", "area-code": "612"}, {"id": "ed1de944edafa89e143a05a4eb1624bb", "number": "6023011357", "area-code": "602"}, {"id": "ed1de944edafa89e143a05a4eb161d24", "number": "8778600982", "area-code": "270"}, {"id": "ed1de944edafa89e143a05a4eb161678", "number": "4588883967", "area-code": "716"}, {"id": "ed1de944edafa89e143a05a4eb161520", "number": "7275131075", "area-code": "813"}, {"id": "ed1de944edafa89e143a05a4eb1611d6", "number": "8288880344", "area-code": "513"}, {"id": "ed1de944edafa89e143a05a4eb160efc", "number": "6106160173", "area-code": "610"}, {"id": "ed1de944edafa89e143a05a4eb15f472", "number": "7189666561", "area-code": "718"}, {"id": "ed1de944edafa89e143a05a4eb15e7f9", "number": "4438510032", "area-code": "410"}, {"id": "ed1de944edafa89e143a05a4eb15ddce", "number": "8002255935", "area-code": "301"}, {"id": "ed1de944edafa89e143a05a4eb1593c9", "number": "4054548058", "area-code": "405"}, {"id": "ed1de944edafa89e143a05a4eb15dbed", "number": "6313240181", "area-code": "631"}, {"id": "ed1de944edafa89e143a05a4eb15d34e", "number": "5402100363", "area-code": "540"}, {"id": "ed1de944edafa89e143a05a4eb15c592", "number": "6309340222", "area-code": "708"}, {"id": "ed1de944edafa89e143a05a4eb15a670", "number": "8102210264", "area-code": "734"}, {"id": "ed1de944edafa89e143a05a4eb155d05", "number": "7042084248", "area-code": "828"}, {"id": "ed1de944edafa89e143a05a4eb15bded", "number": "8002752273", "area-code": "805"}, {"id": "ed1de944edafa89e143a05a4eb15bbce", "number": "4787393069", "area-code": "501"}, {"id": "ed1de944edafa89e143a05a4eb15af90", "number": "8664411329", "area-code": "310"}, {"id": "ed1de944edafa89e143a05a4eb15ae7e", "number": "4103589335", "area-code": "410"}, {"id": "ed1de944edafa89e143a05a4eb159a43", "number": "8662836635", "area-code": "270"}, {"id": "ed1de944edafa89e143a05a4eb15840a", "number": "6164258776", "area-code": "662"}, {"id": "ed1de944edafa89e143a05a4eb15793e", "number": "8459202214", "area-code": "845"}, {"id": "ed1de944edafa89e143a05a4eb156fd7", "number": "8664335345", "area-code": "310"}, {"id": "ed1de944edafa89e143a05a4eb156725", "number": "6235655585", "area-code": "623"}, {"id": "ed1de944edafa89e143a05a4eb15635c", "number": "8005363726", "area-code": "708"}, {"id": "ed1de944edafa89e143a05a4eb154f68", "number": "4103583797", "area-code": "410"}]}