{"data": [{"id": "ed1de944edafa89e143a05a4eb154d5e", "number": "8335510677", "area-code": "505"}, {"id": "ed1de944edafa89e143a05a4eb154065", "number": "8664916646", "area-code": "310"}, {"id": "ed1de944edafa89e143a05a4eb1534cb", "number": "5016070383", "area-code": "866"}, {"id": "ed1de944edafa89e143a05a4eb152857", "number": "2142219845", "area-code": "214"}, {"id": "ed1de944edafa89e143a05a4eb151d16", "number": "", "area-code": "850"}, {"id": "ed1de944edafa89e143a05a4eb151a23", "number": "8182304512", "area-code": "323"}, {"id": "ed1de944edafa89e143a05a4eb14e01b", "number": "4054548058", "area-code": "405"}, {"id": "ed1de944edafa89e143a05a4eb14edd6", "number": "9472080902", "area-code": "734"}, {"id": "ed1de944edafa89e143a05a4eb1512b4", "number": "5017700157", "area-code": "501"}, {"id": "ed1de944edafa89e143a05a4eb1503a4", "number": "9704405091", "area-code": "970"}, {"id": "ed1de944edafa89e143a05a4eb14fe0e", "number": "8453638966", "area-code": "907"}, {"id": "ed1de944edafa89e143a05a4eb14f691", "number": "6095582200", "area-code": "732"}, {"id": "ed1de944edafa89e143a05a4eb14ea0b", "number": "4103583797", "area-code": "410"}, {"id": "ed1de944edafa89e143a05a4eb14d48e", "number": "8604926077", "area-code": "860"}, {"id": "ed1de944edafa89e143a05a4eb14c8ce", "number": "3852899015", "area-code": "801"}, {"id": "ed1de944edafa89e143a05a4eb14c2ae", "number": "3104246077", "area-code": "650"}, {"id": "ed1de944edafa89e143a05a4eb14b672", "number": "7322511797", "area-code": "732"}, {"id": "ed1de944edafa89e143a05a4eb14b409", "number": "8018083665", "area-code": "801"}, {"id": "ed1de944edafa89e143a05a4eb14ac7c", "number": "2064015551", "area-code": "561"}, {"id": "ed1de944edafa89e143a05a4eb1477b7", "number": "9472080902", "area-code": "734"}, {"id": "ed1de944edafa89e143a05a4eb149e7c", "number": "", "area-code": "410"}, {"id": "ed1de944edafa89e143a05a4eb1495ff", "number": "4806907418", "area-code": "480"}, {"id": "ed1de944edafa89e143a05a4eb148b57", "number": "2165315523", "area-code": "216"}, {"id": "ed1de944edafa89e143a05a4eb13fb2d", "number": "7042280097", "area-code": "828"}, {"id": "ed1de944edafa89e143a05a4eb14886b", "number": "7184287352", "area-code": "718"}, {"id": "ed1de944edafa89e143a05a4eb147f76", "number": "7814547860", "area-code": "781"}, {"id": "ed1de944edafa89e143a05a4eb14781c", "number": "8303552262", "area-code": "571"}, {"id": "ed1de944edafa89e143a05a4eb142f1f", "number": "4054548058", "area-code": "405"}, {"id": "ed1de944edafa89e143a05a4eb1476e1", "number": "4103585465", "area-code": "410"}, {"id": "ed1de944edafa89e143a05a4eb146db7", "number": "7188033000", "area-code": "718"}, {"id": "ed1de944edafa89e143a05a4eb146421", "number": "9045732641", "area-code": "561"}, {"id": "ed1de944edafa89e143a05a4eb145707", "number": "5672440477", "area-code": "630"}, {"id": "ed1de944edafa89e143a05a4eb14476e", "number": "3106206093", "area-code": "310"}, {"id": "ed1de944edafa89e143a05a4eb143f5c", "number": "6026418437", "area-code": "480"}, {"id": "ed1de944edafa89e143a05a4eb13ecac", "number": "9472080902", "area-code": "734"}, {"id": "ed1de944edafa89e143a05a4eb143459", "number": "4078636310", "area-code": "407"}, {"id": "ed1de944edafa89e143a05a4eb143193", "number": "7327027188", "area-code": "732"}, {"id": "ed1de944edafa89e143a05a4eb142ac4", "number": "210794689", "area-code": "630"}, {"id": "ed1de944edafa89e143a05a4eb142159", "number": "6085122217", "area-code": "573"}, {"id": "ed1de944edafa89e143a05a4eb141427", "number": "8604510610", "area-code": "409"}, {"id": "ed1de944edafa89e143a05a4eb140625", "number": "8776938477", "area-code": "216"}, {"id": "ed1de944edafa89e143a05a4eb1400ab", "number": "", "area-code": "410"}, {"id": "ed1de944edafa89e143a05a4eb13eaa8", "number": "3059702771", "area-code": "305"}, {"id": "ed1de944edafa89e143a05a4eb13e20d", "number": "4103582965", "area-code": "410"}, {"id": "ed1de944edafa89e143a05a4eb13d726", "number": "2027702258", "area-code": "540"}, {"id": "ed1de944edafa89e143a05a4eb13d2bd", "number": "2165403244", "area-code": "216"}, {"id": "ed1de944edafa89e143a05a4eb13c6fe", "number": "9312833581", "area-code": "901"}, {"id": "ed1de944edafa89e143a05a4eb13bcea", "number": "3057755844", "area-code": "305"}, {"id": "ed1de944edafa89e143a05a4eb137bb6", "number": "4054548058", "area-code": "405"}, {"id": "ed1de944edafa89e143a05a4eb13bb05", "number": "5163826092", "area-code": "516"}]}