{"data": [{"id": "ed1de944edafa89e143a05a4eb13b236", "number": "4444718364", "area-code": "205"}, {"id": "ed1de944edafa89e143a05a4eb13980c", "number": "9472080902", "area-code": "734"}, {"id": "ed1de944edafa89e143a05a4eb13a492", "number": "2675071684", "area-code": "305"}, {"id": "ed1de944edafa89e143a05a4eb139642", "number": "8009918733", "area-code": "740"}, {"id": "ed1de944edafa89e143a05a4eb138986", "number": "8665895644", "area-code": "513"}, {"id": "ed1de944edafa89e143a05a4eb138239", "number": "3377697641", "area-code": "205"}, {"id": "ed1de944edafa89e143a05a4eb13815d", "number": "9792273092", "area-code": "210"}, {"id": "ed1de944edafa89e143a05a4eb1372b2", "number": "5132168993", "area-code": "513"}, {"id": "ed1de944edafa89e143a05a4eb137970", "number": "6143686437", "area-code": "773"}, {"id": "ed1de944edafa89e143a05a4eb13688b", "number": "3104541438", "area-code": "310"}, {"id": "ed1de944edafa89e143a05a4eb13660d", "number": "4103589335", "area-code": "410"}, {"id": "ed1de944edafa89e143a05a4eb135612", "number": "8662206848", "area-code": "610"}, {"id": "ed1de944edafa89e143a05a4eb134fe2", "number": "3053997176", "area-code": "305"}, {"id": "ed1de944edafa89e143a05a4eb134796", "number": "2292873452", "area-code": "404"}, {"id": "ed1de944edafa89e143a05a4eb13455a", "number": "8335800124", "area-code": "630"}, {"id": "ed1de944edafa89e143a05a4eb1341d7", "number": "5074244069", "area-code": "205"}, {"id": "ed1de944edafa89e143a05a4eb1339b2", "number": "4103583797", "area-code": "410"}, {"id": "ed1de944edafa89e143a05a4eb1337b0", "number": "3522187738", "area-code": "305"}, {"id": "ed1de944edafa89e143a05a4eb132b5d", "number": "7025521804", "area-code": "508"}, {"id": "ed1de944edafa89e143a05a4eb12cb14", "number": "4054548058", "area-code": "405"}, {"id": "ed1de944edafa89e143a05a4eb1323eb", "number": "6172917579", "area-code": "617"}, {"id": "ed1de944edafa89e143a05a4eb1315b0", "number": "76702847330", "area-code": "760"}, {"id": "ed1de944edafa89e143a05a4eb12c364", "number": "2082436760", "area-code": "208"}, {"id": "ed1de944edafa89e143a05a4eb13098d", "number": "5492444304", "area-code": "205"}, {"id": "ed1de944edafa89e143a05a4eb12ffd6", "number": "8002532322", "area-code": "469"}, {"id": "ed1de944edafa89e143a05a4eb12f6ac", "number": "3523297385", "area-code": "305"}, {"id": "ed1de944edafa89e143a05a4eb12e7da", "number": "6573587955", "area-code": "662"}, {"id": "ed1de944edafa89e143a05a4eb12e228", "number": "5712606554", "area-code": "571"}, {"id": "ed1de944edafa89e143a05a4eb12dcf3", "number": "2095544961", "area-code": "915"}, {"id": "ed1de944edafa89e143a05a4eb12d4cf", "number": "2052368145", "area-code": "256"}, {"id": "ed1de944edafa89e143a05a4eb12c7b8", "number": "4103584645", "area-code": "410"}, {"id": "ed1de944edafa89e143a05a4eb126fda", "number": "4128516950", "area-code": "513"}, {"id": "ed1de944edafa89e143a05a4eb12b5e0", "number": "4062492337", "area-code": "406"}, {"id": "ed1de944edafa89e143a05a4eb12b53a", "number": "3152328257", "area-code": "501"}, {"id": "ed1de944edafa89e143a05a4eb12b4f6", "number": "7475299381", "area-code": "859"}, {"id": "ed1de944edafa89e143a05a4eb12a6dc", "number": "3057784755", "area-code": "305"}, {"id": "ed1de944edafa89e143a05a4eb129f0b", "number": "2029026472", "area-code": "801"}, {"id": "ed1de944edafa89e143a05a4eb129d84", "number": "", "area-code": "205"}, {"id": "ed1de944edafa89e143a05a4eb129611", "number": "2142414322", "area-code": "479"}, {"id": "ed1de944edafa89e143a05a4eb128d6d", "number": "5084194577", "area-code": "508"}, {"id": "ed1de944edafa89e143a05a4eb1280a4", "number": "4802041401", "area-code": "480"}, {"id": "ed1de944edafa89e143a05a4eb127788", "number": "7084016789", "area-code": "708"}, {"id": "ed1de944edafa89e143a05a4eb123cfa", "number": "5024084484", "area-code": "502"}, {"id": "ed1de944edafa89e143a05a4eb1206e6", "number": "", "area-code": "417"}, {"id": "ed1de944edafa89e143a05a4eb126352", "number": "5152986181", "area-code": "305"}, {"id": "ed1de944edafa89e143a05a4eb1257fd", "number": "4695731831", "area-code": "828"}, {"id": "ed1de944edafa89e143a05a4eb124b83", "number": "7156368627", "area-code": "760"}, {"id": "ed1de944edafa89e143a05a4eb1244b3", "number": "5024303670", "area-code": "859"}, {"id": "ed1de944edafa89e143a05a4eb12338b", "number": "5392444303", "area-code": "205"}, {"id": "ed1de944edafa89e143a05a4eb12332b", "number": "2027888083", "area-code": "310"}]}