{"data": [{"id": "ed1de944edafa89e143a05a4eb1230ba", "number": "3476476737", "area-code": "347"}, {"id": "ed1de944edafa89e143a05a4eb122474", "number": "8504627025", "area-code": "415"}, {"id": "ed1de944edafa89e143a05a4eb121bfe", "number": "7069984857", "area-code": "706"}, {"id": "ed1de944edafa89e143a05a4eb121202", "number": "6172912699", "area-code": "617"}, {"id": "ed1de944edafa89e143a05a4eb120b9f", "number": "4102756075", "area-code": "770"}, {"id": "ed1de944edafa89e143a05a4eb120a4a", "number": "8665894711", "area-code": "208"}, {"id": "ed1de944edafa89e143a05a4eb1209ed", "number": "2671705", "area-code": "859"}, {"id": "ed1de944edafa89e143a05a4eb11f78f", "number": "5032074715", "area-code": "479"}, {"id": "ed1de944edafa89e143a05a4eb11f04a", "number": "8443625478", "area-code": "972"}, {"id": "ed1de944edafa89e143a05a4eb11ef42", "number": "8544588718", "area-code": "508"}, {"id": "ed1de944edafa89e143a05a4eb11d517", "number": "5023250713", "area-code": "502"}, {"id": "ed1de944edafa89e143a05a4eb11eb3d", "number": "5612252420", "area-code": "561"}, {"id": "ed1de944edafa89e143a05a4eb11e071", "number": "3057786515", "area-code": "305"}, {"id": "ed1de944edafa89e143a05a4eb11d5b5", "number": "5205488000", "area-code": "520"}, {"id": "ed1de944edafa89e143a05a4eb11d0d1", "number": "8103798011", "area-code": "323"}, {"id": "ed1de944edafa89e143a05a4eb11c52a", "number": "9084956136", "area-code": "405"}, {"id": "ed1de944edafa89e143a05a4eb11b8f9", "number": "2159872085", "area-code": "415"}, {"id": "ed1de944edafa89e143a05a4eb11aabd", "number": "3053224828", "area-code": "305"}, {"id": "ed1de944edafa89e143a05a4eb11a07b", "number": "8448996008", "area-code": "321"}, {"id": "ed1de944edafa89e143a05a4eb11a011", "number": "6108390735", "area-code": "859"}, {"id": "ed1de944edafa89e143a05a4eb119a53", "number": "5712606613", "area-code": "571"}, {"id": "ed1de944edafa89e143a05a4eb1190db", "number": "8883388489", "area-code": "616"}, {"id": "ed1de944edafa89e143a05a4eb11898b", "number": "9419090167", "area-code": "941"}, {"id": "ed1de944edafa89e143a05a4eb11834c", "number": "", "area-code": "316"}, {"id": "ed1de944edafa89e143a05a4eb11739e", "number": "9495000465", "area-code": "949"}, {"id": "ed1de944edafa89e143a05a4eb116657", "number": "3057781472", "area-code": "305"}, {"id": "ed1de944edafa89e143a05a4eb1156cb", "number": "8883388489", "area-code": "616"}, {"id": "ed1de944edafa89e143a05a4eb10dc77", "number": "8304021508", "area-code": "972"}, {"id": "ed1de944edafa89e143a05a4eb114a4b", "number": "2818609007", "area-code": "281"}, {"id": "ed1de944edafa89e143a05a4eb1148c4", "number": "6065573190", "area-code": "405"}, {"id": "ed1de944edafa89e143a05a4eb113a95", "number": "5122152638", "area-code": "313"}, {"id": "ed1de944edafa89e143a05a4eb1132f3", "number": "7203458618", "area-code": "281"}, {"id": "ed1de944edafa89e143a05a4eb1131dc", "number": "5132491457", "area-code": "513"}, {"id": "ed1de944edafa89e143a05a4eb112fef", "number": "8043561889", "area-code": "804"}, {"id": "ed1de944edafa89e143a05a4eb112075", "number": "6108390735", "area-code": "859"}, {"id": "ed1de944edafa89e143a05a4eb111dc9", "number": "5034425281", "area-code": "503"}, {"id": "ed1de944edafa89e143a05a4eb1112b3", "number": "8308545272", "area-code": "830"}, {"id": "ed1de944edafa89e143a05a4eb110535", "number": "9014462777", "area-code": "901"}, {"id": "ed1de944edafa89e143a05a4eb10f5df", "number": "4087591183", "area-code": "415"}, {"id": "ed1de944edafa89e143a05a4eb10ed8c", "number": "3058977452", "area-code": "305"}, {"id": "ed1de944edafa89e143a05a4eb10ebb9", "number": "8883388489", "area-code": "616"}, {"id": "ed1de944edafa89e143a05a4eb10dda5", "number": "", "area-code": "770"}, {"id": "ed1de944edafa89e143a05a4eb10cd36", "number": "", "area-code": "567"}, {"id": "ed1de944edafa89e143a05a4eb10bd95", "number": "9142196972", "area-code": "908"}, {"id": "ed1de944edafa89e143a05a4eb10b0fd", "number": "9387774039", "area-code": "863"}, {"id": "ed1de944edafa89e143a05a4eb10a901", "number": "8568613250", "area-code": "405"}, {"id": "ed1de944edafa89e143a05a4eb109b17", "number": "8883388489", "area-code": "616"}, {"id": "ed1de944edafa89e143a05a4eb1098a6", "number": "4092315031", "area-code": "281"}, {"id": "ed1de944edafa89e143a05a4eb1092e5", "number": "2815436245", "area-code": "281"}, {"id": "ed1de944edafa89e143a05a4eb109002", "number": "3057788548", "area-code": "305"}]}