{"data": [{"id": "ed1de944edafa89e143a05a4eb108210", "number": "6317147149", "area-code": "631"}, {"id": "ed1de944edafa89e143a05a4eb1075b6", "number": "8002428721", "area-code": "919"}, {"id": "ed1de944edafa89e143a05a4eb106a75", "number": "8002906106", "area-code": "859"}, {"id": "ed1de944edafa89e143a05a4eb1060cd", "number": "8883388489", "area-code": "616"}, {"id": "ed1de944edafa89e143a05a4eb105c90", "number": "7349090876", "area-code": "734"}, {"id": "ed1de944edafa89e143a05a4eb104fbb", "number": "5738920424", "area-code": "323"}, {"id": "ed1de944edafa89e143a05a4eb104471", "number": "", "area-code": "814"}, {"id": "ed1de944edafa89e143a05a4eb103d0e", "number": "8883388489", "area-code": "616"}, {"id": "ed1de944edafa89e143a05a4eb102eed", "number": "9726459665", "area-code": "972"}, {"id": "ed1de944edafa89e143a05a4eb1025f5", "number": "8308169944", "area-code": "830"}, {"id": "ed1de944edafa89e143a05a4eb101abf", "number": "3057786027", "area-code": "305"}, {"id": "ed1de944edafa89e143a05a4eb100b1d", "number": "3374223782", "area-code": "405"}, {"id": "ed1de944edafa89e143a05a4eb10014e", "number": "6026542772", "area-code": "520"}, {"id": "ed1de944edafa89e143a05a4eb0ff233", "number": "3303526750", "area-code": "330"}, {"id": "ed1de944edafa89e143a05a4eb0fe632", "number": "2816063930", "area-code": "281"}, {"id": "ed1de944edafa89e143a05a4eb0fd6df", "number": "7818670842", "area-code": "609"}, {"id": "ed1de944edafa89e143a05a4eb0fd3e6", "number": "5712606477", "area-code": "571"}, {"id": "ed1de944edafa89e143a05a4eb0fd227", "number": "9129374123", "area-code": "229"}, {"id": "ed1de944edafa89e143a05a4eb0fcee4", "number": "8622548606", "area-code": "734"}, {"id": "ed1de944edafa89e143a05a4eb0fc4bd", "number": "8883388489", "area-code": "616"}, {"id": "ed1de944edafa89e143a05a4eb0fbe08", "number": "3057782388", "area-code": "305"}, {"id": "ed1de944edafa89e143a05a4eb0fbb01", "number": "5709248755", "area-code": "570"}, {"id": "ed1de944edafa89e143a05a4eb0fad70", "number": "9252406976", "area-code": "951"}, {"id": "ed1de944edafa89e143a05a4eb0facdd", "number": "3104947512", "area-code": "626"}, {"id": "ed1de944edafa89e143a05a4eb0fa09e", "number": "9387774039", "area-code": "863"}, {"id": "ed1de944edafa89e143a05a4eb0f9802", "number": "8883388489", "area-code": "616"}, {"id": "ed1de944edafa89e143a05a4eb0f8ba6", "number": "5612252270", "area-code": "561"}, {"id": "ed1de944edafa89e143a05a4eb0f87bd", "number": "8336150806", "area-code": "770"}, {"id": "ed1de944edafa89e143a05a4eb0f816b", "number": "8302193201", "area-code": "830"}, {"id": "ed1de944edafa89e143a05a4eb0f793d", "number": "6318038648", "area-code": "281"}, {"id": "ed1de944edafa89e143a05a4eb0f7643", "number": "3057786746", "area-code": "305"}, {"id": "ed1de944edafa89e143a05a4eb0f68e3", "number": "6692586188", "area-code": "925"}, {"id": "ed1de944edafa89e143a05a4eb0f5dcc", "number": "8143056406", "area-code": "609"}, {"id": "ed1de944edafa89e143a05a4eb0f521f", "number": "7346077515", "area-code": "734"}, {"id": "ed1de944edafa89e143a05a4eb0f18ad", "number": "2144323044", "area-code": "972"}, {"id": "ed1de944edafa89e143a05a4eb0f4857", "number": "2027888090", "area-code": "508"}, {"id": "ed1de944edafa89e143a05a4eb0f4219", "number": "6026544226", "area-code": "480"}, {"id": "ed1de944edafa89e143a05a4eb0f3820", "number": "5302707180", "area-code": "530"}, {"id": "ed1de944edafa89e143a05a4eb0f2ef1", "number": "8883388489", "area-code": "616"}, {"id": "ed1de944edafa89e143a05a4eb0f2df9", "number": "4132329457", "area-code": "617"}, {"id": "ed1de944edafa89e143a05a4eb0f23be", "number": "2396101594", "area-code": "305"}, {"id": "ed1de944edafa89e143a05a4eb0f1bf5", "number": "7035478680", "area-code": "703"}, {"id": "ed1de944edafa89e143a05a4eb0f13bb", "number": "8552367500", "area-code": "504"}, {"id": "ed1de944edafa89e143a05a4eb0f0d18", "number": "6504361913", "area-code": "650"}, {"id": "ed1de944edafa89e143a05a4eb0f047f", "number": "8773366943", "area-code": "702"}, {"id": "ed1de944edafa89e143a05a4eb0f001e", "number": "7342283632", "area-code": "734"}, {"id": "ed1de944edafa89e143a05a4eb0ef0f2", "number": "4805624919", "area-code": "480"}, {"id": "ed1de944edafa89e143a05a4eb0ee58d", "number": "6097739808", "area-code": "609"}, {"id": "ed1de944edafa89e143a05a4eb0ee000", "number": "6612214841", "area-code": "530"}, {"id": "ed1de944edafa89e143a05a4eb0ed861", "number": "8669633087", "area-code": "501"}]}