{"data": [{"id": "ed1de944edafa89e143a05a4eb0ec985", "number": "3057787814", "area-code": "305"}, {"id": "ed1de944edafa89e143a05a4eb0ebbf0", "number": "4104818285", "area-code": "410"}, {"id": "ed1de944edafa89e143a05a4eb0ebb79", "number": "7195813032", "area-code": "650"}, {"id": "ed1de944edafa89e143a05a4eb0eb04d", "number": "5712606613", "area-code": "571"}, {"id": "ed1de944edafa89e143a05a4eb0ea506", "number": "5712606613", "area-code": "571"}, {"id": "ed1de944edafa89e143a05a4eb0e984c", "number": "2067857230", "area-code": "828"}, {"id": "ed1de944edafa89e143a05a4eb0e8cc3", "number": "4132329457", "area-code": "617"}, {"id": "ed1de944edafa89e143a05a4eb0e8c70", "number": "8186581916", "area-code": "530"}, {"id": "ed1de944edafa89e143a05a4eb0e7d5a", "number": "9547506387", "area-code": "813"}, {"id": "ed1de944edafa89e143a05a4eb0e6f11", "number": "7067406196", "area-code": "651"}, {"id": "ed1de944edafa89e143a05a4eb0e6023", "number": "6508177685", "area-code": "650"}, {"id": "ed1de944edafa89e143a05a4eb0e5243", "number": "8005363726", "area-code": "708"}, {"id": "ed1de944edafa89e143a05a4eb0e5144", "number": "5097906983", "area-code": "360"}, {"id": "ed1de944edafa89e143a05a4eb0e4293", "number": "5029019199", "area-code": "734"}, {"id": "ed1de944edafa89e143a05a4eb0e32f2", "number": "4075657797", "area-code": "305"}, {"id": "ed1de944edafa89e143a05a4eb0e2603", "number": "5305578756", "area-code": "530"}, {"id": "ed1de944edafa89e143a05a4eb0e23c1", "number": "6822679244", "area-code": "408"}, {"id": "ed1de944edafa89e143a05a4eb0e2320", "number": "5087485970", "area-code": "617"}, {"id": "ed1de944edafa89e143a05a4eb0e1ab7", "number": "9805803530", "area-code": "910"}, {"id": "ed1de944edafa89e143a05a4eb0e1021", "number": "9373156165", "area-code": "305"}, {"id": "ed1de944edafa89e143a05a4eb0e0db3", "number": "5613495062", "area-code": "239"}, {"id": "ed1de944edafa89e143a05a4eb0e0af4", "number": "7345677215", "area-code": "734"}, {"id": "ed1de944edafa89e143a05a4eb0dfbb3", "number": "9897171635", "area-code": "989"}, {"id": "ed1de944edafa89e143a05a4eb0defcb", "number": "3054062454", "area-code": "561"}, {"id": "ed1de944edafa89e143a05a4eb0de7aa", "number": "5628433495", "area-code": "818"}, {"id": "ed1de944edafa89e143a05a4eb0dd980", "number": "9109008955", "area-code": "910"}, {"id": "ed1de944edafa89e143a05a4eb0dcb37", "number": "4692566879", "area-code": "469"}, {"id": "ed1de944edafa89e143a05a4eb0dbb6f", "number": "5712606477", "area-code": "571"}, {"id": "ed1de944edafa89e143a05a4eb0db4a3", "number": "5087485970", "area-code": "617"}, {"id": "ed1de944edafa89e143a05a4eb0dac4b", "number": "", "area-code": "708"}, {"id": "ed1de944edafa89e143a05a4eb0d9227", "number": "2036556756", "area-code": "541"}, {"id": "ed1de944edafa89e143a05a4eb0d9f52", "number": "7325107883", "area-code": "732"}, {"id": "ed1de944edafa89e143a05a4eb0d9f2b", "number": "9897171738", "area-code": "989"}, {"id": "ed1de944edafa89e143a05a4eb0d8ca8", "number": "8572568153", "area-code": "734"}, {"id": "ed1de944edafa89e143a05a4eb0d8bda", "number": "7184631458", "area-code": "970"}, {"id": "ed1de944edafa89e143a05a4eb0d865a", "number": "8084667708", "area-code": "740"}, {"id": "ed1de944edafa89e143a05a4eb0d7a26", "number": "4065863148", "area-code": "406"}, {"id": "ed1de944edafa89e143a05a4eb0d6f4b", "number": "5148938849", "area-code": "207"}, {"id": "ed1de944edafa89e143a05a4eb0d6d74", "number": "9897171914", "area-code": "989"}, {"id": "ed1de944edafa89e143a05a4eb0d3b70", "number": "5512583771", "area-code": "973"}, {"id": "ed1de944edafa89e143a05a4eb0d6a10", "number": "8302021687", "area-code": "210"}, {"id": "ed1de944edafa89e143a05a4eb0d6212", "number": "9103226902", "area-code": "910"}, {"id": "ed1de944edafa89e143a05a4eb0d581e", "number": "", "area-code": "408"}, {"id": "ed1de944edafa89e143a05a4eb0d54d4", "number": "4102042903", "area-code": "410"}, {"id": "ed1de944edafa89e143a05a4eb0d4aae", "number": "5712606613", "area-code": "571"}, {"id": "ed1de944edafa89e143a05a4eb0d4841", "number": "", "area-code": "713"}, {"id": "ed1de944edafa89e143a05a4eb0d36fb", "number": "4132780685", "area-code": "617"}, {"id": "ed1de944edafa89e143a05a4eb0d2977", "number": "8302021687", "area-code": "210"}, {"id": "ed1de944edafa89e143a05a4eb0d2401", "number": "", "area-code": "209"}, {"id": "ed1de944edafa89e143a05a4eb0d1857", "number": "9103226902", "area-code": "910"}]}