{"data": [{"id": "ed1de944edafa89e143a05a4eb0d0e24", "number": "8665838433", "area-code": "501"}, {"id": "ed1de944edafa89e143a05a4eb0d00bc", "number": "9707881422", "area-code": "720"}, {"id": "ed1de944edafa89e143a05a4eb0cf788", "number": "4802033293", "area-code": "480"}, {"id": "ed1de944edafa89e143a05a4eb0c9418", "number": "3023212654", "area-code": "714"}, {"id": "ed1de944edafa89e143a05a4eb0cf4cf", "number": "7189427738", "area-code": "469"}, {"id": "ed1de944edafa89e143a05a4eb0ce635", "number": "3238310812", "area-code": "818"}, {"id": "ed1de944edafa89e143a05a4eb0ce382", "number": "", "area-code": "702"}, {"id": "ed1de944edafa89e143a05a4eb0cd680", "number": "9897859067", "area-code": "734"}, {"id": "ed1de944edafa89e143a05a4eb0cc8ec", "number": "2093489120", "area-code": "209"}, {"id": "ed1de944edafa89e143a05a4eb0cbdbb", "number": "2132794044", "area-code": "408"}, {"id": "ed1de944edafa89e143a05a4eb0cb1e5", "number": "4102042903", "area-code": "410"}, {"id": "ed1de944edafa89e143a05a4eb0cb18c", "number": "5106352461", "area-code": "510"}, {"id": "ed1de944edafa89e143a05a4eb0caeaa", "number": "5889386309", "area-code": "931"}, {"id": "ed1de944edafa89e143a05a4eb0c9f82", "number": "8186910081", "area-code": "949"}, {"id": "ed1de944edafa89e143a05a4eb0c8633", "number": "8043928398", "area-code": "561"}, {"id": "ed1de944edafa89e143a05a4eb0c8005", "number": "5852324850", "area-code": "716"}, {"id": "ed1de944edafa89e143a05a4eb0c734b", "number": "8449231948", "area-code": "619"}, {"id": "ed1de944edafa89e143a05a4eb0c72a1", "number": "5124779821", "area-code": "972"}, {"id": "ed1de944edafa89e143a05a4eb0c699a", "number": "7137426207", "area-code": "713"}, {"id": "ed1de944edafa89e143a05a4eb0c670d", "number": "7143231514", "area-code": "714"}, {"id": "ed1de944edafa89e143a05a4eb0c5760", "number": "3109645000", "area-code": "909"}, {"id": "ed1de944edafa89e143a05a4eb0c5652", "number": "6023691923", "area-code": "513"}, {"id": "ed1de944edafa89e143a05a4eb0c55f8", "number": "7202767316", "area-code": "720"}, {"id": "ed1de944edafa89e143a05a4eb0c4603", "number": "8154728710", "area-code": "815"}, {"id": "ed1de944edafa89e143a05a4eb0c3cc3", "number": "7627285933", "area-code": "734"}, {"id": "ed1de944edafa89e143a05a4eb0c30c6", "number": "5594261254", "area-code": "949"}, {"id": "ed1de944edafa89e143a05a4eb0bf2e9", "number": "9084956136", "area-code": "201"}, {"id": "ed1de944edafa89e143a05a4eb0c2645", "number": "8764372772", "area-code": "601"}, {"id": "ed1de944edafa89e143a05a4eb0c191c", "number": "3853553671", "area-code": "918"}, {"id": "ed1de944edafa89e143a05a4eb0c14f2", "number": "8335711264", "area-code": "310"}, {"id": "ed1de944edafa89e143a05a4eb0c076f", "number": "6058578707", "area-code": "714"}, {"id": "ed1de944edafa89e143a05a4eb0bfffb", "number": "7703624526", "area-code": "770"}, {"id": "ed1de944edafa89e143a05a4eb0bfed9", "number": "7274728329", "area-code": "937"}, {"id": "ed1de944edafa89e143a05a4eb0bfd8a", "number": "3232053075", "area-code": "805"}, {"id": "ed1de944edafa89e143a05a4eb0beb46", "number": "7037956924", "area-code": "703"}, {"id": "ed1de944edafa89e143a05a4eb0be8be", "number": "3016028043", "area-code": "301"}, {"id": "ed1de944edafa89e143a05a4eb0be090", "number": "", "area-code": "661"}, {"id": "ed1de944edafa89e143a05a4eb0bd9ca", "number": "8339982418", "area-code": "951"}, {"id": "ed1de944edafa89e143a05a4eb0bd4aa", "number": "4136636656", "area-code": "413"}, {"id": "ed1de944edafa89e143a05a4eb0bcbcb", "number": "2403688576", "area-code": "410"}, {"id": "ed1de944edafa89e143a05a4eb0bc8b0", "number": "8084604486", "area-code": "702"}, {"id": "ed1de944edafa89e143a05a4eb0bbb17", "number": "3853553671", "area-code": "918"}, {"id": "ed1de944edafa89e143a05a4eb0bb7cd", "number": "5738961107", "area-code": "513"}, {"id": "ed1de944edafa89e143a05a4eb0bac20", "number": "5038559948", "area-code": "503"}, {"id": "ed1de944edafa89e143a05a4eb0ba7ff", "number": "", "area-code": "978"}, {"id": "ed1de944edafa89e143a05a4eb0ba2df", "number": "", "area-code": "703"}, {"id": "ed1de944edafa89e143a05a4eb0b979c", "number": "7347477631", "area-code": "504"}, {"id": "ed1de944edafa89e143a05a4eb0b8e7d", "number": "8664282424", "area-code": "262"}, {"id": "ed1de944edafa89e143a05a4eb0b8cf8", "number": "5038557809", "area-code": "503"}, {"id": "ed1de944edafa89e143a05a4eb0b8c24", "number": "7472450393", "area-code": "918"}]}