{"data": [{"id": "ed1de944edafa89e143a05a4eb34efa1", "number": "7324385980", "area-code": "505"}, {"id": "ed1de944edafa89e143a05a4eb34e940", "number": "9897128229", "area-code": "989"}, {"id": "ed1de944edafa89e143a05a4eb34e722", "number": "2092848294", "area-code": "805"}, {"id": "ed1de944edafa89e143a05a4eb34e670", "number": "", "area-code": "214"}, {"id": "ed1de944edafa89e143a05a4eb34e4df", "number": "9492001003", "area-code": "805"}, {"id": "ed1de944edafa89e143a05a4eb34e0c9", "number": "9375829727", "area-code": "919"}, {"id": "ed1de944edafa89e143a05a4eb34d9fa", "number": "2063854875", "area-code": "832"}, {"id": "ed1de944edafa89e143a05a4eb34d990", "number": "", "area-code": "214"}, {"id": "ed1de944edafa89e143a05a4eb34d678", "number": "5163575105", "area-code": "972"}, {"id": "ed1de944edafa89e143a05a4eb34ce7a", "number": "6507146131", "area-code": "650"}, {"id": "ed1de944edafa89e143a05a4eb34cbf4", "number": "", "area-code": "214"}, {"id": "ed1de944edafa89e143a05a4eb34bc89", "number": "3162185542", "area-code": "707"}, {"id": "ed1de944edafa89e143a05a4eb34ba75", "number": "", "area-code": "361"}, {"id": "ed1de944edafa89e143a05a4eb34a32d", "number": "", "area-code": "214"}, {"id": "ed1de944edafa89e143a05a4eb34ba49", "number": "8632709560", "area-code": "305"}, {"id": "ed1de944edafa89e143a05a4eb34add8", "number": "6304754692", "area-code": "309"}, {"id": "ed1de944edafa89e143a05a4eb349e46", "number": "2394762916", "area-code": "352"}, {"id": "ed1de944edafa89e143a05a4eb349aef", "number": "6193759750", "area-code": "503"}, {"id": "ed1de944edafa89e143a05a4eb348b6a", "number": "2046152828", "area-code": "513"}, {"id": "ed1de944edafa89e143a05a4eb3482ef", "number": "8665805802", "area-code": "516"}, {"id": "ed1de944edafa89e143a05a4eb3475da", "number": "", "area-code": "214"}, {"id": "ed1de944edafa89e143a05a4eb3480d1", "number": "9736095195", "area-code": "404"}, {"id": "ed1de944edafa89e143a05a4eb347026", "number": "7153965727", "area-code": "715"}, {"id": "ed1de944edafa89e143a05a4eb3460cd", "number": "3606355561", "area-code": "503"}, {"id": "ed1de944edafa89e143a05a4eb345592", "number": "7756248057", "area-code": "775"}, {"id": "ed1de944edafa89e143a05a4eb345112", "number": "2814845765", "area-code": "859"}, {"id": "ed1de944edafa89e143a05a4eb34502e", "number": "", "area-code": "214"}, {"id": "ed1de944edafa89e143a05a4eb344765", "number": "9704510175", "area-code": "708"}, {"id": "ed1de944edafa89e143a05a4eb344672", "number": "2023137844", "area-code": "919"}, {"id": "ed1de944edafa89e143a05a4eb34417b", "number": "9546943434", "area-code": "605"}, {"id": "ed1de944edafa89e143a05a4eb343cd6", "number": "5033371760", "area-code": "503"}, {"id": "ed1de944edafa89e143a05a4eb342d6f", "number": "8004322737", "area-code": "708"}, {"id": "ed1de944edafa89e143a05a4eb3422f2", "number": "", "area-code": "214"}, {"id": "ed1de944edafa89e143a05a4eb341b9c", "number": "9704510175", "area-code": "708"}, {"id": "ed1de944edafa89e143a05a4eb340cdb", "number": "7029354573", "area-code": "708"}, {"id": "ed1de944edafa89e143a05a4eb3401f9", "number": "9254337886", "area-code": "925"}, {"id": "ed1de944edafa89e143a05a4eb340a9d", "number": "85618873917", "area-code": "503"}, {"id": "ed1de944edafa89e143a05a4eb33e481", "number": "", "area-code": "214"}, {"id": "ed1de944edafa89e143a05a4eb33f3b1", "number": "3365151979", "area-code": "919"}, {"id": "ed1de944edafa89e143a05a4eb33e727", "number": "4347352728", "area-code": "434"}, {"id": "ed1de944edafa89e143a05a4eb33dd55", "number": "7025759602", "area-code": "708"}, {"id": "ed1de944edafa89e143a05a4eb33d54d", "number": "2678415660", "area-code": "215"}, {"id": "ed1de944edafa89e143a05a4eb33c8bd", "number": "9258564239", "area-code": "925"}, {"id": "ed1de944edafa89e143a05a4eb33cde4", "number": "2154631148", "area-code": "215"}, {"id": "ed1de944edafa89e143a05a4eb33bdf4", "number": "7029354573", "area-code": "708"}, {"id": "ed1de944edafa89e143a05a4eb33b060", "number": "", "area-code": "214"}, {"id": "ed1de944edafa89e143a05a4eb33a409", "number": "9258564240", "area-code": "925"}, {"id": "ed1de944edafa89e143a05a4eb33b8fe", "number": "", "area-code": "503"}, {"id": "ed1de944edafa89e143a05a4eb33b449", "number": "8668559102", "area-code": "708"}, {"id": "ed1de944edafa89e143a05a4eb33a007", "number": "7146947603", "area-code": "951"}]}