{"data": [{"id": "ed1de944edafa89e143a05a4eb0b85c4", "number": "7206402665", "area-code": "720"}, {"id": "ed1de944edafa89e143a05a4eb0b7bbe", "number": "5043707648", "area-code": "504"}, {"id": "ed1de944edafa89e143a05a4eb0b72ca", "number": "9126560883", "area-code": "912"}, {"id": "ed1de944edafa89e143a05a4eb0b645e", "number": "2259216218", "area-code": "513"}, {"id": "ed1de944edafa89e143a05a4eb0b5f44", "number": "6106081782", "area-code": "610"}, {"id": "ed1de944edafa89e143a05a4eb0b53a9", "number": "8102129869", "area-code": "847"}, {"id": "ed1de944edafa89e143a05a4eb0b4ba7", "number": "7205605736", "area-code": "720"}, {"id": "ed1de944edafa89e143a05a4eb0b4b72", "number": "2765246375", "area-code": "540"}, {"id": "ed1de944edafa89e143a05a4eb0b3c86", "number": "6672707376", "area-code": "970"}, {"id": "ed1de944edafa89e143a05a4eb0b33d3", "number": "8482174515", "area-code": "918"}, {"id": "ed1de944edafa89e143a05a4eb0b309c", "number": "8888993338", "area-code": "435"}, {"id": "ed1de944edafa89e143a05a4eb0b3011", "number": "9048452161", "area-code": "904"}, {"id": "ed1de944edafa89e143a05a4eb0b2345", "number": "4238023574", "area-code": "504"}, {"id": "ed1de944edafa89e143a05a4eb0b1da8", "number": "2093489120", "area-code": "209"}, {"id": "ed1de944edafa89e143a05a4eb0b101b", "number": "5105448523", "area-code": "408"}, {"id": "ed1de944edafa89e143a05a4eb0b09d0", "number": "866464373586641", "area-code": "812"}, {"id": "ed1de944edafa89e143a05a4eb0b094d", "number": "2765246591", "area-code": "540"}, {"id": "ed1de944edafa89e143a05a4eb0afb04", "number": "6162496534", "area-code": "513"}, {"id": "ed1de944edafa89e143a05a4eb0aee0f", "number": "2564647847", "area-code": "256"}, {"id": "ed1de944edafa89e143a05a4eb0ae073", "number": "9522433629", "area-code": "952"}, {"id": "ed1de944edafa89e143a05a4eb0ad943", "number": "5109559564", "area-code": "281"}, {"id": "ed1de944edafa89e143a05a4eb0acfa0", "number": "9094874866", "area-code": "951"}, {"id": "ed1de944edafa89e143a05a4eb0ac908", "number": "8033352293", "area-code": "843"}, {"id": "ed1de944edafa89e143a05a4eb0ac330", "number": "4232174684", "area-code": "303"}, {"id": "ed1de944edafa89e143a05a4eb0ac1a3", "number": "8555444287", "area-code": "206"}, {"id": "ed1de944edafa89e143a05a4eb0ab3fc", "number": "6186558208", "area-code": "312"}, {"id": "ed1de944edafa89e143a05a4eb0aabd9", "number": "8644326247", "area-code": "843"}, {"id": "ed1de944edafa89e143a05a4eb0aa75e", "number": "5053693017", "area-code": "505"}, {"id": "ed1de944edafa89e143a05a4eb0a984d", "number": "9107899858", "area-code": "910"}, {"id": "ed1de944edafa89e143a05a4eb0a8a6f", "number": "5712606488", "area-code": "571"}, {"id": "ed1de944edafa89e143a05a4eb0a820f", "number": "5018581013", "area-code": "530"}, {"id": "ed1de944edafa89e143a05a4eb0a7214", "number": "6176818762", "area-code": "978"}, {"id": "ed1de944edafa89e143a05a4eb0a62b7", "number": "2184630959", "area-code": "513"}, {"id": "ed1de944edafa89e143a05a4eb0a575d", "number": "8037700794", "area-code": "843"}, {"id": "ed1de944edafa89e143a05a4eb0a4b68", "number": "8459202214", "area-code": "914"}, {"id": "ed1de944edafa89e143a05a4eb0a437b", "number": "8024914314", "area-code": "619"}, {"id": "ed1de944edafa89e143a05a4eb0a36ea", "number": "5593358179", "area-code": "760"}, {"id": "ed1de944edafa89e143a05a4eb0a2941", "number": "", "area-code": "619"}, {"id": "ed1de944edafa89e143a05a4eb0a1b8d", "number": "4108725965", "area-code": "410"}, {"id": "ed1de944edafa89e143a05a4eb0a1969", "number": "9107898994", "area-code": "910"}, {"id": "ed1de944edafa89e143a05a4eb0a0aa7", "number": "9086369979", "area-code": "908"}, {"id": "ed1de944edafa89e143a05a4eb0a0595", "number": "5163033593", "area-code": "515"}, {"id": "ed1de944edafa89e143a05a4eb09fae3", "number": "6179931613", "area-code": "339"}, {"id": "ed1de944edafa89e143a05a4eb09f467", "number": "5614733063", "area-code": "561"}, {"id": "ed1de944edafa89e143a05a4eb09f352", "number": "8888839824866484261", "area-code": "724"}, {"id": "ed1de944edafa89e143a05a4eb09ee4a", "number": "2672791946", "area-code": "267"}, {"id": "ed1de944edafa89e143a05a4eb09e85d", "number": "3212047330", "area-code": "904"}, {"id": "ed1de944edafa89e143a05a4eb09e68b", "number": "4343669553", "area-code": "434"}, {"id": "ed1de944edafa89e143a05a4eb09e326", "number": "9175723781", "area-code": "501"}, {"id": "ed1de944edafa89e143a05a4eb09d70a", "number": "8662395122", "area-code": "866"}]}