{"data": [{"id": "ed1de944edafa89e143a05a4eb09d25a", "number": "9546470350", "area-code": "850"}, {"id": "ed1de944edafa89e143a05a4eb09d10c", "number": "8037700792", "area-code": "843"}, {"id": "ed1de944edafa89e143a05a4eb09c4ab", "number": "3028976994", "area-code": "302"}, {"id": "ed1de944edafa89e143a05a4eb09c3b0", "number": "2259218197", "area-code": "513"}, {"id": "ed1de944edafa89e143a05a4eb09b754", "number": "8888993338", "area-code": "435"}, {"id": "ed1de944edafa89e143a05a4eb09ad08", "number": "6672707376", "area-code": "240"}, {"id": "ed1de944edafa89e143a05a4eb099e78", "number": "9094425537", "area-code": "760"}, {"id": "ed1de944edafa89e143a05a4eb099de8", "number": "5152590880", "area-code": "515"}, {"id": "ed1de944edafa89e143a05a4eb099d8c", "number": "5152194781", "area-code": "515"}, {"id": "ed1de944edafa89e143a05a4eb099580", "number": "9044729051", "area-code": "904"}, {"id": "ed1de944edafa89e143a05a4eb099414", "number": "5613358615", "area-code": "850"}, {"id": "ed1de944edafa89e143a05a4eb098913", "number": "9492838315", "area-code": "661"}, {"id": "ed1de944edafa89e143a05a4eb097bbf", "number": "3852698342", "area-code": "312"}, {"id": "ed1de944edafa89e143a05a4eb096f7b", "number": "", "area-code": "409"}, {"id": "ed1de944edafa89e143a05a4eb0964a4", "number": "8032742095", "area-code": "843"}, {"id": "ed1de944edafa89e143a05a4eb0960e9", "number": "7276524145", "area-code": "727"}, {"id": "ed1de944edafa89e143a05a4eb095ba7", "number": "8057022482", "area-code": "515"}, {"id": "ed1de944edafa89e143a05a4eb095068", "number": "9592050225", "area-code": "203"}, {"id": "ed1de944edafa89e143a05a4eb094d28", "number": "9789839265", "area-code": "732"}, {"id": "ed1de944edafa89e143a05a4eb09427f", "number": "9282175015", "area-code": "928"}, {"id": "ed1de944edafa89e143a05a4eb0936ce", "number": "9726378775", "area-code": "413"}, {"id": "ed1de944edafa89e143a05a4eb092b71", "number": "7183527070", "area-code": "718"}, {"id": "ed1de944edafa89e143a05a4eb09227c", "number": "7243837575", "area-code": "724"}, {"id": "ed1de944edafa89e143a05a4eb09225f", "number": "2039922651", "area-code": "515"}, {"id": "ed1de944edafa89e143a05a4eb091671", "number": "8137104222", "area-code": "813"}, {"id": "ed1de944edafa89e143a05a4eb090e6c", "number": "8437952817", "area-code": "843"}, {"id": "ed1de944edafa89e143a05a4eb090bd8", "number": "3072577880", "area-code": "724"}, {"id": "ed1de944edafa89e143a05a4eb0901ae", "number": "5136628000", "area-code": "513"}, {"id": "ed1de944edafa89e143a05a4eb09009c", "number": "4792353242", "area-code": "479"}, {"id": "ed1de944edafa89e143a05a4eb08f1bc", "number": "8438661505", "area-code": "262"}, {"id": "ed1de944edafa89e143a05a4eb08eb65", "number": "7156360627", "area-code": "850"}, {"id": "ed1de944edafa89e143a05a4eb08e1eb", "number": "5153161784", "area-code": "563"}, {"id": "ed1de944edafa89e143a05a4eb08dd07", "number": "6163796850", "area-code": "231"}, {"id": "ed1de944edafa89e143a05a4eb08d0d1", "number": "2568483066", "area-code": "562"}, {"id": "ed1de944edafa89e143a05a4eb08c7f8", "number": "8664755614", "area-code": "541"}, {"id": "ed1de944edafa89e143a05a4eb08ba27", "number": "8029229257", "area-code": "727"}, {"id": "ed1de944edafa89e143a05a4eb08b51c", "number": "8326125957", "area-code": "515"}, {"id": "ed1de944edafa89e143a05a4eb08aa94", "number": "7573478734", "area-code": "515"}, {"id": "ed1de944edafa89e143a05a4eb08a9fa", "number": "3045204264", "area-code": "313"}, {"id": "ed1de944edafa89e143a05a4eb089dd1", "number": "8472591657", "area-code": "847"}, {"id": "ed1de944edafa89e143a05a4eb0890a5", "number": "8023922949", "area-code": "301"}, {"id": "ed1de944edafa89e143a05a4eb088305", "number": "8005318722", "area-code": "417"}, {"id": "ed1de944edafa89e143a05a4eb087f45", "number": "2817248519", "area-code": "281"}, {"id": "ed1de944edafa89e143a05a4eb087665", "number": "8004224895", "area-code": "310"}, {"id": "ed1de944edafa89e143a05a4eb0866bc", "number": "2402226348", "area-code": "301"}, {"id": "ed1de944edafa89e143a05a4eb085c97", "number": "9319947627", "area-code": "615"}, {"id": "ed1de944edafa89e143a05a4eb0858c5", "number": "8033365702", "area-code": "262"}, {"id": "ed1de944edafa89e143a05a4eb085044", "number": "2135135015", "area-code": "972"}, {"id": "ed1de944edafa89e143a05a4eb0847d4", "number": "8002827541", "area-code": "773"}, {"id": "ed1de944edafa89e143a05a4eb084378", "number": "", "area-code": "520"}]}