{"data": [{"id": "ed1de944edafa89e143a05a4eb08361b", "number": "", "area-code": "518"}, {"id": "ed1de944edafa89e143a05a4eb082d4d", "number": "4703239542", "area-code": "770"}, {"id": "ed1de944edafa89e143a05a4eb082234", "number": "9084956136", "area-code": "609"}, {"id": "ed1de944edafa89e143a05a4eb0817a3", "number": "", "area-code": "419"}, {"id": "ed1de944edafa89e143a05a4eb081769", "number": "8016442210", "area-code": "801"}, {"id": "ed1de944edafa89e143a05a4eb0812da", "number": "8437511712", "area-code": "843"}, {"id": "ed1de944edafa89e143a05a4eb0808ee", "number": "9707126756", "area-code": "970"}, {"id": "ed1de944edafa89e143a05a4eb08017f", "number": "6785643352", "area-code": "541"}, {"id": "ed1de944edafa89e143a05a4eb07fa2d", "number": "3522040333", "area-code": "561"}, {"id": "ed1de944edafa89e143a05a4eb07f375", "number": "2162904950", "area-code": "513"}, {"id": "ed1de944edafa89e143a05a4eb07f2c5", "number": "6024742454", "area-code": "310"}, {"id": "ed1de944edafa89e143a05a4eb07e39b", "number": "5628682323", "area-code": "562"}, {"id": "ed1de944edafa89e143a05a4eb07dea2", "number": "8438661505", "area-code": "262"}, {"id": "ed1de944edafa89e143a05a4eb07d251", "number": "3072577880", "area-code": "831"}, {"id": "ed1de944edafa89e143a05a4eb07c39c", "number": "7732836906", "area-code": "773"}, {"id": "ed1de944edafa89e143a05a4eb07c0b5", "number": "9709801969", "area-code": "970"}, {"id": "ed1de944edafa89e143a05a4eb07c03f", "number": "6023803967", "area-code": "520"}, {"id": "ed1de944edafa89e143a05a4eb07bfe5", "number": "3366586000", "area-code": "435"}, {"id": "ed1de944edafa89e143a05a4eb07b245", "number": "8007622265", "area-code": "847"}, {"id": "ed1de944edafa89e143a05a4eb07aaa0", "number": "8638371140", "area-code": "954"}, {"id": "ed1de944edafa89e143a05a4eb079ecd", "number": "5153033593", "area-code": "515"}, {"id": "ed1de944edafa89e143a05a4eb079da7", "number": "9124939285", "area-code": "813"}, {"id": "ed1de944edafa89e143a05a4eb078f7d", "number": "9161698965", "area-code": "916"}, {"id": "ed1de944edafa89e143a05a4eb0780a2", "number": "9254644089", "area-code": "310"}, {"id": "ed1de944edafa89e143a05a4eb0773f3", "number": "8437697737", "area-code": "843"}, {"id": "ed1de944edafa89e143a05a4eb076b77", "number": "9282175015", "area-code": "928"}, {"id": "ed1de944edafa89e143a05a4eb076985", "number": "7195278000", "area-code": "719"}, {"id": "ed1de944edafa89e143a05a4eb0766c9", "number": "4102756074", "area-code": "562"}, {"id": "ed1de944edafa89e143a05a4eb076138", "number": "2244104012", "area-code": "224"}, {"id": "ed1de944edafa89e143a05a4eb075dc9", "number": "5174812901", "area-code": "517"}, {"id": "ed1de944edafa89e143a05a4eb074f84", "number": "8664282424", "area-code": "301"}, {"id": "ed1de944edafa89e143a05a4eb074b60", "number": "6785688683", "area-code": "541"}, {"id": "ed1de944edafa89e143a05a4eb074825", "number": "2026979469", "area-code": "813"}, {"id": "ed1de944edafa89e143a05a4eb074241", "number": "6692454465", "area-code": "864"}, {"id": "ed1de944edafa89e143a05a4eb0734b9", "number": "9044504224", "area-code": "904"}, {"id": "ed1de944edafa89e143a05a4eb072980", "number": "7067568226", "area-code": "706"}, {"id": "ed1de944edafa89e143a05a4eb071c7b", "number": "3072577880", "area-code": "307"}, {"id": "ed1de944edafa89e143a05a4eb070ecf", "number": "9015863139", "area-code": "620"}, {"id": "ed1de944edafa89e143a05a4eb0705f7", "number": "6672399032", "area-code": "602"}, {"id": "ed1de944edafa89e143a05a4eb06fa5b", "number": "2172792233", "area-code": "217"}, {"id": "ed1de944edafa89e143a05a4eb06ed92", "number": "", "area-code": "828"}, {"id": "ed1de944edafa89e143a05a4eb06e17f", "number": "7573478733", "area-code": "515"}, {"id": "ed1de944edafa89e143a05a4eb06da8d", "number": "2135135015", "area-code": "480"}, {"id": "ed1de944edafa89e143a05a4eb06d3d2", "number": "4073923220", "area-code": "407"}, {"id": "ed1de944edafa89e143a05a4eb06c672", "number": "4088364482", "area-code": "408"}, {"id": "ed1de944edafa89e143a05a4eb06b837", "number": "9166740371", "area-code": "916"}, {"id": "ed1de944edafa89e143a05a4eb06ad28", "number": "9032262319", "area-code": "334"}, {"id": "ed1de944edafa89e143a05a4eb06a171", "number": "8669060256", "area-code": "310"}, {"id": "ed1de944edafa89e143a05a4eb069e12", "number": "2104692499", "area-code": "623"}, {"id": "ed1de944edafa89e143a05a4eb0675c8", "number": "", "area-code": "912"}]}