{"data": [{"id": "ed1de944edafa89e143a05a4eb068f0e", "number": "9592131863", "area-code": "650"}, {"id": "ed1de944edafa89e143a05a4eb06849e", "number": "9044504224", "area-code": "904"}, {"id": "ed1de944edafa89e143a05a4eb06812b", "number": "6785697459", "area-code": "541"}, {"id": "ed1de944edafa89e143a05a4eb066883", "number": "2209001075", "area-code": "513"}, {"id": "ed1de944edafa89e143a05a4eb0660f2", "number": "9017853396", "area-code": "901"}, {"id": "ed1de944edafa89e143a05a4eb065fee", "number": "4805737165", "area-code": "480"}, {"id": "ed1de944edafa89e143a05a4eb060bab", "number": "8765484164", "area-code": "201"}, {"id": "ed1de944edafa89e143a05a4eb06596f", "number": "5033341237", "area-code": "503"}, {"id": "ed1de944edafa89e143a05a4eb06557b", "number": "6057763684", "area-code": "310"}, {"id": "ed1de944edafa89e143a05a4eb0645c6", "number": "3344535032", "area-code": "334"}, {"id": "ed1de944edafa89e143a05a4eb06368b", "number": "5106171158", "area-code": "775"}, {"id": "ed1de944edafa89e143a05a4eb064013", "number": "515241570", "area-code": "515"}, {"id": "ed1de944edafa89e143a05a4eb063a3b", "number": "8002827541", "area-code": "770"}, {"id": "ed1de944edafa89e143a05a4eb0638af", "number": "2172987020", "area-code": "217"}, {"id": "ed1de944edafa89e143a05a4eb0633f5", "number": "8102025424", "area-code": "810"}, {"id": "ed1de944edafa89e143a05a4eb062977", "number": "4108837586", "area-code": "410"}, {"id": "ed1de944edafa89e143a05a4eb0625ea", "number": "469317177", "area-code": "214"}, {"id": "ed1de944edafa89e143a05a4eb061a75", "number": "5052708033", "area-code": "505"}, {"id": "ed1de944edafa89e143a05a4eb061593", "number": "2084151614", "area-code": "941"}, {"id": "ed1de944edafa89e143a05a4eb060413", "number": "5165648162", "area-code": "516"}, {"id": "ed1de944edafa89e143a05a4eb060374", "number": "", "area-code": "469"}, {"id": "ed1de944edafa89e143a05a4eb05fcc1", "number": "9044504224", "area-code": "904"}, {"id": "ed1de944edafa89e143a05a4eb05fbce", "number": "8763295960", "area-code": "770"}, {"id": "ed1de944edafa89e143a05a4eb05f928", "number": "8665805802", "area-code": "972"}, {"id": "ed1de944edafa89e143a05a4eb05ef1d", "number": "1715612451", "area-code": "323"}, {"id": "ed1de944edafa89e143a05a4eb05ef0d", "number": "", "area-code": "951"}, {"id": "ed1de944edafa89e143a05a4eb05e932", "number": "9258993033", "area-code": "925"}, {"id": "ed1de944edafa89e143a05a4eb05e40c", "number": "5203418983", "area-code": "916"}, {"id": "ed1de944edafa89e143a05a4eb05e051", "number": "4153001490", "area-code": "805"}, {"id": "ed1de944edafa89e143a05a4eb05dc26", "number": "6785675323", "area-code": "541"}, {"id": "ed1de944edafa89e143a05a4eb05d5a2", "number": "", "area-code": "608"}, {"id": "ed1de944edafa89e143a05a4eb05cd2a", "number": "3072579865", "area-code": "406"}, {"id": "ed1de944edafa89e143a05a4eb05bd55", "number": "5167042989", "area-code": "516"}, {"id": "ed1de944edafa89e143a05a4eb059c4f", "number": "2703215634", "area-code": "270"}, {"id": "ed1de944edafa89e143a05a4eb05b8d0", "number": "6508009291", "area-code": "402"}, {"id": "ed1de944edafa89e143a05a4eb05ab3d", "number": "9046367534", "area-code": "561"}, {"id": "ed1de944edafa89e143a05a4eb05aa64", "number": "8778057744", "area-code": "856"}, {"id": "ed1de944edafa89e143a05a4eb050485", "number": "8662836635", "area-code": "718"}, {"id": "ed1de944edafa89e143a05a4eb05a731", "number": "9044504224", "area-code": "904"}, {"id": "ed1de944edafa89e143a05a4eb05a53f", "number": "5093809797", "area-code": "770"}, {"id": "ed1de944edafa89e143a05a4eb0595d0", "number": "7855549705", "area-code": "785"}, {"id": "ed1de944edafa89e143a05a4eb059037", "number": "8776946080", "area-code": "317"}, {"id": "ed1de944edafa89e143a05a4eb058686", "number": "8772333489", "area-code": "843"}, {"id": "ed1de944edafa89e143a05a4eb057cbc", "number": "", "area-code": "347"}, {"id": "ed1de944edafa89e143a05a4eb0574a8", "number": "4056714738", "area-code": "828"}, {"id": "ed1de944edafa89e143a05a4eb056e26", "number": "5612406528", "area-code": "561"}, {"id": "ed1de944edafa89e143a05a4eb056736", "number": "6315000325", "area-code": "516"}, {"id": "ed1de944edafa89e143a05a4eb056607", "number": "", "area-code": "304"}, {"id": "ed1de944edafa89e143a05a4eb055dee", "number": "6613263114", "area-code": "661"}, {"id": "ed1de944edafa89e143a05a4eb04c583", "number": "8007372710", "area-code": "562"}]}