{"data": [{"id": "ed1de944edafa89e143a05a4eb0550ee", "number": "3072025307", "area-code": "307"}, {"id": "ed1de944edafa89e143a05a4eb054f0a", "number": "2056099522", "area-code": "205"}, {"id": "ed1de944edafa89e143a05a4eb054e00", "number": "4197080747", "area-code": "919"}, {"id": "ed1de944edafa89e143a05a4eb05490d", "number": "8188275519", "area-code": "310"}, {"id": "ed1de944edafa89e143a05a4eb053ccb", "number": "8662836635", "area-code": "856"}, {"id": "ed1de944edafa89e143a05a4eb0537cf", "number": "__________", "area-code": "714"}, {"id": "ed1de944edafa89e143a05a4eb053076", "number": "4353224320", "area-code": "801"}, {"id": "ed1de944edafa89e143a05a4eb0520b0", "number": "7074143511", "area-code": "707"}, {"id": "ed1de944edafa89e143a05a4eb051c2b", "number": "2055971000", "area-code": "718"}, {"id": "ed1de944edafa89e143a05a4eb050f31", "number": "", "area-code": "865"}, {"id": "ed1de944edafa89e143a05a4eb05059d", "number": "5853575195", "area-code": "516"}, {"id": "ed1de944edafa89e143a05a4eb04ffb8", "number": "6193531242", "area-code": "661"}, {"id": "ed1de944edafa89e143a05a4eb04f4cd", "number": "7606726202", "area-code": "760"}, {"id": "ed1de944edafa89e143a05a4eb04e8b7", "number": "8664282424", "area-code": "717"}, {"id": "ed1de944edafa89e143a05a4eb04e21e", "number": "3158821726", "area-code": "714"}, {"id": "ed1de944edafa89e143a05a4eb04dc94", "number": "9183933918", "area-code": "925"}, {"id": "ed1de944edafa89e143a05a4eb04d17a", "number": "", "area-code": "208"}, {"id": "ed1de944edafa89e143a05a4eb04b6ee", "number": "8438745247", "area-code": "843"}, {"id": "ed1de944edafa89e143a05a4eb04af12", "number": "6408051051", "area-code": "440"}, {"id": "ed1de944edafa89e143a05a4eb04a30d", "number": "3522188760", "area-code": "352"}, {"id": "ed1de944edafa89e143a05a4eb049c24", "number": "9183933918", "area-code": "925"}, {"id": "ed1de944edafa89e143a05a4eb0499ed", "number": "3044208868", "area-code": "304"}, {"id": "ed1de944edafa89e143a05a4eb0490d5", "number": "6612259402", "area-code": "661"}, {"id": "ed1de944edafa89e143a05a4eb048839", "number": "6129790184", "area-code": "612"}, {"id": "ed1de944edafa89e143a05a4eb0486ba", "number": "9103747910", "area-code": "910"}, {"id": "ed1de944edafa89e143a05a4eb0481a4", "number": "3072234549", "area-code": "307"}, {"id": "ed1de944edafa89e143a05a4eb047e73", "number": "8002827541", "area-code": "856"}, {"id": "ed1de944edafa89e143a05a4eb047231", "number": "4438837586", "area-code": "410"}, {"id": "ed1de944edafa89e143a05a4eb046c74", "number": "8442049279", "area-code": "773"}, {"id": "ed1de944edafa89e143a05a4eb04604e", "number": "7276106517", "area-code": "727"}, {"id": "ed1de944edafa89e143a05a4eb045783", "number": "6614653178", "area-code": "661"}, {"id": "ed1de944edafa89e143a05a4eb044b39", "number": "6158234673", "area-code": "516"}, {"id": "ed1de944edafa89e143a05a4eb044265", "number": "8665805802", "area-code": "386"}, {"id": "ed1de944edafa89e143a05a4eb04367a", "number": "9043356248", "area-code": "904"}, {"id": "ed1de944edafa89e143a05a4eb04315f", "number": "7746122731", "area-code": "612"}, {"id": "ed1de944edafa89e143a05a4eb042842", "number": "4402762516", "area-code": "440"}, {"id": "ed1de944edafa89e143a05a4eb041d7e", "number": "8583369350", "area-code": "858"}, {"id": "ed1de944edafa89e143a05a4eb040e41", "number": "4342056846", "area-code": "757"}, {"id": "ed1de944edafa89e143a05a4eb04051e", "number": "6613397094", "area-code": "661"}, {"id": "ed1de944edafa89e143a05a4eb03f92a", "number": "9162997050", "area-code": "916"}, {"id": "ed1de944edafa89e143a05a4eb03f1f4", "number": "", "area-code": "706"}, {"id": "ed1de944edafa89e143a05a4eb03e7ac", "number": "3072071320", "area-code": "307"}, {"id": "ed1de944edafa89e143a05a4eb03e16f", "number": "6612155599", "area-code": "661"}, {"id": "ed1de944edafa89e143a05a4eb031c8a", "number": "8768494768", "area-code": "201"}, {"id": "ed1de944edafa89e143a05a4eb03e143", "number": "8002255935", "area-code": "440"}, {"id": "ed1de944edafa89e143a05a4eb03d774", "number": "4698287193", "area-code": "650"}, {"id": "ed1de944edafa89e143a05a4eb03c90b", "number": "8283979839", "area-code": "307"}, {"id": "ed1de944edafa89e143a05a4eb03be2e", "number": "4239143479", "area-code": "423"}, {"id": "ed1de944edafa89e143a05a4eb03b6e1", "number": "7024172979", "area-code": "702"}, {"id": "ed1de944edafa89e143a05a4eb03a71f", "number": "9163139992", "area-code": "916"}]}