{"data": [{"id": "ed1de944edafa89e143a05a4eb0398b5", "number": "7472124731", "area-code": "661"}, {"id": "ed1de944edafa89e143a05a4eb038ef6", "number": "7067568226", "area-code": "706"}, {"id": "ed1de944edafa89e143a05a4eb038610", "number": "8002255935", "area-code": "972"}, {"id": "ed1de944edafa89e143a05a4eb037631", "number": "2129859769", "area-code": "970"}, {"id": "ed1de944edafa89e143a05a4eb036cb6", "number": "2622296913", "area-code": "920"}, {"id": "ed1de944edafa89e143a05a4eb035ea2", "number": "3232709646", "area-code": "949"}, {"id": "ed1de944edafa89e143a05a4eb03568d", "number": "8002532322", "area-code": "205"}, {"id": "ed1de944edafa89e143a05a4eb034ea1", "number": "2679484950", "area-code": "717"}, {"id": "ed1de944edafa89e143a05a4eb034be2", "number": "3212802144", "area-code": "903"}, {"id": "ed1de944edafa89e143a05a4eb033f1c", "number": "9294422904", "area-code": "312"}, {"id": "ed1de944edafa89e143a05a4eb033a5b", "number": "8577722183", "area-code": "339"}, {"id": "ed1de944edafa89e143a05a4eb032b0c", "number": "6148815410", "area-code": "978"}, {"id": "ed1de944edafa89e143a05a4eb0328b0", "number": "6692683713", "area-code": "661"}, {"id": "ed1de944edafa89e143a05a4eb031601", "number": "7148658897", "area-code": "559"}, {"id": "ed1de944edafa89e143a05a4eb0311ae", "number": "8007244964", "area-code": "440"}, {"id": "ed1de944edafa89e143a05a4eb02a06b", "number": "4844395862", "area-code": "570"}, {"id": "ed1de944edafa89e143a05a4eb030d6c", "number": "4107512387", "area-code": "410"}, {"id": "ed1de944edafa89e143a05a4eb030255", "number": "5412500965", "area-code": "541"}, {"id": "ed1de944edafa89e143a05a4eb02f5e9", "number": "4803327160", "area-code": "480"}, {"id": "ed1de944edafa89e143a05a4eb02e683", "number": "4056714738", "area-code": "828"}, {"id": "ed1de944edafa89e143a05a4eb02e08a", "number": "2156804019", "area-code": "215"}, {"id": "ed1de944edafa89e143a05a4eb02d0d5", "number": "8186910081", "area-code": "303"}, {"id": "ed1de944edafa89e143a05a4eb02c99c", "number": "3152328257", "area-code": "618"}, {"id": "ed1de944edafa89e143a05a4eb02ba49", "number": "4807996702", "area-code": "602"}, {"id": "ed1de944edafa89e143a05a4eb02b24f", "number": "8005455585", "area-code": "727"}, {"id": "ed1de944edafa89e143a05a4eb02ab0d", "number": "6614491170", "area-code": "661"}, {"id": "ed1de944edafa89e143a05a4eb0293aa", "number": "8083787888", "area-code": "847"}, {"id": "ed1de944edafa89e143a05a4eb02904d", "number": "7204702732", "area-code": "720"}, {"id": "ed1de944edafa89e143a05a4eb028602", "number": "4403552829", "area-code": "440"}, {"id": "ed1de944edafa89e143a05a4eb02858e", "number": "7274728329", "area-code": "217"}, {"id": "ed1de944edafa89e143a05a4eb027995", "number": "2058607874", "area-code": "903"}, {"id": "ed1de944edafa89e143a05a4eb02722f", "number": "9133477396", "area-code": "970"}, {"id": "ed1de944edafa89e143a05a4eb026577", "number": "7183527624", "area-code": "718"}, {"id": "ed1de944edafa89e143a05a4eb026523", "number": "5612208380", "area-code": "561"}, {"id": "ed1de944edafa89e143a05a4eb025fba", "number": "6612827133", "area-code": "661"}, {"id": "ed1de944edafa89e143a05a4eb025039", "number": "9133487485", "area-code": "319"}, {"id": "ed1de944edafa89e143a05a4eb024085", "number": "2483483690", "area-code": "248"}, {"id": "ed1de944edafa89e143a05a4eb023b4d", "number": "9034003642", "area-code": "903"}, {"id": "ed1de944edafa89e143a05a4eb022b6a", "number": "5133126986", "area-code": "513"}, {"id": "ed1de944edafa89e143a05a4eb021e04", "number": "7272911706", "area-code": "786"}, {"id": "ed1de944edafa89e143a05a4eb020f47", "number": "3018501475", "area-code": "631"}, {"id": "ed1de944edafa89e143a05a4eb020315", "number": "8665805802", "area-code": "661"}, {"id": "ed1de944edafa89e143a05a4eb01fd9b", "number": "9312780835", "area-code": "503"}, {"id": "ed1de944edafa89e143a05a4eb01f35f", "number": "5026485452", "area-code": "502"}, {"id": "ed1de944edafa89e143a05a4eb01e500", "number": "8662836635", "area-code": "414"}, {"id": "ed1de944edafa89e143a05a4eb01dcfd", "number": "8167927396", "area-code": "573"}, {"id": "ed1de944edafa89e143a05a4eb01dc18", "number": "8478420629", "area-code": "847"}, {"id": "ed1de944edafa89e143a05a4eb01cdff", "number": "9032005309", "area-code": "903"}, {"id": "ed1de944edafa89e143a05a4eb01c879", "number": "7404192891", "area-code": "440"}, {"id": "ed1de944edafa89e143a05a4eb01c39d", "number": "6613497281", "area-code": "661"}]}