{"data": [{"id": "ed1de944edafa89e143a05a4eb01bd4f", "number": "7024461204", "area-code": "903"}, {"id": "ed1de944edafa89e143a05a4eb01b5c7", "number": "6469390733", "area-code": "917"}, {"id": "ed1de944edafa89e143a05a4eb01b0fd", "number": "8662039560", "area-code": "386"}, {"id": "ed1de944edafa89e143a05a4eb014666", "number": "3157016195", "area-code": "516"}, {"id": "ed1de944edafa89e143a05a4eb01a6af", "number": "4342560401", "area-code": "804"}, {"id": "ed1de944edafa89e143a05a4eb01a65d", "number": "2674469390", "area-code": "267"}, {"id": "ed1de944edafa89e143a05a4eb019a8a", "number": "", "area-code": "208"}, {"id": "ed1de944edafa89e143a05a4eb0197c3", "number": "5134963886", "area-code": "916"}, {"id": "ed1de944edafa89e143a05a4eb01942a", "number": "9164792404", "area-code": "916"}, {"id": "ed1de944edafa89e143a05a4eb018942", "number": "8666322189", "area-code": "831"}, {"id": "ed1de944edafa89e143a05a4eb018487", "number": "4102632521", "area-code": "410"}, {"id": "ed1de944edafa89e143a05a4eb01802d", "number": "6016136045", "area-code": "601"}, {"id": "ed1de944edafa89e143a05a4eb017860", "number": "9032022285", "area-code": "903"}, {"id": "ed1de944edafa89e143a05a4eb016c09", "number": "9099665866", "area-code": "909"}, {"id": "ed1de944edafa89e143a05a4eb015c11", "number": "8002955540", "area-code": "919"}, {"id": "ed1de944edafa89e143a05a4eb01551b", "number": "8335800124", "area-code": "949"}, {"id": "ed1de944edafa89e143a05a4eb014552", "number": "7273727891", "area-code": "727"}, {"id": "ed1de944edafa89e143a05a4eb0139d6", "number": "7206666557", "area-code": "303"}, {"id": "ed1de944edafa89e143a05a4eb012e08", "number": "7256668305", "area-code": "612"}, {"id": "ed1de944edafa89e143a05a4eb0127a5", "number": "8002223224", "area-code": "616"}, {"id": "ed1de944edafa89e143a05a4eb011cb1", "number": "800253232280076222", "area-code": "972"}, {"id": "ed1de944edafa89e143a05a4eb011132", "number": "2108528064", "area-code": "210"}, {"id": "ed1de944edafa89e143a05a4eb010e0d", "number": "9375682175", "area-code": "440"}, {"id": "ed1de944edafa89e143a05a4eb010b03", "number": "6316732982", "area-code": "903"}, {"id": "ed1de944edafa89e143a05a4eb00fb72", "number": "8948768189", "area-code": "804"}, {"id": "ed1de944edafa89e143a05a4eb00f9d4", "number": "7402767108", "area-code": "419"}, {"id": "ed1de944edafa89e143a05a4eb00f32d", "number": "9099356052", "area-code": "908"}, {"id": "ed1de944edafa89e143a05a4eb00f312", "number": "8002532322", "area-code": "423"}, {"id": "ed1de944edafa89e143a05a4eb00ebb0", "number": "8007244964", "area-code": "714"}, {"id": "ed1de944edafa89e143a05a4eb00e57a", "number": "6619993926", "area-code": "661"}, {"id": "ed1de944edafa89e143a05a4eb00e387", "number": "7165878667", "area-code": "619"}, {"id": "ed1de944edafa89e143a05a4eb00d906", "number": "9034003642", "area-code": "903"}, {"id": "ed1de944edafa89e143a05a4eb00d20a", "number": "5088951655", "area-code": "908"}, {"id": "ed1de944edafa89e143a05a4eb00cb94", "number": "4158618850", "area-code": "334"}, {"id": "ed1de944edafa89e143a05a4eb00c858", "number": "3076302303", "area-code": "307"}, {"id": "ed1de944edafa89e143a05a4eb00c2bb", "number": "4693002412", "area-code": "281"}, {"id": "ed1de944edafa89e143a05a4eb00c0d9", "number": "170394901219", "area-code": "575"}, {"id": "ed1de944edafa89e143a05a4eb00b418", "number": "3232798577", "area-code": "530"}, {"id": "ed1de944edafa89e143a05a4eb00b025", "number": "520337380838433649", "area-code": "702"}, {"id": "ed1de944edafa89e143a05a4eb00a365", "number": "6162086102", "area-code": "616"}, {"id": "ed1de944edafa89e143a05a4eb00a319", "number": "2103090145", "area-code": "210"}, {"id": "ed1de944edafa89e143a05a4eb0098bc", "number": "2053154998", "area-code": "206"}, {"id": "ed1de944edafa89e143a05a4eb00891c", "number": "5512358246", "area-code": "540"}, {"id": "ed1de944edafa89e143a05a4eb008358", "number": "3152673362", "area-code": "903"}, {"id": "ed1de944edafa89e143a05a4eb007eff", "number": "8007244964", "area-code": "661"}, {"id": "ed1de944edafa89e143a05a4eb007039", "number": "2094210165", "area-code": "419"}, {"id": "ed1de944edafa89e143a05a4eb00671f", "number": "4025602205", "area-code": "402"}, {"id": "ed1de944edafa89e143a05a4eb006457", "number": "2059973246", "area-code": "440"}, {"id": "ed1de944edafa89e143a05a4eb005fd5", "number": "541256458", "area-code": "541"}, {"id": "ed1de944edafa89e143a05a4eb005bdb", "number": "9033543024", "area-code": "903"}]}