{"data": [{"id": "ed1de944edafa89e143a05a4eb339937", "number": "7029354573", "area-code": "708"}, {"id": "ed1de944edafa89e143a05a4eb338b6f", "number": "8009887881", "area-code": "503"}, {"id": "ed1de944edafa89e143a05a4eb338b35", "number": "9519999688", "area-code": "951"}, {"id": "ed1de944edafa89e143a05a4eb338194", "number": "7089354573", "area-code": "708"}, {"id": "ed1de944edafa89e143a05a4eb3378ee", "number": "2106672111", "area-code": "210"}, {"id": "ed1de944edafa89e143a05a4eb33720a", "number": "7086275211", "area-code": "708"}, {"id": "ed1de944edafa89e143a05a4eb336f1f", "number": "2816063930", "area-code": "281"}, {"id": "ed1de944edafa89e143a05a4eb33606b", "number": "8665805802", "area-code": "559"}, {"id": "ed1de944edafa89e143a05a4eb335ebf", "number": "4082962136", "area-code": "708"}, {"id": "ed1de944edafa89e143a05a4eb335b34", "number": "8009887881", "area-code": "503"}, {"id": "ed1de944edafa89e143a05a4eb33560f", "number": "2819555324", "area-code": "281"}, {"id": "ed1de944edafa89e143a05a4eb3351bb", "number": "6024753024", "area-code": "573"}, {"id": "ed1de944edafa89e143a05a4eb33502f", "number": "8064144974", "area-code": "405"}, {"id": "ed1de944edafa89e143a05a4eb3346cf", "number": "4437760656", "area-code": "956"}, {"id": "ed1de944edafa89e143a05a4eb33379f", "number": "8017427278", "area-code": "801"}, {"id": "ed1de944edafa89e143a05a4eb333756", "number": "7029354573", "area-code": "708"}, {"id": "ed1de944edafa89e143a05a4eb332f09", "number": "3179221289", "area-code": "317"}, {"id": "ed1de944edafa89e143a05a4eb3323f8", "number": "5787617891", "area-code": "210"}, {"id": "ed1de944edafa89e143a05a4eb331863", "number": "7068559375", "area-code": "706"}, {"id": "ed1de944edafa89e143a05a4eb330b16", "number": "8064144974", "area-code": "405"}, {"id": "ed1de944edafa89e143a05a4eb330b15", "number": "6317753216", "area-code": "585"}, {"id": "ed1de944edafa89e143a05a4eb32fb92", "number": "7205759602", "area-code": "708"}, {"id": "ed1de944edafa89e143a05a4eb32efb7", "number": "8005881659", "area-code": "405"}, {"id": "ed1de944edafa89e143a05a4eb32ec00", "number": "8064144974", "area-code": "405"}, {"id": "ed1de944edafa89e143a05a4eb32e30e", "number": "9726450925", "area-code": "248"}, {"id": "ed1de944edafa89e143a05a4eb32ddfb", "number": "7139007173", "area-code": "603"}, {"id": "ed1de944edafa89e143a05a4eb32dcd4", "number": "5613495062", "area-code": "239"}, {"id": "ed1de944edafa89e143a05a4eb32db67", "number": "3023106771", "area-code": "850"}, {"id": "ed1de944edafa89e143a05a4eb32d0d4", "number": "3462305945", "area-code": "210"}, {"id": "ed1de944edafa89e143a05a4eb32b073", "number": "4147625030", "area-code": "920"}, {"id": "ed1de944edafa89e143a05a4eb32c77e", "number": "17439754", "area-code": "317"}, {"id": "ed1de944edafa89e143a05a4eb32bfc8", "number": "6825161136", "area-code": "435"}, {"id": "ed1de944edafa89e143a05a4eb32b34d", "number": "2486964631", "area-code": "248"}, {"id": "ed1de944edafa89e143a05a4eb32ac93", "number": "323262004", "area-code": "503"}, {"id": "ed1de944edafa89e143a05a4eb32a069", "number": "6056677796", "area-code": "605"}, {"id": "ed1de944edafa89e143a05a4eb3291e4", "number": "2192090737", "area-code": "248"}, {"id": "ed1de944edafa89e143a05a4eb32915d", "number": "6305600121", "area-code": "603"}, {"id": "ed1de944edafa89e143a05a4eb3286dd", "number": "2489488468", "area-code": "248"}, {"id": "ed1de944edafa89e143a05a4eb327ce1", "number": "", "area-code": "562"}, {"id": "ed1de944edafa89e143a05a4eb3277eb", "number": "7345786554", "area-code": "248"}, {"id": "ed1de944edafa89e143a05a4eb326f24", "number": "8005363726", "area-code": "954"}, {"id": "ed1de944edafa89e143a05a4eb326a86", "number": "4256569399", "area-code": "435"}, {"id": "ed1de944edafa89e143a05a4eb325c57", "number": "7207042412", "area-code": "303"}, {"id": "ed1de944edafa89e143a05a4eb3256d9", "number": "3052207690", "area-code": "603"}, {"id": "ed1de944edafa89e143a05a4eb325010", "number": "5402727920", "area-code": "540"}, {"id": "ed1de944edafa89e143a05a4eb324ce8", "number": "3232951757", "area-code": "503"}, {"id": "ed1de944edafa89e143a05a4eb324b26", "number": "5303162107", "area-code": "414"}, {"id": "ed1de944edafa89e143a05a4eb324332", "number": "2406680017", "area-code": "949"}, {"id": "ed1de944edafa89e143a05a4eb3241dc", "number": "7014026990", "area-code": "505"}, {"id": "ed1de944edafa89e143a05a4eb323ad0", "number": "4342268988", "area-code": "248"}]}