{"data": [{"id": "ed1de944edafa89e143a05a4eb323360", "number": "7377877677", "area-code": "435"}, {"id": "ed1de944edafa89e143a05a4eb322ad9", "number": "8773120509", "area-code": "808"}, {"id": "ed1de944edafa89e143a05a4eb32259c", "number": "9549380303", "area-code": "830"}, {"id": "ed1de944edafa89e143a05a4eb321d13", "number": "8662976079", "area-code": "618"}, {"id": "ed1de944edafa89e143a05a4eb32162c", "number": "2542615884", "area-code": "248"}, {"id": "ed1de944edafa89e143a05a4eb3209a9", "number": "8084445934", "area-code": "808"}, {"id": "ed1de944edafa89e143a05a4eb31fbfe", "number": "", "area-code": "773"}, {"id": "ed1de944edafa89e143a05a4eb31ec62", "number": "3232645768", "area-code": "503"}, {"id": "ed1de944edafa89e143a05a4eb31e1fd", "number": "7194019359", "area-code": "248"}, {"id": "ed1de944edafa89e143a05a4eb31d589", "number": "2159919533", "area-code": "870"}, {"id": "ed1de944edafa89e143a05a4eb31cd0f", "number": "3079412734", "area-code": "256"}, {"id": "ed1de944edafa89e143a05a4eb31cc25", "number": "5735450408", "area-code": "248"}, {"id": "ed1de944edafa89e143a05a4eb31cc1c", "number": "8175914445", "area-code": "435"}, {"id": "ed1de944edafa89e143a05a4eb31bcdb", "number": "3233601847", "area-code": "323"}, {"id": "ed1de944edafa89e143a05a4eb31b14f", "number": "5177410679", "area-code": "248"}, {"id": "ed1de944edafa89e143a05a4eb31ae75", "number": "3306254675", "area-code": "817"}, {"id": "ed1de944edafa89e143a05a4eb31ac37", "number": "5177410679", "area-code": "248"}, {"id": "ed1de944edafa89e143a05a4eb31a9dc", "number": "8088187135", "area-code": "808"}, {"id": "ed1de944edafa89e143a05a4eb319e76", "number": "5698486896", "area-code": "775"}, {"id": "ed1de944edafa89e143a05a4eb319254", "number": "5402729075", "area-code": "540"}, {"id": "ed1de944edafa89e143a05a4eb318351", "number": "6032175626", "area-code": "940"}, {"id": "ed1de944edafa89e143a05a4eb3179e0", "number": "2312213017", "area-code": "248"}, {"id": "ed1de944edafa89e143a05a4eb316d0e", "number": "3128714241", "area-code": "702"}, {"id": "ed1de944edafa89e143a05a4eb316c63", "number": "", "area-code": "503"}, {"id": "ed1de944edafa89e143a05a4eb316bed", "number": "6147544059", "area-code": "714"}, {"id": "ed1de944edafa89e143a05a4eb3167e8", "number": "2187679120", "area-code": "817"}, {"id": "ed1de944edafa89e143a05a4eb31634b", "number": "4124051516", "area-code": "650"}, {"id": "ed1de944edafa89e143a05a4eb31612b", "number": "8506048991", "area-code": "407"}, {"id": "ed1de944edafa89e143a05a4eb3151ad", "number": "2482312102", "area-code": "248"}, {"id": "ed1de944edafa89e143a05a4eb315153", "number": "", "area-code": "503"}, {"id": "ed1de944edafa89e143a05a4eb314bd6", "number": "65072146131", "area-code": "650"}, {"id": "ed1de944edafa89e143a05a4eb314b9a", "number": "5082767890", "area-code": "248"}, {"id": "ed1de944edafa89e143a05a4eb314748", "number": "5106352461", "area-code": "510"}, {"id": "ed1de944edafa89e143a05a4eb313f7a", "number": "7752437323", "area-code": "248"}, {"id": "ed1de944edafa89e143a05a4eb313a0a", "number": "6262104234", "area-code": "626"}, {"id": "ed1de944edafa89e143a05a4eb312d2b", "number": "7137154929", "area-code": "407"}, {"id": "ed1de944edafa89e143a05a4eb312865", "number": "", "area-code": "503"}, {"id": "ed1de944edafa89e143a05a4eb3124d1", "number": "8483731808", "area-code": "732"}, {"id": "ed1de944edafa89e143a05a4eb3121c8", "number": "8174179420", "area-code": "817"}, {"id": "ed1de944edafa89e143a05a4eb31178c", "number": "7818136760", "area-code": "248"}, {"id": "ed1de944edafa89e143a05a4eb310caa", "number": "7169194211", "area-code": "212"}, {"id": "ed1de944edafa89e143a05a4eb3107a4", "number": "", "area-code": "503"}, {"id": "ed1de944edafa89e143a05a4eb31041e", "number": "", "area-code": "518"}, {"id": "ed1de944edafa89e143a05a4eb30fbae", "number": "7312608807", "area-code": "248"}, {"id": "ed1de944edafa89e143a05a4eb30fb27", "number": "8174857449", "area-code": "817"}, {"id": "ed1de944edafa89e143a05a4eb30f879", "number": "7205452927", "area-code": "970"}, {"id": "ed1de944edafa89e143a05a4eb30ea77", "number": "", "area-code": "503"}, {"id": "ed1de944edafa89e143a05a4eb30e8bc", "number": "8188900501", "area-code": "818"}, {"id": "ed1de944edafa89e143a05a4eb30df21", "number": "", "area-code": "503"}, {"id": "ed1de944edafa89e143a05a4eb30dc3c", "number": "2486236097", "area-code": "248"}]}