{"data": [{"id": "ed1de944edafa89e143a05a4eb30d747", "number": "8067310043", "area-code": "206"}, {"id": "ed1de944edafa89e143a05a4eb30cf30", "number": "8084604486", "area-code": "925"}, {"id": "ed1de944edafa89e143a05a4eb30c1a8", "number": "2057299625", "area-code": "512"}, {"id": "ed1de944edafa89e143a05a4eb30b0ee", "number": "9723178918", "area-code": "972"}, {"id": "ed1de944edafa89e143a05a4eb30bd6a", "number": "8664282424", "area-code": "817"}, {"id": "ed1de944edafa89e143a05a4eb30a830", "number": "5034614666", "area-code": "503"}, {"id": "ed1de944edafa89e143a05a4eb309f5b", "number": "9705400958", "area-code": "970"}, {"id": "ed1de944edafa89e143a05a4eb309a63", "number": "5402727027", "area-code": "540"}, {"id": "ed1de944edafa89e143a05a4eb30918f", "number": "3136350045", "area-code": "248"}, {"id": "ed1de944edafa89e143a05a4eb3076fd", "number": "5202149001", "area-code": "763"}, {"id": "ed1de944edafa89e143a05a4eb30854c", "number": "9724309392", "area-code": "972"}, {"id": "ed1de944edafa89e143a05a4eb308848", "number": "", "area-code": "513"}, {"id": "ed1de944edafa89e143a05a4eb306bed", "number": "8018830424", "area-code": "801"}, {"id": "ed1de944edafa89e143a05a4eb30657f", "number": "5014512036", "area-code": "479"}, {"id": "ed1de944edafa89e143a05a4eb3060e7", "number": "2395005995", "area-code": "239"}, {"id": "ed1de944edafa89e143a05a4eb3054c5", "number": "8004012924", "area-code": "248"}, {"id": "ed1de944edafa89e143a05a4eb30459c", "number": "8174856369", "area-code": "817"}, {"id": "ed1de944edafa89e143a05a4eb3036ac", "number": "3127619507", "area-code": "708"}, {"id": "ed1de944edafa89e143a05a4eb3034f7", "number": "9727841156", "area-code": "972"}, {"id": "ed1de944edafa89e143a05a4eb303500", "number": "8506903006", "area-code": "239"}, {"id": "ed1de944edafa89e143a05a4eb302c71", "number": "8667926623", "area-code": "478"}, {"id": "ed1de944edafa89e143a05a4eb301397", "number": "7632922039", "area-code": "763"}, {"id": "ed1de944edafa89e143a05a4eb302947", "number": "3853626158", "area-code": "801"}, {"id": "ed1de944edafa89e143a05a4eb301d50", "number": "5134134148", "area-code": "513"}, {"id": "ed1de944edafa89e143a05a4eb300ddc", "number": "9724189774", "area-code": "972"}, {"id": "ed1de944edafa89e143a05a4eb300309", "number": "9724287079", "area-code": "817"}, {"id": "ed1de944edafa89e143a05a4eb3001e8", "number": "2147403837", "area-code": "972"}, {"id": "ed1de944edafa89e143a05a4eb2ff5d9", "number": "8884225654", "area-code": "248"}, {"id": "ed1de944edafa89e143a05a4eb2ff0c1", "number": "__________", "area-code": "805"}, {"id": "ed1de944edafa89e143a05a4eb2fe358", "number": "7632922039", "area-code": "763"}, {"id": "ed1de944edafa89e143a05a4eb2fd84a", "number": "6502236982", "area-code": "650"}, {"id": "ed1de944edafa89e143a05a4eb2fd048", "number": "5034862370", "area-code": "541"}, {"id": "ed1de944edafa89e143a05a4eb2fcb0b", "number": "8669685805", "area-code": "541"}, {"id": "ed1de944edafa89e143a05a4eb2fcaff", "number": "6502235116", "area-code": "650"}, {"id": "ed1de944edafa89e143a05a4eb2fc745", "number": "8442085648", "area-code": "610"}, {"id": "ed1de944edafa89e143a05a4eb2fbdd6", "number": "3136350045", "area-code": "248"}, {"id": "ed1de944edafa89e143a05a4eb2fb27e", "number": "5402721006", "area-code": "540"}, {"id": "ed1de944edafa89e143a05a4eb2fa724", "number": "8018934968", "area-code": "801"}, {"id": "ed1de944edafa89e143a05a4eb2f8ba2", "number": "6122237956", "area-code": "763"}, {"id": "ed1de944edafa89e143a05a4eb2f9fe9", "number": "4153636107", "area-code": "602"}, {"id": "ed1de944edafa89e143a05a4eb2f983e", "number": "5202966966", "area-code": "520"}, {"id": "ed1de944edafa89e143a05a4eb2f95db", "number": "8018934968", "area-code": "801"}, {"id": "ed1de944edafa89e143a05a4eb2f86af", "number": "6269682078", "area-code": "626"}, {"id": "ed1de944edafa89e143a05a4eb2f7c2d", "number": "", "area-code": "561"}, {"id": "ed1de944edafa89e143a05a4eb2f7541", "number": "8888839824", "area-code": "831"}, {"id": "ed1de944edafa89e143a05a4eb2f6c96", "number": "2182068221", "area-code": "916"}, {"id": "ed1de944edafa89e143a05a4eb2f678c", "number": "4065771397", "area-code": "406"}, {"id": "ed1de944edafa89e143a05a4eb2f621d", "number": "", "area-code": "518"}, {"id": "ed1de944edafa89e143a05a4eb2f5a4c", "number": "4159935985", "area-code": "207"}, {"id": "ed1de944edafa89e143a05a4eb2f534a", "number": "8667612497", "area-code": "540"}]}