{"data": [{"id": "ed1de944edafa89e143a05a4eb2f52dc", "number": "6265056723", "area-code": "917"}, {"id": "ed1de944edafa89e143a05a4eb2f4b83", "number": "3345815668", "area-code": "334"}, {"id": "ed1de944edafa89e143a05a4eb2f4170", "number": "9165707551", "area-code": "518"}, {"id": "ed1de944edafa89e143a05a4eb2f3c95", "number": "3605694401", "area-code": "360"}, {"id": "ed1de944edafa89e143a05a4eb2f3142", "number": "6045700865", "area-code": "540"}, {"id": "ed1de944edafa89e143a05a4eb2f2500", "number": "5018357618", "area-code": "501"}, {"id": "ed1de944edafa89e143a05a4eb2f1873", "number": "2708262131", "area-code": "760"}, {"id": "ed1de944edafa89e143a05a4eb2f148c", "number": "5857149098", "area-code": "717"}, {"id": "ed1de944edafa89e143a05a4eb2f11d9", "number": "2104104902", "area-code": "210"}, {"id": "ed1de944edafa89e143a05a4eb2f0ca4", "number": "3346048509", "area-code": "334"}, {"id": "ed1de944edafa89e143a05a4eb2efd26", "number": "9186334227", "area-code": "254"}, {"id": "ed1de944edafa89e143a05a4eb2efb4f", "number": "7863786275", "area-code": "717"}, {"id": "ed1de944edafa89e143a05a4eb2ef8d8", "number": "5865631767", "area-code": "586"}, {"id": "ed1de944edafa89e143a05a4eb2eeec3", "number": "7609245275", "area-code": "760"}, {"id": "ed1de944edafa89e143a05a4eb2ee02a", "number": "8665805802", "area-code": "315"}, {"id": "ed1de944edafa89e143a05a4eb2eda19", "number": "7542192319", "area-code": "254"}, {"id": "ed1de944edafa89e143a05a4eb2ed1a6", "number": "6045712557", "area-code": "540"}, {"id": "ed1de944edafa89e143a05a4eb2ec26e", "number": "7182983891", "area-code": "773"}, {"id": "ed1de944edafa89e143a05a4eb2eb6dd", "number": "5622691174", "area-code": "520"}, {"id": "ed1de944edafa89e143a05a4eb2eb390", "number": "6082210111", "area-code": "334"}, {"id": "ed1de944edafa89e143a05a4eb2eb203", "number": "4045550104", "area-code": "520"}, {"id": "ed1de944edafa89e143a05a4eb2eaefd", "number": "8778244269", "area-code": "650"}, {"id": "ed1de944edafa89e143a05a4eb2ea0e5", "number": "2025400954", "area-code": "302"}, {"id": "ed1de944edafa89e143a05a4eb2e99b1", "number": "5169089884", "area-code": "516"}, {"id": "ed1de944edafa89e143a05a4eb2e8c6d", "number": "7256668304", "area-code": "970"}, {"id": "ed1de944edafa89e143a05a4eb2e7d9d", "number": "7178101952", "area-code": "626"}, {"id": "ed1de944edafa89e143a05a4eb2e7805", "number": "8779759463", "area-code": "516"}, {"id": "ed1de944edafa89e143a05a4eb2e74c6", "number": "", "area-code": "313"}, {"id": "ed1de944edafa89e143a05a4eb2e6b61", "number": "6045732460", "area-code": "540"}, {"id": "ed1de944edafa89e143a05a4eb2e66a4", "number": "5046349930", "area-code": "386"}, {"id": "ed1de944edafa89e143a05a4eb2e5bb0", "number": "5169089894", "area-code": "516"}, {"id": "ed1de944edafa89e143a05a4eb2e4bd2", "number": "2814073956", "area-code": "281"}, {"id": "ed1de944edafa89e143a05a4eb2e477f", "number": "5169089936", "area-code": "516"}, {"id": "ed1de944edafa89e143a05a4eb2e3e2e", "number": "6842583307", "area-code": "626"}, {"id": "ed1de944edafa89e143a05a4eb2e3649", "number": "4258920279", "area-code": "425"}, {"id": "ed1de944edafa89e143a05a4eb2e3458", "number": "9893689128", "area-code": "805"}, {"id": "ed1de944edafa89e143a05a4eb2e2bfc", "number": "4244321011", "area-code": "805"}, {"id": "ed1de944edafa89e143a05a4eb2e2386", "number": "6823175626", "area-code": "817"}, {"id": "ed1de944edafa89e143a05a4eb2df200", "number": "5594628252", "area-code": "510"}, {"id": "ed1de944edafa89e143a05a4eb2e2069", "number": "5037722362", "area-code": "503"}, {"id": "ed1de944edafa89e143a05a4eb2e1830", "number": "9092810660", "area-code": "626"}, {"id": "ed1de944edafa89e143a05a4eb2e1164", "number": "8778244269", "area-code": "650"}, {"id": "ed1de944edafa89e143a05a4eb2e0e19", "number": "2814073956", "area-code": "281"}, {"id": "ed1de944edafa89e143a05a4eb2e0c9b", "number": "4693423010", "area-code": "817"}, {"id": "ed1de944edafa89e143a05a4eb2e0111", "number": "3152774748", "area-code": "631"}, {"id": "ed1de944edafa89e143a05a4eb2de68e", "number": "8882955540", "area-code": "281"}, {"id": "ed1de944edafa89e143a05a4eb2de17c", "number": "5065357762", "area-code": "386"}, {"id": "ed1de944edafa89e143a05a4eb2ddf12", "number": "3036475451", "area-code": "303"}, {"id": "ed1de944edafa89e143a05a4eb2dde37", "number": "6412988122", "area-code": "702"}, {"id": "ed1de944edafa89e143a05a4eb2dd44f", "number": "2816063928", "area-code": "281"}]}