{"data": [{"id": "ed1de944edafa89e143a05a4eb2dcd28", "number": "4045550104", "area-code": "908"}, {"id": "ed1de944edafa89e143a05a4eb2dcc5a", "number": "9045793848", "area-code": "904"}, {"id": "ed1de944edafa89e143a05a4eb2dc3bf", "number": "9545661293", "area-code": "954"}, {"id": "ed1de944edafa89e143a05a4eb2dc014", "number": "5408504450", "area-code": "571"}, {"id": "ed1de944edafa89e143a05a4eb2db9d9", "number": "5402643330", "area-code": "715"}, {"id": "ed1de944edafa89e143a05a4eb2db1ba", "number": "8558079606", "area-code": "971"}, {"id": "ed1de944edafa89e143a05a4eb2da976", "number": "7163967122", "area-code": "518"}, {"id": "ed1de944edafa89e143a05a4eb2d9cf5", "number": "8167534429", "area-code": "573"}, {"id": "ed1de944edafa89e143a05a4eb2d95f9", "number": "9712594788", "area-code": "971"}, {"id": "ed1de944edafa89e143a05a4eb2d7f1a", "number": "8449898711", "area-code": "337"}, {"id": "ed1de944edafa89e143a05a4eb2d91d0", "number": "7022450758", "area-code": "702"}, {"id": "ed1de944edafa89e143a05a4eb2d8d95", "number": "7158007504", "area-code": "715"}, {"id": "ed1de944edafa89e143a05a4eb2d884c", "number": "7815732123", "area-code": "303"}, {"id": "ed1de944edafa89e143a05a4eb2d81c8", "number": "8006211426", "area-code": "971"}, {"id": "ed1de944edafa89e143a05a4eb2d6f7e", "number": "2142831316", "area-code": "801"}, {"id": "ed1de944edafa89e143a05a4eb2d6c35", "number": "3072072807", "area-code": "310"}, {"id": "ed1de944edafa89e143a05a4eb2d6259", "number": "2508001329", "area-code": "715"}, {"id": "ed1de944edafa89e143a05a4eb2d6237", "number": "8665883038", "area-code": "513"}, {"id": "ed1de944edafa89e143a05a4eb2d52fc", "number": "8558079606", "area-code": "971"}, {"id": "ed1de944edafa89e143a05a4eb2d49d5", "number": "8502723334", "area-code": "850"}, {"id": "ed1de944edafa89e143a05a4eb2d4095", "number": "6186508699", "area-code": "253"}, {"id": "ed1de944edafa89e143a05a4eb2d2d21", "number": "8449898711", "area-code": "337"}, {"id": "ed1de944edafa89e143a05a4eb2d3c49", "number": "2522914938", "area-code": "919"}, {"id": "ed1de944edafa89e143a05a4eb2d3779", "number": "5402643339", "area-code": "715"}, {"id": "ed1de944edafa89e143a05a4eb2d242e", "number": "", "area-code": "918"}, {"id": "ed1de944edafa89e143a05a4eb2d21dc", "number": "5054659984", "area-code": "505"}, {"id": "ed1de944edafa89e143a05a4eb2d12f9", "number": "7023390506", "area-code": "702"}, {"id": "ed1de944edafa89e143a05a4eb2d0dfe", "number": "8669156823", "area-code": "918"}, {"id": "ed1de944edafa89e143a05a4eb2d052f", "number": "4079318476", "area-code": "561"}, {"id": "ed1de944edafa89e143a05a4eb2cfb2b", "number": "8669957788", "area-code": "918"}, {"id": "ed1de944edafa89e143a05a4eb2cefe8", "number": "7752411786", "area-code": "385"}, {"id": "ed1de944edafa89e143a05a4eb2ccfec", "number": "8449898711", "area-code": "337"}, {"id": "ed1de944edafa89e143a05a4eb2cee62", "number": "8669858468", "area-code": "918"}, {"id": "ed1de944edafa89e143a05a4eb2ce4ed", "number": "9179363087", "area-code": "970"}, {"id": "ed1de944edafa89e143a05a4eb2cdf53", "number": "4782236738", "area-code": "385"}, {"id": "ed1de944edafa89e143a05a4eb2cc489", "number": "6052055062", "area-code": "605"}, {"id": "ed1de944edafa89e143a05a4eb2cbdd2", "number": "8669495503", "area-code": "918"}, {"id": "ed1de944edafa89e143a05a4eb2cbd83", "number": "2025400957", "area-code": "931"}, {"id": "ed1de944edafa89e143a05a4eb2cba78", "number": "7123283369", "area-code": "702"}, {"id": "ed1de944edafa89e143a05a4eb2cb632", "number": "8669029045", "area-code": "918"}, {"id": "ed1de944edafa89e143a05a4eb2caf3c", "number": "7024202227", "area-code": "702"}, {"id": "ed1de944edafa89e143a05a4eb2ca2ff", "number": "8448097717", "area-code": "256"}, {"id": "ed1de944edafa89e143a05a4eb2c9b01", "number": "8665874917", "area-code": "501"}, {"id": "ed1de944edafa89e143a05a4eb2c9171", "number": "8665858332", "area-code": "513"}, {"id": "ed1de944edafa89e143a05a4eb2c9047", "number": "8669088473", "area-code": "918"}, {"id": "ed1de944edafa89e143a05a4eb2c8959", "number": "7252153040", "area-code": "702"}, {"id": "ed1de944edafa89e143a05a4eb2c5178", "number": "8002029859", "area-code": "206"}, {"id": "ed1de944edafa89e143a05a4eb2c8117", "number": "8669916565", "area-code": "918"}, {"id": "ed1de944edafa89e143a05a4eb2c8111", "number": "7028794497", "area-code": "702"}, {"id": "ed1de944edafa89e143a05a4eb2c762a", "number": "3043640130", "area-code": "385"}]}