{"data": [{"id": "ed1de944edafa89e143a05a4eb2c67d6", "number": "8644412711", "area-code": "864"}, {"id": "ed1de944edafa89e143a05a4eb2c6131", "number": "3127619507", "area-code": "630"}, {"id": "ed1de944edafa89e143a05a4eb2c5136", "number": "7572805220", "area-code": "757"}, {"id": "ed1de944edafa89e143a05a4eb2c48f7", "number": "7752439885", "area-code": "702"}, {"id": "ed1de944edafa89e143a05a4eb2c43bd", "number": "8669488460", "area-code": "918"}, {"id": "ed1de944edafa89e143a05a4eb2c3b05", "number": "3234190749", "area-code": "805"}, {"id": "ed1de944edafa89e143a05a4eb2c2bdb", "number": "5417101094", "area-code": "702"}, {"id": "ed1de944edafa89e143a05a4eb2c1f3d", "number": "6199326509", "area-code": "385"}, {"id": "ed1de944edafa89e143a05a4eb2c0b54", "number": "9032264351", "area-code": "903"}, {"id": "ed1de944edafa89e143a05a4eb2c101f", "number": "8669699650", "area-code": "918"}, {"id": "ed1de944edafa89e143a05a4eb2c0e4e", "number": "8665837572", "area-code": "513"}, {"id": "ed1de944edafa89e143a05a4eb2c04a3", "number": "2174719935", "area-code": "702"}, {"id": "ed1de944edafa89e143a05a4eb2bf724", "number": "8665985293", "area-code": "541"}, {"id": "ed1de944edafa89e143a05a4eb2bf2f2", "number": "2029007186", "area-code": "385"}, {"id": "ed1de944edafa89e143a05a4eb2bf095", "number": "", "area-code": "562"}, {"id": "ed1de944edafa89e143a05a4eb2beb9a", "number": "8669660992", "area-code": "918"}, {"id": "ed1de944edafa89e143a05a4eb2be7e3", "number": "2066780003", "area-code": "757"}, {"id": "ed1de944edafa89e143a05a4eb2be4d2", "number": "8669374623", "area-code": "501"}, {"id": "ed1de944edafa89e143a05a4eb2be287", "number": "8552367500", "area-code": "601"}, {"id": "ed1de944edafa89e143a05a4eb2bda96", "number": "70621305769", "area-code": "706"}, {"id": "ed1de944edafa89e143a05a4eb2bcfa2", "number": "", "area-code": "562"}, {"id": "ed1de944edafa89e143a05a4eb2bc570", "number": "3852628845", "area-code": "385"}, {"id": "ed1de944edafa89e143a05a4eb2bb5a2", "number": "7345446700", "area-code": "248"}, {"id": "ed1de944edafa89e143a05a4eb2bb129", "number": "8669472296", "area-code": "918"}, {"id": "ed1de944edafa89e143a05a4eb2ba9a5", "number": "7029839890", "area-code": "702"}, {"id": "ed1de944edafa89e143a05a4eb2b8b4b", "number": "9032015335", "area-code": "903"}, {"id": "ed1de944edafa89e143a05a4eb2ba3bd", "number": "6513749724", "area-code": "763"}, {"id": "ed1de944edafa89e143a05a4eb2b960c", "number": "6367241825", "area-code": "773"}, {"id": "ed1de944edafa89e143a05a4eb2b8614", "number": "7023236803", "area-code": "702"}, {"id": "ed1de944edafa89e143a05a4eb2b81b2", "number": "7069716973", "area-code": "706"}, {"id": "ed1de944edafa89e143a05a4eb2b7819", "number": "6463744304", "area-code": "914"}, {"id": "ed1de944edafa89e143a05a4eb2b7598", "number": "8669703869", "area-code": "918"}, {"id": "ed1de944edafa89e143a05a4eb2b6851", "number": "2678288254", "area-code": "757"}, {"id": "ed1de944edafa89e143a05a4eb2b58ef", "number": "5088829713", "area-code": "385"}, {"id": "ed1de944edafa89e143a05a4eb2b4c34", "number": "7067525363", "area-code": "706"}, {"id": "ed1de944edafa89e143a05a4eb2b3ddd", "number": "8032745320", "area-code": "864"}, {"id": "ed1de944edafa89e143a05a4eb2b3144", "number": "2485467912", "area-code": "248"}, {"id": "ed1de944edafa89e143a05a4eb2b243a", "number": "8669172092", "area-code": "918"}, {"id": "ed1de944edafa89e143a05a4eb2b1e50", "number": "2092319834", "area-code": "916"}, {"id": "ed1de944edafa89e143a05a4eb2b1925", "number": "", "area-code": "864"}, {"id": "ed1de944edafa89e143a05a4eb2b1113", "number": "7064419694", "area-code": "706"}, {"id": "ed1de944edafa89e143a05a4eb2b093a", "number": "8558124430", "area-code": "385"}, {"id": "ed1de944edafa89e143a05a4eb2afc5c", "number": "8669030810", "area-code": "918"}, {"id": "ed1de944edafa89e143a05a4eb2af677", "number": "4045107460", "area-code": "706"}, {"id": "ed1de944edafa89e143a05a4eb2af3cf", "number": "3862065620", "area-code": "757"}, {"id": "ed1de944edafa89e143a05a4eb2af357", "number": "6305215695", "area-code": "630"}, {"id": "ed1de944edafa89e143a05a4eb2aeb2b", "number": "6513749724", "area-code": "763"}, {"id": "ed1de944edafa89e143a05a4eb2ae4ea", "number": "7027780248", "area-code": "702"}, {"id": "ed1de944edafa89e143a05a4eb2ade0c", "number": "4133134179", "area-code": "617"}, {"id": "ed1de944edafa89e143a05a4eb2ad37a", "number": "8669674229", "area-code": "918"}]}