{"data": [{"id": "ed1de944edafa89e143a05a4eb381799", "number": "7609748799", "area-code": "714"}, {"id": "ed1de944edafa89e143a05a4eb380d74", "number": "6313157887", "area-code": "631"}, {"id": "ed1de944edafa89e143a05a4eb38005c", "number": "5855421476", "area-code": "734"}, {"id": "ed1de944edafa89e143a05a4eb37fd27", "number": "8057941026", "area-code": "805"}, {"id": "ed1de944edafa89e143a05a4eb37ed65", "number": "8052284354", "area-code": "805"}, {"id": "ed1de944edafa89e143a05a4eb37dfab", "number": "7348581803", "area-code": "734"}, {"id": "ed1de944edafa89e143a05a4eb37ddf7", "number": "8052501085", "area-code": "805"}, {"id": "ed1de944edafa89e143a05a4eb37d370", "number": "9166654918", "area-code": "661"}, {"id": "ed1de944edafa89e143a05a4eb37d2a6", "number": "8582302009", "area-code": "805"}, {"id": "ed1de944edafa89e143a05a4eb37c8cb", "number": "4246324823", "area-code": "805"}, {"id": "ed1de944edafa89e143a05a4eb37c5d1", "number": "3126429048", "area-code": "734"}, {"id": "ed1de944edafa89e143a05a4eb37c2e7", "number": "8055742250", "area-code": "805"}, {"id": "ed1de944edafa89e143a05a4eb37b2f5", "number": "8004012924", "area-code": "530"}, {"id": "ed1de944edafa89e143a05a4eb37a767", "number": "6015018713", "area-code": "734"}, {"id": "ed1de944edafa89e143a05a4eb379aba", "number": "8888955705", "area-code": "323"}, {"id": "ed1de944edafa89e143a05a4eb379a15", "number": "8005420624", "area-code": "530"}, {"id": "ed1de944edafa89e143a05a4eb379468", "number": "7346206559", "area-code": "734"}, {"id": "ed1de944edafa89e143a05a4eb377282", "number": "2393105701", "area-code": "714"}, {"id": "ed1de944edafa89e143a05a4eb376f99", "number": "7252027568", "area-code": "530"}, {"id": "ed1de944edafa89e143a05a4eb3785ad", "number": "7724096562", "area-code": "714"}, {"id": "ed1de944edafa89e143a05a4eb377abd", "number": "5356754392", "area-code": "352"}, {"id": "ed1de944edafa89e143a05a4eb3765ba", "number": "4107885125", "area-code": "410"}, {"id": "ed1de944edafa89e143a05a4eb376391", "number": "7348281998", "area-code": "734"}, {"id": "ed1de944edafa89e143a05a4eb3761cc", "number": "8002255935", "area-code": "410"}, {"id": "ed1de944edafa89e143a05a4eb375b62", "number": "5412519332", "area-code": "541"}, {"id": "ed1de944edafa89e143a05a4eb374b73", "number": "6022813014", "area-code": "585"}, {"id": "ed1de944edafa89e143a05a4eb37476b", "number": "7634228886", "area-code": "763"}, {"id": "ed1de944edafa89e143a05a4eb373adc", "number": "9069006708", "area-code": "734"}, {"id": "ed1de944edafa89e143a05a4eb372d18", "number": "4024470588", "area-code": "410"}, {"id": "ed1de944edafa89e143a05a4eb3722f4", "number": "8043816806", "area-code": "804"}, {"id": "ed1de944edafa89e143a05a4eb371712", "number": "4196659030", "area-code": "216"}, {"id": "ed1de944edafa89e143a05a4eb370baf", "number": "7574479215", "area-code": "804"}, {"id": "ed1de944edafa89e143a05a4eb370a95", "number": "6362757976", "area-code": "770"}, {"id": "ed1de944edafa89e143a05a4eb36ff25", "number": "8003333474", "area-code": "804"}, {"id": "ed1de944edafa89e143a05a4eb36f9ca", "number": "6022813014", "area-code": "585"}, {"id": "ed1de944edafa89e143a05a4eb36f0c2", "number": "2763231864", "area-code": "804"}, {"id": "ed1de944edafa89e143a05a4eb36e68b", "number": "2132794063", "area-code": "650"}, {"id": "ed1de944edafa89e143a05a4eb36d6c4", "number": "6269880985", "area-code": "714"}, {"id": "ed1de944edafa89e143a05a4eb36cf9e", "number": "2694610549", "area-code": "804"}, {"id": "ed1de944edafa89e143a05a4eb36c505", "number": "8006222580", "area-code": "804"}, {"id": "ed1de944edafa89e143a05a4eb36bc8e", "number": "8007256004", "area-code": "805"}, {"id": "ed1de944edafa89e143a05a4eb36af9d", "number": "5094678430", "area-code": "509"}, {"id": "ed1de944edafa89e143a05a4eb36ab7e", "number": "8662743587", "area-code": "804"}, {"id": "ed1de944edafa89e143a05a4eb36a391", "number": "4897189752", "area-code": "480"}, {"id": "ed1de944edafa89e143a05a4eb36a0ef", "number": "8662020076", "area-code": "804"}, {"id": "ed1de944edafa89e143a05a4eb3692f2", "number": "", "area-code": "617"}, {"id": "ed1de944edafa89e143a05a4eb368f04", "number": "2005400945", "area-code": "302"}, {"id": "ed1de944edafa89e143a05a4eb368085", "number": "5092466006", "area-code": "253"}, {"id": "ed1de944edafa89e143a05a4eb367ac6", "number": "4805541254", "area-code": "480"}, {"id": "ed1de944edafa89e143a05a4eb3677c4", "number": "4848612757", "area-code": "973"}]}