{"data": [{"id": "ed1de944edafa89e143a05a4eb2aced0", "number": "7024461204", "area-code": "385"}, {"id": "ed1de944edafa89e143a05a4eb2aca3f", "number": "6108390735", "area-code": "206"}, {"id": "ed1de944edafa89e143a05a4eb2abc87", "number": "8564774027", "area-code": "706"}, {"id": "ed1de944edafa89e143a05a4eb2aac8e", "number": "6019630184", "area-code": "601"}, {"id": "ed1de944edafa89e143a05a4eb2a9d57", "number": "8187221039", "area-code": "818"}, {"id": "ed1de944edafa89e143a05a4eb2a94a7", "number": "7024202227", "area-code": "702"}, {"id": "ed1de944edafa89e143a05a4eb2a8533", "number": "7752437732", "area-code": "702"}, {"id": "ed1de944edafa89e143a05a4eb2a7ca3", "number": "7066598826", "area-code": "706"}, {"id": "ed1de944edafa89e143a05a4eb2a3c64", "number": "", "area-code": "845"}, {"id": "ed1de944edafa89e143a05a4eb2a7b8e", "number": "8669552826", "area-code": "918"}, {"id": "ed1de944edafa89e143a05a4eb2a73bf", "number": "5869612691", "area-code": "586"}, {"id": "ed1de944edafa89e143a05a4eb2a702e", "number": "8187655366", "area-code": "818"}, {"id": "ed1de944edafa89e143a05a4eb2a6a66", "number": "3348359525", "area-code": "385"}, {"id": "ed1de944edafa89e143a05a4eb2a6599", "number": "8155275969", "area-code": "704"}, {"id": "ed1de944edafa89e143a05a4eb2a5aad", "number": "4134226766", "area-code": "440"}, {"id": "ed1de944edafa89e143a05a4eb2a57af", "number": "", "area-code": "734"}, {"id": "ed1de944edafa89e143a05a4eb2a4ea8", "number": "7148448276", "area-code": "706"}, {"id": "ed1de944edafa89e143a05a4eb2a4645", "number": "6304861350", "area-code": "630"}, {"id": "ed1de944edafa89e143a05a4eb2a3cf6", "number": "8445666561", "area-code": "903"}, {"id": "ed1de944edafa89e143a05a4eb2a3251", "number": "2315995496", "area-code": "586"}, {"id": "ed1de944edafa89e143a05a4eb2a24b9", "number": "7066615397", "area-code": "706"}, {"id": "ed1de944edafa89e143a05a4eb2a1db2", "number": "3232509072", "area-code": "818"}, {"id": "ed1de944edafa89e143a05a4eb2a1c57", "number": "5072623622", "area-code": "507"}, {"id": "ed1de944edafa89e143a05a4eb2a0f68", "number": "5088341941", "area-code": "385"}, {"id": "ed1de944edafa89e143a05a4eb2a0649", "number": "2566564533", "area-code": "256"}, {"id": "ed1de944edafa89e143a05a4eb29fe4f", "number": "5594151453", "area-code": "925"}, {"id": "ed1de944edafa89e143a05a4eb29fc52", "number": "4232826671", "area-code": "423"}, {"id": "ed1de944edafa89e143a05a4eb29f2ba", "number": "2124340035", "area-code": "818"}, {"id": "ed1de944edafa89e143a05a4eb29e512", "number": "5312355504", "area-code": "706"}, {"id": "ed1de944edafa89e143a05a4eb29e385", "number": "9732874374", "area-code": "704"}, {"id": "ed1de944edafa89e143a05a4eb29d4a5", "number": "3373175550", "area-code": "903"}, {"id": "ed1de944edafa89e143a05a4eb29cd57", "number": "2393105706", "area-code": "385"}, {"id": "ed1de944edafa89e143a05a4eb29cc92", "number": "8662836635", "area-code": "706"}, {"id": "ed1de944edafa89e143a05a4eb29c1ee", "number": "5039938057", "area-code": "541"}, {"id": "ed1de944edafa89e143a05a4eb29c159", "number": "8335770192", "area-code": "810"}, {"id": "ed1de944edafa89e143a05a4eb29b743", "number": "3312534803", "area-code": "630"}, {"id": "ed1de944edafa89e143a05a4eb29af6f", "number": "8334901031", "area-code": "810"}, {"id": "ed1de944edafa89e143a05a4eb29a9ec", "number": "7063075002", "area-code": "706"}, {"id": "ed1de944edafa89e143a05a4eb299ae3", "number": "2082620000", "area-code": "501"}, {"id": "ed1de944edafa89e143a05a4eb295028", "number": "8566560670", "area-code": "609"}, {"id": "ed1de944edafa89e143a05a4eb2980c9", "number": "", "area-code": "337"}, {"id": "ed1de944edafa89e143a05a4eb29993a", "number": "9202913695", "area-code": "385"}, {"id": "ed1de944edafa89e143a05a4eb296993", "number": "3175451109", "area-code": "650"}, {"id": "ed1de944edafa89e143a05a4eb298d23", "number": "5592429006", "area-code": "559"}, {"id": "ed1de944edafa89e143a05a4eb297267", "number": "9202822320", "area-code": "903"}, {"id": "ed1de944edafa89e143a05a4eb29684a", "number": "6513602073", "area-code": "507"}, {"id": "ed1de944edafa89e143a05a4eb2959a4", "number": "4693171811", "area-code": "713"}, {"id": "ed1de944edafa89e143a05a4eb295366", "number": "3854720103", "area-code": "385"}, {"id": "ed1de944edafa89e143a05a4eb294cbb", "number": "715722825", "area-code": "708"}, {"id": "ed1de944edafa89e143a05a4eb294005", "number": "2163208304", "area-code": "507"}]}