{"data": [{"id": "ed1de944edafa89e143a05a4eb293583", "number": "2029355905", "area-code": "630"}, {"id": "ed1de944edafa89e143a05a4eb292b23", "number": "2699416076", "area-code": "714"}, {"id": "ed1de944edafa89e143a05a4eb29251f", "number": "5064120969", "area-code": "903"}, {"id": "ed1de944edafa89e143a05a4eb291f73", "number": "6122950706", "area-code": "507"}, {"id": "ed1de944edafa89e143a05a4eb2912cd", "number": "6313056588", "area-code": "347"}, {"id": "ed1de944edafa89e143a05a4eb28fed9", "number": "8008225544", "area-code": "717"}, {"id": "ed1de944edafa89e143a05a4eb290d6d", "number": "8322302063", "area-code": "469"}, {"id": "ed1de944edafa89e143a05a4eb290784", "number": "5072602084", "area-code": "507"}, {"id": "ed1de944edafa89e143a05a4eb28fdbb", "number": "", "area-code": "480"}, {"id": "ed1de944edafa89e143a05a4eb28fb34", "number": "5072602084", "area-code": "507"}, {"id": "ed1de944edafa89e143a05a4eb28f801", "number": "4172098299", "area-code": "816"}, {"id": "ed1de944edafa89e143a05a4eb28b7c4", "number": "3373248171", "area-code": "337"}, {"id": "ed1de944edafa89e143a05a4eb28e8d5", "number": "9702934732", "area-code": "970"}, {"id": "ed1de944edafa89e143a05a4eb28db0c", "number": "6053674242", "area-code": "469"}, {"id": "ed1de944edafa89e143a05a4eb28cf21", "number": "2168837794", "area-code": "636"}, {"id": "ed1de944edafa89e143a05a4eb28bff7", "number": "5072602084", "area-code": "507"}, {"id": "ed1de944edafa89e143a05a4eb28ba05", "number": "3148452711", "area-code": "970"}, {"id": "ed1de944edafa89e143a05a4eb28ab97", "number": "4405083986", "area-code": "650"}, {"id": "ed1de944edafa89e143a05a4eb28a4ff", "number": "6184245580", "area-code": "630"}, {"id": "ed1de944edafa89e143a05a4eb2899a6", "number": "8773417635", "area-code": "937"}, {"id": "ed1de944edafa89e143a05a4eb28928a", "number": "7572107074", "area-code": "757"}, {"id": "ed1de944edafa89e143a05a4eb288862", "number": "8004011691", "area-code": "903"}, {"id": "ed1de944edafa89e143a05a4eb28821c", "number": "5076973036", "area-code": "507"}, {"id": "ed1de944edafa89e143a05a4eb287ffd", "number": "8503993740", "area-code": "850"}, {"id": "ed1de944edafa89e143a05a4eb287658", "number": "8669013632", "area-code": "501"}, {"id": "ed1de944edafa89e143a05a4eb286c38", "number": "5073203909", "area-code": "507"}, {"id": "ed1de944edafa89e143a05a4eb286c1b", "number": "3102718697", "area-code": "310"}, {"id": "ed1de944edafa89e143a05a4eb284fdb", "number": "", "area-code": "831"}, {"id": "ed1de944edafa89e143a05a4eb286771", "number": "8773417635", "area-code": "937"}, {"id": "ed1de944edafa89e143a05a4eb286151", "number": "8507765625", "area-code": "850"}, {"id": "ed1de944edafa89e143a05a4eb2860d6", "number": "9415267061", "area-code": "931"}, {"id": "ed1de944edafa89e143a05a4eb285482", "number": "5613495062", "area-code": "239"}, {"id": "ed1de944edafa89e143a05a4eb284e63", "number": "5073203901", "area-code": "507"}, {"id": "ed1de944edafa89e143a05a4eb284457", "number": "3108045603", "area-code": "310"}, {"id": "ed1de944edafa89e143a05a4eb283e03", "number": "7076269476", "area-code": "630"}, {"id": "ed1de944edafa89e143a05a4eb283bc2", "number": "8887459632", "area-code": "412"}, {"id": "ed1de944edafa89e143a05a4eb283555", "number": "6822006645", "area-code": "814"}, {"id": "ed1de944edafa89e143a05a4eb28318c", "number": "8167933889", "area-code": "352"}, {"id": "ed1de944edafa89e143a05a4eb282277", "number": "3195292863", "area-code": "903"}, {"id": "ed1de944edafa89e143a05a4eb2821fd", "number": "8503189784", "area-code": "850"}, {"id": "ed1de944edafa89e143a05a4eb2819c3", "number": "7347071035", "area-code": "734"}, {"id": "ed1de944edafa89e143a05a4eb28183b", "number": "5073203904", "area-code": "507"}, {"id": "ed1de944edafa89e143a05a4eb281250", "number": "8007920001", "area-code": "850"}, {"id": "ed1de944edafa89e143a05a4eb280a37", "number": "9592654027", "area-code": "845"}, {"id": "ed1de944edafa89e143a05a4eb27f0b6", "number": "3523291028", "area-code": "352"}, {"id": "ed1de944edafa89e143a05a4eb28029c", "number": "8003821637", "area-code": "917"}, {"id": "ed1de944edafa89e143a05a4eb27fa9d", "number": "4243721130", "area-code": "734"}, {"id": "ed1de944edafa89e143a05a4eb27e56e", "number": "9526577447", "area-code": "651"}, {"id": "ed1de944edafa89e143a05a4eb27dbea", "number": "8559687284", "area-code": "405"}, {"id": "ed1de944edafa89e143a05a4eb27da19", "number": "9045192683", "area-code": "850"}]}