{"data": [{"id": "ed1de944edafa89e143a05a4eb27d9a8", "number": "5073203904", "area-code": "507"}, {"id": "ed1de944edafa89e143a05a4eb27cc9b", "number": "4796684930", "area-code": "479"}, {"id": "ed1de944edafa89e143a05a4eb27c1e8", "number": "7692132576", "area-code": "702"}, {"id": "ed1de944edafa89e143a05a4eb27b527", "number": "", "area-code": "773"}, {"id": "ed1de944edafa89e143a05a4eb27acd1", "number": "9724272528", "area-code": "903"}, {"id": "ed1de944edafa89e143a05a4eb27a4ee", "number": "8507768350", "area-code": "850"}, {"id": "ed1de944edafa89e143a05a4eb27981f", "number": "2232033153", "area-code": "814"}, {"id": "ed1de944edafa89e143a05a4eb278f30", "number": "8663162432", "area-code": "850"}, {"id": "ed1de944edafa89e143a05a4eb27806a", "number": "7759828983", "area-code": "702"}, {"id": "ed1de944edafa89e143a05a4eb2778a3", "number": "8665811810", "area-code": "541"}, {"id": "ed1de944edafa89e143a05a4eb2775a9", "number": "8669228520", "area-code": "918"}, {"id": "ed1de944edafa89e143a05a4eb2772ac", "number": "7406284012", "area-code": "614"}, {"id": "ed1de944edafa89e143a05a4eb27709a", "number": "8772522701", "area-code": "916"}, {"id": "ed1de944edafa89e143a05a4eb276e10", "number": "7272057766", "area-code": "850"}, {"id": "ed1de944edafa89e143a05a4eb276ca8", "number": "3109645000", "area-code": "510"}, {"id": "ed1de944edafa89e143a05a4eb276287", "number": "5613495062", "area-code": "239"}, {"id": "ed1de944edafa89e143a05a4eb2752c3", "number": "7755892192", "area-code": "702"}, {"id": "ed1de944edafa89e143a05a4eb275115", "number": "4104061427", "area-code": "717"}, {"id": "ed1de944edafa89e143a05a4eb2748cd", "number": "3148834457", "area-code": "405"}, {"id": "ed1de944edafa89e143a05a4eb27438f", "number": "6196397067", "area-code": "850"}, {"id": "ed1de944edafa89e143a05a4eb2735c8", "number": "8665823605", "area-code": "541"}, {"id": "ed1de944edafa89e143a05a4eb272f00", "number": "9165261027", "area-code": "916"}, {"id": "ed1de944edafa89e143a05a4eb272ec9", "number": "4073862602", "area-code": "434"}, {"id": "ed1de944edafa89e143a05a4eb2722c9", "number": "5077963854", "area-code": "651"}, {"id": "ed1de944edafa89e143a05a4eb271c18", "number": "8665877635", "area-code": "541"}, {"id": "ed1de944edafa89e143a05a4eb270c5d", "number": "4107278646", "area-code": "512"}, {"id": "ed1de944edafa89e143a05a4eb270990", "number": "3253093280", "area-code": "903"}, {"id": "ed1de944edafa89e143a05a4eb26fdb8", "number": "2392334196", "area-code": "850"}, {"id": "ed1de944edafa89e143a05a4eb26f82f", "number": "4302163904", "area-code": "281"}, {"id": "ed1de944edafa89e143a05a4eb26f268", "number": "3043164193", "area-code": "716"}, {"id": "ed1de944edafa89e143a05a4eb26e595", "number": "", "area-code": "801"}, {"id": "ed1de944edafa89e143a05a4eb26df21", "number": "8502807570", "area-code": "850"}, {"id": "ed1de944edafa89e143a05a4eb26d746", "number": "6232304267", "area-code": "928"}, {"id": "ed1de944edafa89e143a05a4eb26d07b", "number": "8189218868", "area-code": "360"}, {"id": "ed1de944edafa89e143a05a4eb26cbf1", "number": "5122690405", "area-code": "281"}, {"id": "ed1de944edafa89e143a05a4eb26c7df", "number": "8665836514", "area-code": "541"}, {"id": "ed1de944edafa89e143a05a4eb26c710", "number": "8507765632", "area-code": "850"}, {"id": "ed1de944edafa89e143a05a4eb26c14b", "number": "7083008677", "area-code": "708"}, {"id": "ed1de944edafa89e143a05a4eb26b707", "number": "6303963221", "area-code": "630"}, {"id": "ed1de944edafa89e143a05a4eb26a710", "number": "5594347977", "area-code": "559"}, {"id": "ed1de944edafa89e143a05a4eb269b94", "number": "8562422504", "area-code": "571"}, {"id": "ed1de944edafa89e143a05a4eb269080", "number": "9145309782", "area-code": "850"}, {"id": "ed1de944edafa89e143a05a4eb2688a9", "number": "8886196816", "area-code": "239"}, {"id": "ed1de944edafa89e143a05a4eb268679", "number": "7866864253", "area-code": "305"}, {"id": "ed1de944edafa89e143a05a4eb2678ef", "number": "", "area-code": "612"}, {"id": "ed1de944edafa89e143a05a4eb2671d8", "number": "7232827395", "area-code": "850"}, {"id": "ed1de944edafa89e143a05a4eb2670b9", "number": "7083008671", "area-code": "708"}, {"id": "ed1de944edafa89e143a05a4eb266242", "number": "8562422504", "area-code": "571"}, {"id": "ed1de944edafa89e143a05a4eb2654fa", "number": "", "area-code": "541"}, {"id": "ed1de944edafa89e143a05a4eb2649b9", "number": "8442025776", "area-code": "281"}]}