{"data": [{"id": "ed1de944edafa89e143a05a4eb263a29", "number": "2512498343", "area-code": "850"}, {"id": "ed1de944edafa89e143a05a4eb263106", "number": "7083712681", "area-code": "708"}, {"id": "ed1de944edafa89e143a05a4eb26289b", "number": "", "area-code": "541"}, {"id": "ed1de944edafa89e143a05a4eb262013", "number": "715717702", "area-code": "847"}, {"id": "ed1de944edafa89e143a05a4eb2619e5", "number": "9032005276", "area-code": "903"}, {"id": "ed1de944edafa89e143a05a4eb260a77", "number": "8882503786", "area-code": "704"}, {"id": "ed1de944edafa89e143a05a4eb260442", "number": "8086384361", "area-code": "808"}, {"id": "ed1de944edafa89e143a05a4eb25fb9f", "number": "6309342108", "area-code": "630"}, {"id": "ed1de944edafa89e143a05a4eb25f3e6", "number": "4132000700", "area-code": "850"}, {"id": "ed1de944edafa89e143a05a4eb25e6d7", "number": "3966278600", "area-code": "928"}, {"id": "ed1de944edafa89e143a05a4eb25d994", "number": "3152328257", "area-code": "541"}, {"id": "ed1de944edafa89e143a05a4eb25cd5a", "number": "7156360627", "area-code": "760"}, {"id": "ed1de944edafa89e143a05a4eb25b4c1", "number": "7635151834", "area-code": "314"}, {"id": "ed1de944edafa89e143a05a4eb25c674", "number": "8662687725", "area-code": "925"}, {"id": "ed1de944edafa89e143a05a4eb25bc84", "number": "8005363726", "area-code": "954"}, {"id": "ed1de944edafa89e143a05a4eb25b9dc", "number": "9143405009", "area-code": "850"}, {"id": "ed1de944edafa89e143a05a4eb25abdd", "number": "2025400954", "area-code": "860"}, {"id": "ed1de944edafa89e143a05a4eb25b001", "number": "715774935", "area-code": "847"}, {"id": "ed1de944edafa89e143a05a4eb259f19", "number": "8283615007", "area-code": "704"}, {"id": "ed1de944edafa89e143a05a4eb259573", "number": "6107992162", "area-code": "570"}, {"id": "ed1de944edafa89e143a05a4eb25859e", "number": "9786850646", "area-code": "850"}, {"id": "ed1de944edafa89e143a05a4eb257962", "number": "2674403415", "area-code": "305"}, {"id": "ed1de944edafa89e143a05a4eb257280", "number": "2143079572", "area-code": "617"}, {"id": "ed1de944edafa89e143a05a4eb2571ea", "number": "9723091546", "area-code": "630"}, {"id": "ed1de944edafa89e143a05a4eb256a91", "number": "9184190575", "area-code": "480"}, {"id": "ed1de944edafa89e143a05a4eb2568a4", "number": "7202489104", "area-code": "715"}, {"id": "ed1de944edafa89e143a05a4eb2563a5", "number": "3232192485", "area-code": "805"}, {"id": "ed1de944edafa89e143a05a4eb255c8e", "number": "9047301106", "area-code": "303"}, {"id": "ed1de944edafa89e143a05a4eb2559a2", "number": "7169928936", "area-code": "516"}, {"id": "ed1de944edafa89e143a05a4eb255611", "number": "8507765104", "area-code": "850"}, {"id": "ed1de944edafa89e143a05a4eb254c6d", "number": "6692108956", "area-code": "704"}, {"id": "ed1de944edafa89e143a05a4eb254420", "number": "5703052175", "area-code": "570"}, {"id": "ed1de944edafa89e143a05a4eb2535ad", "number": "5675732858", "area-code": "567"}, {"id": "ed1de944edafa89e143a05a4eb25338f", "number": "3147106574", "area-code": "641"}, {"id": "ed1de944edafa89e143a05a4eb252b15", "number": "2155191579", "area-code": "570"}, {"id": "ed1de944edafa89e143a05a4eb252298", "number": "9135435185", "area-code": "785"}, {"id": "ed1de944edafa89e143a05a4eb251ce9", "number": "9042817044", "area-code": "850"}, {"id": "ed1de944edafa89e143a05a4eb250f4c", "number": "3147106574", "area-code": "641"}, {"id": "ed1de944edafa89e143a05a4eb2506ad", "number": "2164389328", "area-code": "567"}, {"id": "ed1de944edafa89e143a05a4eb24f95c", "number": "7722641967", "area-code": "850"}, {"id": "ed1de944edafa89e143a05a4eb24f0b5", "number": "5704295023", "area-code": "570"}, {"id": "ed1de944edafa89e143a05a4eb24e26e", "number": "9803994839", "area-code": "336"}, {"id": "ed1de944edafa89e143a05a4eb24db83", "number": "7753572260", "area-code": "708"}, {"id": "ed1de944edafa89e143a05a4eb24d06e", "number": "4086065775", "area-code": "701"}, {"id": "ed1de944edafa89e143a05a4eb24c240", "number": "4802399708", "area-code": "480"}, {"id": "ed1de944edafa89e143a05a4eb24c19e", "number": "61713135800064", "area-code": "567"}, {"id": "ed1de944edafa89e143a05a4eb24ba5f", "number": "9895333343", "area-code": "630"}, {"id": "ed1de944edafa89e143a05a4eb24b98d", "number": "4028789023", "area-code": "570"}, {"id": "ed1de944edafa89e143a05a4eb24aacd", "number": "9189477103", "area-code": "850"}, {"id": "ed1de944edafa89e143a05a4eb24a09a", "number": "4342565163", "area-code": "571"}]}