{"data": [{"id": "ed1de944edafa89e143a05a4eb249633", "number": "6193315689", "area-code": "281"}, {"id": "ed1de944edafa89e143a05a4eb2493c1", "number": "4582925623", "area-code": "541"}, {"id": "ed1de944edafa89e143a05a4eb2491f6", "number": "8665885667", "area-code": "541"}, {"id": "ed1de944edafa89e143a05a4eb248c99", "number": "6106217465", "area-code": "570"}, {"id": "ed1de944edafa89e143a05a4eb2481aa", "number": "3235317668", "area-code": "567"}, {"id": "ed1de944edafa89e143a05a4eb24810d", "number": "8506696387", "area-code": "850"}, {"id": "ed1de944edafa89e143a05a4eb246669", "number": "6026988474", "area-code": "541"}, {"id": "ed1de944edafa89e143a05a4eb24759a", "number": "8442355174", "area-code": "248"}, {"id": "ed1de944edafa89e143a05a4eb246dab", "number": "7062142334", "area-code": "678"}, {"id": "ed1de944edafa89e143a05a4eb246b68", "number": "5852135255", "area-code": "718"}, {"id": "ed1de944edafa89e143a05a4eb2467f6", "number": "7062142334", "area-code": "678"}, {"id": "ed1de944edafa89e143a05a4eb245b2c", "number": "", "area-code": "541"}, {"id": "ed1de944edafa89e143a05a4eb244f43", "number": "22070400027", "area-code": "567"}, {"id": "ed1de944edafa89e143a05a4eb244508", "number": "4092425169", "area-code": "850"}, {"id": "ed1de944edafa89e143a05a4eb24412b", "number": "4127375691", "area-code": "412"}, {"id": "ed1de944edafa89e143a05a4eb243937", "number": "8335400583", "area-code": "570"}, {"id": "ed1de944edafa89e143a05a4eb243801", "number": "4096827259", "area-code": "210"}, {"id": "ed1de944edafa89e143a05a4eb242c62", "number": "715724782", "area-code": "847"}, {"id": "ed1de944edafa89e143a05a4eb2428d5", "number": "8507763330", "area-code": "850"}, {"id": "ed1de944edafa89e143a05a4eb242335", "number": "8143056278", "area-code": "586"}, {"id": "ed1de944edafa89e143a05a4eb24156a", "number": "7404005660", "area-code": "567"}, {"id": "ed1de944edafa89e143a05a4eb240b93", "number": "4802393454", "area-code": "480"}, {"id": "ed1de944edafa89e143a05a4eb240152", "number": "8055071090", "area-code": "805"}, {"id": "ed1de944edafa89e143a05a4eb23fb9a", "number": "3862230113", "area-code": "386"}, {"id": "ed1de944edafa89e143a05a4eb23eeb0", "number": "7242132586", "area-code": "570"}, {"id": "ed1de944edafa89e143a05a4eb23df82", "number": "5413363637", "area-code": "541"}, {"id": "ed1de944edafa89e143a05a4eb23e401", "number": "8502799449", "area-code": "850"}, {"id": "ed1de944edafa89e143a05a4eb23d54f", "number": "8662717554", "area-code": "618"}, {"id": "ed1de944edafa89e143a05a4eb23d519", "number": "3862510182", "area-code": "386"}, {"id": "ed1de944edafa89e143a05a4eb23cda3", "number": "7575519423", "area-code": "703"}, {"id": "ed1de944edafa89e143a05a4eb23bf02", "number": "6172072491", "area-code": "586"}, {"id": "ed1de944edafa89e143a05a4eb23b04b", "number": "3473944530", "area-code": "212"}, {"id": "ed1de944edafa89e143a05a4eb23a58b", "number": "8503970860", "area-code": "850"}, {"id": "ed1de944edafa89e143a05a4eb23a560", "number": "5702068265", "area-code": "570"}, {"id": "ed1de944edafa89e143a05a4eb23a13a", "number": "7026735403", "area-code": "702"}, {"id": "ed1de944edafa89e143a05a4eb239ca0", "number": "8665878431", "area-code": "501"}, {"id": "ed1de944edafa89e143a05a4eb239017", "number": "2527015987", "area-code": "336"}, {"id": "ed1de944edafa89e143a05a4eb2380e4", "number": "5142299835", "area-code": "973"}, {"id": "ed1de944edafa89e143a05a4eb2372ec", "number": "8174825051", "area-code": "570"}, {"id": "ed1de944edafa89e143a05a4eb236a46", "number": "6785678553", "area-code": "318"}, {"id": "ed1de944edafa89e143a05a4eb2361f2", "number": "2590541638", "area-code": "903"}, {"id": "ed1de944edafa89e143a05a4eb235b49", "number": "3474258657", "area-code": "212"}, {"id": "ed1de944edafa89e143a05a4eb2358ba", "number": "7152270433", "area-code": "715"}, {"id": "ed1de944edafa89e143a05a4eb235066", "number": "5042660597", "area-code": "850"}, {"id": "ed1de944edafa89e143a05a4eb234f2c", "number": "8002827541", "area-code": "570"}, {"id": "ed1de944edafa89e143a05a4eb234e4a", "number": "5146779179", "area-code": "619"}, {"id": "ed1de944edafa89e143a05a4eb23414b", "number": "7152270433", "area-code": "715"}, {"id": "ed1de944edafa89e143a05a4eb233219", "number": "7542193552", "area-code": "419"}, {"id": "ed1de944edafa89e143a05a4eb233191", "number": "6304127880", "area-code": "630"}, {"id": "ed1de944edafa89e143a05a4eb232e85", "number": "7206779146", "area-code": "720"}]}