{"data": [{"id": "ed1de944edafa89e143a05a4eb2321aa", "number": "2156660342", "area-code": "570"}, {"id": "ed1de944edafa89e143a05a4eb231a8e", "number": "4348854926", "area-code": "540"}, {"id": "ed1de944edafa89e143a05a4eb230d97", "number": "5099229813", "area-code": "509"}, {"id": "ed1de944edafa89e143a05a4eb23054d", "number": "5402526697", "area-code": "703"}, {"id": "ed1de944edafa89e143a05a4eb230082", "number": "9205670011", "area-code": "715"}, {"id": "ed1de944edafa89e143a05a4eb22f1cb", "number": "7279999573", "area-code": "727"}, {"id": "ed1de944edafa89e143a05a4eb22ecb9", "number": "2088757762", "area-code": "620"}, {"id": "ed1de944edafa89e143a05a4eb22e8df", "number": "4029357733", "area-code": "419"}, {"id": "ed1de944edafa89e143a05a4eb22e30d", "number": "6822903426", "area-code": "212"}, {"id": "ed1de944edafa89e143a05a4eb22df7a", "number": "5703669156", "area-code": "570"}, {"id": "ed1de944edafa89e143a05a4eb22d593", "number": "", "area-code": "901"}, {"id": "ed1de944edafa89e143a05a4eb22c7ee", "number": "5099006900", "area-code": "509"}, {"id": "ed1de944edafa89e143a05a4eb22c686", "number": "2016131361", "area-code": "210"}, {"id": "ed1de944edafa89e143a05a4eb22ba87", "number": "6023624194", "area-code": "805"}, {"id": "ed1de944edafa89e143a05a4eb22ab6d", "number": "5099006900", "area-code": "509"}, {"id": "ed1de944edafa89e143a05a4eb22a4d5", "number": "7407212949", "area-code": "740"}, {"id": "ed1de944edafa89e143a05a4eb22a39d", "number": "7048191346", "area-code": "570"}, {"id": "ed1de944edafa89e143a05a4eb22a30d", "number": "7328470019", "area-code": "419"}, {"id": "ed1de944edafa89e143a05a4eb22a203", "number": "8552457098", "area-code": "805"}, {"id": "ed1de944edafa89e143a05a4eb229445", "number": "4348854880", "area-code": "540"}, {"id": "ed1de944edafa89e143a05a4eb229347", "number": "4632150847", "area-code": "620"}, {"id": "ed1de944edafa89e143a05a4eb2283d0", "number": "6096149648", "area-code": "509"}, {"id": "ed1de944edafa89e143a05a4eb2281a5", "number": "6033896018", "area-code": "562"}, {"id": "ed1de944edafa89e143a05a4eb227e65", "number": "7148124382", "area-code": "480"}, {"id": "ed1de944edafa89e143a05a4eb226ecb", "number": "6023624194", "area-code": "805"}, {"id": "ed1de944edafa89e143a05a4eb22675e", "number": "9713324014", "area-code": "310"}, {"id": "ed1de944edafa89e143a05a4eb2258d1", "number": "5097683148", "area-code": "509"}, {"id": "ed1de944edafa89e143a05a4eb2251b7", "number": "41292999904", "area-code": "330"}, {"id": "ed1de944edafa89e143a05a4eb224d5e", "number": "", "area-code": "530"}, {"id": "ed1de944edafa89e143a05a4eb22426f", "number": "6023624194", "area-code": "805"}, {"id": "ed1de944edafa89e143a05a4eb223a38", "number": "4094020040", "area-code": "281"}, {"id": "ed1de944edafa89e143a05a4eb22397b", "number": "3012633395", "area-code": "509"}, {"id": "ed1de944edafa89e143a05a4eb222a04", "number": "2228180037", "area-code": "330"}, {"id": "ed1de944edafa89e143a05a4eb22214b", "number": "5703665791", "area-code": "570"}, {"id": "ed1de944edafa89e143a05a4eb222149", "number": "", "area-code": "386"}, {"id": "ed1de944edafa89e143a05a4eb21fe71", "number": "6149540671", "area-code": "614"}, {"id": "ed1de944edafa89e143a05a4eb221a49", "number": "8445884295", "area-code": "916"}, {"id": "ed1de944edafa89e143a05a4eb220c23", "number": "6156855042", "area-code": "615"}, {"id": "ed1de944edafa89e143a05a4eb220aab", "number": "4348854880", "area-code": "540"}, {"id": "ed1de944edafa89e143a05a4eb21efbd", "number": "2092576258", "area-code": "209"}, {"id": "ed1de944edafa89e143a05a4eb2209ef", "number": "5092956832", "area-code": "509"}, {"id": "ed1de944edafa89e143a05a4eb21f736", "number": "4055002905", "area-code": "918"}, {"id": "ed1de944edafa89e143a05a4eb21e117", "number": "9085198155", "area-code": "210"}, {"id": "ed1de944edafa89e143a05a4eb21deed", "number": "9203107779", "area-code": "509"}, {"id": "ed1de944edafa89e143a05a4eb21d8d6", "number": "8885033190", "area-code": "662"}, {"id": "ed1de944edafa89e143a05a4eb21d8a7", "number": "5596409748", "area-code": "210"}, {"id": "ed1de944edafa89e143a05a4eb21d7d3", "number": "5864867409", "area-code": "586"}, {"id": "ed1de944edafa89e143a05a4eb21d340", "number": "8703999839", "area-code": "509"}, {"id": "ed1de944edafa89e143a05a4eb21c8d3", "number": "8005363726", "area-code": "941"}, {"id": "ed1de944edafa89e143a05a4eb21c09f", "number": "9184190560", "area-code": "918"}]}